atleta_id,nome,clube,posicao,status_id,preco,variacao,media,jogos,pontos_rodada,entrou_em_campo,mandante,adversario,residuo_z,armadilha_label,media_bayesiana,pb_media,confiabilidade,score_confronto_100,condicao_mando,pontos_esperados,oportunidade_confronto,vantagem_mando,time_momentum_of,time_momentum_def,adv_momentum_of,adv_momentum_def,forma_score_time,prob_vitoria,prob_gols
37715,Thiago Silva,FLU,Zagueiro,7,6.17,-0.66,2.82,4,2.0,True,True,CFC,0.521,valor_bom,3.676,2.07,0.5,53.0,neutro,3.87,0.3,33.4,1.273,1.244,1.362,1.693,0.675,0.625,
130307,Wallace,GRE,Zagueiro,7,6.52,1.45,4.15,7,10.6,True,False,REM,0.927,valor_bom,4.125,2.86,0.875,54.0,neutro,3.77,0.825,-23.8,1.12,1.032,0.875,1.191,0.25,0.265,
114208,Alejo Véliz,BAH,Atacante,7,6.73,-0.46,5.46,9,1.5,True,False,PAL,1.785,valor_oculto,5.224,2.24,1.0,28.4,desfavoravel,4.75,0.05,-24.5,1.433,1.12,0.834,0.533,0.7,0.176,
151003,Eduardo,PAL,Atacante,6,1.0,0.0,0.0,0,0.0,False,True,BAH,0.552,valor_bom,0.0,0.0,0.0,53.6,neutro,2.18,0.425,24.5,0.834,0.533,1.433,1.12,0.675,0.602,
146663,Kauan Lima,PAL,Goleiro,6,1.0,0.0,0.0,0,0.0,False,True,BAH,0.163,neutro,0.0,0.0,0.0,49.0,neutro,2.13,0.15,24.5,0.834,0.533,1.433,1.12,0.675,0.602,
144889,Victor Gabriel,PAL,Meia,6,1.0,0.0,0.0,0,0.0,False,True,BAH,0.627,valor_bom,0.0,0.0,0.0,54.3,neutro,2.19,0.425,24.5,0.834,0.533,1.433,1.12,0.675,0.602,
151120,Jorge Rivaldo,CAP,Atacante,2,5.0,1.48,2.28,4,8.6,True,True,CAM,-0.754,armadilha_leve,2.485,0.28,0.5,54.4,neutro,3.01,0.15,40.5,1.563,2.1,1.059,0.875,0.6,0.451,
106907,Rafael Lacerda,CHA,Técnico,7,8.35,0.13,5.14,9,5.12,True,False,VIT,0.571,valor_bom,4.968,5.14,1.0,27.7,desfavoravel,4.24,0.225,-50.0,1.117,0.713,1.0,1.2,0.45,0.153,
94214,Léo Duarte,CAM,Zagueiro,6,5.0,0.0,0.0,0,0.0,False,False,CAP,-3.517,armadilha_forte,0.0,0.0,0.0,22.4,desfavoravel,1.82,0.05,-40.5,1.059,0.875,1.563,2.1,0.725,0.263,
107203,Max,CHA,Meia,5,4.39,0.0,1.85,2,0.0,False,False,VIT,-0.26,neutro,2.2,1.85,0.25,27.8,desfavoravel,3.0,0.225,-50.0,1.117,0.713,1.0,1.2,0.45,0.153,
97101,Gabriel Rojas,CRU,Lateral,7,6.0,-0.06,2.85,8,2.6,True,True,SAO,-0.691,armadilha_leve,3.265,2.48,1.0,75.1,neutro,3.15,0.825,38.1,1.333,1.12,1.018,0.875,0.6,0.528,
108946,Victor Sá,SAO,Atacante,6,5.51,0.0,3.06,5,0.0,False,False,CRU,-0.721,armadilha_leve,2.769,2.06,0.625,39.8,desfavoravel,2.89,0.575,-38.1,1.018,0.875,1.333,1.12,0.5,0.219,
102310,Matheus Felipe,REM,Zagueiro,5,3.85,0.0,2.03,3,0.0,False,True,GRE,0.362,neutro,2.507,1.03,0.375,66.9,favoravel,3.25,0.95,23.8,0.875,1.191,1.12,1.032,0.0,0.462,
98617,Maripán,INT,Zagueiro,6,3.53,-0.5,1.76,9,-1.7,True,True,COR,-0.523,armadilha_leve,1.623,1.09,1.0,46.6,neutro,2.68,0.45,-2.6,1.12,1.244,0.772,1.75,0.3,0.379,
145413,Rafael Coutinho,PAL,Meia,6,1.0,0.0,0.0,0,0.0,False,True,BAH,0.627,valor_bom,0.0,0.0,0.0,54.3,neutro,2.19,0.425,24.5,0.834,0.533,1.433,1.12,0.675,0.602,
130443,Luciano,CHA,Zagueiro,6,1.0,0.0,0.0,0,0.0,False,False,VIT,0.182,neutro,0.0,0.0,0.0,50.1,neutro,2.14,0.825,-50.0,1.117,0.713,1.0,1.2,0.45,0.153,
120681,Marco Moreno,BAH,Zagueiro,6,4.0,0.0,0.0,0,0.0,False,False,PAL,-2.903,armadilha_forte,0.0,0.0,0.0,33.3,desfavoravel,1.95,0.1,-24.5,1.433,1.12,0.834,0.533,0.7,0.176,
105901,Edson Fernando,REM,Meia,3,1.76,0.0,-1.05,2,0.0,False,True,GRE,0.238,neutro,0.64,0.0,0.25,44.0,neutro,2.21,0.525,23.8,0.875,1.191,1.12,1.032,0.0,0.462,
103626,Ocampo,CFC,Atacante,6,4.51,0.0,1.1,3,0.0,False,False,FLU,-0.797,armadilha_leve,2.182,1.1,0.375,38.9,desfavoravel,2.79,0.325,-33.4,1.362,1.693,1.273,1.244,0.375,0.153,
106199,Gabriel Pec,CRU,Atacante,5,7.94,0.0,4.1,1,0.0,False,True,SAO,0.706,valor_bom,4.862,4.1,0.125,57.5,neutro,4.47,0.325,38.1,1.333,1.12,1.018,0.875,0.6,0.528,
124369,Léo Aragão,CRU,Goleiro,6,2.0,0.0,0.0,0,0.0,False,True,SAO,-0.938,armadilha_leve,0.0,0.0,0.0,75.5,neutro,2.44,0.825,38.1,1.333,1.12,1.018,0.875,0.6,0.528,
123445,Dantas,CAP,Zagueiro,7,4.84,-0.26,2.52,5,0.9,True,True,CAM,-0.118,neutro,2.622,1.52,0.625,63.3,neutro,3.06,0.7,40.5,1.563,2.1,1.059,0.875,0.6,0.451,
101995,Brítez,VIT,Zagueiro,2,4.55,0.02,2.4,8,0.9,True,True,CHA,-0.046,neutro,2.543,1.65,1.0,74.8,neutro,3.29,0.825,50.0,1.0,1.2,1.117,0.713,0.325,0.63,
151294,Juan Ferreira,CHA,Meia,6,1.0,0.0,0.0,0,0.0,False,False,VIT,0.627,valor_bom,0.0,0.0,0.0,27.8,desfavoravel,1.88,0.225,-50.0,1.117,0.713,1.0,1.2,0.45,0.153,
117061,Gabriel Knesowitsch,MIR,Zagueiro,6,1.41,0.0,-0.2,6,0.0,False,False,RBB,0.506,valor_bom,0.754,0.0,0.75,48.5,neutro,2.0,0.55,-28.2,1.188,0.8,0.848,1.575,0.675,0.189,0.566
99267,Pochettino,VIT,Meia,6,5.0,0.0,2.3,8,0.0,False,True,CHA,-0.551,armadilha_leve,2.294,2.3,1.0,66.9,neutro,2.65,0.75,50.0,1.0,1.2,1.117,0.713,0.325,0.63,
103562,Guido Herrera,BAH,Goleiro,6,6.0,0.0,0.0,0,0.0,False,False,PAL,-3.238,armadilha_forte,0.0,0.0,0.0,33.5,desfavoravel,1.95,0.1,-24.5,1.433,1.12,0.834,0.533,0.7,0.176,
112985,Peralta,CRU,Meia,5,4.0,0.0,0.0,0,0.0,False,True,SAO,-2.946,armadilha_forte,0.0,0.0,0.0,59.0,neutro,2.25,0.325,38.1,1.333,1.12,1.018,0.875,0.6,0.528,
99034,Elias,MIR,Lateral,6,3.41,0.0,1.8,1,0.0,False,False,RBB,-0.551,armadilha_leve,1.839,1.8,0.125,47.5,neutro,2.91,0.55,-28.2,1.188,0.8,0.848,1.575,0.675,0.189,0.566
141763,Fabiano Souza,VIT,Lateral,5,3.85,0.0,0.23,3,0.0,False,True,CHA,-1.488,armadilha_leve,1.404,0.23,0.375,74.4,neutro,3.43,0.825,50.0,1.0,1.2,1.117,0.713,0.325,0.63,
113558,Bruninho,RBB,Meia,6,4.0,0.0,0.0,0,0.0,False,True,MIR,-2.946,armadilha_forte,0.0,0.0,0.0,49.3,neutro,2.13,0.6,28.2,0.848,1.575,1.188,0.8,0.1,0.58,0.566
109114,Matheus Nascimento,GRE,Atacante,6,4.01,0.0,1.2,1,0.0,False,False,REM,-0.071,neutro,2.434,1.2,0.125,51.0,neutro,3.37,0.825,-23.8,1.12,1.032,0.875,1.191,0.25,0.265,
128177,Pedro Emanuel,VAS,Técnico,7,11.33,1.29,6.3,8,13.55,True,False,BOT,-0.03,neutro,6.456,6.3,1.0,76.2,neutro,4.78,0.95,-29.5,1.747,0.922,0.546,0.996,0.7,0.433,
126996,Paulinho,VAS,Lateral,6,4.0,0.0,0.0,0,0.0,False,False,BOT,-3.366,armadilha_forte,0.0,0.0,0.0,41.8,neutro,2.05,0.225,-29.5,1.747,0.922,0.546,0.996,0.7,0.433,
103967,Bruno Santos,MIR,Atacante,7,4.8,-1.77,4.12,9,1.5,True,False,RBB,0.586,valor_bom,3.399,2.34,1.0,49.9,neutro,3.2,0.45,-28.2,1.188,0.8,0.848,1.575,0.675,0.189,0.566
91130,Fernandinho,MIR,Atacante,6,3.53,0.0,1.79,7,0.0,False,False,RBB,-1.088,armadilha_leve,1.34,1.79,0.875,49.9,neutro,2.15,0.45,-28.2,1.188,0.8,0.848,1.575,0.675,0.189,0.566
101352,Bruno Matias,CHA,Meia,6,2.83,-0.28,1.84,9,0.0,True,False,VIT,0.089,neutro,1.474,1.84,1.0,27.8,desfavoravel,2.11,0.225,-50.0,1.117,0.713,1.0,1.2,0.45,0.153,
151404,Lucas Emanuel,BOT,Atacante,6,1.45,0.0,1.4,1,0.0,False,True,VAS,1.017,valor_bom,0.997,1.4,0.125,50.3,neutro,2.54,0.85,29.5,0.546,0.996,1.747,0.922,0.425,0.308,
91204,Warleson,BOT,Goleiro,6,6.12,0.0,5.67,3,0.0,False,True,VAS,1.083,valor_bom,4.732,4.0,0.375,51.7,neutro,4.13,0.55,29.5,0.546,0.996,1.747,0.922,0.425,0.308,
122121,Túlio Eduardo,CHA,Atacante,7,7.13,1.26,4.43,7,8.2,True,False,VIT,0.903,valor_bom,4.711,1.0,0.875,27.5,desfavoravel,4.42,0.225,-50.0,1.117,0.713,1.0,1.2,0.45,0.153,
98333,Gabriel Batista,BOT,Goleiro,7,5.72,-0.17,5.18,5,4.5,True,True,VAS,1.199,valor_bom,4.687,4.18,0.625,51.7,neutro,3.81,0.55,29.5,0.546,0.996,1.747,0.922,0.425,0.308,
146833,Cléber Lucas,BOT,Goleiro,6,1.0,0.0,0.0,0,0.0,False,True,VAS,0.163,neutro,0.0,0.0,0.0,51.7,neutro,2.16,0.55,29.5,0.546,0.996,1.747,0.922,0.425,0.308,
124483,Lucas Monzón,BOT,Zagueiro,7,3.24,0.09,1.44,5,1.7,True,True,VAS,-0.508,armadilha_leve,1.458,0.84,0.625,51.5,neutro,2.67,0.55,29.5,0.546,0.996,1.747,0.922,0.425,0.308,
51413,Walter,MIR,Goleiro,7,6.3,1.24,3.05,21,10.2,True,False,RBB,-0.198,neutro,3.417,2.57,1.0,48.6,neutro,4.15,0.55,-28.2,1.188,0.8,0.848,1.575,0.675,0.189,0.566
151405,Victor Hugo,BOT,Meia,6,1.0,0.0,0.0,0,0.0,False,True,VAS,0.627,valor_bom,0.0,0.0,0.0,52.7,neutro,2.17,0.85,29.5,0.546,0.996,1.747,0.922,0.425,0.308,
91626,Paulinho,BOT,Lateral,6,3.83,0.0,-0.15,2,0.0,False,True,VAS,-1.42,armadilha_leve,1.445,0.0,0.25,50.6,neutro,2.66,0.55,29.5,0.546,0.996,1.747,0.922,0.425,0.308,
118806,Buta,SAO,Lateral,5,5.94,0.0,4.0,1,0.0,False,False,CRU,-0.093,neutro,3.716,4.0,0.125,27.6,desfavoravel,3.58,0.225,-38.1,1.018,0.875,1.333,1.12,0.5,0.219,
151406,Herick,BOT,Zagueiro,6,1.0,0.0,0.0,0,0.0,False,True,VAS,0.182,neutro,0.0,0.0,0.0,51.5,neutro,2.16,0.55,29.5,0.546,0.996,1.747,0.922,0.425,0.308,
141339,Paulo Roberto,CFC,Atacante,2,4.38,-0.8,3.76,7,-1.6,True,False,FLU,0.552,valor_bom,3.135,0.76,0.875,38.9,desfavoravel,2.85,0.325,-33.4,1.362,1.693,1.273,1.244,0.375,0.153,
97450,Gustavo Mosquito,MIR,Atacante,6,4.99,0.0,3.12,6,0.0,False,False,RBB,-0.313,neutro,2.816,1.79,0.75,49.9,neutro,3.16,0.45,-28.2,1.188,0.8,0.848,1.575,0.675,0.189,0.566
131762,Isac,SAO,Zagueiro,6,1.0,0.0,0.0,0,0.0,False,False,CRU,0.182,neutro,0.0,0.0,0.0,29.0,desfavoravel,1.9,0.225,-38.1,1.018,0.875,1.333,1.12,0.5,0.219,
151436,Miguel Bilong,PAL,Atacante,6,2.0,0.0,0.0,0,0.0,False,True,BAH,-1.133,armadilha_leve,0.0,0.0,0.0,53.6,neutro,2.18,0.425,24.5,0.834,0.533,1.433,1.12,0.675,0.602,
150841,Fabricio Prado,INT,Atacante,6,1.0,0.0,0.0,0,0.0,False,True,COR,0.552,valor_bom,0.0,0.0,0.0,44.1,neutro,2.07,0.25,-2.6,1.12,1.244,0.772,1.75,0.3,0.379,
144424,Vitor Lamounier,CRU,Goleiro,6,2.0,0.0,0.0,0,0.0,False,True,SAO,-0.938,armadilha_leve,0.0,0.0,0.0,75.5,neutro,2.44,0.825,38.1,1.333,1.12,1.018,0.875,0.6,0.528,
146964,Filipe Sirio,INT,Goleiro,6,1.0,0.0,0.0,0,0.0,False,True,COR,0.163,neutro,0.0,0.0,0.0,46.7,neutro,2.1,0.45,-2.6,1.12,1.244,0.772,1.75,0.3,0.379,
147468,Wellington,CHA,Goleiro,6,1.0,0.0,0.0,0,0.0,False,False,VIT,0.163,neutro,0.0,0.0,0.0,50.3,neutro,2.15,0.825,-50.0,1.117,0.713,1.0,1.2,0.45,0.153,
151412,Kássio,CHA,Atacante,6,1.49,0.0,1.5,1,0.0,False,False,VIT,0.964,valor_bom,1.008,1.5,0.125,27.5,desfavoravel,2.28,0.225,-50.0,1.117,0.713,1.0,1.2,0.45,0.153,
151440,Gutte,CAM,Meia,6,1.0,0.0,0.0,0,0.0,False,False,CAP,0.627,valor_bom,0.0,0.0,0.0,40.7,neutro,2.03,0.15,-40.5,1.059,0.875,1.563,2.1,0.725,0.263,
150842,Gabriel Vinicius,INT,Meia,6,1.0,0.0,0.0,0,0.0,False,True,COR,0.627,valor_bom,0.0,0.0,0.0,45.6,neutro,2.09,0.25,-2.6,1.12,1.244,0.772,1.75,0.3,0.379,
109097,Jovane Cabral,GRE,Atacante,5,6.44,-1.18,2.92,5,0.2,True,False,REM,0.567,valor_bom,4.174,1.92,0.625,51.0,neutro,4.07,0.825,-23.8,1.12,1.032,0.875,1.191,0.25,0.265,
144976,Domingos Andrade,BOT,Meia,6,5.04,0.0,1.5,1,0.0,False,True,VAS,-0.704,armadilha_leve,2.2,1.5,0.125,52.7,neutro,3.14,0.85,29.5,0.546,0.996,1.747,0.922,0.425,0.308,
93637,Bruno Tubarão,CHA,Lateral,7,3.17,0.0,1.1,1,0.0,False,False,VIT,-0.416,neutro,1.761,1.1,0.125,49.2,neutro,3.19,0.825,-50.0,1.117,0.713,1.0,1.2,0.45,0.153,
141160,Zé Lucas,CRU,Meia,6,4.87,-0.25,2.13,7,0.8,True,True,SAO,-0.573,armadilha_leve,2.214,2.13,0.875,59.0,neutro,2.64,0.325,38.1,1.333,1.12,1.018,0.875,0.6,0.528,
95541,Gustavo Cazonatti,MIR,Meia,5,3.42,0.0,2.33,6,0.0,False,False,RBB,-0.291,neutro,1.606,2.33,0.75,52.3,neutro,2.49,0.45,-28.2,1.188,0.8,0.848,1.575,0.675,0.189,0.566
106950,Fernando,CHA,Lateral,6,3.6,-0.34,1.85,8,-1.3,True,False,VIT,-0.716,armadilha_leve,1.847,1.48,1.0,49.2,neutro,2.33,0.825,-50.0,1.117,0.713,1.0,1.2,0.45,0.153,
114801,Danilo Pereira,BOT,Atacante,6,5.06,-0.55,3.05,7,0.5,True,True,VAS,-0.377,neutro,2.804,2.34,0.875,50.3,neutro,2.87,0.85,29.5,0.546,0.996,1.747,0.922,0.425,0.308,
122670,Diego Caito,GRE,Lateral,6,6.68,0.0,4.55,6,0.0,False,False,REM,-0.093,neutro,4.053,3.55,0.75,53.2,neutro,4.25,0.825,-23.8,1.12,1.032,0.875,1.191,0.25,0.265,
151292,Felipe Morais,CRU,Meia,2,4.36,0.08,4.75,4,4.9,True,True,SAO,0.992,valor_bom,3.108,3.5,0.5,59.0,neutro,3.34,0.325,38.1,1.333,1.12,1.018,0.875,0.6,0.528,
117314,Thiago Borbas,CAM,Atacante,6,5.75,0.0,4.3,3,0.0,False,False,CAP,-0.496,neutro,3.055,1.63,0.375,39.3,desfavoravel,3.21,0.15,-40.5,1.059,0.875,1.563,2.1,0.725,0.263,
109461,Calebe,INT,Meia,5,4.65,0.0,0.83,3,0.0,False,True,COR,-0.863,armadilha_leve,1.89,0.83,0.375,45.6,neutro,2.85,0.25,-2.6,1.12,1.244,0.772,1.75,0.3,0.379,
141344,Vitor Tissi,CFC,Meia,6,1.83,0.57,1.27,7,3.5,True,False,FLU,0.844,valor_bom,1.16,1.27,0.875,40.2,neutro,1.96,0.325,-33.4,1.362,1.693,1.273,1.244,0.375,0.153,
106313,Domingos Duarte,SAO,Zagueiro,5,8.02,-0.36,6.06,5,5.8,True,False,CRU,1.237,valor_bom,4.856,4.86,0.625,29.0,desfavoravel,3.76,0.225,-38.1,1.018,0.875,1.333,1.12,0.5,0.219,
127871,Vargas,CAP,Atacante,2,9.27,2.05,5.22,6,12.0,True,True,CAM,0.403,neutro,5.07,1.39,0.75,54.4,neutro,3.98,0.15,40.5,1.563,2.1,1.059,0.875,0.6,0.451,
100596,Krovinovic,GRE,Meia,6,4.71,0.0,2.14,5,0.0,False,False,REM,-0.443,neutro,2.231,2.14,0.625,53.4,neutro,3.05,0.825,-23.8,1.12,1.032,0.875,1.191,0.25,0.265,
147878,Alejandro,VIT,Meia,6,2.0,0.0,0.0,0,0.0,False,True,CHA,-0.954,armadilha_leve,0.0,0.0,0.0,66.9,neutro,2.34,0.75,50.0,1.0,1.2,1.117,0.713,0.325,0.63,
147201,João Kempes,INT,Meia,6,2.0,0.0,0.0,0,0.0,False,True,COR,-0.954,armadilha_leve,0.0,0.0,0.0,45.6,neutro,2.09,0.25,-2.6,1.12,1.244,0.772,1.75,0.3,0.379,
114323,Colidio,VAS,Atacante,7,11.2,0.61,8.13,6,12.6,True,False,BOT,1.323,valor_bom,6.317,4.13,0.75,74.5,favoravel_visitante,5.38,0.95,-29.5,1.747,0.922,0.546,0.996,0.7,0.433,
117909,Wesley,CRU,Atacante,2,6.97,-0.11,2.45,6,2.5,True,True,SAO,-0.1,neutro,3.883,1.12,0.75,57.5,neutro,3.47,0.325,38.1,1.333,1.12,1.018,0.875,0.6,0.528,
142764,Franco Rossi,CHA,Atacante,6,3.91,0.0,2.4,4,0.0,False,False,VIT,0.132,neutro,2.525,2.4,0.5,27.5,desfavoravel,2.73,0.225,-50.0,1.117,0.713,1.0,1.2,0.45,0.153,
130121,João Costa,CRU,Atacante,2,3.85,0.0,1.48,6,0.0,False,True,SAO,-0.358,neutro,2.113,1.48,0.75,57.5,neutro,2.67,0.325,38.1,1.333,1.12,1.018,0.875,0.6,0.528,
130444,Rodrigo,CHA,Atacante,6,1.0,0.0,0.0,0,0.0,False,False,VIT,0.552,valor_bom,0.0,0.0,0.0,27.5,desfavoravel,1.88,0.225,-50.0,1.117,0.713,1.0,1.2,0.45,0.153,
102255,Santiago Sosa,VAS,Meia,7,7.94,0.45,4.27,6,5.0,True,False,BOT,0.434,neutro,4.169,4.27,0.75,78.0,favoravel_visitante,3.77,0.95,-29.5,1.747,0.922,0.546,0.996,0.7,0.433,
123795,Lucho Rodríguez,CRU,Atacante,6,7.48,0.0,3.27,4,0.0,False,True,SAO,0.313,neutro,4.395,0.77,0.5,57.5,neutro,3.92,0.325,38.1,1.333,1.12,1.018,0.875,0.6,0.528,
151492,Marquinhos,RBB,Lateral,6,1.0,0.0,0.0,0,0.0,False,True,MIR,0.44,neutro,0.0,0.0,0.0,57.3,neutro,2.23,0.75,28.2,0.848,1.575,1.188,0.8,0.1,0.58,0.566
104649,Heitor,CHA,Lateral,5,8.3,0.0,7.05,4,0.0,False,False,VIT,1.297,valor_bom,5.805,5.05,0.5,49.2,neutro,4.5,0.825,-50.0,1.117,0.713,1.0,1.2,0.45,0.153,
77510,Fred,CAM,Meia,7,7.47,-0.5,3.0,4,4.1,True,False,CAP,0.048,neutro,3.729,3.0,0.5,40.7,neutro,3.72,0.15,-40.5,1.059,0.875,1.563,2.1,0.725,0.263,
73476,Marcão,FLU,Técnico,7,12.29,0.16,7.48,6,7.55,True,True,CFC,-0.059,neutro,6.984,7.48,0.75,87.1,neutro,5.73,0.75,33.4,1.273,1.244,1.362,1.693,0.675,0.625,
86777,Danilo Barbosa,GRE,Meia,7,4.05,-0.56,0.8,4,1.0,True,False,REM,-0.558,armadilha_leve,1.792,0.8,0.5,53.4,neutro,2.67,0.825,-23.8,1.12,1.032,0.875,1.191,0.25,0.265,
106843,Borrero,CHA,Meia,6,3.99,0.0,1.5,3,0.0,False,False,VIT,-0.131,neutro,2.073,1.5,0.375,27.8,desfavoravel,2.61,0.225,-50.0,1.117,0.713,1.0,1.2,0.45,0.153,
86864,Marlon,REM,Lateral,7,6.25,0.53,4.13,6,5.5,True,True,GRE,-0.079,neutro,3.873,4.13,0.75,66.4,neutro,4.07,0.95,23.8,0.875,1.191,1.12,1.032,0.0,0.462,
124961,Castaño,CAM,Meia,7,4.16,-0.91,1.0,5,0.0,True,False,CAP,-0.642,armadilha_leve,1.792,1.0,0.625,40.7,neutro,2.69,0.15,-40.5,1.059,0.875,1.563,2.1,0.725,0.263,
151632,Lemos,CAM,Zagueiro,6,1.0,0.0,0.0,0,0.0,False,False,CAP,0.182,neutro,0.0,0.0,0.0,22.4,desfavoravel,1.82,0.05,-40.5,1.059,0.875,1.563,2.1,0.725,0.263,
151600,Miguel Carvalho,CHA,Meia,6,4.65,0.13,2.55,4,3.0,True,False,VIT,-0.206,neutro,2.375,2.55,0.5,27.8,desfavoravel,3.2,0.225,-50.0,1.117,0.713,1.0,1.2,0.45,0.153,
87747,Yago Felipe,CHA,Meia,7,8.64,0.48,5.65,6,5.4,True,False,VIT,0.94,valor_bom,4.76,4.82,0.75,27.8,desfavoravel,4.38,0.225,-50.0,1.117,0.713,1.0,1.2,0.45,0.153,
85035,Sanabria,INT,Atacante,5,3.31,-0.57,-0.17,4,0.0,True,True,COR,-1.885,armadilha_forte,0.574,0.0,0.5,44.1,neutro,2.0,0.25,-2.6,1.12,1.244,0.772,1.75,0.3,0.379,
101237,Eliasson,INT,Atacante,6,2.56,-0.45,0.1,5,0.0,True,True,COR,-1.029,armadilha_leve,0.621,0.1,0.625,44.1,neutro,1.93,0.25,-2.6,1.12,1.244,0.772,1.75,0.3,0.379,
146814,Josmar,FLA,Atacante,6,2.0,0.0,0.0,0,0.0,False,False,SAN,-1.133,armadilha_leve,0.0,0.0,0.0,62.6,neutro,2.29,0.725,11.9,1.018,0.487,1.302,0.683,1.0,0.511,
140908,Bruno Bertinato,PAL,Goleiro,6,3.0,0.0,0.0,0,0.0,False,True,BAH,-1.719,armadilha_forte,0.0,0.0,0.0,49.0,neutro,2.13,0.15,24.5,0.834,0.533,1.433,1.12,0.675,0.602,
107300,Alex Bruno,VIT,Atacante,6,3.49,-0.54,0.65,2,0.0,True,True,CHA,-1.645,armadilha_forte,0.887,0.65,0.25,65.7,neutro,2.57,0.75,50.0,1.0,1.2,1.117,0.713,0.325,0.63,
151289,Kelvin,CRU,Zagueiro,6,1.0,0.0,0.0,0,0.0,False,True,SAO,0.182,neutro,0.0,0.0,0.0,75.4,favoravel,2.44,0.825,38.1,1.333,1.12,1.018,0.875,0.6,0.528,
107093,Luciano Juba,BAH,Lateral,7,10.8,-0.85,7.04,24,3.5,True,False,PAL,1.27,valor_bom,6.576,3.71,1.0,32.0,desfavoravel,5.42,0.1,-24.5,1.433,1.12,0.834,0.533,0.7,0.176,
141335,Lucas Crepaldi,CFC,Atacante,6,1.0,0.0,0.0,0,0.0,False,False,FLU,0.552,valor_bom,0.0,0.0,0.0,38.9,desfavoravel,2.01,0.325,-33.4,1.362,1.693,1.273,1.244,0.375,0.153,
73992,Rodinei,SAN,Lateral,7,6.02,-0.69,1.0,2,0.7,True,True,FLA,-0.854,armadilha_leve,3.144,1.0,0.25,36.2,neutro,3.31,0.0,-11.9,1.302,0.683,1.018,0.487,1.0,0.228,
145781,Bruno André,VAS,Zagueiro,6,1.0,0.0,0.0,0,0.0,False,False,BOT,0.182,neutro,0.0,0.0,0.0,42.9,neutro,2.06,0.225,-29.5,1.747,0.922,0.546,0.996,0.7,0.433,
111412,Arthur Chaves,BOT,Zagueiro,6,6.0,0.0,0.0,0,0.0,False,True,VAS,-4.036,armadilha_forte,0.0,0.0,0.0,51.5,neutro,2.16,0.55,29.5,0.546,0.996,1.747,0.922,0.425,0.308,
140167,Luizinho,COR,Atacante,6,1.0,0.0,0.0,0,0.0,False,False,INT,0.552,valor_bom,0.0,0.0,0.0,37.8,neutro,2.0,0.575,2.6,0.772,1.75,1.12,1.244,0.0,0.295,
108602,Valencia,FLA,Atacante,6,5.91,0.0,1.5,1,0.0,False,False,SAN,-1.364,armadilha_leve,2.467,1.5,0.125,62.6,neutro,3.38,0.725,11.9,1.018,0.487,1.302,0.683,1.0,0.511,
130252,Euder,VAS,Meia,6,1.0,0.0,0.0,0,0.0,False,False,BOT,0.627,valor_bom,0.0,0.0,0.0,78.0,favoravel_visitante,2.47,0.95,-29.5,1.747,0.922,0.546,0.996,0.7,0.433,
141954,Khensane,CFC,Meia,6,1.0,0.0,0.0,0,0.0,False,False,FLU,0.627,valor_bom,0.0,0.0,0.0,40.2,neutro,2.03,0.325,-33.4,1.362,1.693,1.273,1.244,0.375,0.153,
138941,Bruno Duarte,VAS,Atacante,7,10.12,2.73,8.3,3,15.7,True,False,BOT,1.12,valor_bom,5.869,3.97,0.375,74.5,favoravel_visitante,5.14,0.95,-29.5,1.747,0.922,0.546,0.996,0.7,0.433,
151742,André Lucas,PAL,Lateral,6,1.0,0.0,0.0,0,0.0,False,True,BAH,0.44,neutro,0.0,0.0,0.0,47.9,neutro,2.12,0.15,24.5,0.834,0.533,1.433,1.12,0.675,0.602,
150251,Joaquín Freitas,FLA,Atacante,6,4.37,-0.54,2.57,3,1.5,True,False,SAN,-0.164,neutro,2.583,0.9,0.375,62.6,neutro,3.24,0.725,11.9,1.018,0.487,1.302,0.683,1.0,0.511,
124552,Lescano,VAS,Meia,7,10.74,3.38,9.25,2,15.5,True,False,BOT,0.665,valor_bom,5.124,6.75,0.25,78.0,favoravel_visitante,4.77,0.95,-29.5,1.747,0.922,0.546,0.996,0.7,0.433,
117926,Nicolás Fonseca,CFC,Meia,6,4.31,-1.69,-2.6,1,-2.6,True,False,FLU,-0.819,armadilha_leve,1.744,0.0,0.125,40.2,neutro,2.78,0.325,-33.4,1.362,1.693,1.273,1.244,0.375,0.153,
149807,Wanderson,VIT,Lateral,6,1.0,0.0,0.0,0,0.0,False,True,CHA,0.44,neutro,0.0,0.0,0.0,74.4,favoravel,2.43,0.825,50.0,1.0,1.2,1.117,0.713,0.325,0.63,
151825,Gabriel Ibson,CFC,Zagueiro,6,1.0,0.0,0.0,0,0.0,False,False,FLU,0.182,neutro,0.0,0.0,0.0,24.1,desfavoravel,1.84,0.225,-33.4,1.362,1.693,1.273,1.244,0.375,0.153,
130525,Pedro Lima,SAO,Lateral,7,7.27,3.27,9.9,1,9.9,True,False,CRU,1.661,valor_oculto,5.706,6.9,0.125,27.6,desfavoravel,4.54,0.225,-38.1,1.018,0.875,1.333,1.12,0.5,0.219,
127628,Lautaro López,BAH,Meia,6,4.0,0.0,0.0,0,0.0,False,False,PAL,-2.946,armadilha_forte,0.0,0.0,0.0,28.9,desfavoravel,1.9,0.05,-24.5,1.433,1.12,0.834,0.533,0.7,0.176,
97133,Dudu,CHA,Lateral,6,5.98,1.98,6.5,1,6.5,True,False,VIT,0.23,neutro,3.994,1.5,0.125,49.2,neutro,4.38,0.825,-50.0,1.117,0.713,1.0,1.2,0.45,0.153,
123433,Rosivan,CHA,Meia,6,2.0,0.0,0.0,0,0.0,False,False,VIT,-0.954,armadilha_leve,0.0,0.0,0.0,27.8,desfavoravel,1.88,0.225,-50.0,1.117,0.713,1.0,1.2,0.45,0.153,
98974,Viña,CRU,Lateral,6,5.0,0.0,0.0,0,0.0,False,True,SAO,-4.124,armadilha_forte,0.0,0.0,0.0,75.1,neutro,2.43,0.825,38.1,1.333,1.12,1.018,0.875,0.6,0.528,
99520,Ziyech,BOT,Meia,7,9.27,-0.73,1.2,1,1.2,True,True,VAS,-0.645,armadilha_leve,3.772,1.2,0.125,52.7,neutro,3.84,0.85,29.5,0.546,0.996,1.747,0.922,0.425,0.308,
148439,Darlan Dutra,VIT,Zagueiro,6,1.0,0.0,0.0,0,0.0,False,True,CHA,0.182,neutro,0.0,0.0,0.0,74.8,favoravel,2.43,0.825,50.0,1.0,1.2,1.117,0.713,0.325,0.63,
131454,Athos,GRE,Zagueiro,6,1.0,0.0,0.0,0,0.0,False,False,REM,0.182,neutro,0.0,0.0,0.0,54.0,neutro,2.19,0.825,-23.8,1.12,1.032,0.875,1.191,0.25,0.265,
80076,Zé Roberto,MIR,Atacante,6,4.06,0.06,1.4,1,1.4,True,False,RBB,-0.084,neutro,2.456,1.4,0.125,49.9,neutro,3.23,0.45,-28.2,1.188,0.8,0.848,1.575,0.675,0.189,0.566
151347,Ruan Sales,FLU,Meia,6,2.0,0.0,0.0,0,0.0,False,True,CFC,-0.954,armadilha_leve,0.0,0.0,0.0,89.3,neutro,2.6,0.75,33.4,1.273,1.244,1.362,1.693,0.675,0.625,
146985,Yago Melo,COR,Zagueiro,6,1.0,0.0,0.0,0,0.0,False,False,INT,0.182,neutro,0.0,0.0,0.0,51.5,neutro,2.16,0.9,2.6,0.772,1.75,1.12,1.244,0.0,0.295,
87211,Eduardo Baptista,INT,Técnico,7,7.18,0.0,0.0,0,0.0,False,True,COR,-3.683,armadilha_forte,0.0,0.0,0.0,44.9,neutro,2.08,0.25,-2.6,1.12,1.244,0.772,1.75,0.3,0.379,
104387,Gabriel Pereira,VAS,Zagueiro,6,5.0,0.0,0.0,0,0.0,False,False,BOT,-3.517,armadilha_forte,0.0,0.0,0.0,42.9,neutro,2.06,0.225,-29.5,1.747,0.922,0.546,0.996,0.7,0.433,
141610,João Pedro,SAO,Goleiro,6,1.0,0.0,0.0,0,0.0,False,False,CRU,0.163,neutro,0.0,0.0,0.0,29.2,desfavoravel,1.9,0.225,-38.1,1.018,0.875,1.333,1.12,0.5,0.219,
116825,Jhonny,FLU,Lateral,6,1.0,0.0,0.0,0,0.0,False,True,CFC,0.44,neutro,0.0,0.0,0.0,52.2,neutro,2.17,0.3,33.4,1.273,1.244,1.362,1.693,0.675,0.625,
141608,Pedro Bezerra,SAO,Meia,6,1.0,0.0,0.0,0,0.0,False,False,CRU,0.627,valor_bom,0.0,0.0,0.0,41.2,neutro,2.04,0.575,-38.1,1.018,0.875,1.333,1.12,0.5,0.219,
130454,Samuel,CAM,Zagueiro,6,1.0,0.0,0.0,0,0.0,False,False,CAP,0.182,neutro,0.0,0.0,0.0,22.4,desfavoravel,1.82,0.05,-40.5,1.059,0.875,1.563,2.1,0.725,0.263,
109573,Martinelli,FLU,Meia,7,6.65,0.76,2.84,19,10.2,True,True,CFC,-0.256,neutro,3.211,2.05,1.0,89.3,neutro,3.64,0.75,33.4,1.273,1.244,1.362,1.693,0.675,0.625,
132553,Jemmes,FLU,Zagueiro,6,6.22,0.0,3.26,18,0.0,False,True,CFC,0.301,neutro,3.52,2.48,1.0,53.0,neutro,3.36,0.3,33.4,1.273,1.244,1.362,1.693,0.675,0.625,
96678,Bustos,CFC,Lateral,6,4.3,-0.7,-0.3,1,-0.3,True,False,FLU,0.431,neutro,3.238,0.0,0.125,22.6,desfavoravel,3.3,0.225,-33.4,1.362,1.693,1.273,1.244,0.375,0.153,
68685,Alan Patrick,INT,Meia,7,7.22,-0.05,3.85,23,3.5,True,True,COR,0.414,neutro,3.913,2.76,1.0,45.6,neutro,3.13,0.25,-2.6,1.12,1.244,0.772,1.75,0.3,0.379,
97810,Erick,VIT,Atacante,7,8.14,-0.04,4.18,23,5.4,True,True,CHA,-0.016,neutro,4.381,2.05,1.0,65.7,neutro,3.67,0.75,50.0,1.0,1.2,1.117,0.713,0.325,0.63,
69012,Santos,CAP,Goleiro,6,7.97,0.0,4.21,22,0.0,False,True,CAM,0.016,neutro,4.255,2.62,1.0,63.4,favoravel,4.14,0.7,40.5,1.563,2.1,1.059,0.875,0.6,0.451,
152258,Gustavo Inácio,CRU,Zagueiro,6,1.0,0.0,0.0,0,0.0,False,True,SAO,0.182,neutro,0.0,0.0,0.0,75.4,favoravel,2.44,0.825,38.1,1.333,1.12,1.018,0.875,0.6,0.528,
92171,Arthur Cabral,BOT,Atacante,7,9.48,0.37,5.63,20,3.5,True,True,VAS,0.801,valor_bom,5.438,2.58,1.0,50.3,neutro,4.5,0.85,29.5,0.546,0.996,1.747,0.922,0.425,0.308,
146624,Heittor,PAL,Atacante,6,1.15,0.0,0.53,3,0.0,False,True,BAH,1.344,valor_bom,0.833,0.53,0.375,53.6,neutro,2.32,0.425,24.5,0.834,0.533,1.433,1.12,0.675,0.602,
122390,Rodrigo Gelado,CFC,Lateral,6,1.76,-0.24,0.0,1,0.0,True,False,FLU,1.146,valor_bom,1.639,0.0,0.125,22.6,desfavoravel,2.53,0.225,-33.4,1.362,1.693,1.273,1.244,0.375,0.153,
68928,Rafael,SAO,Goleiro,5,7.68,0.2,3.37,26,6.8,True,False,CRU,-0.492,neutro,3.608,2.22,1.0,29.2,desfavoravel,3.78,0.225,-38.1,1.018,0.875,1.333,1.12,0.5,0.219,
42234,Cássio,CRU,Goleiro,6,6.89,0.0,1.32,5,0.0,False,True,SAO,-0.607,armadilha_leve,3.203,1.32,0.625,75.5,neutro,3.45,0.825,38.1,1.333,1.12,1.018,0.875,0.6,0.528,
72294,Everson,CAM,Goleiro,5,9.67,0.0,4.58,23,0.0,False,False,CAP,-0.203,neutro,4.528,3.06,1.0,22.6,desfavoravel,3.39,0.05,-40.5,1.059,0.875,1.563,2.1,0.725,0.263,
63007,Neymar,SAN,Meia,6,18.9,0.0,9.78,12,0.0,False,True,FLA,1.831,valor_oculto,7.505,6.45,1.0,34.6,neutro,5.16,0.1,-11.9,1.302,0.683,1.018,0.487,1.0,0.228,
105949,Rochet,INT,Goleiro,6,6.28,0.0,3.33,11,0.0,False,True,COR,0.137,neutro,3.772,1.97,1.0,46.7,neutro,3.12,0.45,-2.6,1.12,1.244,0.772,1.75,0.3,0.379,
96591,Renan Lodi,CAM,Lateral,7,9.29,-0.46,4.98,23,0.5,True,False,CAP,-0.087,neutro,5.032,3.55,1.0,20.8,desfavoravel,3.71,0.05,-40.5,1.059,0.875,1.563,2.1,0.725,0.263,
100898,Vitinho,BOT,Lateral,7,9.03,-0.97,4.86,22,3.1,True,True,VAS,-0.088,neutro,4.946,3.72,1.0,50.6,neutro,4.03,0.55,29.5,0.546,0.996,1.747,0.922,0.425,0.308,
103056,Gabriel Brazão,SAN,Goleiro,5,5.21,0.0,2.81,22,0.0,False,True,FLA,-0.161,neutro,2.981,1.67,1.0,37.6,neutro,3.15,0.0,-11.9,1.302,0.683,1.018,0.487,1.0,0.228,
37656,Fábio,FLU,Goleiro,7,9.43,0.22,4.59,27,6.8,True,True,CFC,-0.128,neutro,4.542,3.66,1.0,53.2,neutro,4.23,0.3,33.4,1.273,1.244,1.362,1.693,0.675,0.625,
87008,Léo Jardim,VAS,Goleiro,7,6.49,0.11,2.89,26,6.3,True,False,BOT,-0.431,neutro,3.24,2.31,1.0,43.0,neutro,3.78,0.225,-29.5,1.747,0.922,0.546,0.996,0.7,0.433,
106593,Villalba,CRU,Zagueiro,6,7.31,0.84,3.19,15,7.7,True,True,SAO,-0.188,neutro,3.508,1.52,1.0,75.4,neutro,3.26,0.825,38.1,1.333,1.12,1.018,0.875,0.6,0.528,
61987,Alex Sandro,FLA,Lateral,7,7.71,-0.18,3.13,17,0.3,True,False,SAN,-0.948,armadilha_leve,3.787,2.07,1.0,64.0,neutro,3.19,0.6,11.9,1.018,0.487,1.302,0.683,1.0,0.511,
80196,Yago Pikachu,REM,Meia,7,5.34,0.62,2.41,27,5.5,True,True,GRE,-0.087,neutro,2.795,1.48,1.0,44.0,neutro,3.59,0.525,23.8,0.875,1.191,1.12,1.032,0.0,0.462,
99274,Alexander Barboza,PAL,Zagueiro,2,10.36,0.03,5.3,17,6.7,True,True,BAH,0.537,valor_bom,4.917,3.48,1.0,48.8,neutro,4.29,0.15,24.5,0.834,0.533,1.433,1.12,0.675,0.602,
90768,Fabrício Bruno,CRU,Zagueiro,6,5.48,0.23,1.81,24,0.0,True,True,SAO,-1.216,armadilha_leve,2.029,1.31,1.0,75.4,neutro,2.63,0.825,38.1,1.333,1.12,1.018,0.875,0.6,0.528,
104758,Enzo Díaz,SAO,Lateral,6,9.04,0.0,3.9,13,0.0,False,False,CRU,-0.789,armadilha_leve,4.388,3.28,1.0,27.6,desfavoravel,3.94,0.225,-38.1,1.018,0.875,1.333,1.12,0.5,0.219,
105436,Carrascal,FLA,Meia,2,11.5,1.39,6.29,20,10.9,True,False,SAN,1.149,valor_bom,5.662,3.79,1.0,64.6,neutro,4.18,0.725,11.9,1.018,0.487,1.302,0.683,1.0,0.511,
68899,Philippe Coutinho,SAN,Meia,6,13.21,0.0,8.23,3,0.0,False,True,FLA,0.051,neutro,5.221,6.56,0.375,34.6,neutro,4.18,0.1,-11.9,1.302,0.683,1.018,0.487,1.0,0.228,
101727,Matheuzinho,COR,Lateral,7,10.63,0.19,6.11,22,6.0,True,False,INT,0.441,neutro,5.863,4.43,1.0,50.7,neutro,4.09,0.9,2.6,0.772,1.75,1.12,1.244,0.0,0.295,
123717,Zé Guilherme,BAH,Lateral,6,4.29,0.0,2.88,5,0.0,False,False,PAL,0.606,valor_bom,3.372,2.28,0.625,32.0,desfavoravel,3.05,0.1,-24.5,1.433,1.12,0.834,0.533,0.7,0.176,
109401,Erick Pulga,BAH,Atacante,7,8.38,-0.11,4.78,26,7.6,True,False,PAL,0.454,neutro,4.822,3.16,1.0,28.4,desfavoravel,4.05,0.05,-24.5,1.433,1.12,0.834,0.533,0.7,0.176,
80313,Gilberto,CAP,Lateral,6,6.69,-0.67,4.4,14,0.0,True,True,CAM,0.007,neutro,4.138,3.4,1.0,62.7,favoravel,3.71,0.7,40.5,1.563,2.1,1.059,0.875,0.6,0.451,
91101,Ronaldo,BAH,Goleiro,7,8.01,0.5,5.03,18,5.8,True,False,PAL,0.535,valor_bom,4.83,3.36,1.0,33.5,desfavoravel,4.6,0.1,-24.5,1.433,1.12,0.834,0.533,0.7,0.176,
117632,Garro,COR,Meia,7,10.36,1.08,4.79,25,7.4,True,False,INT,0.112,neutro,4.621,3.19,1.0,39.1,neutro,3.44,0.575,2.6,0.772,1.75,1.12,1.244,0.0,0.295,
98484,Kanu,BAH,Zagueiro,7,3.14,-0.08,0.94,5,1.7,True,False,PAL,-0.67,armadilha_leve,1.266,0.34,0.625,33.3,desfavoravel,2.11,0.1,-24.5,1.433,1.12,0.834,0.533,0.7,0.176,
98022,Erick,BAH,Meia,6,6.7,-1.01,4.55,20,3.8,True,False,PAL,1.355,valor_bom,4.419,3.55,1.0,28.9,desfavoravel,4.51,0.05,-24.5,1.433,1.12,0.834,0.533,0.7,0.176,
85425,João Paulo,SAN,Goleiro,6,6.94,0.0,-0.35,2,0.0,False,True,FLA,-0.41,neutro,3.434,0.0,0.25,37.6,neutro,3.47,0.0,-11.9,1.302,0.683,1.018,0.487,1.0,0.228,
97868,Iago,SAO,Lateral,5,6.24,0.2,4.54,10,5.5,True,False,CRU,0.283,neutro,4.158,3.04,1.0,27.6,desfavoravel,3.02,0.225,-38.1,1.018,0.875,1.333,1.12,0.5,0.219,
91772,David Duarte,BAH,Zagueiro,7,6.33,0.49,3.94,20,4.7,True,False,PAL,0.839,valor_bom,3.987,2.59,1.0,33.3,desfavoravel,3.29,0.1,-24.5,1.433,1.12,0.834,0.533,0.7,0.176,
104783,Acevedo,BAH,Meia,7,7.55,0.04,5.11,25,4.7,True,False,PAL,1.548,valor_oculto,4.863,4.71,1.0,28.9,desfavoravel,3.75,0.05,-24.5,1.433,1.12,0.834,0.533,0.7,0.176,
98517,Jean Lucas,BAH,Meia,7,8.85,-1.47,5.38,23,0.0,True,False,PAL,1.246,valor_bom,5.048,3.86,1.0,28.9,desfavoravel,4.08,0.05,-24.5,1.433,1.12,0.834,0.533,0.7,0.176,
68996,Willian José,BAH,Atacante,6,7.0,0.0,2.33,21,0.0,False,False,PAL,-1.202,armadilha_leve,3.055,0.71,1.0,28.4,desfavoravel,3.04,0.05,-24.5,1.433,1.12,0.834,0.533,0.7,0.176,
106822,Rodrigo Nestor,BAH,Meia,7,6.04,0.24,3.94,20,4.6,True,False,PAL,1.115,valor_bom,3.984,2.94,1.0,28.9,desfavoravel,4.33,0.05,-24.5,1.433,1.12,0.834,0.533,0.7,0.176,
141419,Fredi Lippert,BAH,Zagueiro,6,2.0,0.0,0.0,0,0.0,False,False,PAL,-1.183,armadilha_leve,0.0,0.0,0.0,33.3,desfavoravel,1.95,0.1,-24.5,1.433,1.12,0.834,0.533,0.7,0.176,
97341,Rogério Ceni,BAH,Técnico,7,10.23,-0.36,5.72,27,4.16,True,False,PAL,0.142,neutro,5.924,5.72,1.0,28.7,desfavoravel,4.75,0.05,-24.5,1.433,1.12,0.834,0.533,0.7,0.176,
122994,Victor Nascimento,BAH,Goleiro,6,1.0,0.0,0.0,0,0.0,False,False,PAL,0.163,neutro,0.0,0.0,0.0,33.5,desfavoravel,1.95,0.1,-24.5,1.433,1.12,0.834,0.533,0.7,0.176,
106323,Caio Alexandre,BAH,Meia,6,3.46,-0.39,1.03,17,0.5,True,False,PAL,-1.091,armadilha_leve,1.041,1.03,1.0,28.9,desfavoravel,2.05,0.05,-24.5,1.433,1.12,0.834,0.533,0.7,0.176,
72493,Alex Telles,BOT,Lateral,7,8.65,-1.01,4.14,21,2.0,True,True,VAS,-0.574,armadilha_leve,4.428,2.04,1.0,50.6,neutro,3.85,0.55,29.5,0.546,0.996,1.747,0.922,0.425,0.308,
107173,Michel Araújo,BAH,Meia,6,2.37,0.0,0.98,18,0.0,False,False,PAL,-0.045,neutro,1.006,0.7,1.0,28.9,desfavoravel,1.97,0.05,-24.5,1.433,1.12,0.834,0.533,0.7,0.176,
101314,Ademir,BAH,Atacante,6,5.05,-0.25,2.2,25,0.1,True,False,PAL,-1.039,armadilha_leve,2.294,1.68,1.0,28.4,desfavoravel,2.8,0.05,-24.5,1.433,1.12,0.834,0.533,0.7,0.176,
123360,Cauly,SAO,Meia,6,6.41,0.0,2.95,15,0.0,False,False,CRU,0.054,neutro,3.348,2.62,1.0,41.2,neutro,3.07,0.575,-38.1,1.018,0.875,1.333,1.12,0.5,0.219,
136955,Sanabria,BAH,Atacante,6,5.44,0.0,2.69,14,0.0,False,False,PAL,-0.828,armadilha_leve,2.653,1.19,1.0,28.4,desfavoravel,2.44,0.05,-24.5,1.433,1.12,0.834,0.533,0.7,0.176,
111829,Kayky,INT,Atacante,5,3.63,0.0,1.27,6,0.0,False,True,COR,-0.283,neutro,2.023,1.27,0.75,44.1,neutro,2.49,0.25,-2.6,1.12,1.244,0.772,1.75,0.3,0.379,
97468,Marçal,BOT,Lateral,6,7.03,0.0,3.33,7,0.0,False,True,VAS,0.052,neutro,4.318,2.04,0.875,50.6,neutro,3.78,0.55,29.5,0.546,0.996,1.747,0.922,0.425,0.308,
129663,Ruan Pablo,BAH,Atacante,6,1.44,0.0,0.17,3,0.0,False,False,PAL,0.69,valor_bom,0.735,0.17,0.375,28.4,desfavoravel,2.15,0.05,-24.5,1.433,1.12,0.834,0.533,0.7,0.176,
107231,Danilo,BOT,Meia,2,13.0,-0.57,7.01,19,0.8,True,True,VAS,1.362,valor_bom,6.146,4.64,1.0,52.7,neutro,4.36,0.85,29.5,0.546,0.996,1.747,0.922,0.425,0.308,
145379,Kauê Furquim,BAH,Atacante,6,2.15,-0.09,1.35,6,1.7,True,False,PAL,0.134,neutro,1.12,1.35,0.75,28.4,desfavoravel,2.04,0.05,-24.5,1.433,1.12,0.834,0.533,0.7,0.176,
111831,Matheus Martins,BOT,Atacante,7,6.69,0.0,4.13,18,0.0,False,True,VAS,0.707,valor_bom,4.385,2.35,1.0,50.3,neutro,4.09,0.85,29.5,0.546,0.996,1.747,0.922,0.425,0.308,
142890,Montoro,BOT,Meia,7,6.52,-0.62,2.67,22,1.5,True,True,VAS,-0.409,neutro,3.049,1.99,1.0,52.7,neutro,3.41,0.85,29.5,0.546,0.996,1.747,0.922,0.425,0.308,
129930,Cristhian Loor,BOT,Goleiro,6,2.0,0.0,0.0,0,0.0,False,True,VAS,-0.938,armadilha_leve,0.0,0.0,0.0,51.7,neutro,2.16,0.55,29.5,0.546,0.996,1.747,0.922,0.425,0.308,
98672,Savarino,FLU,Meia,6,8.98,0.0,4.46,19,0.0,False,True,CFC,0.251,neutro,4.351,3.14,1.0,89.3,favoravel,4.4,0.75,33.4,1.273,1.244,1.362,1.693,0.675,0.625,
95799,Artur,SAO,Atacante,7,8.65,0.05,5.04,22,3.3,True,False,CRU,0.593,valor_bom,5.018,3.27,1.0,39.8,desfavoravel,3.92,0.575,-38.1,1.018,0.875,1.333,1.12,0.5,0.219,
104693,Newton,SAO,Meia,6,4.54,0.0,2.05,10,0.0,False,False,CRU,-0.426,neutro,2.156,2.05,1.0,41.2,neutro,2.34,0.575,-38.1,1.018,0.875,1.333,1.12,0.5,0.219,
39850,Vagner Mancini,RBB,Técnico,7,8.24,-0.1,5.33,26,3.75,True,True,MIR,0.911,valor_bom,5.199,5.33,1.0,48.4,neutro,3.97,0.6,28.2,0.848,1.575,1.188,0.8,0.1,0.58,0.566
124481,Mateo Ponte,BOT,Lateral,6,5.38,0.0,3.31,10,0.0,False,True,VAS,-0.044,neutro,3.475,2.21,1.0,50.6,neutro,3.02,0.55,29.5,0.546,0.996,1.747,0.922,0.425,0.308,
70360,Eduardo Sasha,RBB,Atacante,7,3.91,0.0,0.98,18,0.0,False,True,MIR,-1.245,armadilha_leve,1.475,0.98,1.0,48.7,neutro,2.11,0.6,28.2,0.848,1.575,1.188,0.8,0.1,0.58,0.566
146375,Kadir,BOT,Atacante,6,4.15,0.0,2.04,12,0.0,False,True,VAS,-0.416,neutro,2.259,1.62,1.0,50.3,neutro,2.71,0.85,29.5,0.546,0.996,1.747,0.922,0.425,0.308,
91158,Kaio,BOT,Zagueiro,5,7.0,0.0,0.0,0,0.0,False,True,VAS,-4.485,armadilha_forte,0.0,0.0,0.0,51.5,neutro,2.16,0.55,29.5,0.546,0.996,1.747,0.922,0.425,0.308,
69140,Allan,BOT,Meia,6,4.5,0.0,2.05,11,0.0,False,True,VAS,-0.406,neutro,2.15,2.05,1.0,52.7,neutro,2.45,0.85,29.5,0.546,0.996,1.747,0.922,0.425,0.308,
100695,Fernando,RBB,Atacante,7,5.7,0.13,5.06,13,3.8,True,True,MIR,0.929,valor_bom,4.118,2.83,1.0,48.7,neutro,3.23,0.6,28.2,0.848,1.575,1.188,0.8,0.1,0.58,0.566
93882,Cleiton,RBB,Goleiro,6,5.9,-0.29,2.24,8,0.0,True,True,MIR,-0.144,neutro,3.31,0.99,1.0,58.2,neutro,3.02,0.75,28.2,0.848,1.575,1.188,0.8,0.1,0.58,0.566
100848,Luan Cândido,VIT,Lateral,7,6.03,0.57,3.52,17,4.6,True,True,CHA,-0.327,neutro,3.571,2.05,1.0,74.4,neutro,4.06,0.825,50.0,1.0,1.2,1.117,0.713,0.325,0.63,
94968,Juninho Capixaba,RBB,Lateral,7,12.69,0.0,7.0,23,0.0,False,True,MIR,0.596,valor_bom,6.531,4.74,1.0,57.3,neutro,4.48,0.75,28.2,0.848,1.575,1.188,0.8,0.1,0.58,0.566
142877,Villalba,BOT,Atacante,6,3.76,-0.31,1.53,14,0.0,True,True,VAS,-0.539,armadilha_leve,1.915,0.96,1.0,50.3,neutro,2.4,0.85,29.5,0.546,0.996,1.747,0.922,0.425,0.308,
105213,Sant'Anna,RBB,Lateral,7,8.56,0.17,5.61,12,3.9,True,True,MIR,0.726,valor_bom,5.439,3.28,1.0,57.3,neutro,3.95,0.75,28.2,0.848,1.575,1.188,0.8,0.1,0.58,0.566
142484,Barrera,BOT,Meia,5,4.93,0.0,2.46,11,0.0,False,True,VAS,-0.379,neutro,2.387,2.01,1.0,52.7,neutro,2.55,0.85,29.5,0.546,0.996,1.747,0.922,0.425,0.308,
143072,Gabriel Abdias,BOT,Lateral,6,3.0,0.0,0.0,0,0.0,False,True,VAS,-2.439,armadilha_forte,0.0,0.0,0.0,50.6,neutro,2.15,0.55,29.5,0.546,0.996,1.747,0.922,0.425,0.308,
94067,Matheus Fernandes,RBB,Meia,6,4.54,0.0,2.78,14,0.0,False,True,MIR,0.176,neutro,2.601,2.42,1.0,49.3,neutro,2.62,0.6,28.2,0.848,1.575,1.188,0.8,0.1,0.58,0.566
110750,Gustavo Marques,RBB,Zagueiro,7,6.81,-0.57,4.46,23,0.3,True,True,MIR,1.106,valor_bom,4.368,3.16,1.0,58.0,neutro,3.67,0.75,28.2,0.848,1.575,1.188,0.8,0.1,0.58,0.566
106434,Eduardo Santos,RBB,Zagueiro,6,3.6,0.0,1.05,4,0.0,False,True,MIR,-0.945,armadilha_leve,1.329,1.05,0.5,58.0,neutro,2.51,0.75,28.2,0.848,1.575,1.188,0.8,0.1,0.58,0.566
108133,Isidro Pitta,RBB,Atacante,6,4.88,-0.26,3.27,24,-0.3,True,True,MIR,0.135,neutro,3.099,1.19,1.0,48.7,neutro,2.83,0.6,28.2,0.848,1.575,1.188,0.8,0.1,0.58,0.566
104588,Fabrício,RBB,Goleiro,6,2.0,0.0,0.0,0,0.0,False,True,MIR,-0.938,armadilha_leve,0.0,0.0,0.0,58.2,neutro,2.24,0.75,28.2,0.848,1.575,1.188,0.8,0.1,0.58,0.566
78605,Gabriel,RBB,Meia,6,5.28,0.0,3.08,18,0.0,False,True,MIR,0.006,neutro,2.836,2.52,1.0,49.3,neutro,2.72,0.6,28.2,0.848,1.575,1.188,0.8,0.1,0.58,0.566
111246,Alix Vinicius,RBB,Zagueiro,5,5.08,0.17,2.81,19,2.2,True,True,MIR,-0.063,neutro,2.773,1.7,1.0,58.0,neutro,3.0,0.75,28.2,0.848,1.575,1.188,0.8,0.1,0.58,0.566
110715,Andrés Hurtado,RBB,Lateral,6,5.23,0.0,3.35,16,0.0,False,True,MIR,0.036,neutro,3.46,2.23,1.0,57.3,neutro,3.17,0.75,28.2,0.848,1.575,1.188,0.8,0.1,0.58,0.566
111760,Fabinho,RBB,Meia,7,2.85,0.08,1.29,11,4.1,True,True,MIR,-0.31,neutro,1.194,1.29,1.0,49.3,neutro,2.31,0.6,28.2,0.848,1.575,1.188,0.8,0.1,0.58,0.566
112886,Lucas Barbosa,RBB,Atacante,7,9.87,0.16,6.26,24,6.7,True,True,MIR,1.3,valor_bom,5.934,4.18,1.0,48.7,neutro,5.02,0.6,28.2,0.848,1.575,1.188,0.8,0.1,0.58,0.566
107236,Vanderlan,RBB,Lateral,6,4.23,-0.18,0.6,2,1.5,True,True,MIR,0.269,neutro,3.064,0.6,0.25,57.3,neutro,3.51,0.75,28.2,0.848,1.575,1.188,0.8,0.1,0.58,0.566
107744,Praxedes,RBB,Meia,6,4.0,0.0,0.0,0,0.0,False,True,MIR,-2.946,armadilha_forte,0.0,0.0,0.0,49.3,neutro,2.13,0.6,28.2,0.848,1.575,1.188,0.8,0.1,0.58,0.566
122897,Guzmán Rodríguez,RBB,Zagueiro,7,5.58,-0.89,1.5,2,0.0,True,True,MIR,-0.738,armadilha_leve,2.449,1.5,0.25,58.0,neutro,3.22,0.75,28.2,0.848,1.575,1.188,0.8,0.1,0.58,0.566
103295,Eric Ramires,RBB,Meia,7,2.16,-0.14,0.62,18,0.5,True,True,MIR,-0.133,neutro,0.756,0.62,1.0,49.3,neutro,1.79,0.6,28.2,0.848,1.575,1.188,0.8,0.1,0.58,0.566
103014,Laquintana,VIT,Atacante,6,4.0,0.0,0.0,0,0.0,False,True,CHA,-3.255,armadilha_forte,0.0,0.0,0.0,65.7,neutro,2.33,0.75,50.0,1.0,1.2,1.117,0.713,0.325,0.63,
122394,Gustavinho,RBB,Meia,6,5.32,0.0,2.46,18,0.0,False,True,MIR,0.152,neutro,2.962,1.63,1.0,49.3,neutro,2.78,0.6,28.2,0.848,1.575,1.188,0.8,0.1,0.58,0.566
117910,Breno Bidon,COR,Meia,7,8.23,0.53,3.51,25,3.7,True,False,INT,-0.392,neutro,3.651,2.91,1.0,39.1,neutro,2.99,0.575,2.6,0.772,1.75,1.12,1.244,0.0,0.295,
72605,Vitor Hugo,CAM,Zagueiro,6,5.88,-0.35,3.15,14,-0.9,True,False,CAP,-0.217,neutro,2.981,1.44,1.0,22.4,desfavoravel,2.77,0.05,-40.5,1.059,0.875,1.563,2.1,0.725,0.263,
39656,Alan Franco,CAM,Meia,7,4.58,0.0,1.95,20,0.0,False,False,CAP,-0.603,armadilha_leve,2.046,1.7,1.0,40.7,neutro,2.61,0.15,-40.5,1.059,0.875,1.563,2.1,0.725,0.263,
140906,Davi Gomes,RBB,Atacante,5,5.19,0.0,4.25,2,0.0,False,True,MIR,-0.313,neutro,2.92,4.25,0.25,48.7,neutro,3.34,0.6,28.2,0.848,1.575,1.188,0.8,0.1,0.58,0.566
98909,Cuello,CAM,Atacante,7,9.91,-1.13,6.64,23,7.2,True,False,CAP,1.641,valor_oculto,6.206,4.47,1.0,39.3,desfavoravel,4.86,0.15,-40.5,1.059,0.875,1.563,2.1,0.725,0.263,
113157,Nathan Mendes,VIT,Lateral,5,7.52,0.0,5.02,12,0.0,False,True,CHA,0.763,valor_bom,5.085,3.35,1.0,74.4,favoravel,4.52,0.825,50.0,1.0,1.2,1.117,0.713,0.325,0.63,
91607,Rony,SAN,Atacante,2,7.01,1.88,2.72,20,15.6,True,True,FLA,-0.808,armadilha_leve,3.359,2.32,1.0,33.7,neutro,2.78,0.1,-11.9,1.302,0.683,1.018,0.487,1.0,0.228,
72460,Bernard,CAM,Meia,7,5.51,0.9,3.1,23,8.2,True,False,CAP,0.57,valor_bom,3.356,1.8,1.0,40.7,neutro,3.95,0.15,-40.5,1.059,0.875,1.563,2.1,0.725,0.263,
87999,Gustavo Scarpa,CAM,Meia,5,6.41,0.0,2.88,13,0.0,False,False,CAP,0.046,neutro,3.342,2.11,1.0,40.7,neutro,3.04,0.15,-40.5,1.059,0.875,1.563,2.1,0.725,0.263,
132580,Vinicinho,RBB,Atacante,6,3.92,0.0,2.23,14,0.0,False,True,MIR,-0.093,neutro,2.36,2.23,1.0,48.7,neutro,2.59,0.6,28.2,0.848,1.575,1.188,0.8,0.1,0.58,0.566
122755,Lucas Cunha,RBB,Zagueiro,6,3.0,0.0,0.0,0,0.0,False,True,MIR,-2.151,armadilha_forte,0.0,0.0,0.0,58.0,neutro,2.24,0.75,28.2,0.848,1.575,1.188,0.8,0.1,0.58,0.566
132274,Ignacio Sosa,RBB,Meia,3,4.44,1.03,1.91,16,8.0,True,True,MIR,-0.518,armadilha_leve,2.036,1.6,1.0,49.3,neutro,2.36,0.6,28.2,0.848,1.575,1.188,0.8,0.1,0.58,0.566
92087,Lyanco,CAM,Zagueiro,7,7.8,0.0,3.04,9,0.0,False,False,CAP,-0.34,neutro,3.54,2.04,1.0,22.4,desfavoravel,2.75,0.05,-40.5,1.059,0.875,1.563,2.1,0.725,0.263,
118774,Alexsander,CAM,Meia,6,5.78,0.35,2.48,8,4.4,True,False,CAP,0.318,neutro,3.287,2.48,1.0,40.7,neutro,3.08,0.15,-40.5,1.059,0.875,1.563,2.1,0.725,0.263,
105068,Reinier,CAM,Meia,7,7.03,0.0,4.18,19,0.0,False,False,CAP,0.832,valor_bom,4.154,2.6,1.0,40.7,neutro,4.82,0.15,-40.5,1.059,0.875,1.563,2.1,0.725,0.263,
100084,Igor Gomes,CAM,Meia,6,4.51,0.0,1.86,9,0.0,False,False,CAP,-0.534,armadilha_leve,2.061,0.75,1.0,40.7,neutro,2.44,0.15,-40.5,1.059,0.875,1.563,2.1,0.725,0.263,
115674,Gabriel Delfim,CAM,Goleiro,7,2.09,-0.63,1.15,4,-1.0,True,False,CAP,1.459,valor_bom,2.684,1.15,0.5,22.6,desfavoravel,2.86,0.05,-40.5,1.059,0.875,1.563,2.1,0.725,0.263,
103767,Gabriel Menino,SAN,Meia,6,8.53,-1.39,4.99,10,0.9,True,True,FLA,0.756,valor_bom,4.591,4.49,1.0,34.6,neutro,3.39,0.1,-11.9,1.302,0.683,1.018,0.487,1.0,0.228,
107554,Natanael,CAM,Lateral,7,9.54,0.45,5.18,18,11.9,True,False,CAP,-0.001,neutro,5.181,4.12,1.0,20.8,desfavoravel,4.81,0.05,-40.5,1.059,0.875,1.563,2.1,0.725,0.263,
78248,Gustavo Henrique,COR,Zagueiro,7,9.46,1.04,4.33,22,12.2,True,False,INT,-0.001,neutro,4.27,2.6,1.0,51.5,neutro,3.38,0.9,2.6,0.772,1.75,1.12,1.244,0.0,0.295,
68920,Dudu,CAM,Atacante,6,5.77,-0.32,2.24,17,1.2,True,False,CAP,-1.431,armadilha_leve,2.351,1.3,1.0,39.3,desfavoravel,2.8,0.15,-40.5,1.059,0.875,1.563,2.1,0.725,0.263,
85048,Memphis Depay,COR,Atacante,7,8.73,-0.37,2.3,11,2.6,True,False,INT,-1.538,armadilha_forte,3.419,1.57,1.0,37.8,neutro,2.88,0.575,2.6,0.772,1.75,1.12,1.244,0.0,0.295,
95556,Raniele,COR,Meia,7,8.19,-0.04,4.57,22,6.7,True,False,INT,0.697,valor_bom,4.443,4.12,1.0,39.1,neutro,3.36,0.575,2.6,0.772,1.75,1.12,1.244,0.0,0.295,
40990,Dorival Júnior,SAO,Técnico,7,9.78,0.34,4.66,20,8.15,True,False,CRU,-0.683,armadilha_leve,4.85,4.66,1.0,40.7,neutro,3.91,0.575,-38.1,1.018,0.875,1.333,1.12,0.5,0.219,
98720,Angileri,COR,Lateral,6,5.32,0.0,4.09,10,0.0,False,False,INT,0.535,valor_bom,3.908,2.59,1.0,50.7,neutro,3.21,0.9,2.6,0.772,1.75,1.12,1.244,0.0,0.295,
101002,Júnior Santos,BOT,Atacante,6,3.86,-0.47,1.78,14,-0.6,True,True,VAS,-0.417,neutro,2.074,1.21,1.0,50.3,neutro,2.91,0.85,29.5,0.546,0.996,1.747,0.922,0.425,0.308,
100842,Ruan,CAM,Zagueiro,5,6.2,0.0,3.7,20,0.0,False,False,CAP,0.682,valor_bom,3.815,2.5,1.0,22.4,desfavoravel,4.21,0.05,-40.5,1.059,0.875,1.563,2.1,0.725,0.263,
78435,Vitinho,COR,Atacante,6,5.06,0.0,2.13,7,0.0,False,False,INT,-0.941,armadilha_leve,2.374,2.13,0.875,37.8,neutro,2.49,0.575,2.6,0.772,1.75,1.12,1.244,0.0,0.295,
98225,Pedro Raul,COR,Atacante,6,2.87,-0.42,1.17,14,-0.4,True,False,INT,-0.763,armadilha_leve,1.089,0.6,1.0,37.8,neutro,1.81,0.575,2.6,0.772,1.75,1.12,1.244,0.0,0.295,
92440,André Ramalho,COR,Zagueiro,6,5.73,0.0,2.55,6,0.0,False,False,INT,-0.588,armadilha_leve,2.628,1.55,0.75,51.5,neutro,2.85,0.9,2.6,0.772,1.75,1.12,1.244,0.0,0.295,
105531,Matheus Bidu,COR,Lateral,7,12.13,0.41,7.22,21,5.4,True,False,INT,0.928,valor_bom,6.658,5.12,1.0,50.7,neutro,4.44,0.9,2.6,0.772,1.75,1.12,1.244,0.0,0.295,
105647,Maurício,PAL,Meia,6,7.29,-0.43,4.56,24,3.2,True,True,BAH,1.099,valor_bom,4.443,2.89,1.0,54.3,neutro,3.44,0.425,24.5,0.834,0.533,1.433,1.12,0.675,0.602,
122990,Patrick,RBB,Meia,6,4.0,0.0,0.0,0,0.0,False,True,MIR,-2.946,armadilha_forte,0.0,0.0,0.0,49.3,neutro,2.13,0.6,28.2,0.848,1.575,1.188,0.8,0.1,0.58,0.566
101574,Hugo Souza,COR,Goleiro,7,8.41,-0.94,4.09,23,0.9,True,False,INT,-0.197,neutro,4.165,2.35,1.0,51.7,neutro,3.34,0.9,2.6,0.772,1.75,1.12,1.244,0.0,0.295,
102340,Cacá,VIT,Zagueiro,7,5.31,0.38,2.5,19,3.1,True,True,CHA,-0.463,neutro,2.555,1.24,1.0,74.8,neutro,3.7,0.825,50.0,1.0,1.2,1.117,0.713,0.325,0.63,
77485,Carrillo,COR,Meia,6,4.35,0.0,1.53,20,0.0,False,False,INT,-0.846,armadilha_leve,1.746,1.28,1.0,39.1,neutro,2.13,0.575,2.6,0.772,1.75,1.12,1.244,0.0,0.295,
125488,João Pedro,COR,Zagueiro,6,6.91,0.0,4.12,5,0.0,False,False,INT,0.738,valor_bom,4.11,2.32,0.625,51.5,neutro,3.63,0.9,2.6,0.772,1.75,1.12,1.244,0.0,0.295,
97642,Félix Torres,INT,Zagueiro,6,5.18,0.0,3.75,19,0.0,False,True,COR,0.717,valor_bom,3.435,2.8,1.0,46.6,neutro,3.46,0.45,-2.6,1.12,1.244,0.772,1.75,0.3,0.379,
113397,Cristian Olivera,BAH,Atacante,7,8.1,0.0,4.1,20,0.0,False,False,PAL,-0.045,neutro,4.345,3.2,1.0,28.4,desfavoravel,3.7,0.05,-24.5,1.433,1.12,0.834,0.533,0.7,0.176,
107908,Hugo,COR,Lateral,6,4.0,0.0,0.0,0,0.0,False,False,INT,-3.366,armadilha_forte,0.0,0.0,0.0,50.7,neutro,2.15,0.9,2.6,0.772,1.75,1.12,1.244,0.0,0.295,
96342,Charles,COR,Meia,6,4.49,0.0,2.25,4,0.0,False,False,INT,-0.23,neutro,2.275,2.25,0.5,39.1,neutro,2.74,0.575,2.6,0.772,1.75,1.12,1.244,0.0,0.295,
122396,Ryan,COR,Meia,6,3.0,0.0,0.0,0,0.0,False,False,INT,-2.076,armadilha_forte,0.0,0.0,0.0,39.1,neutro,2.01,0.575,2.6,0.772,1.75,1.12,1.244,0.0,0.295,
42500,Fagner,CRU,Lateral,7,5.63,-0.63,3.81,20,0.0,True,True,SAO,0.168,neutro,3.773,2.51,1.0,75.1,favoravel,3.37,0.825,38.1,1.333,1.12,1.018,0.875,0.6,0.528,
127242,Bahia,COR,Meia,6,2.0,0.0,0.0,0,0.0,False,False,INT,-0.954,armadilha_leve,0.0,0.0,0.0,39.1,neutro,2.01,0.575,2.6,0.772,1.75,1.12,1.244,0.0,0.295,
131753,Felipe Longo,COR,Goleiro,6,2.0,0.0,0.0,0,0.0,False,False,INT,-0.938,armadilha_leve,0.0,0.0,0.0,51.7,neutro,2.16,0.9,2.6,0.772,1.75,1.12,1.244,0.0,0.295,
121824,Kayke,COR,Atacante,5,3.64,0.0,1.65,6,0.0,False,False,INT,-0.078,neutro,2.186,1.65,0.75,37.8,neutro,2.5,0.575,2.6,0.772,1.75,1.12,1.244,0.0,0.295,
84558,Lucas Romero,CRU,Meia,7,8.51,0.0,4.89,19,0.0,False,True,SAO,0.85,valor_bom,4.654,3.57,1.0,59.0,neutro,3.69,0.325,38.1,1.333,1.12,1.018,0.875,0.6,0.528,
145744,André,COR,Meia,6,6.01,-0.14,3.89,17,1.0,True,False,INT,1.092,valor_bom,3.955,2.42,1.0,39.1,neutro,3.13,0.575,2.6,0.772,1.75,1.12,1.244,0.0,0.295,
45125,Tite,BOT,Técnico,7,8.52,-0.77,3.72,7,3.18,True,True,VAS,-0.306,neutro,4.282,3.72,0.875,51.7,neutro,3.53,0.85,29.5,0.546,0.996,1.747,0.922,0.425,0.308,
96610,Matheus Pereira,CRU,Meia,7,14.51,-0.79,7.46,25,9.0,True,True,SAO,1.637,valor_oculto,6.644,4.86,1.0,59.0,neutro,4.49,0.325,38.1,1.333,1.12,1.018,0.875,0.6,0.528,
133543,Gui Negão,COR,Atacante,6,3.62,-1.09,2.01,10,1.7,True,False,INT,0.046,neutro,2.267,1.21,1.0,37.8,neutro,2.35,0.575,2.6,0.772,1.75,1.12,1.244,0.0,0.295,
79701,Lucas Silva,CRU,Meia,6,3.22,0.0,0.36,17,0.0,False,True,SAO,-1.493,armadilha_leve,0.585,0.36,1.0,59.0,neutro,1.82,0.325,38.1,1.333,1.12,1.018,0.875,0.6,0.528,
89275,William,CRU,Lateral,6,8.01,-0.94,3.92,13,2.1,True,True,SAO,-0.323,neutro,4.401,3.23,1.0,75.1,neutro,3.64,0.825,38.1,1.333,1.12,1.018,0.875,0.6,0.528,
111690,Matheus Cunha,INT,Goleiro,7,4.12,0.0,3.18,16,0.0,False,True,COR,0.629,valor_bom,3.27,0.99,1.0,46.7,neutro,3.17,0.45,-2.6,1.12,1.244,0.772,1.75,0.3,0.379,
124239,Henry Mosquera,RBB,Atacante,6,5.11,-0.28,3.3,20,0.9,True,True,MIR,-0.027,neutro,3.097,2.3,1.0,48.7,neutro,2.99,0.6,28.2,0.848,1.575,1.188,0.8,0.1,0.58,0.566
105047,João Marcelo,CRU,Zagueiro,7,3.77,-0.1,2.14,13,0.5,True,True,SAO,0.218,neutro,2.348,1.45,1.0,75.4,favoravel,3.16,0.825,38.1,1.333,1.12,1.018,0.875,0.6,0.528,
141995,Dieguinho,COR,Meia,6,3.19,0.0,1.43,15,0.0,False,False,INT,-0.494,neutro,1.302,1.1,1.0,39.1,neutro,1.93,0.575,2.6,0.772,1.75,1.12,1.244,0.0,0.295,
88479,Walace,VIT,Meia,6,2.99,0.0,1.23,6,0.0,False,True,CHA,-0.529,armadilha_leve,1.135,1.23,0.75,66.9,neutro,2.33,0.75,50.0,1.0,1.2,1.117,0.713,0.325,0.63,
143600,Kauã Moraes,CRU,Lateral,6,6.81,0.0,4.83,10,0.0,False,True,SAO,0.169,neutro,4.319,2.53,1.0,75.1,favoravel,4.03,0.825,38.1,1.333,1.12,1.018,0.875,0.6,0.528,
124912,Jonathan Jesus,CRU,Zagueiro,7,7.06,1.03,4.39,17,8.9,True,True,SAO,0.912,valor_bom,4.298,3.86,1.0,75.4,favoravel,3.88,0.825,38.1,1.333,1.12,1.018,0.875,0.6,0.528,
93478,Wanderson,CRU,Atacante,6,3.98,0.0,1.95,18,0.0,False,True,SAO,-0.424,neutro,2.146,1.06,1.0,57.5,neutro,2.5,0.325,38.1,1.333,1.12,1.018,0.875,0.6,0.528,
105175,Khellven,PAL,Lateral,2,5.76,-0.73,3.34,20,5.0,True,True,BAH,-0.332,neutro,3.437,2.04,1.0,47.9,neutro,2.98,0.15,24.5,0.834,0.533,1.433,1.12,0.675,0.602,
114405,Sinisterra,CRU,Atacante,5,5.85,0.0,3.27,8,0.0,False,True,SAO,-0.722,armadilha_leve,2.929,2.27,1.0,57.5,neutro,2.84,0.325,38.1,1.333,1.12,1.018,0.875,0.6,0.528,
117404,Otávio,CRU,Goleiro,7,4.46,0.21,3.77,15,8.3,True,True,SAO,0.814,valor_bom,3.659,3.44,1.0,75.5,favoravel,3.33,0.825,38.1,1.333,1.12,1.018,0.875,0.6,0.528,
132264,Arroyo,CRU,Atacante,2,8.42,2.88,4.27,23,22.5,True,True,SAO,-0.055,neutro,4.447,2.23,1.0,57.5,neutro,3.4,0.325,38.1,1.333,1.12,1.018,0.875,0.6,0.528,
100742,Matheus Henrique,CRU,Meia,6,4.6,-0.44,2.1,25,0.0,True,True,SAO,-0.483,neutro,2.145,1.9,1.0,59.0,neutro,2.51,0.325,38.1,1.333,1.12,1.018,0.875,0.6,0.528,
84816,Varela,FLA,Lateral,6,8.35,0.81,4.38,20,7.4,True,False,SAN,-0.217,neutro,4.609,2.53,1.0,64.0,neutro,3.49,0.6,11.9,1.018,0.487,1.302,0.683,1.0,0.511,
83528,Léo Pereira,FLA,Zagueiro,7,8.97,-1.1,4.86,21,1.5,True,False,SAN,0.641,valor_bom,4.651,2.62,1.0,64.6,neutro,3.61,0.6,11.9,1.018,0.487,1.302,0.683,1.0,0.511,
69783,Danilo,FLA,Zagueiro,7,4.85,0.0,1.4,9,0.0,False,False,SAN,-0.902,armadilha_leve,2.005,1.07,1.0,64.6,neutro,2.69,0.6,11.9,1.018,0.487,1.302,0.683,1.0,0.511,
84735,Jorginho,FLA,Meia,7,9.05,0.83,3.98,21,6.5,True,False,SAN,-0.237,neutro,4.011,2.79,1.0,64.6,neutro,3.61,0.725,11.9,1.018,0.487,1.302,0.683,1.0,0.511,
137542,Kaique Kenji,CRU,Atacante,2,2.61,0.0,1.25,11,0.0,False,True,SAO,-0.43,neutro,1.122,0.52,1.0,57.5,neutro,2.04,0.325,38.1,1.333,1.12,1.018,0.875,0.6,0.528,
146807,Rayan Lelis,CRU,Atacante,6,2.0,0.0,0.0,0,0.0,False,True,SAO,-1.133,armadilha_leve,0.0,0.0,0.0,57.5,neutro,2.23,0.325,38.1,1.333,1.12,1.018,0.875,0.6,0.528,
137543,Tevis,CRU,Atacante,6,2.0,0.0,0.0,0,0.0,False,True,SAO,-1.133,armadilha_leve,0.0,0.0,0.0,57.5,neutro,2.23,0.325,38.1,1.333,1.12,1.018,0.875,0.6,0.528,
90285,Bruno Henrique,FLA,Atacante,2,5.19,-1.44,2.8,19,-0.3,True,False,SAN,-0.553,armadilha_leve,2.737,1.17,1.0,62.6,neutro,3.65,0.725,11.9,1.018,0.487,1.302,0.683,1.0,0.511,
87863,Arrascaeta,FLA,Meia,5,13.75,0.33,5.37,19,6.7,True,False,SAN,-0.404,neutro,4.992,3.53,1.0,64.6,neutro,3.79,0.725,11.9,1.018,0.487,1.302,0.683,1.0,0.511,
82627,Luiz Araújo,FLA,Atacante,6,7.28,0.36,3.12,15,3.5,True,False,SAN,-0.422,neutro,3.759,1.72,1.0,62.6,neutro,3.32,0.725,11.9,1.018,0.487,1.302,0.683,1.0,0.511,
98873,Samuel Lino,FLA,Atacante,2,12.45,0.0,8.64,25,0.0,False,False,SAN,2.793,valor_oculto,7.747,4.36,1.0,62.6,neutro,5.58,0.725,11.9,1.018,0.487,1.302,0.683,1.0,0.511,
80061,Saúl,FLA,Meia,6,6.43,0.57,2.41,8,4.7,True,False,SAN,-0.087,neutro,3.252,1.79,1.0,64.6,neutro,3.05,0.725,11.9,1.018,0.487,1.302,0.683,1.0,0.511,
122660,Japa,MIR,Meia,6,5.51,0.0,3.71,8,0.0,False,False,RBB,1.309,valor_bom,3.902,3.08,1.0,52.3,neutro,3.43,0.45,-28.2,1.188,0.8,0.848,1.575,0.675,0.189,0.566
96870,Emerson Royal,FLA,Lateral,7,7.96,0.0,5.63,12,0.0,False,False,SAN,1.01,valor_bom,5.451,3.46,1.0,64.0,neutro,4.04,0.6,11.9,1.018,0.487,1.302,0.683,1.0,0.511,
86757,Everton,SAN,Atacante,6,6.07,0.0,2.07,11,0.0,False,True,FLA,-0.385,neutro,3.286,1.62,1.0,33.7,neutro,2.78,0.1,-11.9,1.302,0.683,1.018,0.487,1.0,0.228,
131967,Villarreal,CRU,Atacante,6,7.96,0.0,4.98,14,0.0,False,True,SAO,0.841,valor_bom,4.972,2.91,1.0,57.5,neutro,3.74,0.325,38.1,1.333,1.12,1.018,0.875,0.6,0.528,
88393,Ayrton Lucas,FLA,Lateral,5,8.18,-0.76,5.03,17,0.5,True,False,SAN,0.445,neutro,5.079,2.85,1.0,64.0,neutro,4.23,0.6,11.9,1.018,0.487,1.302,0.683,1.0,0.511,
97867,Léo Ortiz,FLA,Zagueiro,6,8.31,-0.5,4.12,22,1.7,True,False,SAN,0.197,neutro,4.116,2.48,1.0,64.6,neutro,3.72,0.6,11.9,1.018,0.487,1.302,0.683,1.0,0.511,
91473,Erick Pulgar,FLA,Meia,7,6.4,0.0,2.94,16,0.0,False,False,SAN,0.027,neutro,3.324,2.63,1.0,64.6,neutro,3.3,0.725,11.9,1.018,0.487,1.302,0.683,1.0,0.511,
96652,Allan,COR,Meia,6,3.12,0.0,1.74,20,0.0,False,False,INT,-0.096,neutro,1.547,1.49,1.0,39.1,neutro,2.04,0.575,2.6,0.772,1.75,1.12,1.244,0.0,0.295,
109096,Plata,FLA,Atacante,7,11.14,-0.33,6.87,15,7.2,True,False,SAN,1.196,valor_bom,6.205,5.14,1.0,62.6,neutro,4.32,0.725,11.9,1.018,0.487,1.302,0.683,1.0,0.511,
122318,Dyogo Alves,FLA,Goleiro,6,3.0,0.0,0.0,0,0.0,False,False,SAN,-1.719,armadilha_forte,0.0,0.0,0.0,64.7,neutro,2.31,0.6,11.9,1.018,0.487,1.302,0.683,1.0,0.511,
115914,Evertton Araújo,FLA,Meia,5,2.59,0.0,1.17,18,0.0,False,False,SAN,-0.115,neutro,1.137,0.89,1.0,64.6,neutro,2.58,0.725,11.9,1.018,0.487,1.302,0.683,1.0,0.511,
62977,Ganso,FLU,Meia,7,4.24,0.89,1.61,19,6.2,True,True,CFC,-0.677,armadilha_leve,1.811,1.35,1.0,89.3,neutro,3.13,0.75,33.4,1.273,1.244,1.362,1.693,0.675,0.625,
122573,Wallace Yan,RBB,Atacante,7,2.92,0.0,1.24,9,0.0,False,True,MIR,-0.799,armadilha_leve,1.102,0.68,1.0,48.7,neutro,2.86,0.6,28.2,0.848,1.575,1.188,0.8,0.1,0.58,0.566
122320,Daniel Sales,FLA,Lateral,6,2.0,0.0,0.0,0,0.0,False,False,SAN,-1.244,armadilha_leve,0.0,0.0,0.0,64.0,neutro,2.31,0.6,11.9,1.018,0.487,1.302,0.683,1.0,0.511,
78445,Renê,FLU,Lateral,5,9.68,-1.49,6.18,19,4.2,True,True,CFC,0.821,valor_bom,5.884,5.02,1.0,52.2,neutro,4.77,0.3,33.4,1.273,1.244,1.362,1.693,0.675,0.625,
140492,João Victor,FLA,Zagueiro,6,4.34,0.0,6.5,1,0.0,False,False,SAN,0.799,valor_bom,3.11,3.5,0.125,64.6,neutro,4.08,0.6,11.9,1.018,0.487,1.302,0.683,1.0,0.511,
87228,Guilherme Arana,FLU,Lateral,7,7.88,0.0,3.55,16,0.0,False,True,CFC,-0.645,armadilha_leve,4.094,2.61,1.0,52.2,neutro,3.8,0.3,33.4,1.273,1.244,1.362,1.693,0.675,0.625,
143295,Joshua,FLA,Meia,6,2.6,0.0,-0.3,1,0.0,False,False,SAN,-0.43,neutro,0.912,0.0,0.125,64.6,neutro,2.66,0.725,11.9,1.018,0.487,1.302,0.683,1.0,0.511,
130189,Léo Nannetti,FLA,Goleiro,6,2.0,0.0,0.0,0,0.0,False,False,SAN,-0.938,armadilha_leve,0.0,0.0,0.0,64.7,neutro,2.31,0.6,11.9,1.018,0.487,1.302,0.683,1.0,0.511,
145705,Douglas Telles,FLA,Atacante,6,2.0,0.0,0.0,0,0.0,False,False,SAN,-1.133,armadilha_leve,0.0,0.0,0.0,62.6,neutro,2.29,0.725,11.9,1.018,0.487,1.302,0.683,1.0,0.511,
99228,De la Cruz,FLA,Meia,6,4.3,-0.11,0.75,11,0.0,True,False,SAN,-1.282,armadilha_leve,1.397,0.75,1.0,64.6,neutro,2.26,0.725,11.9,1.018,0.487,1.302,0.683,1.0,0.511,
87258,Soteldo,FLU,Atacante,7,4.53,0.0,2.12,19,0.0,False,True,CFC,-0.711,armadilha_leve,2.259,1.59,1.0,86.8,neutro,3.44,0.75,33.4,1.273,1.244,1.362,1.693,0.675,0.625,
101319,Guga,FLU,Lateral,7,6.36,0.0,3.47,15,0.0,False,True,CFC,-0.553,armadilha_leve,3.543,2.2,1.0,52.2,neutro,3.27,0.3,33.4,1.273,1.244,1.362,1.693,0.675,0.625,
78117,Everaldo,BAH,Atacante,6,4.97,-0.58,3.05,18,-2.8,True,False,PAL,-0.178,neutro,2.908,1.27,1.0,28.4,desfavoravel,2.55,0.05,-24.5,1.433,1.12,0.834,0.533,0.7,0.176,
78855,Thiago Santos,CFC,Zagueiro,7,4.56,0.26,3.25,19,3.5,True,False,FLU,0.629,valor_bom,3.083,2.46,1.0,24.1,desfavoravel,2.62,0.225,-33.4,1.362,1.693,1.273,1.244,0.375,0.153,
96340,Lima,SAN,Meia,6,2.99,-0.7,-0.35,4,-0.6,True,True,FLA,-1.265,armadilha_leve,0.592,0.0,0.5,34.6,neutro,1.9,0.1,-11.9,1.302,0.683,1.018,0.487,1.0,0.228,
102928,Canobbio,FLU,Atacante,3,9.81,-1.02,6.72,20,-1.2,True,True,CFC,1.693,valor_oculto,6.216,3.97,1.0,86.8,favoravel,5.08,0.75,33.4,1.273,1.244,1.362,1.693,0.675,0.625,
82463,Otávio,FLU,Meia,6,3.64,0.0,1.34,7,0.0,False,True,CFC,-0.156,neutro,1.845,1.34,0.875,89.3,neutro,3.21,0.75,33.4,1.273,1.244,1.362,1.693,0.675,0.625,
79631,Cano,FLU,Atacante,5,4.31,0.0,2.28,8,0.0,False,True,CFC,-0.313,neutro,2.434,1.28,1.0,86.8,neutro,2.91,0.75,33.4,1.273,1.244,1.362,1.693,0.675,0.625,
100987,Nonato,FLU,Meia,3,5.35,-0.45,2.55,15,1.3,True,True,CFC,0.302,neutro,3.087,1.88,1.0,89.3,favoravel,4.01,0.75,33.4,1.273,1.244,1.362,1.693,0.675,0.625,
116447,Hércules,FLU,Meia,7,6.4,-0.29,3.38,23,0.7,True,True,CFC,0.352,neutro,3.564,2.73,1.0,89.3,favoravel,3.99,0.75,33.4,1.273,1.244,1.362,1.693,0.675,0.625,
86485,Keno,CFC,Atacante,6,3.09,0.0,0.61,7,0.0,False,False,FLU,-1.384,armadilha_leve,0.79,0.61,0.875,38.9,desfavoravel,1.78,0.325,-33.4,1.362,1.693,1.273,1.244,0.375,0.153,
73384,Samuel Xavier,FLU,Lateral,6,7.1,-0.2,3.38,16,0.7,True,True,CFC,-0.404,neutro,3.981,2.82,1.0,52.2,neutro,3.67,0.3,33.4,1.273,1.244,1.362,1.693,0.675,0.625,
89493,Igor Rabello,FLU,Zagueiro,6,7.78,0.0,5.43,3,0.0,False,True,CFC,0.834,valor_bom,4.465,4.43,0.375,53.0,neutro,4.36,0.3,33.4,1.273,1.244,1.362,1.693,0.675,0.625,
103523,Ignácio,FLU,Zagueiro,6,7.19,0.0,4.64,13,0.0,False,True,CFC,1.032,valor_bom,4.436,3.26,1.0,53.0,neutro,4.19,0.3,33.4,1.273,1.244,1.362,1.693,0.675,0.625,
102137,Vitor Eudes,FLU,Goleiro,6,2.0,0.0,0.0,0,0.0,False,True,CFC,-0.938,armadilha_leve,0.0,0.0,0.0,53.2,neutro,2.18,0.3,33.4,1.273,1.244,1.362,1.693,0.675,0.625,
110759,John Kennedy,FLU,Atacante,5,10.92,0.0,7.3,17,0.0,False,True,CFC,1.725,valor_oculto,6.55,2.77,1.0,86.8,favoravel,4.37,0.75,33.4,1.273,1.244,1.362,1.693,0.675,0.625,
132071,Serna,FLU,Atacante,7,7.83,0.91,4.12,26,13.9,True,True,CFC,0.043,neutro,4.317,2.31,1.0,86.8,favoravel,4.2,0.75,33.4,1.273,1.244,1.362,1.693,0.675,0.625,
101478,Marcelo Pitaluga,FLU,Goleiro,6,3.0,0.0,0.0,0,0.0,False,True,CFC,-1.719,armadilha_forte,0.0,0.0,0.0,53.2,neutro,2.18,0.3,33.4,1.273,1.244,1.362,1.693,0.675,0.625,
127932,Júlio Fidelis,FLU,Lateral,6,4.17,-0.98,4.38,4,1.1,True,True,CFC,1.377,valor_bom,3.914,3.63,0.5,52.2,neutro,4.46,0.3,33.4,1.273,1.244,1.362,1.693,0.675,0.625,
140484,Riquelme Felipe,FLU,Atacante,6,3.22,-0.33,1.43,6,0.2,True,True,CFC,-1.037,armadilha_leve,1.154,0.6,0.75,86.8,neutro,2.8,0.75,33.4,1.273,1.244,1.362,1.693,0.675,0.625,
89273,João Pedro,GRE,Lateral,7,3.25,0.52,1.0,7,3.4,True,False,REM,-0.883,armadilha_leve,1.45,0.57,0.875,53.2,neutro,2.23,0.825,-23.8,1.12,1.032,0.875,1.191,0.25,0.265,
72018,Tiago Volpi,RBB,Goleiro,7,9.35,-0.58,5.47,19,3.2,True,True,MIR,0.451,neutro,5.147,3.26,1.0,58.2,neutro,3.67,0.75,28.2,0.848,1.575,1.188,0.8,0.1,0.58,0.566
87342,Kannemann,GRE,Zagueiro,7,3.82,0.0,0.73,4,0.0,False,False,REM,-0.213,neutro,2.034,0.73,0.5,54.0,neutro,3.2,0.825,-23.8,1.12,1.032,0.875,1.191,0.25,0.265,
111832,Jefté,PAL,Lateral,5,4.16,0.0,2.47,7,0.0,False,True,BAH,-0.833,armadilha_leve,2.136,0.9,0.875,47.9,neutro,2.49,0.15,24.5,0.834,0.533,1.433,1.12,0.675,0.602,
113034,Freytes,FLU,Zagueiro,6,4.55,0.0,2.49,18,0.0,False,True,CFC,-0.037,neutro,2.55,1.82,1.0,53.0,neutro,3.14,0.3,33.4,1.273,1.244,1.362,1.693,0.675,0.625,
91908,Pavón,GRE,Atacante,7,6.29,0.09,4.24,23,2.4,True,False,REM,0.981,valor_bom,4.425,2.89,1.0,51.0,neutro,3.58,0.825,-23.8,1.12,1.032,0.875,1.191,0.25,0.265,
111309,Gustavo Martins,GRE,Zagueiro,3,7.11,0.58,3.94,17,7.9,True,False,REM,0.505,valor_bom,3.992,1.94,1.0,54.0,neutro,3.58,0.825,-23.8,1.12,1.032,0.875,1.191,0.25,0.265,
105563,Carlos Vinícius,GRE,Atacante,7,12.04,-0.45,4.46,25,-0.1,True,False,REM,-1.231,armadilha_leve,4.581,1.38,1.0,51.0,neutro,3.74,0.825,-23.8,1.12,1.032,0.875,1.191,0.25,0.265,
63289,Edenílson,BOT,Meia,5,5.55,-0.29,2.73,18,0.0,True,True,VAS,0.265,neutro,3.149,1.34,1.0,52.7,neutro,3.26,0.85,29.5,0.546,0.996,1.747,0.922,0.425,0.308,
97145,Villasanti,GRE,Meia,2,7.11,-1.35,4.46,7,5.6,True,False,REM,0.942,valor_bom,4.264,3.75,0.875,53.4,neutro,5.5,0.825,-23.8,1.12,1.032,0.875,1.191,0.25,0.265,
102318,Caio Paulista,GRE,Lateral,7,5.54,0.0,3.08,9,0.0,False,False,REM,-0.288,neutro,3.362,2.41,1.0,53.2,neutro,2.99,0.825,-23.8,1.12,1.032,0.875,1.191,0.25,0.265,
91706,Marlon,GRE,Lateral,6,8.13,0.0,4.68,10,0.0,False,False,REM,0.248,neutro,4.903,3.28,1.0,53.2,neutro,3.91,0.825,-23.8,1.12,1.032,0.875,1.191,0.25,0.265,
87887,Balbuena,GRE,Zagueiro,6,7.57,0.59,4.45,8,8.0,True,False,REM,0.679,valor_bom,4.277,3.33,1.0,54.0,neutro,3.41,0.825,-23.8,1.12,1.032,0.875,1.191,0.25,0.265,
104994,Wagner Leonardo,GRE,Zagueiro,6,5.23,0.0,2.5,10,0.0,False,False,REM,-0.385,neutro,2.583,1.9,1.0,54.0,neutro,2.65,0.825,-23.8,1.12,1.032,0.875,1.191,0.25,0.265,
112616,Gabriel Grando,GRE,Goleiro,6,3.77,0.0,0.3,1,0.0,False,False,REM,0.665,valor_bom,3.101,0.3,0.125,54.2,neutro,3.59,0.825,-23.8,1.12,1.032,0.875,1.191,0.25,0.265,
89883,Dodi,GRE,Meia,7,2.3,0.0,-0.01,8,0.0,False,False,REM,-0.612,armadilha_leve,0.527,0.0,1.0,53.4,neutro,1.73,0.825,-23.8,1.12,1.032,0.875,1.191,0.25,0.265,
116067,Thiago Beltrame,GRE,Goleiro,6,2.08,0.0,0.7,1,0.0,False,False,REM,1.893,valor_oculto,3.145,0.7,0.125,54.2,neutro,3.61,0.825,-23.8,1.12,1.032,0.875,1.191,0.25,0.265,
92182,Juninho,INT,Zagueiro,7,4.97,0.0,2.77,9,0.0,False,True,COR,-0.056,neutro,2.73,1.77,1.0,46.6,neutro,3.08,0.45,-2.6,1.12,1.244,0.772,1.75,0.3,0.379,
72951,Mercado,INT,Zagueiro,7,6.01,0.13,3.6,18,3.2,True,True,COR,0.697,valor_bom,3.755,2.6,1.0,46.6,neutro,3.45,0.45,-2.6,1.12,1.244,0.772,1.75,0.3,0.379,
90532,Arthur Melo,SAN,Meia,5,7.22,-0.73,3.01,13,0.2,True,True,FLA,-0.249,neutro,3.423,3.01,1.0,34.6,neutro,2.85,0.1,-11.9,1.302,0.683,1.018,0.487,1.0,0.228,
118238,Ronald,GRE,Meia,6,3.0,0.0,0.0,0,0.0,False,False,REM,-2.076,armadilha_forte,0.0,0.0,0.0,53.4,neutro,2.18,0.825,-23.8,1.12,1.032,0.875,1.191,0.25,0.265,
89637,Thiago Maia,INT,Meia,7,4.1,-0.62,2.04,13,2.3,True,True,COR,-0.133,neutro,2.134,1.27,1.0,45.6,neutro,2.37,0.25,-2.6,1.12,1.244,0.772,1.75,0.3,0.379,
110510,Aguirre,INT,Lateral,7,5.73,-1.0,4.09,19,2.0,True,True,COR,0.35,neutro,3.969,2.56,1.0,45.6,neutro,3.2,0.45,-2.6,1.12,1.244,0.772,1.75,0.3,0.379,
70944,Bruno Henrique,INT,Meia,6,3.69,-1.49,2.2,25,-1.1,True,True,COR,0.311,neutro,2.221,1.6,1.0,45.6,neutro,3.81,0.25,-2.6,1.12,1.244,0.772,1.75,0.3,0.379,
107989,Carbonero,INT,Atacante,6,8.32,-1.69,5.17,27,1.4,True,True,COR,0.873,valor_bom,5.121,2.36,1.0,44.1,neutro,4.31,0.25,-2.6,1.12,1.244,0.772,1.75,0.3,0.379,
101960,Vitinho,INT,Atacante,7,7.57,0.03,4.7,27,4.3,True,True,COR,0.747,valor_bom,4.759,3.55,1.0,44.1,neutro,4.04,0.25,-2.6,1.12,1.244,0.772,1.75,0.3,0.379,
130889,Riquelme,GRE,Meia,6,2.42,0.0,-1.45,2,0.0,False,False,REM,-0.707,armadilha_leve,0.56,0.0,0.25,53.4,neutro,2.28,0.825,-23.8,1.12,1.032,0.875,1.191,0.25,0.265,
68872,Marcelo Lomba,PAL,Goleiro,6,7.08,0.0,8.9,1,0.0,False,True,BAH,0.878,valor_bom,4.882,3.9,0.125,49.0,neutro,4.39,0.15,24.5,0.834,0.533,1.433,1.12,0.675,0.602,
142004,Amuzu,GRE,Atacante,7,6.7,-0.02,3.66,22,1.6,True,False,REM,0.204,neutro,4.006,2.61,1.0,51.0,neutro,3.26,0.825,-23.8,1.12,1.032,0.875,1.191,0.25,0.265,
92981,Ronaldo,INT,Meia,6,3.37,0.0,1.92,12,0.0,False,True,COR,-0.285,neutro,1.577,1.5,1.0,45.6,neutro,2.12,0.25,-2.6,1.12,1.244,0.772,1.75,0.3,0.379,
88136,Ivan,REM,Goleiro,6,7.58,0.0,10.2,1,0.0,False,True,GRE,0.848,valor_bom,5.026,5.2,0.125,67.0,favoravel,4.66,0.95,23.8,0.875,1.191,1.12,1.032,0.0,0.462,
111683,Anthoni,INT,Goleiro,6,3.71,-0.92,2.45,11,-1.0,True,True,COR,0.488,neutro,2.872,1.54,1.0,46.7,neutro,3.1,0.45,-2.6,1.12,1.244,0.772,1.75,0.3,0.379,
86711,Richard,CFC,Meia,6,4.0,0.0,0.0,0,0.0,False,False,FLU,-2.946,armadilha_forte,0.0,0.0,0.0,40.2,neutro,2.03,0.325,-33.4,1.362,1.693,1.273,1.244,0.375,0.153,
71631,Weverton,GRE,Goleiro,7,10.2,2.72,5.26,24,21.6,True,False,REM,0.138,neutro,5.04,3.8,1.0,54.2,neutro,3.89,0.825,-23.8,1.12,1.032,0.875,1.191,0.25,0.265,
70592,Felipe Anderson,PAL,Meia,2,6.38,-0.08,3.32,21,2.9,True,True,BAH,0.32,neutro,3.533,2.61,1.0,54.3,neutro,3.08,0.425,24.5,0.834,0.533,1.433,1.12,0.675,0.602,
71684,Gustavo Gómez,PAL,Zagueiro,2,10.67,-0.45,5.45,25,7.4,True,True,BAH,0.708,valor_bom,5.124,2.69,1.0,48.8,neutro,5.31,0.15,24.5,0.834,0.533,1.433,1.12,0.675,0.602,
93790,Marlon Freitas,PAL,Meia,7,6.3,0.81,2.68,26,7.3,True,True,BAH,-0.343,neutro,3.012,2.1,1.0,54.3,neutro,3.38,0.425,24.5,0.834,0.533,1.433,1.12,0.675,0.602,
97653,Murilo,PAL,Zagueiro,7,8.11,0.0,3.87,23,0.0,False,True,BAH,0.035,neutro,3.93,2.09,1.0,48.8,neutro,3.99,0.15,24.5,0.834,0.533,1.433,1.12,0.675,0.602,
143488,Raykkonen,INT,Atacante,6,2.63,0.0,0.5,1,0.0,False,True,COR,-0.748,armadilha_leve,0.897,0.5,0.125,44.1,neutro,2.42,0.25,-2.6,1.12,1.244,0.772,1.75,0.3,0.379,
104084,Carlos Miguel,PAL,Goleiro,7,9.1,0.38,5.39,27,10.2,True,True,BAH,0.528,valor_bom,5.159,3.35,1.0,49.0,neutro,4.33,0.15,24.5,0.834,0.533,1.433,1.12,0.675,0.602,
102130,Piquerez,PAL,Lateral,2,10.92,-0.17,6.36,14,5.2,True,True,BAH,0.424,neutro,5.932,3.43,1.0,47.9,neutro,4.79,0.15,24.5,0.834,0.533,1.433,1.12,0.675,0.602,
111466,Victor Gabriel,INT,Zagueiro,3,3.51,0.0,2.16,16,0.0,False,True,COR,-0.121,neutro,1.93,1.6,1.0,46.6,neutro,2.77,0.45,-2.6,1.12,1.244,0.772,1.75,0.3,0.379,
104085,Bruno Fuchs,PAL,Zagueiro,6,8.31,0.0,4.61,8,0.0,False,True,BAH,0.501,valor_bom,4.357,2.74,1.0,48.8,neutro,3.4,0.15,24.5,0.834,0.533,1.433,1.12,0.675,0.602,
106202,Bruno Gomes,INT,Meia,7,6.47,-0.19,3.71,27,2.5,True,True,COR,0.632,valor_bom,3.798,3.71,1.0,45.6,neutro,3.63,0.25,-2.6,1.12,1.244,0.772,1.75,0.3,0.379,
125803,Pedro Morisco,CFC,Goleiro,7,7.56,-0.27,4.39,11,2.8,True,False,FLU,0.264,neutro,4.386,4.39,1.0,24.4,desfavoravel,3.21,0.225,-33.4,1.362,1.693,1.273,1.244,0.375,0.153,
84674,Lucas Evangelista,PAL,Meia,7,4.28,0.3,1.31,23,3.7,True,True,BAH,-1.043,armadilha_leve,1.562,1.09,1.0,54.3,neutro,2.2,0.425,24.5,0.834,0.533,1.433,1.12,0.675,0.602,
110506,Abel Ferreira,PAL,Técnico,7,12.06,-0.31,6.78,28,7.9,True,True,BAH,-0.178,neutro,6.743,6.78,1.0,53.2,neutro,4.93,0.425,24.5,0.834,0.533,1.433,1.12,0.675,0.602,
124526,Giay,PAL,Lateral,2,7.4,0.08,4.89,23,5.9,True,True,BAH,0.672,valor_bom,4.965,3.59,1.0,47.9,neutro,3.97,0.15,24.5,0.834,0.533,1.433,1.12,0.675,0.602,
113158,Marquinhos,CRU,Atacante,6,3.54,0.0,0.45,2,0.0,False,True,SAO,-0.021,neutro,2.16,0.45,0.25,57.5,neutro,3.08,0.325,38.1,1.333,1.12,1.018,0.875,0.6,0.528,
108683,Emiliano Martínez,PAL,Meia,6,3.84,0.0,2.06,13,0.0,False,True,BAH,0.088,neutro,2.147,2.06,1.0,54.3,neutro,2.46,0.425,24.5,0.834,0.533,1.433,1.12,0.675,0.602,
113103,Flaco López,PAL,Atacante,7,13.42,-0.03,6.85,25,5.5,True,True,BAH,0.725,valor_bom,6.391,3.69,1.0,53.6,neutro,4.22,0.425,24.5,0.834,0.533,1.433,1.12,0.675,0.602,
63013,Marcos Rocha,GRE,Lateral,6,6.39,0.44,1.94,5,6.5,True,False,REM,-1.233,armadilha_leve,3.011,1.34,0.625,53.2,neutro,3.14,0.825,-23.8,1.12,1.032,0.875,1.191,0.25,0.265,
112863,Ramón Sosa,PAL,Atacante,6,5.52,-0.35,3.16,20,0.4,True,True,BAH,-0.428,neutro,2.997,1.06,1.0,53.6,neutro,2.83,0.425,24.5,0.834,0.533,1.433,1.12,0.675,0.602,
99818,Paulinho,PAL,Atacante,6,10.37,0.0,3.42,6,0.0,False,True,BAH,-1.031,armadilha_leve,4.299,0.75,0.75,53.6,neutro,3.63,0.425,24.5,0.834,0.533,1.433,1.12,0.675,0.602,
109127,Tiago Cóser,CFC,Zagueiro,2,3.61,0.26,2.72,23,1.7,True,False,FLU,0.394,neutro,2.397,1.15,1.0,24.1,desfavoravel,2.3,0.225,-33.4,1.362,1.693,1.273,1.244,0.375,0.153,
92811,Bruno Rodrigues,CRU,Atacante,6,4.72,0.0,2.4,15,0.0,False,True,SAO,-0.582,armadilha_leve,2.465,1.2,1.0,57.5,neutro,2.76,0.325,38.1,1.333,1.12,1.018,0.875,0.6,0.528,
97460,João Victor,MIR,Zagueiro,7,5.72,0.67,3.08,24,8.0,True,False,RBB,-0.138,neutro,2.981,2.12,1.0,48.5,neutro,3.54,0.55,-28.2,1.188,0.8,0.848,1.575,0.675,0.189,0.566
136156,Larson,PAL,Meia,6,1.34,0.0,0.05,6,0.0,False,True,BAH,0.867,valor_bom,0.629,0.05,0.75,54.3,neutro,1.97,0.425,24.5,0.834,0.533,1.433,1.12,0.675,0.602,
73318,Daniel Borges,MIR,Lateral,6,6.47,1.33,4.62,6,8.5,True,False,RBB,0.059,neutro,4.083,3.62,0.75,47.5,neutro,4.55,0.55,-28.2,1.188,0.8,0.848,1.575,0.675,0.189,0.566
87742,Neto Moura,MIR,Meia,7,3.7,-0.18,1.84,15,3.0,True,False,RBB,-0.002,neutro,1.996,1.84,1.0,52.3,neutro,2.68,0.45,-28.2,1.188,0.8,0.848,1.575,0.675,0.189,0.566
133679,Benedetti,PAL,Zagueiro,6,5.42,0.0,4.85,2,0.0,False,True,BAH,0.19,neutro,3.119,1.85,0.25,48.8,neutro,3.44,0.15,24.5,0.834,0.533,1.433,1.12,0.675,0.602,
82775,Lucas Ramon,SAO,Lateral,6,10.01,-0.85,5.04,20,6.2,True,False,CRU,-0.307,neutro,5.081,3.79,1.0,27.6,desfavoravel,4.22,0.225,-38.1,1.018,0.875,1.333,1.12,0.5,0.219,
104027,Rafael Guanaes,MIR,Técnico,7,8.11,0.62,4.62,25,10.62,True,False,RBB,0.444,neutro,4.657,4.62,1.0,51.3,neutro,4.48,0.45,-28.2,1.188,0.8,0.848,1.575,0.675,0.189,0.566
72279,Thomazella,MIR,Goleiro,6,0.83,0.0,-1.35,2,0.0,False,False,RBB,3.196,valor_oculto,3.025,0.0,0.25,48.6,neutro,3.41,0.55,-28.2,1.188,0.8,0.848,1.575,0.675,0.189,0.566
81005,André Luis,MIR,Atacante,6,3.17,0.0,1.01,13,0.0,False,False,RBB,-1.208,armadilha_leve,0.986,0.39,1.0,49.9,neutro,1.9,0.45,-28.2,1.188,0.8,0.848,1.575,0.675,0.189,0.566
83257,Gabriel,SAN,Atacante,7,10.16,-0.41,5.69,18,12.6,True,True,FLA,0.575,valor_bom,5.465,0.86,1.0,33.7,neutro,3.71,0.1,-11.9,1.302,0.683,1.018,0.487,1.0,0.228,
97520,Shaylon,MIR,Meia,6,3.98,-0.37,1.87,18,3.0,True,False,RBB,-0.225,neutro,1.998,1.31,1.0,52.3,neutro,2.83,0.45,-28.2,1.188,0.8,0.848,1.575,0.675,0.189,0.566
97321,Alesson,MIR,Atacante,2,8.05,0.0,4.54,22,0.0,False,False,RBB,0.379,neutro,4.651,3.86,1.0,49.9,neutro,4.03,0.45,-28.2,1.188,0.8,0.848,1.575,0.675,0.189,0.566
104204,Edson Carioca,MIR,Atacante,2,5.13,-1.25,3.15,16,5.1,True,False,RBB,-0.216,neutro,2.963,2.15,1.0,49.9,neutro,3.56,0.45,-28.2,1.188,0.8,0.848,1.575,0.675,0.189,0.566
90917,Carlos Eduardo,MIR,Atacante,6,4.42,-0.3,2.63,15,0.0,True,False,RBB,-0.161,neutro,2.615,1.76,1.0,49.9,neutro,3.22,0.45,-28.2,1.188,0.8,0.848,1.575,0.675,0.189,0.566
77777,João Schmidt,SAN,Meia,6,4.96,0.0,2.08,14,0.0,False,True,FLA,-0.713,armadilha_leve,2.155,2.08,1.0,34.6,neutro,2.31,0.1,-11.9,1.302,0.683,1.018,0.487,1.0,0.228,
98384,Negueba,MIR,Atacante,5,8.57,0.0,5.23,8,0.0,False,False,RBB,0.728,valor_bom,5.094,4.23,1.0,49.9,neutro,3.74,0.45,-28.2,1.188,0.8,0.848,1.575,0.675,0.189,0.566
102256,Rollheiser,SAN,Meia,7,7.66,0.0,3.58,20,0.0,False,True,FLA,-0.041,neutro,3.727,2.08,1.0,34.6,neutro,3.0,0.1,-11.9,1.302,0.683,1.018,0.487,1.0,0.228,
78478,Willian Arão,SAN,Meia,2,6.21,0.0,3.42,19,0.0,False,True,FLA,0.528,valor_bom,3.619,3.16,1.0,34.6,neutro,3.34,0.1,-11.9,1.302,0.683,1.018,0.487,1.0,0.228,
105903,Aldo Filho,MIR,Meia,5,3.8,0.0,2.09,15,0.0,False,False,RBB,0.137,neutro,2.159,1.76,1.0,52.3,neutro,2.67,0.45,-28.2,1.188,0.8,0.848,1.575,0.675,0.189,0.566
101708,Felipe Jonatan,CFC,Lateral,6,4.31,0.0,2.08,17,0.0,False,False,FLU,-0.383,neutro,2.592,1.55,1.0,22.6,desfavoravel,3.07,0.225,-33.4,1.362,1.693,1.273,1.244,0.375,0.153,
84847,Luan Peres,SAN,Zagueiro,2,4.69,-0.61,3.15,20,0.2,True,True,FLA,0.468,neutro,3.017,2.1,1.0,37.5,neutro,2.69,0.0,-11.9,1.302,0.683,1.018,0.487,1.0,0.228,
141754,Gabriel Bontempo,SAN,Meia,7,4.91,-0.64,3.66,22,0.4,True,True,FLA,0.863,valor_bom,3.294,3.21,1.0,34.6,neutro,3.48,0.1,-11.9,1.302,0.683,1.018,0.487,1.0,0.228,
84042,Tiquinho Soares,BOT,Atacante,6,4.69,0.0,1.5,8,0.0,False,True,VAS,-1.112,armadilha_leve,2.044,1.5,1.0,50.3,neutro,2.38,0.85,29.5,0.546,0.996,1.747,0.922,0.425,0.308,
102975,Escobar,SAN,Lateral,7,10.08,0.02,6.51,19,4.7,True,True,FLA,0.959,valor_bom,6.117,5.3,1.0,36.2,neutro,4.63,0.0,-11.9,1.302,0.683,1.018,0.487,1.0,0.228,
117403,Renato Marques,CFC,Atacante,6,2.73,0.0,0.74,7,0.0,False,False,FLU,-0.923,armadilha_leve,0.85,0.74,0.875,38.9,desfavoravel,1.81,0.325,-33.4,1.362,1.693,1.273,1.244,0.375,0.153,
113690,Diógenes,SAN,Goleiro,7,4.77,-0.23,5.1,3,4.2,True,True,FLA,0.887,valor_bom,3.901,3.43,0.375,37.6,neutro,3.9,0.0,-11.9,1.302,0.683,1.018,0.487,1.0,0.228,
91866,Zé Ivaldo,REM,Zagueiro,7,5.52,0.0,2.49,9,0.0,False,True,GRE,-0.539,armadilha_leve,2.582,2.16,1.0,66.9,neutro,2.82,0.95,23.8,0.875,1.191,1.12,1.032,0.0,0.462,
87470,Thaciano,SAN,Meia,6,5.28,-0.29,2.0,17,0.0,True,True,FLA,-1.002,armadilha_leve,2.092,1.41,1.0,34.6,neutro,2.42,0.1,-11.9,1.302,0.683,1.018,0.487,1.0,0.228,
70164,Lucas Moura,SAO,Meia,6,7.5,0.0,2.32,8,0.0,False,False,CRU,-0.672,armadilha_leve,3.207,1.07,1.0,41.2,neutro,2.81,0.575,-38.1,1.018,0.875,1.333,1.12,0.5,0.219,
95466,Igor Vinícius,SAN,Lateral,6,9.65,0.0,6.39,18,0.0,False,True,FLA,1.0,valor_bom,6.018,5.11,1.0,36.2,neutro,4.38,0.0,-11.9,1.302,0.683,1.018,0.487,1.0,0.228,
89840,Calleri,SAO,Atacante,7,11.69,0.77,5.2,23,9.1,True,False,CRU,-0.389,neutro,5.137,2.2,1.0,39.8,desfavoravel,3.87,0.575,-38.1,1.018,0.875,1.333,1.12,0.5,0.219,
77656,Cédric Soares,SAO,Lateral,6,3.73,0.0,0.94,8,0.0,False,False,CRU,-1.399,armadilha_leve,1.392,0.94,1.0,27.6,desfavoravel,2.34,0.225,-38.1,1.018,0.875,1.333,1.12,0.5,0.219,
104075,Sabino,SAO,Zagueiro,7,6.96,-0.3,3.84,20,4.7,True,False,CRU,0.47,neutro,3.915,2.79,1.0,29.0,desfavoravel,3.78,0.225,-38.1,1.018,0.875,1.333,1.12,0.5,0.219,
91573,Arboleda,SAO,Zagueiro,7,8.96,0.26,4.21,14,7.0,True,False,CRU,0.039,neutro,4.171,3.35,1.0,29.0,desfavoravel,3.43,0.225,-38.1,1.018,0.875,1.333,1.12,0.5,0.219,
81845,Alisson,FLU,Meia,6,3.52,0.0,0.96,8,0.0,False,True,CFC,-1.182,armadilha_leve,1.012,0.33,1.0,89.3,neutro,2.34,0.75,33.4,1.273,1.244,1.362,1.693,0.675,0.625,
105300,Ferraresi,BOT,Zagueiro,7,6.8,0.27,3.73,22,6.2,True,True,VAS,0.432,neutro,3.83,3.05,1.0,51.5,neutro,3.58,0.55,29.5,0.546,0.996,1.747,0.922,0.425,0.308,
141868,Vini Lira,SAN,Lateral,5,3.79,0.0,2.42,4,0.0,False,True,FLA,-0.648,armadilha_leve,2.036,2.42,0.5,36.2,neutro,2.6,0.0,-11.9,1.302,0.683,1.018,0.487,1.0,0.228,
63008,Rafael Tolói,SAO,Zagueiro,7,8.49,0.75,5.19,8,10.1,True,False,CRU,0.802,valor_bom,4.647,4.07,1.0,29.0,desfavoravel,3.62,0.225,-38.1,1.018,0.875,1.333,1.12,0.5,0.219,
106294,Marcos Antônio,SAO,Meia,6,5.86,-1.24,2.9,20,-0.1,True,False,CRU,0.21,neutro,3.241,2.4,1.0,41.2,neutro,3.21,0.575,-38.1,1.018,0.875,1.333,1.12,0.5,0.219,
101290,Ferreira,SAO,Atacante,6,6.23,-1.37,3.61,22,0.5,True,False,CRU,0.417,neutro,3.969,2.16,1.0,39.8,desfavoravel,3.81,0.575,-38.1,1.018,0.875,1.333,1.12,0.5,0.219,
85403,Danielzinho,SAO,Meia,5,5.64,-0.46,2.37,24,-0.6,True,False,CRU,-0.259,neutro,2.801,1.95,1.0,41.2,neutro,3.06,0.575,-38.1,1.018,0.875,1.333,1.12,0.5,0.219,
80570,Wendell,SAO,Lateral,7,8.27,0.0,4.28,18,0.0,False,False,CRU,-0.245,neutro,4.558,2.78,1.0,27.6,desfavoravel,4.16,0.225,-38.1,1.018,0.875,1.333,1.12,0.5,0.219,
71123,Thiago Mendes,VAS,Meia,7,7.2,-1.05,4.25,23,2.3,True,False,BOT,0.826,valor_bom,4.21,2.95,1.0,78.0,favoravel_visitante,4.74,0.95,-29.5,1.747,0.922,0.546,0.996,0.7,0.433,
72391,Fernando Diniz,COR,Técnico,7,8.86,0.03,5.35,21,4.95,True,False,INT,0.551,valor_bom,5.343,5.35,1.0,38.6,neutro,3.76,0.575,2.6,0.772,1.75,1.12,1.244,0.0,0.295,
106028,Coronel,SAO,Goleiro,7,6.15,0.0,4.5,1,0.0,False,False,CRU,0.759,valor_bom,4.393,4.5,0.125,29.2,desfavoravel,3.93,0.225,-38.1,1.018,0.875,1.333,1.12,0.5,0.219,
131617,André Silva,SAO,Atacante,6,3.18,-0.55,0.48,16,-0.3,True,False,CRU,-1.677,armadilha_forte,0.636,0.48,1.0,39.8,desfavoravel,2.18,0.575,-38.1,1.018,0.875,1.333,1.12,0.5,0.219,
113359,Pablo Maia,SAO,Meia,7,4.44,0.0,1.85,18,0.0,False,False,CRU,-0.587,armadilha_leve,1.985,1.57,1.0,41.2,neutro,2.56,0.575,-38.1,1.018,0.875,1.333,1.12,0.5,0.219,
118563,Rodriguinho,RBB,Meia,6,5.87,-0.26,3.63,15,3.5,True,True,MIR,0.949,valor_bom,3.791,2.96,1.0,49.3,neutro,3.48,0.6,28.2,0.848,1.575,1.188,0.8,0.1,0.58,0.566
140542,Ryan Francisco,SAO,Atacante,6,4.35,0.0,-0.3,1,0.0,False,False,CRU,-0.563,armadilha_leve,2.267,0.0,0.125,39.8,desfavoravel,3.03,0.575,-38.1,1.018,0.875,1.333,1.12,0.5,0.219,
117818,Young,SAO,Goleiro,6,3.0,0.0,0.0,0,0.0,False,False,CRU,-1.719,armadilha_forte,0.0,0.0,0.0,29.2,desfavoravel,1.9,0.225,-38.1,1.018,0.875,1.333,1.12,0.5,0.219,
93716,Paulo Henrique,VAS,Lateral,7,7.81,0.74,3.24,19,7.4,True,False,BOT,-0.96,armadilha_leve,3.815,2.4,1.0,41.8,neutro,3.38,0.225,-29.5,1.747,0.922,0.546,0.996,0.7,0.433,
141609,Lucca,SAO,Atacante,6,2.05,0.0,0.23,4,0.0,False,False,CRU,-0.273,neutro,0.708,0.23,0.5,39.8,desfavoravel,2.18,0.575,-38.1,1.018,0.875,1.333,1.12,0.5,0.219,
107873,Bobadilla,SAO,Meia,7,8.06,0.0,3.94,16,0.0,False,False,CRU,0.141,neutro,3.991,3.31,1.0,41.2,neutro,3.4,0.575,-38.1,1.018,0.875,1.333,1.12,0.5,0.219,
86686,Tchê Tchê,VAS,Meia,6,4.97,0.0,2.95,19,0.0,False,False,BOT,0.092,neutro,2.754,2.42,1.0,78.0,favoravel_visitante,3.83,0.95,-29.5,1.747,0.922,0.546,0.996,0.7,0.433,
86410,Victor Luis,MIR,Lateral,6,3.65,0.0,1.2,7,0.0,False,False,RBB,-1.139,armadilha_leve,1.544,0.77,0.875,47.5,neutro,2.22,0.55,-28.2,1.188,0.8,0.848,1.575,0.675,0.189,0.566
97095,Carlos Cuesta,VAS,Zagueiro,6,4.47,0.0,1.51,15,0.0,False,False,BOT,-0.784,armadilha_leve,1.919,0.78,1.0,42.9,neutro,2.76,0.225,-29.5,1.747,0.922,0.546,0.996,0.7,0.433,
81091,Jair,VAS,Meia,6,5.2,-0.61,2.08,5,0.5,True,False,BOT,-0.795,armadilha_leve,2.208,2.08,0.625,78.0,neutro,3.13,0.95,-29.5,1.747,0.922,0.546,0.996,0.7,0.433,
117330,Robert Renan,VAS,Zagueiro,7,6.26,0.64,3.11,25,9.5,True,False,BOT,0.069,neutro,3.351,2.51,1.0,42.9,neutro,3.78,0.225,-29.5,1.747,0.922,0.546,0.996,0.7,0.433,
105584,Lucas Piton,VAS,Lateral,6,4.81,0.0,2.34,18,0.0,False,False,BOT,-0.557,armadilha_leve,2.752,1.9,1.0,41.8,neutro,2.78,0.225,-29.5,1.747,0.922,0.546,0.996,0.7,0.433,
99213,Puma Rodríguez,VAS,Lateral,6,6.92,0.0,4.16,17,0.0,False,False,BOT,-0.28,neutro,4.006,2.1,1.0,41.8,neutro,3.33,0.225,-29.5,1.747,0.922,0.546,0.996,0.7,0.433,
90309,David,VAS,Atacante,6,3.95,-0.98,2.07,21,0.0,True,False,BOT,-0.311,neutro,2.213,0.69,1.0,74.5,neutro,2.75,0.95,-29.5,1.747,0.922,0.546,0.996,0.7,0.433,
95936,Daniel Fuzato,VAS,Goleiro,6,1.59,0.0,-1.0,0,0.0,False,False,BOT,-0.539,armadilha_leve,0.0,0.0,0.0,43.0,neutro,2.06,0.225,-29.5,1.747,0.922,0.546,0.996,0.7,0.433,
115141,Lucas Freitas,VAS,Zagueiro,6,6.03,0.0,4.67,3,0.0,False,False,BOT,1.321,valor_bom,4.258,1.67,0.375,42.9,neutro,3.81,0.225,-29.5,1.747,0.922,0.546,0.996,0.7,0.433,
90703,Matheuzinho,VIT,Meia,7,6.75,1.01,3.6,23,9.8,True,True,CHA,0.392,neutro,3.727,2.73,1.0,66.9,favoravel,3.71,0.75,50.0,1.0,1.2,1.117,0.713,0.325,0.63,
122485,Barros,VAS,Meia,6,8.61,0.0,4.64,18,0.0,False,False,BOT,0.562,valor_bom,4.472,3.81,1.0,78.0,favoravel_visitante,3.86,0.95,-29.5,1.747,0.922,0.546,0.996,0.7,0.433,
90588,Caíque,VIT,Meia,7,4.77,0.11,2.62,21,3.0,True,True,CHA,-0.081,neutro,2.528,2.62,1.0,66.9,neutro,3.24,0.75,50.0,1.0,1.2,1.117,0.713,0.325,0.63,
118752,Mateus Carvalho,VAS,Meia,6,4.0,0.0,0.0,0,0.0,False,False,BOT,-2.946,armadilha_forte,0.0,0.0,0.0,78.0,neutro,2.47,0.95,-29.5,1.747,0.922,0.546,0.996,0.7,0.433,
142279,Nuno Moreira,VAS,Meia,6,5.2,0.0,2.06,18,0.0,False,False,BOT,-0.901,armadilha_leve,2.13,1.5,1.0,78.0,neutro,2.75,0.95,-29.5,1.747,0.922,0.546,0.996,0.7,0.433,
141337,Lucas Taverna,CFC,Lateral,5,2.69,0.0,1.95,4,0.0,False,False,FLU,0.239,neutro,1.879,1.2,0.5,22.6,desfavoravel,2.38,0.225,-33.4,1.362,1.693,1.273,1.244,0.375,0.153,
111682,Adson,VAS,Meia,6,6.21,0.0,3.49,14,0.0,False,False,BOT,0.649,valor_bom,3.709,3.49,1.0,78.0,favoravel_visitante,3.58,0.95,-29.5,1.747,0.922,0.546,0.996,0.7,0.433,
96793,Camutanga,VIT,Zagueiro,5,6.71,0.0,3.95,7,0.0,False,True,CHA,0.726,valor_bom,4.032,2.66,0.875,74.8,favoravel,3.59,0.825,50.0,1.0,1.2,1.117,0.713,0.325,0.63,
92180,Jair Ventura,VIT,Técnico,7,8.57,-0.12,5.3,25,5.42,True,True,CHA,0.748,valor_bom,5.306,5.3,1.0,65.5,favoravel,4.5,0.75,50.0,1.0,1.2,1.117,0.713,0.325,0.63,
42222,Osvaldo,VIT,Atacante,6,4.07,0.0,0.4,2,0.0,False,True,CHA,-0.493,neutro,2.15,0.4,0.25,65.7,neutro,3.17,0.75,50.0,1.0,1.2,1.117,0.713,0.325,0.63,
104118,Lucas Arcanjo,VIT,Goleiro,7,8.62,-1.28,5.74,22,-0.4,True,True,CHA,0.862,valor_bom,5.377,3.92,1.0,74.9,favoravel,4.81,0.825,50.0,1.0,1.2,1.117,0.713,0.325,0.63,
116461,Jamerson,VIT,Lateral,7,6.82,-0.91,4.8,14,5.1,True,True,CHA,0.256,neutro,4.393,3.73,1.0,74.4,favoravel,3.9,0.825,50.0,1.0,1.2,1.117,0.713,0.325,0.63,
90031,Mendoza,CAP,Atacante,7,8.11,0.64,4.27,25,6.3,True,True,CAM,0.071,neutro,4.437,2.47,1.0,54.4,neutro,3.56,0.15,40.5,1.563,2.1,1.059,0.875,0.6,0.451,
80129,Jadson,CAP,Meia,7,5.07,-0.08,3.54,20,1.0,True,True,CAM,0.607,valor_bom,3.182,3.29,1.0,56.2,neutro,3.29,0.15,40.5,1.563,2.1,1.059,0.875,0.6,0.451,
99440,Baralhas,VIT,Meia,5,9.25,0.0,5.24,15,0.0,False,True,CHA,0.811,valor_bom,4.841,3.91,1.0,66.9,favoravel,4.54,0.75,50.0,1.0,1.2,1.117,0.713,0.325,0.63,
101597,Ramon,VIT,Lateral,6,8.07,0.0,4.81,17,0.0,False,True,CHA,0.308,neutro,4.929,3.05,1.0,74.4,favoravel,4.31,0.825,50.0,1.0,1.2,1.117,0.713,0.325,0.63,
97645,Thiago Couto,VIT,Goleiro,6,3.0,0.0,0.0,0,0.0,False,True,CHA,-1.719,armadilha_forte,0.0,0.0,0.0,74.9,neutro,2.43,0.825,50.0,1.0,1.2,1.117,0.713,0.325,0.63,
92273,Odair Hellmann,CAP,Técnico,7,9.18,0.36,5.96,25,6.96,True,True,CAM,0.793,valor_bom,5.806,5.96,1.0,55.1,neutro,4.57,0.15,40.5,1.563,2.1,1.059,0.875,0.6,0.451,
111879,Mateus Silva,VIT,Lateral,2,6.3,-1.14,5.26,7,0.8,True,True,CHA,0.571,valor_bom,4.417,3.69,0.875,74.4,favoravel,3.76,0.825,50.0,1.0,1.2,1.117,0.713,0.325,0.63,
92696,Renato Kayzer,VIT,Atacante,6,5.81,-0.2,2.61,17,0.0,True,True,CHA,-1.125,armadilha_leve,2.603,0.9,1.0,65.7,neutro,2.81,0.75,50.0,1.0,1.2,1.117,0.713,0.325,0.63,
130620,Edenílson,VIT,Meia,6,2.96,0.0,1.42,11,0.0,False,True,CHA,-0.317,neutro,1.27,1.42,1.0,66.9,neutro,2.21,0.75,50.0,1.0,1.2,1.117,0.713,0.325,0.63,
104330,Dudu,VIT,Meia,5,5.01,0.0,3.95,2,0.0,False,True,CHA,-0.116,neutro,2.62,1.45,0.25,66.9,neutro,3.4,0.75,50.0,1.0,1.2,1.117,0.713,0.325,0.63,
107985,Terán,CAP,Zagueiro,6,6.98,0.0,4.09,13,0.0,False,True,CAM,0.689,valor_bom,4.095,2.94,1.0,63.3,favoravel,3.81,0.7,40.5,1.563,2.1,1.059,0.875,0.6,0.451,
110668,Esquivel,CAP,Lateral,7,8.6,1.7,5.22,16,13.5,True,True,CAM,0.419,neutro,5.207,2.97,1.0,62.7,favoravel,4.62,0.7,40.5,1.563,2.1,1.059,0.875,0.6,0.451,
145387,Rúben Ismael,VIT,Meia,6,4.0,0.0,0.0,0,0.0,False,True,CHA,-2.946,armadilha_forte,0.0,0.0,0.0,66.9,neutro,2.34,0.75,50.0,1.0,1.2,1.117,0.713,0.325,0.63,
110698,Mycael,CAP,Goleiro,7,8.57,0.9,6.67,3,7.8,True,True,CAM,0.532,valor_bom,5.004,5.0,0.375,63.4,favoravel,4.38,0.7,40.5,1.563,2.1,1.059,0.875,0.6,0.451,
85626,Léo,CAP,Zagueiro,6,6.77,0.0,4.9,2,0.0,False,True,CAM,0.991,valor_bom,4.263,3.4,0.25,63.3,favoravel,4.14,0.7,40.5,1.563,2.1,1.059,0.875,0.6,0.451,
113113,Benavídez,CAP,Lateral,7,9.33,0.0,5.4,19,0.0,False,True,CAM,0.274,neutro,5.335,2.93,1.0,62.7,favoravel,4.23,0.7,40.5,1.563,2.1,1.059,0.875,0.6,0.451,
123869,Aguirre,CAP,Zagueiro,3,5.15,0.05,3.26,22,-0.1,True,True,CAM,0.32,neutro,3.107,2.31,1.0,63.3,favoravel,3.52,0.7,40.5,1.563,2.1,1.059,0.875,0.6,0.451,
105518,Renan Peixoto,CAP,Atacante,6,2.67,0.0,0.8,9,0.0,False,True,CAM,-0.831,armadilha_leve,0.869,0.8,1.0,54.4,neutro,1.9,0.15,40.5,1.563,2.1,1.059,0.875,0.6,0.451,
123101,Leozinho,CAP,Atacante,2,5.76,-0.05,4.98,14,2.4,True,True,CAM,0.882,valor_bom,4.11,2.69,1.0,54.4,neutro,4.16,0.15,40.5,1.563,2.1,1.059,0.875,0.6,0.451,
112017,Felipinho,CAP,Meia,6,4.79,0.0,2.99,8,0.0,False,True,CAM,0.056,neutro,2.639,2.99,1.0,56.2,neutro,2.95,0.15,40.5,1.563,2.1,1.059,0.875,0.6,0.451,
128431,João Cruz,CAP,Meia,7,6.55,0.0,4.18,19,0.0,False,True,CAM,1.072,valor_bom,4.154,2.6,1.0,56.2,neutro,3.37,0.15,40.5,1.563,2.1,1.059,0.875,0.6,0.451,
125746,Dudu,CAP,Meia,6,2.34,0.13,1.59,17,2.3,True,True,CAM,0.552,valor_bom,1.421,1.3,1.0,56.2,neutro,2.16,0.15,40.5,1.563,2.1,1.059,0.875,0.6,0.451,
131832,Portilla,CAP,Meia,6,3.35,0.0,1.42,17,0.0,False,True,CAM,-0.635,armadilha_leve,1.306,1.42,1.0,56.2,neutro,2.11,0.15,40.5,1.563,2.1,1.059,0.875,0.6,0.451,
115266,Renan Viana,CAP,Atacante,6,2.0,0.0,0.0,0,0.0,False,True,CAM,-1.133,armadilha_leve,0.0,0.0,0.0,54.4,neutro,2.19,0.15,40.5,1.563,2.1,1.059,0.875,0.6,0.451,
122316,Batata,CAP,Lateral,6,1.0,0.0,0.0,0,0.0,False,True,CAM,0.44,neutro,0.0,0.0,0.0,62.7,favoravel,2.29,0.7,40.5,1.563,2.1,1.059,0.875,0.6,0.451,
127970,Felipe Chiqueti,CAP,Meia,6,2.07,0.0,1.35,7,0.0,False,True,CAM,0.577,valor_bom,1.197,1.35,0.875,56.2,neutro,2.15,0.15,40.5,1.563,2.1,1.059,0.875,0.6,0.451,
120433,Léo Derik,CAP,Lateral,6,5.81,0.0,3.65,9,0.0,False,True,CAM,-0.079,neutro,3.664,2.65,1.0,62.7,neutro,3.21,0.7,40.5,1.563,2.1,1.059,0.875,0.6,0.451,
143532,Carlos Eduardo,CAP,Goleiro,6,1.0,0.0,0.0,0,0.0,False,True,CAM,0.163,neutro,0.0,0.0,0.0,63.4,favoravel,2.3,0.7,40.5,1.563,2.1,1.059,0.875,0.6,0.451,
143193,Viveros,CAP,Atacante,2,12.78,0.0,8.96,23,0.0,False,True,CAM,2.928,valor_oculto,7.927,3.09,1.0,54.4,neutro,4.89,0.15,40.5,1.563,2.1,1.059,0.875,0.6,0.451,
84626,Josué,CFC,Meia,7,5.82,0.17,3.95,24,2.5,True,False,FLU,1.241,valor_bom,3.986,1.87,1.0,40.2,neutro,3.28,0.325,-33.4,1.362,1.693,1.273,1.244,0.375,0.153,
125926,Zapelli,CAP,Meia,6,4.14,-0.07,1.39,17,1.5,True,True,CAM,-0.783,armadilha_leve,1.677,1.1,1.0,56.2,neutro,2.41,0.15,40.5,1.563,2.1,1.059,0.875,0.6,0.451,
128427,Alejandro García,CAP,Meia,6,4.0,0.0,0.0,0,0.0,False,True,CAM,-2.946,armadilha_forte,0.0,0.0,0.0,56.2,neutro,2.21,0.15,40.5,1.563,2.1,1.059,0.875,0.6,0.451,
104811,Sebastián Gómez,CFC,Meia,7,4.16,-0.59,2.81,23,1.2,True,False,FLU,0.554,valor_bom,2.675,2.59,1.0,40.2,neutro,3.12,0.325,-33.4,1.362,1.693,1.273,1.244,0.375,0.153,
63354,Rodrigo Moledo,CFC,Zagueiro,6,5.73,-0.49,3.7,6,1.5,True,False,FLU,0.033,neutro,3.12,2.2,0.75,24.1,desfavoravel,2.8,0.225,-33.4,1.362,1.693,1.273,1.244,0.375,0.153,
71227,Maicon,CFC,Zagueiro,2,3.7,0.0,1.79,15,0.0,False,False,FLU,-0.043,neutro,2.102,0.99,1.0,24.1,desfavoravel,2.14,0.225,-33.4,1.362,1.693,1.273,1.244,0.375,0.153,
90302,Pedro Rocha,CFC,Atacante,7,7.0,-1.88,4.65,26,0.4,True,False,FLU,0.984,valor_bom,4.722,2.0,1.0,38.9,desfavoravel,3.38,0.325,-33.4,1.362,1.693,1.273,1.244,0.375,0.153,
82628,Tinga,CFC,Lateral,7,5.53,0.0,3.59,16,0.0,False,False,FLU,0.04,neutro,3.62,2.59,1.0,22.6,desfavoravel,3.16,0.225,-33.4,1.362,1.693,1.273,1.244,0.375,0.153,
130842,Matheus Soares,CAP,Goleiro,6,1.0,0.0,0.0,0,0.0,False,True,CAM,0.163,neutro,0.0,0.0,0.0,63.4,favoravel,2.3,0.7,40.5,1.563,2.1,1.059,0.875,0.6,0.451,
110708,Pedro Rangel,CFC,Goleiro,6,7.48,0.0,4.67,17,0.0,False,False,FLU,0.466,neutro,4.577,2.91,1.0,24.4,desfavoravel,3.98,0.225,-33.4,1.362,1.693,1.273,1.244,0.375,0.153,
118844,Kaio César,COR,Atacante,7,10.04,-0.31,5.87,16,5.8,True,False,INT,0.753,valor_bom,5.566,4.25,1.0,37.8,neutro,3.86,0.575,2.6,0.772,1.75,1.12,1.244,0.0,0.295,
84339,Bruno Melo,CFC,Lateral,7,5.03,-0.04,2.96,25,0.5,True,False,FLU,-0.234,neutro,3.135,1.8,1.0,22.6,desfavoravel,2.64,0.225,-33.4,1.362,1.693,1.273,1.244,0.375,0.153,
126977,Fernando Seabra,CFC,Técnico,7,7.39,-0.45,5.06,27,1.58,True,False,FLU,1.458,valor_bom,4.995,5.06,1.0,39.7,desfavoravel,3.68,0.325,-33.4,1.362,1.693,1.273,1.244,0.375,0.153,
112576,Vini Paulista,CFC,Meia,6,3.58,-0.45,2.29,24,0.8,True,False,FLU,0.496,neutro,2.289,2.29,1.0,40.2,neutro,2.61,0.325,-33.4,1.362,1.693,1.273,1.244,0.375,0.153,
117930,Lavega,CFC,Atacante,6,5.24,0.09,3.31,25,3.5,True,False,FLU,-0.064,neutro,3.135,1.31,1.0,38.9,desfavoravel,2.72,0.325,-33.4,1.362,1.693,1.273,1.244,0.375,0.153,
97878,Jacy,CFC,Zagueiro,7,5.43,0.0,3.99,23,0.0,False,False,FLU,0.859,valor_bom,3.653,3.21,1.0,24.1,desfavoravel,3.16,0.225,-33.4,1.362,1.693,1.273,1.244,0.375,0.153,
123648,Lucas Ronier,CFC,Atacante,5,10.77,0.0,6.7,18,0.0,False,False,FLU,1.271,valor_bom,6.164,5.42,1.0,38.9,desfavoravel,3.87,0.325,-33.4,1.362,1.693,1.273,1.244,0.375,0.153,
124834,Ruan Assis,CFC,Atacante,6,1.0,0.0,0.0,0,0.0,False,False,FLU,0.552,valor_bom,0.0,0.0,0.0,38.9,desfavoravel,2.01,0.325,-33.4,1.362,1.693,1.273,1.244,0.375,0.153,
97795,Marcelinho,REM,Lateral,7,6.23,0.17,5.07,23,4.3,True,True,GRE,0.978,valor_bom,4.711,3.72,1.0,66.4,favoravel,4.71,0.95,23.8,0.875,1.191,1.12,1.032,0.0,0.462,
116706,Andrés Gómez,VAS,Atacante,3,13.07,1.27,7.22,23,14.7,True,False,BOT,1.148,valor_bom,6.636,4.83,1.0,74.5,favoravel_visitante,5.21,0.95,-29.5,1.747,0.922,0.546,0.996,0.7,0.433,
101405,Wallisson,MIR,Meia,6,4.8,-0.16,2.74,18,3.5,True,False,RBB,-0.003,neutro,2.601,2.74,1.0,52.3,neutro,2.65,0.45,-28.2,1.188,0.8,0.848,1.575,0.675,0.189,0.566
82730,Marcelo Rangel,REM,Goleiro,7,5.4,-1.03,3.87,27,0.6,True,True,GRE,0.489,neutro,3.774,3.5,1.0,67.0,favoravel,4.2,0.95,23.8,0.875,1.191,1.12,1.032,0.0,0.462,
79066,Alex Muralha,MIR,Goleiro,6,4.99,0.0,4.35,2,0.0,False,False,RBB,0.536,valor_bom,3.631,4.35,0.25,48.6,neutro,3.68,0.55,-28.2,1.188,0.8,0.848,1.575,0.675,0.189,0.566
130283,Matheus Dias,CFC,Meia,6,1.0,0.0,0.0,0,0.0,False,False,FLU,0.627,valor_bom,0.0,0.0,0.0,40.2,neutro,2.03,0.325,-33.4,1.362,1.693,1.273,1.244,0.375,0.153,
102911,Zé Ricardo,REM,Meia,2,4.75,0.43,3.02,26,3.5,True,True,GRE,0.366,neutro,2.848,2.64,1.0,44.0,neutro,3.13,0.525,23.8,0.875,1.191,1.12,1.032,0.0,0.462,
131279,Thiago Azaf,CFC,Atacante,6,1.0,0.0,0.0,0,0.0,False,False,FLU,0.552,valor_bom,0.0,0.0,0.0,38.9,desfavoravel,2.01,0.325,-33.4,1.362,1.693,1.273,1.244,0.375,0.153,
115840,Benassi,CFC,Goleiro,6,1.0,0.0,0.0,0,0.0,False,False,FLU,0.163,neutro,0.0,0.0,0.0,24.4,desfavoravel,1.84,0.225,-33.4,1.362,1.693,1.273,1.244,0.375,0.153,
104257,João Lucas,REM,Lateral,5,4.59,0.0,2.82,6,0.0,False,True,GRE,0.302,neutro,3.312,2.82,0.75,66.4,favoravel,3.3,0.95,23.8,0.875,1.191,1.12,1.032,0.0,0.462,
145782,Tassano,REM,Zagueiro,6,3.0,0.0,0.0,0,0.0,False,True,GRE,-2.151,armadilha_forte,0.0,0.0,0.0,66.9,neutro,2.34,0.95,23.8,0.875,1.191,1.12,1.032,0.0,0.462,
143455,PH Gama,REM,Meia,6,2.0,0.0,0.0,0,0.0,False,True,GRE,-0.954,armadilha_leve,0.0,0.0,0.0,44.0,neutro,2.07,0.525,23.8,0.875,1.191,1.12,1.032,0.0,0.462,
68822,Rafael Santos,CHA,Goleiro,6,4.94,0.0,3.75,4,0.0,False,False,VIT,0.485,neutro,3.551,3.75,0.5,50.3,neutro,3.26,0.825,-50.0,1.117,0.713,1.0,1.2,0.45,0.153,
95332,Marcinho,CHA,Atacante,7,5.09,-0.76,4.22,25,2.7,True,False,VIT,0.94,valor_bom,3.824,2.22,1.0,27.5,desfavoravel,3.55,0.225,-50.0,1.117,0.713,1.0,1.2,0.45,0.153,
141385,João Victor,REM,Goleiro,6,1.0,0.0,0.0,0,0.0,False,True,GRE,0.163,neutro,0.0,0.0,0.0,67.0,favoravel,2.34,0.95,23.8,0.875,1.191,1.12,1.032,0.0,0.462,
68938,Giovanni Augusto,CHA,Meia,7,5.3,0.76,3.75,18,5.5,True,False,VIT,0.622,valor_bom,3.3,2.08,1.0,27.8,desfavoravel,3.12,0.225,-50.0,1.117,0.713,1.0,1.2,0.45,0.153,
83074,Ygor Vinhas,REM,Goleiro,6,3.0,0.0,0.0,0,0.0,False,True,GRE,-1.719,armadilha_forte,0.0,0.0,0.0,67.0,neutro,2.34,0.95,23.8,0.875,1.191,1.12,1.032,0.0,0.462,
98224,Jáderson,REM,Meia,6,2.35,-0.09,0.78,12,0.0,True,True,GRE,-0.175,neutro,0.893,0.78,1.0,44.0,neutro,1.79,0.525,23.8,0.875,1.191,1.12,1.032,0.0,0.462,
107700,Eduardo Melo,REM,Atacante,6,2.13,0.0,1.4,1,0.0,False,True,GRE,-0.001,neutro,0.997,1.4,0.125,43.2,neutro,2.46,0.525,23.8,0.875,1.191,1.12,1.032,0.0,0.462,
101393,Eduardo Doma,CHA,Zagueiro,7,4.06,0.55,2.25,24,3.0,True,False,VIT,0.033,neutro,2.359,1.75,1.0,50.1,neutro,3.28,0.825,-50.0,1.117,0.713,1.0,1.2,0.45,0.153,
104470,Everton,CHA,Lateral,6,3.89,0.0,1.93,20,0.0,False,False,VIT,-0.898,armadilha_leve,1.905,1.38,1.0,49.2,neutro,2.86,0.825,-50.0,1.117,0.713,1.0,1.2,0.45,0.153,
71043,Léo Vieira,BAH,Goleiro,5,6.82,0.0,5.02,16,0.0,False,False,PAL,0.898,valor_bom,4.807,4.39,1.0,33.5,desfavoravel,3.36,0.1,-24.5,1.433,1.12,0.834,0.533,0.7,0.176,
83048,Rafael Thyere,CHA,Zagueiro,6,2.75,0.0,-0.1,3,0.0,False,False,VIT,-0.621,armadilha_leve,1.041,0.0,0.375,50.1,neutro,2.38,0.825,-50.0,1.117,0.713,1.0,1.2,0.45,0.153,
97432,Victor Caetano,CHA,Zagueiro,6,3.16,0.0,1.48,8,0.0,False,False,VIT,-0.423,neutro,1.475,1.48,1.0,50.1,neutro,2.12,0.825,-50.0,1.117,0.713,1.0,1.2,0.45,0.153,
104519,Camilo,CHA,Meia,7,4.53,-0.47,2.9,22,-0.3,True,False,VIT,0.368,neutro,2.737,2.9,1.0,27.8,desfavoravel,2.86,0.225,-50.0,1.117,0.713,1.0,1.2,0.45,0.153,
102906,Anderson,CHA,Goleiro,7,6.72,1.37,3.72,13,9.9,True,False,VIT,0.161,neutro,3.971,3.34,1.0,50.3,neutro,4.43,0.825,-50.0,1.117,0.713,1.0,1.2,0.45,0.153,
111279,Mancha,CHA,Lateral,6,3.0,0.0,0.0,0,0.0,False,False,VIT,-2.439,armadilha_forte,0.0,0.0,0.0,49.2,neutro,2.13,0.825,-50.0,1.117,0.713,1.0,1.2,0.45,0.153,
141386,Marcos Alexandre,REM,Goleiro,6,1.0,0.0,0.0,0,0.0,False,True,GRE,0.163,neutro,0.0,0.0,0.0,67.0,favoravel,2.34,0.95,23.8,0.875,1.191,1.12,1.032,0.0,0.462,
130806,Kauan,CHA,Zagueiro,7,1.57,-0.17,1.27,7,1.4,True,False,VIT,1.074,valor_bom,1.376,0.84,0.875,50.1,neutro,2.6,0.825,-50.0,1.117,0.713,1.0,1.2,0.45,0.153,
130414,Robert,CHA,Meia,5,3.51,0.0,3.0,1,0.0,False,False,VIT,-0.813,armadilha_leve,1.278,3.0,0.125,27.8,desfavoravel,2.41,0.225,-50.0,1.117,0.713,1.0,1.2,0.45,0.153,
130843,Arthur Dias,CAP,Zagueiro,7,6.19,0.44,3.64,23,6.2,True,True,CAM,0.617,valor_bom,3.76,2.73,1.0,63.3,favoravel,3.58,0.7,40.5,1.563,2.1,1.059,0.875,0.6,0.451,
89837,Lucho Acosta,FLU,Meia,6,10.38,0.62,4.79,22,6.5,True,True,CFC,0.082,neutro,4.604,2.74,1.0,89.3,favoravel,4.26,0.75,33.4,1.273,1.244,1.362,1.693,0.675,0.625,
68708,Eduardo,MIR,Meia,7,8.37,2.63,4.12,20,18.3,True,False,RBB,0.173,neutro,4.112,2.62,1.0,52.3,neutro,5.31,0.45,-28.2,1.188,0.8,0.848,1.575,0.675,0.189,0.566
116066,Rubens,CHA,Atacante,6,2.38,0.0,1.24,10,0.0,False,False,VIT,-0.172,neutro,1.11,0.44,1.0,27.5,desfavoravel,1.71,0.225,-50.0,1.117,0.713,1.0,1.2,0.45,0.153,
97900,Vitão,FLA,Zagueiro,6,6.62,0.0,2.37,9,0.0,False,False,SAN,-0.302,neutro,3.186,1.04,1.0,64.6,neutro,3.07,0.6,11.9,1.018,0.487,1.302,0.683,1.0,0.511,
110426,Bernabei,INT,Lateral,7,8.83,-0.65,5.84,24,-1.4,True,True,COR,0.906,valor_bom,5.676,3.88,1.0,45.6,neutro,4.19,0.45,-2.6,1.12,1.244,0.772,1.75,0.3,0.379,
121870,Gustavo Talles,CHA,Lateral,6,2.0,0.0,0.0,0,0.0,False,False,VIT,-1.244,armadilha_leve,0.0,0.0,0.0,49.2,neutro,2.13,0.825,-50.0,1.117,0.713,1.0,1.2,0.45,0.153,
109336,Rafael Carvalheira,CHA,Meia,5,5.7,0.0,2.72,14,0.0,False,False,VIT,0.272,neutro,3.219,2.01,1.0,27.8,desfavoravel,2.69,0.225,-50.0,1.117,0.713,1.0,1.2,0.45,0.153,
78850,Reinaldo,MIR,Lateral,7,8.94,0.97,3.52,22,9.5,True,False,RBB,-1.277,armadilha_leve,3.963,2.07,1.0,47.5,neutro,3.95,0.55,-28.2,1.188,0.8,0.848,1.575,0.675,0.189,0.566
107453,João Paulo,CHA,Zagueiro,6,4.5,0.0,3.13,6,0.0,False,False,VIT,0.404,neutro,2.876,1.3,0.75,50.1,neutro,2.94,0.825,-50.0,1.117,0.713,1.0,1.2,0.45,0.153,
99552,Rossi,FLA,Goleiro,7,8.43,0.57,4.85,26,4.2,True,False,SAN,0.327,neutro,4.739,2.73,1.0,64.7,neutro,4.09,0.6,11.9,1.018,0.487,1.302,0.683,1.0,0.511,
89274,Andreas Pereira,PAL,Meia,7,11.73,0.39,4.71,27,5.3,True,True,BAH,-0.403,neutro,4.569,2.67,1.0,54.3,neutro,3.63,0.425,24.5,0.834,0.533,1.433,1.12,0.675,0.602,
80287,Luciano,SAO,Atacante,5,13.05,-0.68,5.59,22,6.8,True,False,CRU,-0.439,neutro,5.421,2.45,1.0,39.8,desfavoravel,4.31,0.575,-38.1,1.018,0.875,1.333,1.12,0.5,0.219,
39148,Hulk,FLU,Atacante,7,14.05,1.54,6.95,20,18.3,True,True,CFC,0.534,valor_bom,6.381,3.15,1.0,86.8,favoravel,5.01,0.75,33.4,1.273,1.244,1.362,1.693,0.675,0.625,
100652,Yuri Alberto,COR,Atacante,7,10.58,0.0,4.1,17,0.0,False,False,INT,-1.009,armadilha_leve,4.374,2.1,1.0,37.8,neutro,3.31,0.575,2.6,0.772,1.75,1.12,1.244,0.0,0.295,
140438,David,CHA,Meia,6,1.03,-0.05,0.65,9,0.0,True,False,VIT,1.712,valor_oculto,0.844,0.65,1.0,27.8,desfavoravel,2.18,0.225,-50.0,1.117,0.713,1.0,1.2,0.45,0.153,
126471,Barreal,SAN,Meia,2,10.11,0.0,5.37,19,0.0,False,True,FLA,0.701,valor_bom,4.992,4.05,1.0,34.6,neutro,3.91,0.1,-11.9,1.302,0.683,1.018,0.487,1.0,0.228,
141776,Gustavo Henrique,SAN,Meia,7,3.73,-0.3,3.29,14,1.4,True,True,FLA,1.232,valor_bom,2.925,3.29,1.0,34.6,neutro,2.62,0.1,-11.9,1.302,0.683,1.018,0.487,1.0,0.228,
146991,Rhuan Gabriel,CRU,Meia,6,1.39,0.0,1.2,1,0.0,False,True,SAO,1.392,valor_bom,1.078,1.2,0.125,59.0,neutro,2.68,0.325,38.1,1.333,1.12,1.018,0.875,0.6,0.528,
133673,Mateus Xavier,SAN,Atacante,6,2.33,0.0,1.2,1,0.0,False,True,FLA,-0.288,neutro,0.975,1.2,0.125,33.7,neutro,2.34,0.1,-11.9,1.302,0.683,1.018,0.487,1.0,0.228,
122781,Caballero,SAN,Atacante,6,3.47,-0.28,1.69,7,0.0,True,True,FLA,-1.093,armadilha_leve,1.294,1.69,0.875,33.7,neutro,1.95,0.1,-11.9,1.302,0.683,1.018,0.487,1.0,0.228,
89368,Braithwaite,GRE,Atacante,6,5.04,-0.27,0.46,17,0.2,True,False,REM,-2.544,armadilha_forte,1.141,0.46,1.0,51.0,neutro,1.98,0.825,-23.8,1.12,1.032,0.875,1.191,0.25,0.265,
106104,Enamorado,GRE,Atacante,6,6.74,0.29,3.19,22,3.5,True,False,REM,-0.27,neutro,3.661,2.51,1.0,51.0,neutro,3.11,0.825,-23.8,1.12,1.032,0.875,1.191,0.25,0.265,
144423,Nicolas Pontes,CRU,Lateral,6,1.0,0.0,0.0,0,0.0,False,True,SAO,0.44,neutro,0.0,0.0,0.0,75.1,favoravel,2.43,0.825,38.1,1.333,1.12,1.018,0.875,0.6,0.528,
51772,Everton Ribeiro,BAH,Meia,6,7.84,-0.16,3.96,18,0.0,True,False,PAL,0.25,neutro,4.001,2.85,1.0,28.9,desfavoravel,3.03,0.05,-24.5,1.433,1.12,0.834,0.533,0.7,0.176,
142130,Marcelo Eráclito,CRU,Goleiro,6,1.0,0.0,0.0,0,0.0,False,True,SAO,0.163,neutro,0.0,0.0,0.0,75.5,favoravel,2.44,0.825,38.1,1.333,1.12,1.018,0.875,0.6,0.528,
101908,Willian Machado,MIR,Zagueiro,7,6.11,1.23,3.46,21,8.9,True,False,RBB,0.5,neutro,3.637,2.65,1.0,48.5,neutro,4.08,0.55,-28.2,1.188,0.8,0.848,1.575,0.675,0.189,0.566
147782,Arthur Novaes,BOT,Meia,6,1.0,0.0,0.0,0,0.0,False,True,VAS,0.627,valor_bom,0.0,0.0,0.0,52.7,neutro,2.17,0.85,29.5,0.546,0.996,1.747,0.922,0.425,0.308,
94583,Pedro,FLA,Atacante,2,16.24,0.83,8.3,26,9.9,True,False,SAN,1.455,valor_bom,7.514,2.61,1.0,62.6,neutro,4.71,0.725,11.9,1.018,0.487,1.302,0.683,1.0,0.511,
114802,Vitor Roque,PAL,Atacante,7,15.3,-0.57,6.32,16,9.9,True,True,BAH,-0.473,neutro,5.866,3.82,1.0,53.6,neutro,3.85,0.425,24.5,0.834,0.533,1.433,1.12,0.675,0.602,
115986,Denilson,MIR,Meia,7,4.89,0.37,3.07,17,3.0,True,False,RBB,0.234,neutro,2.82,2.78,1.0,52.3,neutro,3.35,0.45,-28.2,1.188,0.8,0.848,1.575,0.675,0.189,0.566
115025,Miguelito,SAN,Meia,6,5.19,0.0,4.05,10,0.0,False,True,FLA,0.646,valor_bom,3.267,2.55,1.0,34.6,neutro,2.78,0.1,-11.9,1.302,0.683,1.018,0.487,1.0,0.228,
108713,Galeano,REM,Atacante,7,4.71,0.26,1.83,16,3.6,True,True,GRE,-1.075,armadilha_leve,2.083,1.83,1.0,43.2,neutro,2.32,0.525,23.8,0.875,1.191,1.12,1.032,0.0,0.462,
118655,Saldivia,VAS,Zagueiro,7,7.37,1.54,3.71,12,16.5,True,False,BOT,0.241,neutro,3.867,2.79,1.0,42.9,neutro,3.13,0.225,-29.5,1.747,0.922,0.546,0.996,0.7,0.433,
128433,Johan Rojas,VAS,Meia,6,4.07,0.29,1.71,17,3.8,True,False,BOT,-0.434,neutro,1.895,1.42,1.0,78.0,neutro,2.68,0.95,-29.5,1.747,0.922,0.546,0.996,0.7,0.433,
132412,Román Gómez,BAH,Lateral,6,7.82,0.0,5.01,12,0.0,False,False,PAL,0.611,valor_bom,5.079,4.01,1.0,32.0,desfavoravel,3.98,0.1,-24.5,1.433,1.12,0.834,0.533,0.7,0.176,
145400,Cauê,RBB,Lateral,6,4.23,0.0,3.47,3,0.0,False,True,MIR,0.966,valor_bom,3.623,2.47,0.375,57.3,neutro,3.67,0.75,28.2,0.848,1.575,1.188,0.8,0.1,0.58,0.566
133696,Wallace Davi,BOT,Meia,6,4.0,0.0,0.0,0,0.0,False,True,VAS,-2.946,armadilha_forte,0.0,0.0,0.0,52.7,neutro,2.17,0.85,29.5,0.546,0.996,1.747,0.922,0.425,0.308,
94154,Maycon,CAM,Meia,6,4.81,-0.17,2.2,16,-0.1,True,False,CAP,-0.513,armadilha_leve,2.229,1.58,1.0,40.7,neutro,2.85,0.15,-40.5,1.059,0.875,1.563,2.1,0.725,0.263,
114040,Minda,CAM,Atacante,6,7.2,0.26,3.61,16,4.0,True,False,CAP,0.012,neutro,4.059,1.98,1.0,39.3,desfavoravel,3.48,0.15,-40.5,1.059,0.875,1.563,2.1,0.725,0.263,
86292,Bolasie,CHA,Atacante,6,3.81,0.04,2.1,19,-0.3,True,False,VIT,-0.15,neutro,2.245,1.15,1.0,27.5,desfavoravel,2.7,0.225,-50.0,1.117,0.713,1.0,1.2,0.45,0.153,
70666,Marllon,REM,Zagueiro,7,5.87,0.69,2.79,25,8.0,True,True,GRE,-0.484,neutro,2.765,1.87,1.0,66.9,neutro,3.79,0.95,23.8,0.875,1.191,1.12,1.032,0.0,0.462,
141131,Vitão,CAM,Zagueiro,7,5.22,-0.54,5.18,5,4.7,True,False,CAP,0.96,valor_bom,3.645,3.38,0.625,22.4,desfavoravel,3.39,0.05,-40.5,1.059,0.875,1.563,2.1,0.725,0.263,
130048,Noriega,GRE,Zagueiro,3,7.14,0.72,3.71,20,4.9,True,False,REM,0.278,neutro,3.822,2.56,1.0,54.0,neutro,3.05,0.825,-23.8,1.12,1.032,0.875,1.191,0.25,0.265,
147090,Kauã Pascini,CAM,Lateral,6,3.91,-0.38,3.35,9,0.9,True,False,CAP,0.003,neutro,2.641,2.35,1.0,20.8,desfavoravel,2.62,0.05,-40.5,1.059,0.875,1.563,2.1,0.725,0.263,
130280,Phillipe Gabriel,VAS,Goleiro,6,1.0,0.0,0.0,0,0.0,False,False,BOT,0.163,neutro,0.0,0.0,0.0,43.0,neutro,2.06,0.225,-29.5,1.747,0.922,0.546,0.996,0.7,0.433,
126182,Paulinho,INT,Meia,6,3.95,0.04,1.93,21,2.0,True,True,COR,-0.159,neutro,2.029,1.93,1.0,45.6,neutro,2.57,0.25,-2.6,1.12,1.244,0.772,1.75,0.3,0.379,
83433,Patrick,REM,Meia,2,5.31,0.0,3.73,23,0.0,False,True,GRE,0.694,valor_bom,3.358,3.73,1.0,44.0,neutro,4.05,0.525,23.8,0.875,1.191,1.12,1.032,0.0,0.462,
126120,Marcelinho,RBB,Meia,6,3.16,0.0,2.18,5,0.0,False,True,MIR,-0.207,neutro,1.493,1.18,0.625,49.3,neutro,2.4,0.6,28.2,0.848,1.575,1.188,0.8,0.1,0.58,0.566
106708,Igor Formiga,MIR,Lateral,7,9.88,1.18,5.99,22,16.2,True,False,RBB,0.608,valor_bom,5.775,4.13,1.0,47.5,neutro,5.45,0.55,-28.2,1.188,0.8,0.848,1.575,0.675,0.189,0.566
103183,Andrew,FLA,Goleiro,6,3.0,0.0,0.0,0,0.0,False,False,SAN,-1.719,armadilha_forte,0.0,0.0,0.0,64.7,neutro,2.31,0.6,11.9,1.018,0.487,1.302,0.683,1.0,0.511,
94514,Lucas Oliveira,MIR,Zagueiro,6,4.78,0.0,2.87,10,0.0,False,False,RBB,0.126,neutro,2.788,1.97,1.0,48.5,neutro,2.93,0.55,-28.2,1.188,0.8,0.848,1.575,0.675,0.189,0.566
93988,Breno Lopes,CFC,Atacante,7,8.7,0.0,5.02,23,0.0,False,False,FLU,0.554,valor_bom,5.004,2.02,1.0,38.9,desfavoravel,3.49,0.325,-33.4,1.362,1.693,1.273,1.244,0.375,0.153,
90061,Bruno Pacheco,CHA,Lateral,7,7.34,-0.42,4.91,17,7.0,True,False,VIT,0.742,valor_bom,4.997,3.5,1.0,49.2,neutro,4.57,0.825,-50.0,1.117,0.713,1.0,1.2,0.45,0.153,
71536,Luiz Gustavo,CAP,Meia,7,5.84,-0.72,3.42,19,1.5,True,True,CAM,0.733,valor_bom,3.619,2.89,1.0,56.2,neutro,3.1,0.15,40.5,1.563,2.1,1.059,0.875,0.6,0.451,
116034,Victor Hugo,CAM,Meia,6,6.4,0.0,3.55,20,0.0,False,False,CAP,0.543,valor_bom,3.705,2.3,1.0,40.7,neutro,3.02,0.15,-40.5,1.059,0.875,1.563,2.1,0.725,0.263,
89256,Gerson,CRU,Meia,7,8.4,-1.11,4.63,24,2.4,True,True,SAO,0.681,valor_bom,4.496,4.0,1.0,59.0,neutro,3.6,0.325,38.1,1.333,1.12,1.018,0.875,0.6,0.528,
103388,Emmanuel Martínez,VIT,Meia,7,6.33,0.38,3.32,19,4.3,True,True,CHA,0.368,neutro,3.549,3.32,1.0,66.9,favoravel,3.55,0.75,50.0,1.0,1.2,1.117,0.713,0.325,0.63,
106302,Preciado,CAM,Lateral,6,7.65,0.0,4.38,11,0.0,False,False,CAP,0.242,neutro,4.718,3.11,1.0,20.8,desfavoravel,3.33,0.05,-40.5,1.059,0.875,1.563,2.1,0.725,0.263,
100342,Léo Andrade,REM,Zagueiro,6,4.79,0.0,2.95,4,0.0,False,True,GRE,0.103,neutro,2.774,2.95,0.5,66.9,favoravel,3.27,0.95,23.8,0.875,1.191,1.12,1.032,0.0,0.462,
69208,Gabriel Paulista,COR,Zagueiro,2,8.25,0.0,4.13,19,0.0,False,False,INT,0.226,neutro,4.122,2.71,1.0,51.5,neutro,3.32,0.9,2.6,0.772,1.75,1.12,1.244,0.0,0.295,
105089,Tetê,GRE,Atacante,6,9.12,0.0,3.64,20,0.0,False,False,REM,-0.918,armadilha_leve,4.016,2.84,1.0,51.0,neutro,3.71,0.825,-23.8,1.12,1.032,0.875,1.191,0.25,0.265,
86859,José Welison,REM,Meia,3,3.74,-0.23,2.62,23,2.9,True,True,GRE,0.694,valor_bom,2.534,2.62,1.0,44.0,neutro,2.97,0.525,23.8,0.875,1.191,1.12,1.032,0.0,0.462,
141873,Jacaré,COR,Lateral,6,2.0,0.0,0.0,0,0.0,False,False,INT,-1.244,armadilha_leve,0.0,0.0,0.0,50.7,neutro,2.15,0.9,2.6,0.772,1.75,1.12,1.244,0.0,0.295,
123689,Milans,COR,Lateral,6,7.2,0.0,4.26,7,0.0,False,False,INT,0.506,valor_bom,4.752,2.97,0.875,50.7,neutro,3.7,0.9,2.6,0.772,1.75,1.12,1.244,0.0,0.295,
105157,Villagra,INT,Meia,7,5.16,0.0,1.99,20,0.0,False,True,COR,-0.95,armadilha_leve,2.075,1.99,1.0,45.6,neutro,3.13,0.25,-2.6,1.12,1.244,0.772,1.75,0.3,0.379,
95362,Cassierra,CAM,Atacante,5,6.61,1.56,2.5,21,11.2,True,False,CAP,-0.833,armadilha_leve,3.178,1.12,1.0,39.3,desfavoravel,4.2,0.15,-40.5,1.059,0.875,1.563,2.1,0.725,0.263,
146374,Gilberto Junior,CAP,Lateral,6,6.01,-0.13,4.2,7,1.7,True,True,CAM,0.124,neutro,3.923,3.34,0.875,62.7,favoravel,3.43,0.7,40.5,1.563,2.1,1.059,0.875,0.6,0.451,
142265,Dell,BAH,Atacante,6,1.82,0.0,0.65,4,0.0,False,False,PAL,0.237,neutro,0.848,0.65,0.5,28.4,desfavoravel,1.95,0.05,-24.5,1.433,1.12,0.834,0.533,0.7,0.176,
110633,Gustavo,CFC,Meia,6,3.3,0.0,0.9,4,0.0,False,False,FLU,-0.992,armadilha_leve,1.009,0.9,0.5,40.2,neutro,2.16,0.325,-33.4,1.362,1.693,1.273,1.244,0.375,0.153,
113125,Picco,REM,Meia,7,6.15,-0.07,3.43,25,2.1,True,True,GRE,0.522,valor_bom,3.591,3.03,1.0,44.0,neutro,4.15,0.525,23.8,0.875,1.191,1.12,1.032,0.0,0.462,
107859,Fintelman,VIT,Goleiro,6,2.0,0.0,0.0,0,0.0,False,True,CHA,-0.938,armadilha_leve,0.0,0.0,0.0,74.9,neutro,2.43,0.825,50.0,1.0,1.2,1.117,0.713,0.325,0.63,
87552,Vitor Bueno,REM,Meia,7,6.96,-1.43,3.9,21,2.2,True,True,GRE,0.594,valor_bom,3.953,2.23,1.0,44.0,neutro,3.33,0.525,23.8,0.875,1.191,1.12,1.032,0.0,0.462,
105842,Edu,VIT,Zagueiro,6,4.13,0.0,1.5,1,0.0,False,True,CHA,0.233,neutro,2.554,1.5,0.125,74.8,favoravel,3.56,0.825,50.0,1.0,1.2,1.117,0.713,0.325,0.63,
140496,Tiaguinho,GRE,Meia,6,0.93,0.0,0.0,1,0.0,False,False,REM,2.046,valor_oculto,0.945,0.0,0.125,53.4,neutro,2.55,0.825,-23.8,1.12,1.032,0.875,1.191,0.25,0.265,
90370,Matheus Pereira,COR,Meia,6,2.87,-0.08,0.84,19,0.0,True,False,INT,-0.72,armadilha_leve,0.906,0.84,1.0,39.1,neutro,1.74,0.575,2.6,0.772,1.75,1.12,1.244,0.0,0.295,
68952,Marinho,VIT,Atacante,6,4.6,0.0,2.02,12,0.0,False,True,CHA,-0.779,armadilha_leve,2.247,2.02,1.0,65.7,neutro,2.62,0.75,50.0,1.0,1.2,1.117,0.713,0.325,0.63,
146623,Luis Pacheco,PAL,Meia,6,1.72,0.0,-0.08,4,0.0,False,True,BAH,0.351,neutro,0.682,0.0,0.5,54.3,neutro,2.17,0.425,24.5,0.834,0.533,1.433,1.12,0.675,0.602,
97906,Riccieli,VIT,Zagueiro,6,4.85,0.0,3.5,2,0.0,False,True,CHA,0.163,neutro,2.849,2.0,0.25,74.8,favoravel,3.6,0.825,50.0,1.0,1.2,1.117,0.713,0.325,0.63,
110598,Marino Hinestroza,VAS,Atacante,7,5.66,0.63,1.74,14,5.9,True,False,BOT,-1.761,armadilha_forte,2.048,1.74,1.0,74.5,neutro,2.62,0.95,-29.5,1.747,0.922,0.546,0.996,0.7,0.433,
145436,Belé,PAL,Atacante,6,3.0,0.0,0.0,0,0.0,False,True,BAH,-2.328,armadilha_forte,0.0,0.0,0.0,53.6,neutro,2.18,0.425,24.5,0.834,0.533,1.433,1.12,0.675,0.602,
141628,Pablo Lúcio,FLA,Meia,6,2.0,0.0,0.0,0,0.0,False,False,SAN,-0.954,armadilha_leve,0.0,0.0,0.0,64.6,neutro,2.31,0.725,11.9,1.018,0.487,1.302,0.683,1.0,0.511,
141551,Índio,CAM,Meia,6,1.0,0.0,0.0,0,0.0,False,False,CAP,0.627,valor_bom,0.0,0.0,0.0,40.7,neutro,2.03,0.15,-40.5,1.059,0.875,1.563,2.1,0.725,0.263,
99789,Brenner,VAS,Atacante,6,6.94,0.0,2.9,14,0.0,False,False,BOT,-0.393,neutro,3.648,2.33,1.0,74.5,neutro,3.3,0.95,-29.5,1.747,0.922,0.546,0.996,0.7,0.433,
147088,Cissé,CAM,Meia,6,2.41,0.0,1.93,15,0.0,False,False,CAP,0.751,valor_bom,1.628,1.6,1.0,40.7,neutro,2.51,0.15,-40.5,1.059,0.875,1.563,2.1,0.725,0.263,
145404,Arthur,PAL,Lateral,2,4.96,-0.81,4.29,19,5.0,True,True,BAH,1.03,valor_bom,4.109,3.03,1.0,47.9,neutro,3.28,0.15,24.5,0.834,0.533,1.433,1.12,0.675,0.602,
101729,Fabinho,CFC,Atacante,2,2.09,-0.99,1.41,11,0.0,True,False,FLU,0.338,neutro,1.215,0.23,1.0,38.9,desfavoravel,1.88,0.325,-33.4,1.362,1.693,1.273,1.244,0.375,0.153,
94930,Lucas Paquetá,FLA,Meia,7,14.75,0.0,6.5,17,0.0,False,False,SAN,0.339,neutro,5.73,5.32,1.0,64.6,neutro,4.13,0.725,11.9,1.018,0.487,1.302,0.683,1.0,0.511,
107075,Yuri Sena,VIT,Goleiro,6,1.0,0.0,0.0,0,0.0,False,True,CHA,0.163,neutro,0.0,0.0,0.0,74.9,favoravel,2.43,0.825,50.0,1.0,1.2,1.117,0.713,0.325,0.63,
104134,Fabri,VIT,Atacante,6,5.12,0.0,2.49,9,0.0,False,True,CHA,-0.769,armadilha_leve,2.536,1.93,1.0,65.7,neutro,2.75,0.75,50.0,1.0,1.2,1.117,0.713,0.325,0.63,
141125,Robert,CAM,Goleiro,6,1.0,0.0,0.0,0,0.0,False,False,CAP,0.163,neutro,0.0,0.0,0.0,22.6,desfavoravel,1.82,0.05,-40.5,1.059,0.875,1.563,2.1,0.725,0.263,
123738,Herrera,RBB,Atacante,6,4.79,0.0,2.6,21,2.9,True,True,MIR,-0.459,neutro,2.597,2.22,1.0,48.7,neutro,2.98,0.6,28.2,0.848,1.575,1.188,0.8,0.1,0.58,0.566
147202,João Bezerra,INT,Atacante,6,1.19,0.0,0.6,2,0.0,False,True,COR,1.325,valor_bom,0.877,0.6,0.25,44.1,neutro,2.32,0.25,-2.6,1.12,1.244,0.772,1.75,0.3,0.379,
145036,Fernando Pradella,SAN,Atacante,6,0.82,0.0,0.0,1,0.0,False,True,FLA,2.047,valor_oculto,0.841,0.0,0.125,33.7,neutro,2.27,0.1,-11.9,1.302,0.683,1.018,0.487,1.0,0.228,
103445,Kaio Jorge,CRU,Atacante,7,10.93,0.62,4.76,21,6.2,True,True,SAO,-0.554,armadilha_leve,4.815,1.86,1.0,57.5,neutro,3.54,0.325,38.1,1.333,1.12,1.018,0.875,0.6,0.528,
142638,João Victor,INT,Atacante,6,0.63,0.0,-0.8,1,0.0,False,True,COR,2.39,valor_oculto,0.753,0.0,0.125,44.1,neutro,2.35,0.25,-2.6,1.12,1.244,0.772,1.75,0.3,0.379,
141615,Pedro Ferreira,SAO,Meia,7,1.25,0.0,0.87,3,0.0,False,False,CRU,1.535,valor_oculto,1.01,0.87,0.375,41.2,neutro,2.26,0.575,-38.1,1.018,0.875,1.333,1.12,0.5,0.219,
147788,Arthur Izaque,BOT,Atacante,6,1.0,0.0,0.0,0,0.0,False,True,VAS,0.552,valor_bom,0.0,0.0,0.0,50.3,neutro,2.15,0.85,29.5,0.546,0.996,1.747,0.922,0.425,0.308,
146632,Alisson,INT,Lateral,6,1.0,0.0,0.0,0,0.0,False,True,COR,0.44,neutro,0.0,0.0,0.0,45.6,neutro,2.09,0.45,-2.6,1.12,1.244,0.772,1.75,0.3,0.379,
130698,Kadu,BOT,Lateral,6,1.0,0.0,0.0,0,0.0,False,True,VAS,0.44,neutro,0.0,0.0,0.0,50.6,neutro,2.15,0.55,29.5,0.546,0.996,1.747,0.922,0.425,0.308,
124270,Allex,INT,Meia,6,2.25,0.14,1.25,11,1.3,True,True,COR,0.319,neutro,1.171,1.25,1.0,45.6,neutro,2.28,0.25,-2.6,1.12,1.244,0.772,1.75,0.3,0.379,
142086,Kauan Toledo,BOT,Atacante,6,2.55,0.28,1.99,8,2.4,True,True,VAS,0.093,neutro,1.468,1.99,1.0,50.3,neutro,2.23,0.85,29.5,0.546,0.996,1.747,0.922,0.425,0.308,
141406,Andrey Fernandes,VAS,Atacante,6,1.41,0.0,1.7,1,0.0,False,False,BOT,1.128,valor_bom,1.03,1.7,0.125,74.5,favoravel_visitante,2.83,0.95,-29.5,1.747,0.922,0.546,0.996,0.7,0.433,
147883,João Vitor,VAS,Atacante,6,3.49,0.0,3.13,4,0.0,False,False,BOT,-0.613,armadilha_leve,1.674,3.13,0.5,74.5,neutro,2.85,0.95,-29.5,1.747,0.922,0.546,0.996,0.7,0.433,
82407,Chico Kim,MIR,Meia,7,3.89,0.25,1.95,7,5.7,True,False,RBB,0.025,neutro,2.13,1.95,0.875,52.3,neutro,3.09,0.45,-28.2,1.188,0.8,0.848,1.575,0.675,0.189,0.566
130906,Riquelme,CAP,Meia,6,1.53,0.0,1.06,5,0.0,False,True,CAM,1.149,valor_bom,1.062,1.06,0.625,56.2,neutro,2.27,0.15,40.5,1.563,2.1,1.059,0.875,0.6,0.451,
130438,Diego,INT,Goleiro,5,1.0,0.0,0.0,0,0.0,False,True,COR,0.163,neutro,0.0,0.0,0.0,46.7,neutro,2.1,0.45,-2.6,1.12,1.244,0.772,1.75,0.3,0.379,
141991,Tico,REM,Atacante,6,0.94,-0.16,0.25,2,0.0,True,True,GRE,1.737,valor_oculto,0.807,0.25,0.25,43.2,neutro,2.28,0.525,23.8,0.875,1.191,1.12,1.032,0.0,0.462,
148109,Filipe Lima,REM,Atacante,6,1.0,0.0,0.0,0,0.0,False,True,GRE,0.552,valor_bom,0.0,0.0,0.0,43.2,neutro,2.06,0.525,23.8,0.875,1.191,1.12,1.032,0.0,0.462,
108131,Garcez,CHA,Atacante,7,5.18,-0.59,3.8,13,5.6,True,False,VIT,0.242,neutro,3.338,2.57,1.0,27.5,desfavoravel,3.08,0.225,-50.0,1.117,0.713,1.0,1.2,0.45,0.153,
101715,Alerrandro,INT,Atacante,7,6.18,0.0,3.45,21,0.0,False,True,COR,0.311,neutro,3.866,1.59,1.0,44.1,neutro,3.51,0.25,-2.6,1.12,1.244,0.772,1.75,0.3,0.379,
141126,Pedro Cobra,CAM,Goleiro,6,1.0,0.0,0.0,0,0.0,False,False,CAP,0.163,neutro,0.0,0.0,0.0,22.6,desfavoravel,1.82,0.05,-40.5,1.059,0.875,1.563,2.1,0.725,0.263,
112939,Catarozzi,REM,Meia,6,5.41,0.0,0.9,1,0.0,False,True,GRE,1.147,valor_bom,3.738,0.9,0.125,44.0,neutro,3.78,0.525,23.8,0.875,1.191,1.12,1.032,0.0,0.462,
148103,Rafael Soares,REM,Meia,6,1.0,0.0,0.0,0,0.0,False,True,GRE,0.627,valor_bom,0.0,0.0,0.0,44.0,neutro,2.07,0.525,23.8,0.875,1.191,1.12,1.032,0.0,0.462,
99815,Arias,PAL,Meia,2,13.53,-0.24,6.92,22,3.3,True,True,BAH,1.244,valor_bom,6.166,5.33,1.0,54.3,neutro,4.31,0.425,24.5,0.834,0.533,1.433,1.12,0.675,0.602,
116065,Cuiabano,VAS,Lateral,7,13.16,1.04,7.58,16,12.8,True,False,BOT,0.768,valor_bom,6.781,5.58,1.0,41.8,neutro,4.87,0.225,-29.5,1.747,0.922,0.546,0.996,0.7,0.433,
146410,Marquinhos,BOT,Meia,6,0.85,0.0,0.0,1,0.0,False,True,VAS,2.211,valor_oculto,0.945,0.0,0.125,52.7,neutro,2.54,0.85,29.5,0.546,0.996,1.747,0.922,0.425,0.308,
148152,Ararat,CFC,Meia,6,4.0,0.0,0.0,0,0.0,False,False,FLU,-2.946,armadilha_forte,0.0,0.0,0.0,40.2,neutro,2.03,0.325,-33.4,1.362,1.693,1.273,1.244,0.375,0.153,
148215,Djhordney,SAO,Meia,6,1.57,0.24,1.08,6,3.9,True,False,CRU,1.098,valor_bom,1.07,1.08,0.75,41.2,neutro,2.02,0.575,-38.1,1.018,0.875,1.333,1.12,0.5,0.219,
143463,Wesley Natã,FLU,Atacante,6,0.8,0.0,-0.3,1,0.0,False,True,CFC,2.05,valor_oculto,0.808,0.0,0.125,86.8,favoravel,2.87,0.75,33.4,1.273,1.244,1.362,1.693,0.675,0.625,
147546,Roger,GRE,Meia,6,1.5,0.0,1.2,2,0.0,False,False,REM,1.233,valor_bom,1.09,1.2,0.25,53.4,neutro,2.53,0.825,-23.8,1.12,1.032,0.875,1.191,0.25,0.265,
108162,Nardoni,GRE,Meia,2,6.05,0.0,1.89,16,0.0,False,False,REM,-0.733,armadilha_leve,2.624,1.58,1.0,53.4,neutro,3.15,0.825,-23.8,1.12,1.032,0.875,1.191,0.25,0.265,
97911,Lucas Silva,VIT,Atacante,6,2.85,0.05,0.5,4,2.5,True,True,CHA,-1.123,armadilha_leve,0.798,0.5,0.5,65.7,neutro,2.35,0.75,50.0,1.0,1.2,1.117,0.713,0.325,0.63,
148206,Nadson,SAN,Atacante,6,1.0,0.0,0.0,0,0.0,False,True,FLA,0.552,valor_bom,0.0,0.0,0.0,33.7,neutro,1.95,0.1,-11.9,1.302,0.683,1.018,0.487,1.0,0.228,
148124,Vinicius,CHA,Zagueiro,6,1.63,0.0,0.1,2,0.0,False,False,VIT,0.768,valor_bom,1.195,0.1,0.25,50.1,neutro,2.54,0.825,-50.0,1.117,0.713,1.0,1.2,0.45,0.153,
131964,Jhoan Hernández,BOT,Lateral,6,3.69,0.0,0.0,1,0.0,False,True,VAS,-1.056,armadilha_leve,1.639,0.0,0.125,50.6,neutro,2.85,0.55,29.5,0.546,0.996,1.747,0.922,0.425,0.308,
104666,Moisés,SAN,Atacante,6,4.78,0.0,2.35,13,0.0,False,True,FLA,-0.656,armadilha_leve,2.441,0.73,1.0,33.7,neutro,2.39,0.1,-11.9,1.302,0.683,1.018,0.487,1.0,0.228,
127969,Matheus Reis,FLU,Atacante,5,1.0,0.0,0.0,0,0.0,False,True,CFC,0.552,valor_bom,0.0,0.0,0.0,86.8,favoravel,2.57,0.75,33.4,1.273,1.244,1.362,1.693,0.675,0.625,
124386,Kainã,CHA,Goleiro,6,1.0,0.0,0.0,0,0.0,False,False,VIT,0.163,neutro,0.0,0.0,0.0,50.3,neutro,2.15,0.825,-50.0,1.117,0.713,1.0,1.2,0.45,0.153,
146430,Justino,BOT,Zagueiro,6,3.34,0.0,2.75,10,0.0,False,True,VAS,0.325,neutro,2.181,1.85,1.0,51.5,neutro,2.89,0.55,29.5,0.546,0.996,1.747,0.922,0.425,0.308,
109987,Medina,BOT,Meia,2,7.29,0.94,3.65,17,8.0,True,True,VAS,0.217,neutro,3.792,3.36,1.0,52.7,neutro,4.08,0.85,29.5,0.546,0.996,1.747,0.922,0.425,0.308,
110144,Spinelli,VAS,Atacante,6,5.59,0.0,2.95,16,0.0,False,False,BOT,-0.693,armadilha_leve,2.829,2.45,1.0,74.5,neutro,2.96,0.95,-29.5,1.747,0.922,0.546,0.996,0.7,0.433,
130393,Luiz Gustavo,BAH,Zagueiro,6,1.0,0.0,0.0,0,0.0,False,False,PAL,0.182,neutro,0.0,0.0,0.0,33.3,desfavoravel,1.95,0.1,-24.5,1.433,1.12,0.834,0.533,0.7,0.176,
145563,João Ananias,SAN,Zagueiro,6,3.43,0.0,2.5,6,0.0,False,True,FLA,-0.085,neutro,1.911,2.0,0.75,37.5,neutro,3.2,0.0,-11.9,1.302,0.683,1.018,0.487,1.0,0.228,
126189,Tomás Pérez,CAM,Meia,6,3.99,0.0,1.66,14,0.0,False,False,CAP,-0.382,neutro,1.888,1.66,1.0,40.7,neutro,2.27,0.15,-40.5,1.059,0.875,1.563,2.1,0.725,0.263,
93371,Rodrigo Rodrigues,CFC,Atacante,6,3.28,0.0,-0.9,1,0.0,False,False,FLU,-1.637,armadilha_forte,0.741,0.0,0.125,38.9,desfavoravel,2.28,0.325,-33.4,1.362,1.693,1.273,1.244,0.375,0.153,
92747,Eduardo Domínguez,CAM,Técnico,7,10.11,-0.45,5.4,23,5.12,True,False,CAP,-0.355,neutro,5.38,5.4,1.0,40.1,neutro,4.42,0.15,-40.5,1.059,0.875,1.563,2.1,0.725,0.263,
101807,Oliva,SAN,Meia,7,6.35,0.03,3.4,18,1.9,True,True,FLA,0.444,neutro,3.613,2.29,1.0,34.6,neutro,3.02,0.1,-11.9,1.302,0.683,1.018,0.487,1.0,0.228,
104036,Labyad,COR,Meia,5,4.52,0.0,2.05,11,0.0,False,False,INT,-0.42,neutro,2.15,0.69,1.0,39.1,neutro,2.31,0.575,2.6,0.772,1.75,1.12,1.244,0.0,0.295,
142261,Jeferson,GRE,Atacante,6,1.0,0.0,0.0,0,0.0,False,False,REM,0.552,valor_bom,0.0,0.0,0.0,51.0,neutro,2.15,0.825,-23.8,1.12,1.032,0.875,1.191,0.25,0.265,
105048,Jajá,REM,Atacante,6,6.44,0.0,5.27,22,0.0,False,True,GRE,1.896,valor_oculto,5.187,2.5,1.0,43.2,neutro,4.08,0.525,23.8,0.875,1.191,1.12,1.032,0.0,0.462,
133671,Gustavo Reis,RBB,Goleiro,6,1.0,0.0,0.0,0,0.0,False,True,MIR,0.163,neutro,0.0,0.0,0.0,58.2,neutro,2.24,0.75,28.2,0.848,1.575,1.188,0.8,0.1,0.58,0.566
93368,Lucas Veríssimo,SAN,Zagueiro,7,9.24,0.46,4.39,14,8.2,True,True,FLA,0.09,neutro,4.286,2.96,1.0,37.5,neutro,3.96,0.0,-11.9,1.302,0.683,1.018,0.487,1.0,0.228,
97899,Matheus Bahia,INT,Lateral,6,6.67,0.62,4.13,18,2.1,True,True,COR,-0.164,neutro,3.992,2.91,1.0,45.6,neutro,3.9,0.45,-2.6,1.12,1.244,0.772,1.75,0.3,0.379,
41929,Renato Gaúcho,GRE,Técnico,7,10.09,0.3,5.27,15,7.97,True,False,REM,-0.438,neutro,5.289,5.27,1.0,52.4,neutro,3.93,0.825,-23.8,1.12,1.032,0.875,1.191,0.25,0.265,
147545,Jefinho,GRE,Meia,6,1.46,0.0,1.5,1,0.0,False,False,REM,1.326,valor_bom,1.112,1.5,0.125,53.4,neutro,2.63,0.825,-23.8,1.12,1.032,0.875,1.191,0.25,0.265,
139200,Pedro Kauã,INT,Zagueiro,6,1.0,0.0,0.0,0,0.0,False,True,COR,0.182,neutro,0.0,0.0,0.0,46.6,neutro,2.1,0.45,-2.6,1.12,1.244,0.772,1.75,0.3,0.379,
141400,Huguinho,BOT,Meia,7,4.3,-0.38,2.79,10,0.2,True,True,VAS,0.303,neutro,2.567,2.29,1.0,52.7,neutro,2.91,0.85,29.5,0.546,0.996,1.747,0.922,0.425,0.308,
124219,Millán,FLU,Zagueiro,7,3.62,-0.87,1.22,7,-0.3,True,True,CFC,-0.111,neutro,2.002,0.79,0.875,53.0,neutro,2.48,0.3,33.4,1.273,1.244,1.362,1.693,0.675,0.625,
143465,Keven Samuel,FLU,Atacante,6,1.0,0.0,0.0,0,0.0,False,True,CFC,0.552,valor_bom,0.0,0.0,0.0,86.8,favoravel,2.57,0.75,33.4,1.273,1.244,1.362,1.693,0.675,0.625,
147875,Daniel Silva,FLA,Zagueiro,6,1.0,0.0,0.0,0,0.0,False,False,SAN,0.182,neutro,0.0,0.0,0.0,64.6,neutro,2.31,0.6,11.9,1.018,0.487,1.302,0.683,1.0,0.511,
93834,Keiller,CFC,Goleiro,6,4.0,0.0,0.0,0,0.0,False,False,FLU,-2.324,armadilha_forte,0.0,0.0,0.0,24.4,desfavoravel,1.84,0.225,-33.4,1.362,1.693,1.273,1.244,0.375,0.153,
142275,Luiz Felipe,FLA,Meia,6,1.0,0.0,0.0,0,0.0,False,False,SAN,0.627,valor_bom,0.0,0.0,0.0,64.6,neutro,2.31,0.725,11.9,1.018,0.487,1.302,0.683,1.0,0.511,
115537,Marcos Victor,BAH,Zagueiro,7,5.05,1.17,3.77,6,8.4,True,False,PAL,0.429,neutro,3.15,3.27,0.75,33.3,desfavoravel,3.62,0.1,-24.5,1.433,1.12,0.834,0.533,0.7,0.176,
88963,Leonardo Jardim,FLA,Técnico,7,13.1,-0.11,7.37,24,7.02,True,False,SAN,-0.318,neutro,7.18,7.37,1.0,63.2,neutro,4.82,0.725,11.9,1.018,0.487,1.302,0.683,1.0,0.511,
124424,Rodrigo Castillo,FLU,Atacante,6,7.09,-0.81,3.9,15,1.5,True,True,CFC,0.342,neutro,4.268,1.43,1.0,86.8,favoravel,4.1,0.75,33.4,1.273,1.244,1.362,1.693,0.675,0.625,
100804,Tchamba,REM,Zagueiro,6,4.48,-0.11,2.7,20,1.2,True,True,GRE,0.19,neutro,2.696,2.15,1.0,66.9,favoravel,3.7,0.95,23.8,0.875,1.191,1.12,1.032,0.0,0.462,
142260,Bernardo Zortea,GRE,Meia,6,1.72,0.0,1.17,4,0.0,False,False,REM,0.916,valor_bom,1.099,1.17,0.5,53.4,neutro,2.35,0.825,-23.8,1.12,1.032,0.875,1.191,0.25,0.265,
129661,Wendel,BAH,Meia,6,1.0,0.0,0.0,0,0.0,False,False,PAL,0.627,valor_bom,0.0,0.0,0.0,28.9,desfavoravel,1.9,0.05,-24.5,1.433,1.12,0.834,0.533,0.7,0.176,
133690,Bruno Lopes,VAS,Atacante,6,1.57,0.0,1.7,1,0.0,False,False,BOT,0.861,valor_bom,1.03,1.7,0.125,74.5,favoravel_visitante,2.83,0.95,-29.5,1.747,0.922,0.546,0.996,0.7,0.433,
84268,Georgemy,MIR,Goleiro,6,3.0,0.0,0.0,0,0.0,False,False,RBB,-1.719,armadilha_forte,0.0,0.0,0.0,48.6,neutro,2.13,0.55,-28.2,1.188,0.8,0.848,1.575,0.675,0.189,0.566
95131,Gabriel Taliari,REM,Atacante,7,8.88,0.5,4.77,16,6.8,True,True,GRE,0.253,neutro,4.833,2.77,1.0,43.2,neutro,3.63,0.525,23.8,0.875,1.191,1.12,1.032,0.0,0.462,
141594,Pedro Gabriel,GRE,Lateral,6,5.78,1.69,3.3,15,10.4,True,False,REM,-0.35,neutro,3.432,1.97,1.0,53.2,neutro,2.89,0.825,-23.8,1.12,1.032,0.875,1.191,0.25,0.265,
121823,Kauê,COR,Goleiro,6,5.21,0.0,4.98,4,0.0,False,False,INT,0.743,valor_bom,3.961,3.73,0.5,51.7,neutro,3.66,0.9,2.6,0.772,1.75,1.12,1.244,0.0,0.295,
81720,Lingard,COR,Atacante,6,3.67,-0.29,1.62,17,0.2,True,False,INT,-0.44,neutro,1.93,1.33,1.0,37.8,neutro,2.2,0.575,2.6,0.772,1.75,1.12,1.244,0.0,0.295,
141752,Caio Valle,BOT,Meia,6,1.0,0.0,0.0,0,0.0,False,True,VAS,0.627,valor_bom,0.0,0.0,0.0,52.7,neutro,2.17,0.85,29.5,0.546,0.996,1.747,0.922,0.425,0.308,
140726,David Martins,BAH,Meia,6,0.65,0.0,-0.1,3,0.0,False,False,PAL,2.388,valor_oculto,0.746,0.0,0.375,28.9,desfavoravel,2.0,0.05,-24.5,1.433,1.12,0.834,0.533,0.7,0.176,
141184,Walace Falcão,VAS,Zagueiro,6,1.0,0.0,0.0,0,0.0,False,False,BOT,0.182,neutro,0.0,0.0,0.0,42.9,neutro,2.06,0.225,-29.5,1.747,0.922,0.546,0.996,0.7,0.433,
147268,Anderson Pato,VIT,Atacante,6,3.12,0.0,1.38,4,0.0,False,True,CHA,-1.02,armadilha_leve,1.091,1.38,0.5,65.7,neutro,2.49,0.75,50.0,1.0,1.2,1.117,0.713,0.325,0.63,
142257,Luis Eduardo,GRE,Zagueiro,6,1.45,0.0,-0.3,2,0.0,False,False,REM,0.906,valor_bom,1.115,0.0,0.25,54.0,neutro,2.55,0.825,-23.8,1.12,1.032,0.875,1.191,0.25,0.265,
107256,Zé Vitor,VIT,Meia,6,6.64,0.61,4.79,17,7.1,True,True,CHA,1.586,valor_oculto,4.567,4.5,1.0,66.9,favoravel,3.64,0.75,50.0,1.0,1.2,1.117,0.713,0.325,0.63,
148125,Ryan Augusto,RBB,Lateral,6,3.55,0.0,3.17,6,0.0,False,True,MIR,0.034,neutro,2.412,2.67,0.75,57.3,neutro,2.85,0.75,28.2,0.848,1.575,1.188,0.8,0.1,0.58,0.566
42411,Cuca,SAN,Técnico,7,10.22,-0.21,6.17,19,5.58,True,True,FLA,0.552,valor_bom,6.301,6.17,1.0,34.3,neutro,4.72,0.1,-11.9,1.302,0.683,1.018,0.487,1.0,0.228,
127273,Artur Jorge,CRU,Técnico,7,11.85,0.32,6.46,20,8.13,True,True,SAO,-0.307,neutro,6.503,6.46,1.0,57.8,neutro,4.39,0.325,38.1,1.333,1.12,1.018,0.875,0.6,0.528,
147192,Claudinho,CAP,Lateral,6,7.84,0.0,7.52,6,0.0,False,True,CAM,1.98,valor_oculto,6.184,5.19,0.75,62.7,favoravel,4.84,0.7,40.5,1.563,2.1,1.059,0.875,0.6,0.451,
145659,Nicolas,SAO,Lateral,5,2.79,0.0,5.0,1,0.0,False,False,CRU,0.522,valor_bom,2.195,2.0,0.125,27.6,desfavoravel,2.85,0.225,-38.1,1.018,0.875,1.333,1.12,0.5,0.219,
102877,Gabriel Poveda,REM,Atacante,3,1.97,-0.71,0.43,15,-2.8,True,True,GRE,-0.291,neutro,0.61,0.43,1.0,43.2,neutro,2.06,0.525,23.8,0.875,1.191,1.12,1.032,0.0,0.462,
110605,Vinícius Balieiro,CHA,Meia,5,3.62,0.0,1.84,5,0.0,False,False,VIT,0.226,neutro,2.115,1.84,0.625,27.8,desfavoravel,2.45,0.225,-50.0,1.117,0.713,1.0,1.2,0.45,0.153,
149715,Rafael Gonzaga,SAN,Lateral,6,2.79,0.0,2.4,1,0.0,False,True,FLA,0.162,neutro,1.906,2.4,0.125,36.2,neutro,2.81,0.0,-11.9,1.302,0.683,1.018,0.487,1.0,0.228,
130209,Renê,VIT,Atacante,7,9.78,-1.53,7.24,19,7.8,True,True,CHA,2.161,valor_oculto,6.564,3.19,1.0,65.7,favoravel,4.47,0.75,50.0,1.0,1.2,1.117,0.713,0.325,0.63,
143252,Gean,VIT,Lateral,6,1.0,0.0,0.0,0,0.0,False,True,CHA,0.44,neutro,0.0,0.0,0.0,74.4,favoravel,2.43,0.825,50.0,1.0,1.2,1.117,0.713,0.325,0.63,
143153,Tarzia,VIT,Atacante,7,4.29,0.33,3.06,21,5.6,True,True,CHA,0.353,neutro,2.93,2.06,1.0,65.7,favoravel,2.92,0.75,50.0,1.0,1.2,1.117,0.713,0.325,0.63,
123005,Sidney,BAH,Meia,6,1.0,0.0,0.0,0,0.0,False,False,PAL,0.627,valor_bom,0.0,0.0,0.0,28.9,desfavoravel,1.9,0.05,-24.5,1.433,1.12,0.834,0.533,0.7,0.176,
103347,Matheus Alexandre,REM,Lateral,6,4.19,0.0,1.92,11,0.0,False,True,GRE,-0.202,neutro,2.661,1.1,1.0,66.4,neutro,2.87,0.95,23.8,0.875,1.191,1.12,1.032,0.0,0.462,
121811,Da Silva,CHA,Meia,6,3.0,0.0,0.0,0,0.0,False,False,VIT,-2.076,armadilha_forte,0.0,0.0,0.0,27.8,desfavoravel,1.88,0.225,-50.0,1.117,0.713,1.0,1.2,0.45,0.153,
101820,Mayk,REM,Lateral,6,5.75,0.0,3.27,14,0.0,False,True,GRE,-0.348,neutro,3.419,2.27,1.0,66.4,neutro,3.56,0.95,23.8,0.875,1.191,1.12,1.032,0.0,0.462,
97905,Matheus Aurélio,CHA,Goleiro,6,2.61,0.0,1.7,2,0.0,False,False,VIT,1.422,valor_bom,3.101,1.7,0.25,50.3,neutro,3.46,0.825,-50.0,1.117,0.713,1.0,1.2,0.45,0.153,
123016,David Braga,REM,Meia,6,2.88,0.0,1.05,11,0.0,False,True,GRE,-0.529,armadilha_leve,1.055,1.05,1.0,44.0,neutro,2.05,0.525,23.8,0.875,1.191,1.12,1.032,0.0,0.462,
124264,Kauan Jesus,INT,Goleiro,6,1.0,0.0,0.0,0,0.0,False,True,COR,0.163,neutro,0.0,0.0,0.0,46.7,neutro,2.1,0.45,-2.6,1.12,1.244,0.772,1.75,0.3,0.379,
149993,Iago Machado,COR,Zagueiro,2,1.11,0.22,0.6,2,1.2,True,False,INT,1.636,valor_oculto,1.295,0.6,0.25,51.5,neutro,2.6,0.9,2.6,0.772,1.75,1.12,1.244,0.0,0.295,
94034,Kevin Ramírez,CHA,Atacante,6,4.21,0.0,3.18,5,0.0,False,False,VIT,0.267,neutro,2.816,2.18,0.625,27.5,desfavoravel,2.83,0.225,-50.0,1.117,0.713,1.0,1.2,0.45,0.153,
147089,Cauã Soares,CAM,Atacante,6,1.39,0.0,0.73,6,0.0,False,False,CAP,0.932,valor_bom,0.854,0.73,0.75,39.3,desfavoravel,1.9,0.15,-40.5,1.059,0.875,1.563,2.1,0.725,0.263,
148717,Tetê,SAO,Atacante,6,0.63,0.0,-0.32,5,0.0,False,False,CRU,2.004,valor_oculto,0.459,0.0,0.625,39.8,desfavoravel,1.81,0.575,-38.1,1.018,0.875,1.333,1.12,0.5,0.219,
130309,Rodrigo Falcão,SAN,Goleiro,6,1.0,0.0,0.0,0,0.0,False,True,FLA,0.163,neutro,0.0,0.0,0.0,37.6,neutro,2.0,0.0,-11.9,1.302,0.683,1.018,0.487,1.0,0.228,
149991,David,CFC,Atacante,6,0.92,0.0,0.0,1,0.0,False,False,FLU,1.825,valor_oculto,0.841,0.0,0.125,38.9,desfavoravel,2.33,0.325,-33.4,1.362,1.693,1.273,1.244,0.375,0.153,
130282,Anthony,BOT,Zagueiro,6,3.0,0.0,0.0,0,0.0,False,True,VAS,-2.151,armadilha_forte,0.0,0.0,0.0,51.5,neutro,2.16,0.55,29.5,0.546,0.996,1.747,0.922,0.425,0.308,
150197,Osorio,SAO,Zagueiro,6,1.38,0.0,1.33,6,0.0,False,False,CRU,1.375,valor_bom,1.41,0.5,0.75,29.0,desfavoravel,2.65,0.225,-38.1,1.018,0.875,1.333,1.12,0.5,0.219,
146701,Benjamin Arhin,INT,Meia,6,1.73,0.0,-0.3,1,0.0,False,True,COR,0.649,valor_bom,0.912,0.0,0.125,45.6,neutro,2.44,0.25,-2.6,1.12,1.244,0.772,1.75,0.3,0.379,
130399,Igor Felisberto,SAO,Lateral,6,1.0,0.0,0.0,0,0.0,False,False,CRU,0.44,neutro,0.0,0.0,0.0,27.6,desfavoravel,1.88,0.225,-38.1,1.018,0.875,1.333,1.12,0.5,0.219,
149994,Jhuan Nunes,RBB,Atacante,6,1.54,0.0,1.15,2,0.0,False,True,MIR,0.854,valor_bom,0.987,1.15,0.25,48.7,neutro,2.57,0.6,28.2,0.848,1.575,1.188,0.8,0.1,0.58,0.566
150757,Samuel Pierri,SAN,Meia,6,1.88,0.0,0.45,2,0.0,False,True,FLA,0.478,neutro,0.94,0.45,0.25,34.6,neutro,2.24,0.1,-11.9,1.302,0.683,1.018,0.487,1.0,0.228,
141795,Kauan Coutinho,VIT,Zagueiro,6,1.0,0.0,0.0,0,0.0,False,True,CHA,0.182,neutro,0.0,0.0,0.0,74.8,favoravel,2.43,0.825,50.0,1.0,1.2,1.117,0.713,0.325,0.63,
141405,Avellar,VAS,Lateral,6,2.8,0.0,3.45,2,0.0,False,False,BOT,0.474,neutro,2.165,3.45,0.25,41.8,neutro,2.91,0.225,-29.5,1.747,0.922,0.546,0.996,0.7,0.433,
85465,Alex Santana,COR,Meia,6,4.02,0.0,0.8,1,0.0,False,False,INT,-0.088,neutro,2.122,0.8,0.125,39.1,neutro,2.95,0.575,2.6,0.772,1.75,1.12,1.244,0.0,0.295,
150180,Ramon Rique,VAS,Meia,6,4.31,1.69,3.08,8,9.5,True,False,BOT,0.454,neutro,2.684,1.21,1.0,78.0,favoravel_visitante,2.93,0.95,-29.5,1.747,0.922,0.546,0.996,0.7,0.433,
145660,Luiz Felipe,INT,Lateral,6,1.65,0.0,1.45,2,0.0,False,True,COR,1.472,valor_bom,1.765,1.45,0.25,45.6,neutro,2.76,0.45,-2.6,1.12,1.244,0.772,1.75,0.3,0.379,
142868,Johnny,FLA,Lateral,6,0.89,0.0,0.0,1,0.0,False,False,SAN,2.719,valor_oculto,1.639,0.0,0.125,64.0,neutro,3.0,0.6,11.9,1.018,0.487,1.302,0.683,1.0,0.511,
143253,Wendell,VIT,Meia,6,2.0,0.0,0.0,0,0.0,False,True,CHA,-0.954,armadilha_leve,0.0,0.0,0.0,66.9,neutro,2.34,0.75,50.0,1.0,1.2,1.117,0.713,0.325,0.63,
130233,Iuri,BAH,Goleiro,6,1.0,0.0,0.0,0,0.0,False,False,PAL,0.163,neutro,0.0,0.0,0.0,33.5,desfavoravel,1.95,0.1,-24.5,1.433,1.12,0.834,0.533,0.7,0.176,
150826,Nícollas,COR,Atacante,6,1.0,0.0,0.0,0,0.0,False,False,INT,0.552,valor_bom,0.0,0.0,0.0,37.8,neutro,2.0,0.575,2.6,0.772,1.75,1.12,1.244,0.0,0.295,
132750,João Pedro,SAN,Goleiro,6,1.0,0.0,0.0,0,0.0,False,True,FLA,0.163,neutro,0.0,0.0,0.0,37.6,neutro,2.0,0.0,-11.9,1.302,0.683,1.018,0.487,1.0,0.228,
150825,Breno,RBB,Zagueiro,6,2.8,0.0,3.35,2,0.0,False,True,MIR,0.349,neutro,1.845,1.85,0.25,58.0,neutro,2.94,0.75,28.2,0.848,1.575,1.188,0.8,0.1,0.58,0.566
144898,Vitinho,CAP,Lateral,6,1.0,0.0,0.0,0,0.0,False,True,CAM,0.44,neutro,0.0,0.0,0.0,62.7,favoravel,2.29,0.7,40.5,1.563,2.1,1.059,0.875,0.6,0.451,
148092,Vitor Ramon,GRE,Lateral,6,1.0,0.0,0.2,1,0.0,False,False,REM,2.511,valor_oculto,1.661,0.2,0.125,53.2,neutro,2.89,0.825,-23.8,1.12,1.032,0.875,1.191,0.25,0.265,
147792,Koné,PAL,Zagueiro,6,2.0,0.0,0.0,0,0.0,False,True,BAH,-1.183,armadilha_leve,0.0,0.0,0.0,48.8,neutro,2.13,0.15,24.5,0.834,0.533,1.433,1.12,0.675,0.602,
150959,Davizinho,SAN,Lateral,6,2.01,0.0,1.62,4,0.0,False,True,FLA,0.948,valor_bom,1.769,0.87,0.5,36.2,neutro,2.47,0.0,-11.9,1.302,0.683,1.018,0.487,1.0,0.228,
150952,Arthur Monteiro,CAP,Lateral,6,1.0,0.0,0.0,0,0.0,False,True,CAM,0.44,neutro,0.0,0.0,0.0,62.7,favoravel,2.29,0.7,40.5,1.563,2.1,1.059,0.875,0.6,0.451,
144255,João Alencar,SAN,Zagueiro,6,1.0,0.0,0.0,0,0.0,False,True,FLA,0.182,neutro,0.0,0.0,0.0,37.5,neutro,2.0,0.0,-11.9,1.302,0.683,1.018,0.487,1.0,0.228,
106147,Thiago Carpini,REM,Técnico,7,8.47,0.63,4.13,1,4.13,True,True,GRE,0.185,neutro,4.702,4.13,0.125,43.4,neutro,4.24,0.525,23.8,0.875,1.191,1.12,1.032,0.0,0.462,
148126,Weimar Palacios,RBB,Zagueiro,6,1.0,0.0,0.0,0,0.0,False,True,MIR,0.182,neutro,0.0,0.0,0.0,58.0,neutro,2.24,0.75,28.2,0.848,1.575,1.188,0.8,0.1,0.58,0.566
141382,Gustavo Santana,SAO,Atacante,6,3.6,0.0,3.6,4,0.0,False,False,CRU,0.927,valor_bom,2.925,1.6,0.5,39.8,desfavoravel,3.05,0.575,-38.1,1.018,0.875,1.333,1.12,0.5,0.219,
129665,Pablo,VAS,Goleiro,6,1.0,0.0,0.0,0,0.0,False,False,BOT,0.163,neutro,0.0,0.0,0.0,43.0,neutro,2.06,0.225,-29.5,1.747,0.922,0.546,0.996,0.7,0.433,
130279,Lukas Zuccarello,VAS,Meia,6,2.32,0.0,1.3,1,0.0,False,False,BOT,0.125,neutro,1.089,1.3,0.125,78.0,favoravel_visitante,2.9,0.95,-29.5,1.747,0.922,0.546,0.996,0.7,0.433,
150995,Sayago,FLA,Meia,6,2.0,0.0,0.0,0,0.0,False,False,SAN,-0.954,armadilha_leve,0.0,0.0,0.0,64.6,neutro,2.31,0.725,11.9,1.018,0.487,1.302,0.683,1.0,0.511,
147736,Pepê Fermino,SAN,Meia,6,1.0,0.0,0.0,0,0.0,False,True,FLA,0.627,valor_bom,0.0,0.0,0.0,34.6,neutro,1.96,0.1,-11.9,1.302,0.683,1.018,0.487,1.0,0.228,
147544,Gabriel Menegon,GRE,Goleiro,6,1.81,0.0,0.0,1,0.0,False,False,REM,2.619,valor_oculto,3.661,0.0,0.125,54.2,neutro,3.86,0.825,-23.8,1.12,1.032,0.875,1.191,0.25,0.265,
141536,Yuri Alves,RBB,Meia,6,1.55,0.0,1.05,4,0.0,False,True,MIR,1.114,valor_bom,1.059,1.05,0.5,49.3,neutro,2.29,0.6,28.2,0.848,1.575,1.188,0.8,0.1,0.58,0.566
