atleta_id,nome,clube,posicao,status_id,preco,variacao,media,jogos,pontos_rodada,entrou_em_campo,mandante,adversario,residuo_z,armadilha_label,media_bayesiana,pb_media,confiabilidade,score_confronto_100,condicao_mando,pontos_esperados,oportunidade_confronto,vantagem_mando,time_momentum_of,time_momentum_def,adv_momentum_of,adv_momentum_def,forma_score_time,prob_vitoria,prob_gols
99789,Brenner,VAS,Atacante,2,6.94,-0.13,2.9,14,1.8,True,True,SAN,-0.113,neutro,3.612,2.33,1.0,64.8,neutro,2.64,0.95,36.7,0.183,0.813,1.159,1.2,0.275,0.475,0.47
145404,Arthur,PAL,Lateral,6,4.22,0.0,4.16,14,0.0,False,False,FLU,1.323,valor_bom,3.885,2.87,1.0,54.1,neutro,3.04,0.225,0.0,1.042,0.825,0.568,0.677,0.65,0.0,
68952,Marinho,VIT,Atacante,6,5.27,0.54,2.06,7,3.9,True,True,BOT,-0.959,armadilha_leve,2.154,2.06,0.875,48.9,neutro,2.25,0.825,30.9,0.2,1.067,0.6,0.509,0.175,0.382,
145436,Belé,PAL,Atacante,6,3.0,0.0,0.0,0,0.0,False,False,FLU,-1.853,armadilha_forte,0.0,0.0,0.0,51.0,neutro,0.97,0.425,0.0,1.042,0.825,0.568,0.677,0.65,0.0,
146623,Luis Pacheco,PAL,Meia,6,1.98,0.0,0.0,3,0.0,False,False,FLU,0.095,neutro,0.745,0.0,0.375,48.5,neutro,1.48,0.425,0.0,1.042,0.825,0.568,0.677,0.65,0.0,
140496,Tiaguinho,GRE,Meia,6,0.93,0.0,0.0,1,0.0,False,False,CAM,1.804,valor_oculto,0.911,0.0,0.125,62.2,neutro,2.08,0.95,-46.0,1.4,1.4,0.933,0.778,0.525,0.0,0.467
141551,Índio,CAM,Meia,5,1.0,0.0,0.0,0,0.0,False,True,GRE,0.535,valor_bom,0.0,0.0,0.0,68.4,favoravel,1.69,0.475,46.0,0.933,0.778,1.4,1.4,0.65,0.519,0.467
107075,Yuri Sena,VIT,Goleiro,6,1.0,0.0,0.0,0,0.0,False,True,BOT,0.266,neutro,0.0,0.0,0.0,65.3,favoravel,1.56,0.1,30.9,0.2,1.067,0.6,0.509,0.175,0.382,
130608,Riquelme Fillipi,PAL,Atacante,6,1.46,0.0,1.37,3,0.0,False,False,FLU,0.903,valor_bom,0.895,1.37,0.375,51.0,neutro,1.67,0.425,0.0,1.042,0.825,0.568,0.677,0.65,0.0,
87552,Vitor Bueno,REM,Meia,6,7.61,0.97,3.56,15,7.0,True,False,INT,0.192,neutro,3.736,1.89,1.0,52.6,neutro,2.26,0.5,-12.2,1.015,0.856,0.574,1.304,0.45,0.0,
110598,Marino Hinestroza,VAS,Atacante,6,5.63,-0.13,1.83,9,1.0,True,True,SAN,-1.311,armadilha_leve,2.021,1.83,1.0,64.8,neutro,2.65,0.95,36.7,0.183,0.813,1.159,1.2,0.275,0.475,0.47
130906,Riquelme,CAP,Meia,6,1.53,0.62,1.06,5,3.0,True,True,RBB,1.029,valor_bom,1.038,1.06,0.625,52.1,neutro,1.83,0.2,32.1,1.027,0.232,1.131,0.764,0.875,0.445,0.434
94930,Lucas Paquetá,FLA,Meia,6,13.54,-1.32,6.05,12,1.5,True,False,MIR,0.294,neutro,5.256,4.8,1.0,65.4,neutro,3.69,0.675,9.1,1.185,0.467,1.05,0.98,0.775,0.0,0.467
101729,Fabinho,CFC,Atacante,6,1.43,0.0,-0.03,7,0.0,False,False,SAO,0.338,neutro,0.368,0.0,0.875,36.0,desfavoravel,0.95,0.3,-17.5,0.489,1.214,0.646,1.176,0.4,0.0,0.481
90370,Matheus Pereira,COR,Meia,6,3.6,0.0,1.04,13,0.0,False,True,CRU,-0.598,armadilha_leve,1.386,1.04,1.0,72.1,neutro,2.7,0.7,7.8,1.65,0.44,1.027,0.568,0.775,0.406,
147088,Cissé,CAM,Meia,7,2.29,-0.13,1.71,11,1.3,True,True,GRE,0.604,valor_bom,1.422,1.26,1.0,68.4,favoravel,2.56,0.475,46.0,0.933,0.778,1.4,1.4,0.65,0.519,0.467
141628,Pablo Lúcio,FLA,Meia,6,2.0,0.0,0.0,0,0.0,False,False,MIR,-0.865,armadilha_leve,0.0,0.0,0.0,65.4,neutro,1.57,0.675,9.1,1.185,0.467,1.05,0.98,0.775,0.0,0.467
146632,Alisson,INT,Lateral,6,1.0,0.0,0.0,0,0.0,False,True,REM,0.334,neutro,0.0,0.0,0.0,47.1,neutro,0.81,0.575,12.2,0.574,1.304,1.015,0.856,0.275,0.582,
118844,Kaio César,COR,Atacante,6,10.19,-0.21,6.38,10,2.9,True,True,CRU,1.084,valor_bom,5.703,4.28,1.0,74.4,favoravel,3.9,0.7,7.8,1.65,0.44,1.027,0.568,0.775,0.406,
124270,Allex,INT,Meia,6,2.38,0.0,1.55,8,0.0,False,True,REM,0.342,neutro,1.287,1.55,1.0,59.0,neutro,2.61,0.9,12.2,0.574,1.304,1.015,0.856,0.275,0.582,
142638,João Victor,INT,Atacante,5,1.0,0.0,0.0,0,0.0,False,True,REM,0.604,valor_bom,0.0,0.0,0.0,62.7,favoravel,1.46,0.9,12.2,0.574,1.304,1.015,0.856,0.275,0.582,
147883,João Vitor,VAS,Atacante,6,3.49,0.0,3.13,4,0.0,False,True,SAN,0.663,valor_bom,2.534,3.13,0.5,64.8,favoravel,3.05,0.95,36.7,0.183,0.813,1.159,1.2,0.275,0.475,0.47
145036,Fernando Pradella,SAN,Atacante,6,0.82,0.0,0.0,1,0.0,False,False,VAS,1.673,valor_oculto,0.637,0.0,0.125,54.4,neutro,1.59,0.8,-36.7,1.159,1.2,0.183,0.813,0.275,0.0,0.47
141615,Pedro Ferreira,SAO,Meia,6,1.51,0.0,1.2,2,0.0,False,True,CFC,1.084,valor_bom,1.06,1.2,0.25,53.6,neutro,1.85,0.6,17.5,0.646,1.176,0.489,1.214,0.175,0.561,0.481
147202,João Bezerra,INT,Atacante,6,1.19,-0.19,0.6,2,0.0,True,True,REM,1.083,valor_bom,0.694,0.6,0.25,62.7,favoravel,1.99,0.9,12.2,0.574,1.304,1.015,0.856,0.275,0.582,
141406,Andrey Fernandes,VAS,Atacante,6,1.41,0.0,1.7,1,0.0,False,True,SAN,0.896,valor_bom,0.826,1.7,0.125,64.8,favoravel,2.13,0.95,36.7,0.183,0.813,1.159,1.2,0.275,0.475,0.47
104134,Fabri,VIT,Atacante,6,4.67,-0.6,2.33,8,0.0,True,True,BOT,-0.454,neutro,2.283,1.71,1.0,48.9,neutro,2.29,0.825,30.9,0.2,1.067,0.6,0.509,0.175,0.382,
130698,Kadu,BOT,Lateral,6,1.0,0.0,0.0,0,0.0,False,False,VIT,0.334,neutro,0.0,0.0,0.0,48.7,neutro,0.88,0.45,-30.9,0.6,0.509,0.2,1.067,0.65,0.0,
131766,Filipinho,RBB,Atacante,6,1.0,0.0,0.0,0,0.0,False,False,CAP,0.604,valor_bom,0.0,0.0,0.0,28.1,desfavoravel,0.03,0.05,-32.1,1.131,0.764,1.027,0.232,0.475,0.0,0.434
147788,Arthur Izaque,BOT,Atacante,6,1.0,0.0,0.0,0,0.0,False,False,VIT,0.604,valor_bom,0.0,0.0,0.0,31.6,desfavoravel,0.17,0.1,-30.9,0.6,0.509,0.2,1.067,0.65,0.0,
129666,JP,VAS,Meia,6,1.41,0.0,0.95,2,0.0,False,True,SAN,1.161,valor_bom,1.01,0.95,0.25,61.8,favoravel,2.14,0.95,36.7,0.183,0.813,1.159,1.2,0.275,0.475,0.47
151492,Marquinhos,RBB,Lateral,6,1.0,0.0,0.0,0,0.0,False,False,CAP,0.334,neutro,0.0,0.0,0.0,32.8,desfavoravel,0.22,0.1,-32.1,1.131,0.764,1.027,0.232,0.475,0.0,0.434
147782,Arthur Novaes,BOT,Meia,6,1.0,0.0,0.0,0,0.0,False,False,VIT,0.535,valor_bom,0.0,0.0,0.0,28.5,desfavoravel,0.04,0.1,-30.9,0.6,0.509,0.2,1.067,0.65,0.0,
148126,Weimar Palacios,RBB,Zagueiro,6,1.0,0.0,0.0,0,0.0,False,False,CAP,0.309,neutro,0.0,0.0,0.0,33.6,desfavoravel,0.25,0.1,-32.1,1.131,0.764,1.027,0.232,0.475,0.0,0.434
147556,Alan Santos,FLA,Atacante,6,1.0,0.0,0.0,0,0.0,False,False,MIR,0.604,valor_bom,0.0,0.0,0.0,67.4,neutro,1.65,0.675,9.1,1.185,0.467,1.05,0.98,0.775,0.0,0.467
109573,Martinelli,FLU,Meia,7,5.27,0.0,1.76,14,0.0,False,True,PAL,-1.112,armadilha_leve,1.828,1.4,1.0,27.8,neutro,1.98,0.05,0.0,0.568,0.677,1.042,0.825,0.5,0.347,
142086,Kauan Toledo,BOT,Atacante,6,2.87,1.08,2.18,5,5.4,True,False,VIT,-0.258,neutro,1.28,2.18,0.625,31.6,desfavoravel,1.22,0.1,-30.9,0.6,0.509,0.2,1.067,0.65,0.0,
150995,Sayago,FLA,Meia,6,2.0,0.0,0.0,0,0.0,False,False,MIR,-0.865,armadilha_leve,0.0,0.0,0.0,65.4,neutro,1.57,0.675,9.1,1.185,0.467,1.05,0.98,0.775,0.0,0.467
147544,Gabriel Menegon,GRE,Goleiro,6,1.81,0.0,0.0,1,0.0,False,False,CAM,2.509,valor_oculto,3.347,0.0,0.125,16.5,desfavoravel,1.87,0.35,-46.0,1.4,1.4,0.933,0.778,0.525,0.0,0.467
145703,Kaio Nóbrega,FLA,Meia,6,1.0,0.0,0.0,0,0.0,False,False,MIR,0.535,valor_bom,0.0,0.0,0.0,65.4,neutro,1.57,0.675,9.1,1.185,0.467,1.05,0.98,0.775,0.0,0.467
147736,Pepê Fermino,SAN,Meia,5,1.0,0.0,0.0,0,0.0,False,False,VAS,0.535,valor_bom,0.0,0.0,0.0,52.0,neutro,1.01,0.8,-36.7,1.159,1.2,0.183,0.813,0.275,0.0,0.47
141125,Robert,CAM,Goleiro,6,1.0,0.0,0.0,0,0.0,False,True,GRE,0.266,neutro,0.0,0.0,0.0,67.3,favoravel,1.65,0.9,46.0,0.933,0.778,1.4,1.4,0.65,0.519,0.467
144889,Victor Gabriel,PAL,Meia,6,1.0,0.0,0.0,0,0.0,False,False,FLU,0.535,valor_bom,0.0,0.0,0.0,48.5,neutro,0.87,0.425,0.0,1.042,0.825,0.568,0.677,0.65,0.0,
130307,Wallace,GRE,Zagueiro,7,6.08,3.08,8.7,1,8.7,True,False,CAM,1.69,valor_oculto,4.465,2.7,0.125,17.2,desfavoravel,3.25,0.35,-46.0,1.4,1.4,0.933,0.778,0.525,0.0,0.467
151003,Eduardo,PAL,Atacante,6,1.0,0.0,0.0,0,0.0,False,False,FLU,0.604,valor_bom,0.0,0.0,0.0,51.0,neutro,0.97,0.425,0.0,1.042,0.825,0.568,0.677,0.65,0.0,
145413,Rafael Coutinho,PAL,Meia,6,1.0,0.0,0.0,0,0.0,False,False,FLU,0.535,valor_bom,0.0,0.0,0.0,48.5,neutro,0.87,0.425,0.0,1.042,0.825,0.568,0.677,0.65,0.0,
97101,Gabriel Rojas,CRU,Lateral,7,6.83,-1.38,3.85,4,0.5,True,False,COR,-0.644,armadilha_leve,3.553,3.1,0.5,38.6,desfavoravel,2.75,0.95,-7.8,1.027,0.568,1.65,0.44,0.75,0.0,
141536,Yuri Alves,RBB,Meia,6,1.48,0.48,1.5,1,1.5,True,False,CAP,1.148,valor_bom,1.078,1.5,0.125,25.0,desfavoravel,0.68,0.05,-32.1,1.131,0.764,1.027,0.232,0.475,0.0,0.434
94214,Léo Duarte,CAM,Zagueiro,5,5.0,0.0,0.0,0,0.0,False,True,GRE,-3.113,armadilha_forte,0.0,0.0,0.0,67.4,neutro,1.65,0.9,46.0,0.933,0.778,1.4,1.4,0.65,0.519,0.467
146663,Kauan Lima,PAL,Goleiro,6,1.0,0.0,0.0,0,0.0,False,False,FLU,0.266,neutro,0.0,0.0,0.0,54.5,neutro,1.12,0.225,0.0,1.042,0.825,0.568,0.677,0.65,0.0,
107203,Max,CHA,Meia,6,4.39,-0.51,1.85,2,0.5,True,True,BAH,-0.464,neutro,1.928,1.85,0.25,27.1,neutro,1.85,0.475,-26.7,0.63,1.074,0.607,0.352,0.125,0.275,
151120,Jorge Rivaldo,CAP,Atacante,6,4.42,0.0,-0.3,1,0.0,False,True,RBB,-0.673,armadilha_leve,1.955,0.0,0.125,55.1,neutro,2.47,0.2,32.1,1.027,0.232,1.131,0.764,0.875,0.445,0.434
102310,Matheus Felipe,REM,Zagueiro,6,4.14,-0.51,2.7,2,0.5,True,False,INT,0.531,valor_bom,2.655,1.2,0.25,48.2,neutro,2.62,0.85,-12.2,1.015,0.856,0.574,1.304,0.45,0.0,
106907,Rafael Lacerda,CHA,Técnico,7,7.72,-0.32,3.34,3,3.15,True,True,BAH,-1.076,armadilha_leve,4.295,3.34,0.375,29.3,neutro,2.56,0.475,-26.7,0.63,1.074,0.607,0.352,0.125,0.275,
37715,Thiago Silva,FLU,Zagueiro,6,7.07,0.0,2.5,2,0.0,False,True,PAL,0.309,neutro,3.648,1.0,0.25,50.4,neutro,3.31,0.0,0.0,0.568,0.677,1.042,0.825,0.5,0.347,
98617,Maripán,INT,Zagueiro,7,4.74,0.4,1.92,4,4.7,True,True,REM,-0.113,neutro,2.403,1.17,0.5,47.7,neutro,3.24,0.575,12.2,0.574,1.304,1.015,0.856,0.275,0.582,
114208,Alejo Véliz,BAH,Atacante,7,4.01,-0.72,0.67,3,-0.3,True,False,CHA,-0.562,armadilha_leve,1.809,0.67,0.375,68.8,neutro,2.96,1.0,26.7,0.607,0.352,0.63,1.074,0.55,0.0,
124369,Léo Aragão,CRU,Goleiro,6,2.0,0.0,0.0,0,0.0,False,False,COR,-0.802,armadilha_leve,0.0,0.0,0.0,39.0,desfavoravel,0.48,0.95,-7.8,1.027,0.568,1.65,0.44,0.75,0.0,
108946,Victor Sá,SAO,Atacante,6,4.32,-0.77,0.3,3,0.0,True,True,CFC,-0.892,armadilha_leve,1.708,0.3,0.375,57.2,neutro,2.37,0.6,17.5,0.646,1.176,0.489,1.214,0.175,0.561,0.481
120681,Marco Moreno,BAH,Zagueiro,6,4.0,0.0,0.0,0,0.0,False,False,CHA,-2.545,armadilha_forte,0.0,0.0,0.0,74.8,neutro,1.96,0.75,26.7,0.607,0.352,0.63,1.074,0.55,0.0,
101995,Brítez,VIT,Zagueiro,6,5.26,0.26,2.1,2,3.0,True,True,BOT,-0.226,neutro,2.535,2.1,0.25,65.4,neutro,4.44,0.1,30.9,0.2,1.067,0.6,0.509,0.175,0.382,
103626,Ocampo,CFC,Atacante,2,4.51,-0.57,1.1,3,0.0,True,False,SAO,-0.763,armadilha_leve,1.927,1.1,0.375,36.0,desfavoravel,1.71,0.3,-17.5,0.489,1.214,0.646,1.176,0.4,0.0,0.481
130443,Luciano,CHA,Zagueiro,6,1.0,0.0,0.0,0,0.0,False,True,BAH,0.309,neutro,0.0,0.0,0.0,37.0,neutro,0.4,0.25,-26.7,0.63,1.074,0.607,0.352,0.125,0.275,
112985,Peralta,CRU,Meia,5,4.0,0.0,0.0,0,0.0,False,False,COR,-2.628,armadilha_forte,0.0,0.0,0.0,37.5,desfavoravel,0.42,0.175,-7.8,1.027,0.568,1.65,0.44,0.75,0.0,
117061,Gabriel Knesowitsch,MIR,Zagueiro,7,2.25,-0.19,-0.03,3,0.0,True,True,FLA,0.191,neutro,1.171,0.0,0.375,38.5,neutro,0.93,0.05,-9.1,1.05,0.98,1.185,0.467,0.5,0.229,0.467
105901,Edson Fernando,REM,Meia,6,2.62,0.0,-0.3,1,0.0,False,False,INT,-0.409,neutro,0.878,0.0,0.125,52.6,neutro,1.67,0.5,-12.2,1.015,0.856,0.574,1.304,0.45,0.0,
151294,Juan Ferreira,CHA,Meia,6,1.0,0.0,0.0,0,0.0,False,True,BAH,0.535,valor_bom,0.0,0.0,0.0,27.1,neutro,-0.01,0.475,-26.7,0.63,1.074,0.607,0.352,0.125,0.275,
106199,Gabriel Pec,CRU,Atacante,5,7.94,0.0,4.1,1,0.0,False,False,COR,0.807,valor_bom,4.773,4.1,0.125,40.3,neutro,3.73,0.175,-7.8,1.027,0.568,1.65,0.44,0.75,0.0,
101254,Alef Manga,REM,Atacante,6,8.35,0.04,4.8,22,4.2,True,False,INT,0.696,valor_bom,4.815,2.3,1.0,54.9,neutro,4.5,0.5,-12.2,1.015,0.856,0.574,1.304,0.45,0.0,
141763,Fabiano Souza,VIT,Lateral,7,3.85,-0.04,0.23,3,1.3,True,True,BOT,-1.348,armadilha_leve,1.439,0.23,0.375,64.8,neutro,4.37,0.1,30.9,0.2,1.067,0.6,0.509,0.175,0.382,
99267,Pochettino,VIT,Meia,6,5.21,-0.62,1.23,3,0.5,True,True,BOT,-1.174,armadilha_leve,1.752,1.23,0.375,46.1,neutro,1.98,0.825,30.9,0.2,1.067,0.6,0.509,0.175,0.382,
128177,Pedro Emanuel,VAS,Técnico,7,11.37,0.75,5.8,2,7.3,True,True,SAN,0.009,neutro,5.96,5.8,0.25,62.8,favoravel,5.14,0.95,36.7,0.183,0.813,1.159,1.2,0.275,0.475,0.47
123445,Dantas,CAP,Meia,6,5.1,0.1,1.5,1,1.5,True,True,RBB,-0.93,armadilha_leve,1.897,1.5,0.125,52.1,neutro,2.31,0.2,32.1,1.027,0.232,1.131,0.764,0.875,0.445,0.434
109114,Matheus Nascimento,GRE,Atacante,6,4.0,0.0,0.0,0,0.0,False,False,CAM,-2.643,armadilha_forte,0.0,0.0,0.0,64.3,neutro,1.52,0.95,-46.0,1.4,1.4,0.933,0.778,0.525,0.0,0.467
103562,Guido Herrera,BAH,Goleiro,6,6.0,0.0,0.0,0,0.0,False,False,CHA,-3.033,armadilha_forte,0.0,0.0,0.0,74.9,neutro,1.96,0.75,26.7,0.607,0.352,0.63,1.074,0.55,0.0,
99034,Elias,MIR,Lateral,6,3.41,0.41,1.8,1,1.8,True,True,FLA,-0.446,neutro,1.882,1.8,0.125,37.8,neutro,1.73,0.05,-9.1,1.05,0.98,1.185,0.467,0.5,0.229,0.467
113558,Bruninho,RBB,Meia,5,4.0,0.0,0.0,0,0.0,False,False,CAP,-2.628,armadilha_forte,0.0,0.0,0.0,25.0,desfavoravel,-0.1,0.05,-32.1,1.131,0.764,1.027,0.232,0.475,0.0,0.434
122121,Túlio Eduardo,CHA,Atacante,7,6.35,3.35,9.4,1,9.4,True,True,BAH,2.18,valor_oculto,5.362,1.4,0.125,30.2,neutro,3.74,0.475,-26.7,0.63,1.074,0.607,0.352,0.125,0.275,
101352,Bruno Matias,CHA,Meia,6,3.21,0.99,1.23,3,4.5,True,True,BAH,-0.676,armadilha_leve,1.081,1.23,0.375,27.1,neutro,0.84,0.475,-26.7,0.63,1.074,0.607,0.352,0.125,0.275,
151404,Lucas Emanuel,BOT,Atacante,6,1.45,0.45,1.4,1,1.4,True,False,VIT,0.8,valor_bom,0.793,1.4,0.125,31.6,desfavoravel,0.76,0.1,-30.9,0.6,0.509,0.2,1.067,0.65,0.0,
126996,Paulinho,VAS,Lateral,6,4.0,0.0,0.0,0,0.0,False,True,SAN,-3.204,armadilha_forte,0.0,0.0,0.0,64.8,neutro,1.54,0.15,36.7,0.183,0.813,1.159,1.2,0.275,0.475,0.47
103967,Bruno Santos,MIR,Atacante,7,3.32,-0.04,0.6,3,1.4,True,True,FLA,-1.335,armadilha_leve,0.685,0.6,0.375,35.0,neutro,1.01,0.1,-9.1,1.05,0.98,1.185,0.467,0.5,0.229,0.467
91204,Warleson,BOT,Goleiro,7,6.32,0.19,7.45,2,3.9,True,False,VIT,1.343,valor_bom,4.794,4.95,0.25,49.1,neutro,3.97,0.45,-30.9,0.6,0.509,0.2,1.067,0.65,0.0,
132553,Jemmes,FLU,Zagueiro,6,6.82,-0.56,3.62,15,3.5,True,True,PAL,0.504,valor_bom,3.73,2.69,1.0,50.4,neutro,2.91,0.0,0.0,0.568,0.677,1.042,0.825,0.5,0.347,
91130,Fernandinho,MIR,Atacante,7,4.94,0.83,4.15,2,4.8,True,True,FLA,-0.231,neutro,2.619,4.15,0.25,35.0,neutro,2.1,0.1,-9.1,1.05,0.98,1.185,0.467,0.5,0.229,0.467
98333,Gabriel Batista,BOT,Goleiro,6,3.0,0.0,0.0,0,0.0,False,False,VIT,-1.559,armadilha_forte,0.0,0.0,0.0,49.1,neutro,0.89,0.45,-30.9,0.6,0.509,0.2,1.067,0.65,0.0,
97450,Gustavo Mosquito,MIR,Atacante,6,4.99,0.0,1.65,2,0.0,False,True,FLA,-0.838,armadilha_leve,2.119,1.65,0.25,35.0,neutro,2.45,0.1,-9.1,1.05,0.98,1.185,0.467,0.5,0.229,0.467
151405,Victor Hugo,BOT,Meia,6,1.0,0.0,0.0,0,0.0,False,False,VIT,0.535,valor_bom,0.0,0.0,0.0,28.5,desfavoravel,0.04,0.1,-30.9,0.6,0.509,0.2,1.067,0.65,0.0,
124483,Lucas Monzón,BOT,Zagueiro,6,4.0,0.0,0.0,0,0.0,False,False,VIT,-2.545,armadilha_forte,0.0,0.0,0.0,49.3,neutro,0.9,0.45,-30.9,0.6,0.509,0.2,1.067,0.65,0.0,
122321,Lorran,FLA,Meia,6,8.0,-1.16,5.93,3,-0.7,True,False,MIR,1.092,valor_bom,4.574,4.26,0.375,65.4,neutro,4.25,0.675,9.1,1.185,0.467,1.05,0.98,0.775,0.0,0.467
91626,Paulinho,BOT,Lateral,6,4.4,-0.6,-0.3,1,-0.3,True,False,VIT,0.113,neutro,2.992,0.0,0.125,48.7,neutro,2.89,0.45,-30.9,0.6,0.509,0.2,1.067,0.65,0.0,
146833,Cléber Lucas,BOT,Goleiro,6,1.0,0.0,0.0,0,0.0,False,False,VIT,0.266,neutro,0.0,0.0,0.0,49.1,neutro,0.89,0.45,-30.9,0.6,0.509,0.2,1.067,0.65,0.0,
151406,Herick,BOT,Zagueiro,6,1.0,0.0,0.0,0,0.0,False,False,VIT,0.309,neutro,0.0,0.0,0.0,49.3,neutro,0.9,0.45,-30.9,0.6,0.509,0.2,1.067,0.65,0.0,
118806,Buta,SAO,Lateral,6,5.0,0.0,0.0,0,0.0,False,True,CFC,-3.908,armadilha_forte,0.0,0.0,0.0,59.9,neutro,1.34,0.2,17.5,0.646,1.176,0.489,1.214,0.175,0.561,0.481
141339,Paulo Roberto,CFC,Atacante,6,3.54,0.0,4.1,2,0.0,False,False,SAO,0.71,valor_bom,2.609,0.1,0.25,36.0,desfavoravel,2.13,0.3,-17.5,0.489,1.214,0.646,1.176,0.4,0.0,0.481
106593,Villalba,CRU,Zagueiro,6,7.01,-0.01,2.69,11,4.7,True,False,COR,-0.185,neutro,3.214,1.42,1.0,39.4,desfavoravel,2.45,0.95,-7.8,1.027,0.568,1.65,0.44,0.75,0.0,
115247,Kaique,PAL,Goleiro,6,1.0,0.0,0.0,0,0.0,False,False,FLU,0.266,neutro,0.0,0.0,0.0,54.5,neutro,1.12,0.225,0.0,1.042,0.825,0.568,0.677,0.65,0.0,
131762,Isac,SAO,Zagueiro,6,1.0,0.0,0.0,0,0.0,False,True,CFC,0.309,neutro,0.0,0.0,0.0,60.5,favoravel,1.37,0.2,17.5,0.646,1.176,0.489,1.214,0.175,0.561,0.481
151412,Kássio,CHA,Atacante,6,1.49,0.0,1.5,1,0.0,False,True,BAH,0.755,valor_bom,0.804,1.5,0.125,30.2,neutro,0.71,0.475,-26.7,0.63,1.074,0.607,0.352,0.125,0.275,
144424,Vitor Lamounier,CRU,Goleiro,6,2.0,0.0,0.0,0,0.0,False,False,COR,-0.802,armadilha_leve,0.0,0.0,0.0,39.0,desfavoravel,0.48,0.95,-7.8,1.027,0.568,1.65,0.44,0.75,0.0,
146624,Heittor,PAL,Atacante,6,1.17,0.0,0.55,2,0.0,False,False,FLU,1.104,valor_bom,0.684,0.55,0.25,51.0,neutro,1.51,0.425,0.0,1.042,0.825,0.568,0.677,0.65,0.0,
93637,Bruno Tubarão,CHA,Lateral,7,3.17,0.0,1.1,1,0.0,False,True,BAH,-0.323,neutro,1.805,1.1,0.125,36.3,neutro,2.27,0.25,-26.7,0.63,1.074,0.607,0.352,0.125,0.275,
109097,Jovane Cabral,GRE,Atacante,6,8.34,-0.32,4.35,2,2.9,True,False,CAM,0.632,valor_bom,4.756,1.85,0.25,64.3,neutro,4.76,0.95,-46.0,1.4,1.4,0.933,0.778,0.525,0.0,0.467
151440,Gutte,CAM,Meia,6,1.0,0.0,0.0,0,0.0,False,True,GRE,0.535,valor_bom,0.0,0.0,0.0,68.4,favoravel,1.69,0.475,46.0,0.933,0.778,1.4,1.4,0.65,0.519,0.467
151436,Miguel Bilong,PAL,Atacante,6,2.0,0.0,0.0,0,0.0,False,False,FLU,-0.833,armadilha_leve,0.0,0.0,0.0,51.0,neutro,0.97,0.425,0.0,1.042,0.825,0.568,0.677,0.65,0.0,
106950,Fernando,CHA,Lateral,7,4.38,-0.31,3.1,2,1.2,True,True,BAH,0.551,valor_bom,3.343,3.1,0.25,36.3,neutro,3.33,0.25,-26.7,0.63,1.074,0.607,0.352,0.125,0.275,
150841,Fabricio Prado,INT,Atacante,6,1.0,0.0,0.0,0,0.0,False,True,REM,0.604,valor_bom,0.0,0.0,0.0,62.7,favoravel,1.46,0.9,12.2,0.574,1.304,1.015,0.856,0.275,0.582,
147468,Wellington,CHA,Goleiro,6,1.0,0.0,0.0,0,0.0,False,True,BAH,0.266,neutro,0.0,0.0,0.0,36.6,neutro,0.38,0.25,-26.7,0.63,1.074,0.607,0.352,0.125,0.275,
150842,Gabriel Vinicius,INT,Meia,6,1.0,0.0,0.0,0,0.0,False,True,REM,0.535,valor_bom,0.0,0.0,0.0,59.0,neutro,1.3,0.9,12.2,0.574,1.304,1.015,0.856,0.275,0.582,
122670,Diego Caito,GRE,Lateral,7,5.82,-0.36,5.35,2,1.9,True,False,CAM,0.179,neutro,3.793,2.35,0.25,16.4,desfavoravel,2.89,0.35,-46.0,1.4,1.4,0.933,0.778,0.525,0.0,0.467
114801,Danilo Pereira,BOT,Atacante,7,4.98,-0.02,1.2,1,1.2,True,False,VIT,-0.829,armadilha_leve,2.121,1.2,0.125,31.6,desfavoravel,1.64,0.1,-30.9,0.6,0.509,0.2,1.067,0.65,0.0,
144976,Domingos Andrade,BOT,Meia,6,5.0,0.0,0.0,0,0.0,False,False,VIT,-3.258,armadilha_forte,0.0,0.0,0.0,28.5,desfavoravel,0.04,0.1,-30.9,0.6,0.509,0.2,1.067,0.65,0.0,
95541,Gustavo Cazonatti,MIR,Meia,6,3.88,1.16,2.55,2,5.1,True,True,FLA,0.055,neutro,2.068,2.55,0.25,32.0,neutro,1.42,0.1,-9.1,1.05,0.98,1.185,0.467,0.5,0.229,0.467
151292,Felipe Morais,CRU,Meia,6,1.96,0.0,2.7,1,0.0,False,False,COR,0.704,valor_bom,1.211,2.7,0.125,37.5,desfavoravel,1.27,0.175,-7.8,1.027,0.568,1.65,0.44,0.75,0.0,
127871,Vargas,CAP,Atacante,6,7.23,-0.77,0.0,1,0.0,True,True,RBB,0.575,valor_bom,4.318,0.0,0.125,55.1,neutro,4.0,0.2,32.1,1.027,0.232,1.131,0.764,0.875,0.445,0.434
100596,Krovinovic,GRE,Meia,6,5.0,0.0,0.0,0,0.0,False,False,CAM,-3.258,armadilha_forte,0.0,0.0,0.0,62.2,neutro,1.44,0.95,-46.0,1.4,1.4,0.933,0.778,0.525,0.0,0.467
109461,Calebe,INT,Meia,6,5.63,0.0,0.5,1,0.0,False,True,REM,1.01,valor_bom,3.669,0.5,0.125,59.0,neutro,3.2,0.9,12.2,0.574,1.304,1.015,0.856,0.275,0.582,
147878,Alejandro,VIT,Meia,6,2.0,0.0,0.0,0,0.0,False,True,BOT,-0.865,armadilha_leve,0.0,0.0,0.0,46.1,neutro,0.77,0.825,30.9,0.2,1.067,0.6,0.509,0.175,0.382,
141344,Vitor Tissi,CFC,Meia,6,1.01,0.0,0.35,2,0.0,False,False,SAO,1.637,valor_oculto,0.89,0.35,0.25,33.2,desfavoravel,0.93,0.3,-17.5,0.489,1.214,0.646,1.176,0.4,0.0,0.481
142764,Franco Rossi,CHA,Atacante,6,3.17,0.17,1.2,1,1.2,True,True,BAH,-1.11,armadilha_leve,0.771,1.2,0.125,30.2,neutro,0.69,0.475,-26.7,0.63,1.074,0.607,0.352,0.125,0.275,
117314,Thiago Borbas,CAM,Atacante,6,3.5,-0.5,-0.3,1,-0.3,True,True,GRE,-0.013,neutro,1.955,0.0,0.125,71.7,neutro,3.13,0.475,46.0,0.933,0.778,1.4,1.4,0.65,0.519,0.467
141160,Zé Lucas,CRU,Meia,6,6.54,0.54,2.9,1,2.9,True,False,COR,0.902,valor_bom,3.936,2.9,0.125,37.5,desfavoravel,3.07,0.175,-7.8,1.027,0.568,1.65,0.44,0.75,0.0,
69012,Santos,CAP,Goleiro,6,9.22,0.0,4.25,19,0.0,False,True,RBB,-0.08,neutro,4.214,2.41,1.0,72.3,neutro,5.19,0.575,32.1,1.027,0.232,1.131,0.764,0.875,0.445,0.434
97810,Erick,VIT,Atacante,7,7.98,-0.23,4.29,17,1.3,True,True,BOT,0.443,neutro,4.472,2.17,1.0,48.9,neutro,2.66,0.825,30.9,0.2,1.067,0.6,0.509,0.175,0.382,
147201,João Kempes,INT,Meia,6,2.0,0.0,0.0,0,0.0,False,True,REM,-0.865,armadilha_leve,0.0,0.0,0.0,59.0,neutro,1.3,0.9,12.2,0.574,1.304,1.015,0.856,0.275,0.582,
68685,Alan Patrick,INT,Meia,7,7.28,-0.7,3.86,17,2.0,True,True,REM,0.566,valor_bom,3.926,2.98,1.0,59.0,neutro,4.37,0.9,12.2,0.574,1.304,1.015,0.856,0.275,0.582,
117909,Wesley,CRU,Atacante,6,10.9,2.9,9.5,1,9.5,True,False,COR,0.486,neutro,5.373,1.5,0.125,40.3,neutro,4.13,0.175,-7.8,1.027,0.568,1.65,0.44,0.75,0.0,
105949,Rochet,INT,Goleiro,5,6.28,0.0,3.33,11,0.0,False,True,REM,0.301,neutro,3.667,1.97,1.0,47.4,neutro,2.38,0.575,12.2,0.574,1.304,1.015,0.856,0.275,0.582,
92171,Arthur Cabral,BOT,Atacante,7,10.23,0.04,6.33,16,4.6,True,False,VIT,1.229,valor_bom,5.839,2.52,1.0,31.6,desfavoravel,3.09,0.1,-30.9,0.6,0.509,0.2,1.067,0.65,0.0,
130444,Rodrigo,CHA,Atacante,6,1.0,0.0,0.0,0,0.0,False,True,BAH,0.604,valor_bom,0.0,0.0,0.0,30.2,neutro,0.11,0.475,-26.7,0.63,1.074,0.607,0.352,0.125,0.275,
123795,Lucho Rodríguez,CRU,Atacante,6,7.0,0.0,0.0,0,0.0,False,False,COR,-4.309,armadilha_forte,0.0,0.0,0.0,40.3,neutro,0.53,0.175,-7.8,1.027,0.568,1.65,0.44,0.75,0.0,
104758,Enzo Díaz,SAO,Lateral,6,9.04,0.0,3.9,13,0.0,False,True,CFC,-0.573,armadilha_leve,4.406,3.28,1.0,59.9,neutro,4.68,0.2,17.5,0.646,1.176,0.489,1.214,0.175,0.561,0.481
63007,Neymar,SAN,Meia,7,21.85,0.0,10.02,9,0.0,False,False,VAS,1.199,valor_bom,7.218,6.13,1.0,52.0,neutro,5.61,0.8,-36.7,1.159,1.2,0.183,0.813,0.275,0.0,0.47
68928,Rafael,SAO,Goleiro,7,7.39,-0.5,3.39,21,1.9,True,True,CFC,-0.141,neutro,3.594,2.44,1.0,60.4,neutro,4.99,0.2,17.5,0.646,1.176,0.489,1.214,0.175,0.561,0.481
103056,Gabriel Brazão,SAN,Goleiro,7,5.11,-0.14,2.38,17,0.6,True,False,VAS,-0.341,neutro,2.49,1.5,1.0,34.1,desfavoravel,3.47,0.85,-36.7,1.159,1.2,0.183,0.813,0.275,0.0,0.47
72294,Everson,CAM,Goleiro,7,8.86,-0.68,4.31,21,1.6,True,True,GRE,0.058,neutro,4.26,3.12,1.0,67.3,favoravel,3.3,0.9,46.0,0.933,0.778,1.4,1.4,0.65,0.519,0.467
130121,João Costa,CRU,Atacante,7,4.4,-0.6,-0.3,1,-0.3,True,False,COR,-0.66,armadilha_leve,1.955,0.0,0.125,40.3,neutro,1.88,0.175,-7.8,1.027,0.568,1.65,0.44,0.75,0.0,
42234,Cássio,CRU,Goleiro,5,6.89,0.0,1.32,5,0.0,False,False,COR,-0.49,neutro,3.049,1.32,0.625,39.0,desfavoravel,2.44,0.95,-7.8,1.027,0.568,1.65,0.44,0.75,0.0,
96591,Renan Lodi,CAM,Lateral,6,9.52,0.0,4.84,19,0.0,False,True,GRE,-0.091,neutro,4.955,3.68,1.0,66.8,neutro,3.69,0.9,46.0,0.933,0.778,1.4,1.4,0.65,0.519,0.467
61987,Alex Sandro,FLA,Lateral,7,8.2,0.0,3.53,15,0.0,False,False,MIR,-0.58,armadilha_leve,4.121,2.33,1.0,57.5,neutro,2.3,0.675,9.1,1.185,0.467,1.05,0.98,0.775,0.0,0.467
99274,Alexander Barboza,PAL,Zagueiro,7,10.94,0.79,5.1,14,9.7,True,False,FLU,0.314,neutro,4.677,3.31,1.0,54.7,neutro,4.54,0.225,0.0,1.042,0.825,0.568,0.677,0.65,0.0,
87008,Léo Jardim,VAS,Goleiro,7,6.97,0.81,2.95,20,7.6,True,True,SAN,-0.294,neutro,3.287,2.45,1.0,65.3,neutro,2.23,0.15,36.7,0.183,0.813,1.159,1.2,0.275,0.475,0.47
106313,Domingos Duarte,SAO,Zagueiro,6,5.0,0.0,0.0,0,0.0,False,True,CFC,-3.113,armadilha_forte,0.0,0.0,0.0,60.5,neutro,1.37,0.2,17.5,0.646,1.176,0.489,1.214,0.175,0.561,0.481
37656,Fábio,FLU,Goleiro,7,10.21,0.71,4.67,21,9.9,True,True,PAL,-0.035,neutro,4.521,3.72,1.0,50.1,neutro,4.09,0.0,0.0,0.568,0.677,1.042,0.825,0.5,0.347,
114323,Colidio,VAS,Atacante,6,7.0,0.0,0.0,0,0.0,False,True,SAN,-4.309,armadilha_forte,0.0,0.0,0.0,64.8,neutro,1.54,0.95,36.7,0.183,0.813,1.159,1.2,0.275,0.475,0.47
105436,Carrascal,FLA,Meia,6,11.45,1.69,4.93,14,14.5,True,False,MIR,0.025,neutro,4.616,3.5,1.0,65.4,neutro,3.61,0.675,9.1,1.185,0.467,1.05,0.98,0.775,0.0,0.467
101727,Matheuzinho,COR,Lateral,7,12.62,1.25,6.44,17,18.5,True,True,CRU,0.237,neutro,6.052,4.26,1.0,58.5,neutro,3.89,0.35,7.8,1.65,0.44,1.027,0.568,0.775,0.406,
91101,Ronaldo,BAH,Goleiro,7,8.81,-0.76,5.68,12,8.9,True,False,CHA,0.821,valor_bom,5.06,3.6,1.0,74.9,favoravel_visitante,4.99,0.75,26.7,0.607,0.352,0.63,1.074,0.55,0.0,
80196,Yago Pikachu,REM,Meia,7,4.77,-0.02,2.15,21,0.5,True,False,INT,-0.49,neutro,2.094,1.44,1.0,52.6,neutro,2.88,0.5,-12.2,1.015,0.856,0.574,1.304,0.45,0.0,
109401,Erick Pulga,BAH,Atacante,7,7.23,0.0,3.65,20,0.0,False,False,CHA,0.202,neutro,3.995,3.0,1.0,68.8,neutro,4.05,1.0,26.7,0.607,0.352,0.63,1.074,0.55,0.0,
85425,João Paulo,SAN,Goleiro,6,5.2,0.0,0.15,2,0.0,False,False,VAS,0.412,neutro,3.334,0.15,0.25,34.1,desfavoravel,2.52,0.85,-36.7,1.159,1.2,0.183,0.813,0.275,0.0,0.47
80313,Gilberto,CAP,Lateral,7,7.91,0.28,4.65,11,8.0,True,True,RBB,0.477,neutro,4.894,3.38,1.0,71.7,favoravel,4.08,0.575,32.1,1.027,0.232,1.131,0.764,0.875,0.445,0.434
107908,Hugo,COR,Lateral,5,4.0,0.0,0.0,0,0.0,False,True,CRU,-3.204,armadilha_forte,0.0,0.0,0.0,58.5,neutro,1.28,0.35,7.8,1.65,0.44,1.027,0.568,0.775,0.406,
90768,Fabrício Bruno,CRU,Zagueiro,7,6.89,0.0,2.29,20,0.0,False,False,COR,-0.679,armadilha_leve,2.76,1.69,1.0,39.4,desfavoravel,2.24,0.95,-7.8,1.027,0.568,1.65,0.44,0.75,0.0,
98484,Kanu,BAH,Zagueiro,6,3.68,0.0,0.83,3,0.0,False,False,CHA,-0.665,armadilha_leve,1.406,0.0,0.375,74.8,neutro,2.87,0.75,26.7,0.607,0.352,0.63,1.074,0.55,0.0,
91772,David Duarte,BAH,Zagueiro,7,7.03,0.01,4.38,14,8.0,True,False,CHA,1.003,valor_bom,4.218,2.67,1.0,74.8,favoravel_visitante,3.91,0.75,26.7,0.607,0.352,0.63,1.074,0.55,0.0,
123717,Zé Guilherme,BAH,Lateral,2,4.74,1.06,2.9,4,6.5,True,False,CHA,0.172,neutro,3.236,2.15,0.5,74.3,favoravel_visitante,3.13,0.75,26.7,0.607,0.352,0.63,1.074,0.55,0.0,
101314,Ademir,BAH,Atacante,6,5.59,-0.28,2.35,21,2.0,True,False,CHA,-0.945,armadilha_leve,2.319,1.73,1.0,68.8,neutro,3.01,1.0,26.7,0.607,0.352,0.63,1.074,0.55,0.0,
68996,Willian José,BAH,Atacante,6,7.29,-0.07,2.45,20,0.5,True,False,CHA,-0.813,armadilha_leve,3.138,0.75,1.0,68.8,neutro,3.92,1.0,26.7,0.607,0.352,0.63,1.074,0.55,0.0,
104783,Acevedo,BAH,Meia,7,7.02,-0.05,4.39,19,3.4,True,False,CHA,1.138,valor_bom,4.294,4.39,1.0,66.9,neutro,3.76,1.0,26.7,0.607,0.352,0.63,1.074,0.55,0.0,
105990,Santiago Mingo,BAH,Zagueiro,7,4.87,0.07,2.22,19,5.0,True,False,CHA,-0.251,neutro,2.346,1.27,1.0,74.8,neutro,4.9,0.75,26.7,0.607,0.352,0.63,1.074,0.55,0.0,
113397,Cristian Olivera,BAH,Atacante,5,7.16,0.0,4.1,16,0.0,False,False,CHA,0.644,valor_bom,4.352,3.29,1.0,68.8,neutro,2.58,1.0,26.7,0.607,0.352,0.63,1.074,0.55,0.0,
106822,Rodrigo Nestor,BAH,Meia,7,6.1,0.46,3.42,14,7.1,True,False,CHA,0.756,valor_bom,3.655,2.71,1.0,66.9,neutro,3.43,1.0,26.7,0.607,0.352,0.63,1.074,0.55,0.0,
98022,Erick,BAH,Meia,6,6.04,0.0,3.71,15,0.0,False,False,CHA,1.01,valor_bom,3.834,3.04,1.0,66.9,neutro,2.98,1.0,26.7,0.607,0.352,0.63,1.074,0.55,0.0,
98517,Jean Lucas,BAH,Meia,7,9.37,0.03,5.12,18,3.5,True,False,CHA,0.881,valor_bom,4.795,4.01,1.0,66.9,neutro,2.93,1.0,26.7,0.607,0.352,0.63,1.074,0.55,0.0,
97341,Rogério Ceni,BAH,Técnico,7,10.61,-0.08,5.46,21,5.96,True,False,CHA,-0.368,neutro,5.609,5.46,1.0,67.6,neutro,4.35,1.0,26.7,0.607,0.352,0.63,1.074,0.55,0.0,
97868,Iago,SAO,Lateral,6,4.5,0.0,2.2,4,0.0,False,True,CFC,0.056,neutro,3.003,1.45,0.5,59.9,neutro,2.56,0.2,17.5,0.646,1.176,0.489,1.214,0.175,0.561,0.481
122994,Victor Nascimento,BAH,Goleiro,6,1.0,0.0,0.0,0,0.0,False,False,CHA,0.266,neutro,0.0,0.0,0.0,74.9,favoravel_visitante,1.96,0.75,26.7,0.607,0.352,0.63,1.074,0.55,0.0,
72493,Alex Telles,BOT,Lateral,7,10.27,0.2,4.5,16,10.3,True,False,VIT,-0.613,armadilha_leve,4.743,2.06,1.0,48.7,neutro,6.16,0.45,-30.9,0.6,0.509,0.2,1.067,0.65,0.0,
107173,Michel Araújo,BAH,Meia,6,2.83,0.2,0.96,14,2.0,True,False,CHA,-0.471,neutro,0.984,0.96,1.0,66.9,neutro,2.42,1.0,26.7,0.607,0.352,0.63,1.074,0.55,0.0,
123360,Cauly,SAO,Meia,6,6.08,-0.5,2.79,13,1.4,True,True,CFC,0.289,neutro,3.276,2.41,1.0,53.6,neutro,2.63,0.6,17.5,0.646,1.176,0.489,1.214,0.175,0.561,0.481
141419,Fredi Lippert,BAH,Zagueiro,6,2.0,0.0,0.0,0,0.0,False,False,CHA,-0.954,armadilha_leve,0.0,0.0,0.0,74.8,neutro,1.96,0.75,26.7,0.607,0.352,0.63,1.074,0.55,0.0,
129663,Ruan Pablo,BAH,Atacante,6,1.81,0.0,0.0,1,0.0,False,False,CHA,0.134,neutro,0.637,0.0,0.125,68.8,neutro,2.38,1.0,26.7,0.607,0.352,0.63,1.074,0.55,0.0,
145379,Kauê Furquim,BAH,Atacante,7,2.0,0.16,0.93,4,1.7,True,False,CHA,0.076,neutro,0.788,0.93,0.5,68.8,neutro,2.49,1.0,26.7,0.607,0.352,0.63,1.074,0.55,0.0,
136955,Sanabria,BAH,Atacante,6,6.01,-0.15,2.93,13,2.2,True,False,CHA,0.388,neutro,3.664,1.31,1.0,68.8,neutro,3.26,1.0,26.7,0.607,0.352,0.63,1.074,0.55,0.0,
106323,Caio Alexandre,BAH,Meia,6,4.01,0.04,1.22,12,1.5,True,False,CHA,-0.736,armadilha_leve,1.511,1.22,1.0,66.9,neutro,2.66,1.0,26.7,0.607,0.352,0.63,1.074,0.55,0.0,
97468,Marçal,BOT,Lateral,6,5.85,-0.88,2.62,5,-3.0,False,False,VIT,-0.672,armadilha_leve,3.102,1.42,0.625,48.7,neutro,3.7,0.45,-30.9,0.6,0.509,0.2,1.067,0.65,0.0,
124481,Mateo Ponte,BOT,Lateral,6,5.53,0.0,2.8,8,0.0,False,False,VIT,-0.488,neutro,3.102,1.8,1.0,48.7,neutro,2.62,0.45,-30.9,0.6,0.509,0.2,1.067,0.65,0.0,
111829,Kayky,INT,Atacante,5,3.63,0.0,1.27,6,0.0,False,True,REM,-0.268,neutro,1.822,1.27,0.75,62.7,neutro,2.57,0.9,12.2,0.574,1.304,1.015,0.856,0.275,0.582,
142890,Montoro,BOT,Meia,7,7.29,-0.27,2.89,16,3.4,True,False,VIT,-0.248,neutro,3.282,1.95,1.0,28.5,desfavoravel,1.97,0.1,-30.9,0.6,0.509,0.2,1.067,0.65,0.0,
111831,Matheus Martins,BOT,Atacante,6,7.01,-0.07,4.46,16,1.9,True,False,VIT,0.987,valor_bom,4.592,2.46,1.0,31.6,desfavoravel,4.09,0.1,-30.9,0.6,0.509,0.2,1.067,0.65,0.0,
107231,Danilo,BOT,Meia,7,15.0,0.52,8.37,14,7.1,True,False,VIT,1.911,valor_oculto,6.805,5.16,1.0,28.5,desfavoravel,4.54,0.1,-30.9,0.6,0.509,0.2,1.067,0.65,0.0,
98672,Savarino,FLU,Meia,7,9.02,0.11,4.67,17,3.0,True,True,PAL,0.6,valor_bom,4.477,3.2,1.0,27.8,neutro,1.94,0.05,0.0,0.568,0.677,1.042,0.825,0.5,0.347,
126013,Ythallo,BOT,Zagueiro,6,3.5,0.0,0.2,1,0.0,False,False,VIT,-0.473,neutro,1.464,0.2,0.125,49.3,neutro,1.92,0.45,-30.9,0.6,0.509,0.2,1.067,0.65,0.0,
129930,Cristhian Loor,BOT,Goleiro,6,2.0,0.0,0.0,0,0.0,False,False,VIT,-0.802,armadilha_leve,0.0,0.0,0.0,49.1,neutro,0.89,0.45,-30.9,0.6,0.509,0.2,1.067,0.65,0.0,
95799,Artur,SAO,Atacante,7,8.98,0.0,5.52,16,0.0,False,True,CFC,1.024,valor_bom,5.299,3.39,1.0,57.2,neutro,3.24,0.6,17.5,0.646,1.176,0.489,1.214,0.175,0.561,0.481
142877,Villalba,BOT,Atacante,6,4.33,0.25,1.61,10,2.2,True,False,VIT,-0.691,armadilha_leve,1.888,0.81,1.0,31.6,desfavoravel,1.44,0.1,-30.9,0.6,0.509,0.2,1.067,0.65,0.0,
104693,Newton,SAO,Meia,6,4.18,0.0,1.94,7,0.0,False,True,CFC,-0.307,neutro,1.944,1.94,0.875,53.6,neutro,2.31,0.6,17.5,0.646,1.176,0.489,1.214,0.175,0.561,0.481
146375,Kadir,BOT,Atacante,6,4.15,0.0,2.12,9,0.0,False,False,VIT,-0.238,neutro,2.175,1.56,1.0,31.6,desfavoravel,2.2,0.1,-30.9,0.6,0.509,0.2,1.067,0.65,0.0,
39850,Vagner Mancini,RBB,Técnico,7,8.34,-0.41,5.45,20,3.09,True,False,CAP,1.343,valor_bom,5.222,5.45,1.0,27.2,desfavoravel,3.24,0.05,-32.1,1.131,0.764,1.027,0.232,0.475,0.0,0.434
105214,Santi Rodríguez,BOT,Meia,6,5.68,0.0,2.13,10,0.0,False,False,VIT,0.13,neutro,2.99,2.13,1.0,28.5,desfavoravel,1.52,0.1,-30.9,0.6,0.509,0.2,1.067,0.65,0.0,
94968,Juninho Capixaba,RBB,Lateral,7,13.21,-0.18,7.31,18,5.7,True,False,CAP,0.82,valor_bom,6.67,4.59,1.0,32.8,desfavoravel,4.03,0.1,-32.1,1.131,0.764,1.027,0.232,0.475,0.0,0.434
70360,Eduardo Sasha,RBB,Atacante,7,4.09,-0.12,1.02,16,0.7,True,False,CAP,-1.061,armadilha_leve,1.426,1.02,1.0,28.1,desfavoravel,1.25,0.05,-32.1,1.131,0.764,1.027,0.232,0.475,0.0,0.434
69140,Allan,BOT,Meia,5,4.48,0.0,2.03,10,0.0,False,False,VIT,-0.439,neutro,1.993,2.03,1.0,28.5,desfavoravel,1.56,0.1,-30.9,0.6,0.509,0.2,1.067,0.65,0.0,
91158,Kaio,BOT,Zagueiro,5,7.0,0.0,0.0,0,0.0,False,False,VIT,-4.01,armadilha_forte,0.0,0.0,0.0,49.3,neutro,0.9,0.45,-30.9,0.6,0.509,0.2,1.067,0.65,0.0,
87225,Pedro Henrique,RBB,Zagueiro,7,6.73,-0.08,3.4,13,4.3,True,False,CAP,0.39,neutro,3.604,2.25,1.0,33.6,desfavoravel,2.51,0.1,-32.1,1.131,0.764,1.027,0.232,0.475,0.0,0.434
142484,Barrera,BOT,Meia,6,4.93,-1.52,2.46,11,0.9,True,False,VIT,-0.396,neutro,2.244,2.01,1.0,28.5,desfavoravel,1.69,0.1,-30.9,0.6,0.509,0.2,1.067,0.65,0.0,
93882,Cleiton,RBB,Goleiro,6,6.19,0.0,2.56,7,0.0,False,False,CAP,0.081,neutro,3.397,1.13,0.875,33.1,desfavoravel,2.42,0.1,-32.1,1.131,0.764,1.027,0.232,0.475,0.0,0.434
103295,Eric Ramires,RBB,Meia,6,2.59,0.4,0.58,13,2.6,True,False,CAP,-0.543,armadilha_leve,0.749,0.58,1.0,25.0,desfavoravel,0.78,0.05,-32.1,1.131,0.764,1.027,0.232,0.475,0.0,0.434
100848,Luan Cândido,VIT,Lateral,7,5.15,0.0,3.41,11,0.0,False,True,BOT,0.112,neutro,3.407,1.68,1.0,64.8,favoravel,4.72,0.1,30.9,0.2,1.067,0.6,0.509,0.175,0.382,
94067,Matheus Fernandes,RBB,Meia,7,4.42,0.1,2.45,12,1.5,True,False,CAP,-0.079,neutro,2.249,2.03,1.0,25.0,desfavoravel,1.6,0.05,-32.1,1.131,0.764,1.027,0.232,0.475,0.0,0.434
117632,Garro,COR,Meia,7,11.13,1.18,5.04,20,9.3,True,True,CRU,0.298,neutro,4.762,3.04,1.0,72.1,favoravel,3.62,0.7,7.8,1.65,0.44,1.027,0.568,0.775,0.406,
143072,Gabriel Abdias,BOT,Lateral,6,3.0,0.0,0.0,0,0.0,False,False,VIT,-2.342,armadilha_forte,0.0,0.0,0.0,48.7,neutro,0.88,0.45,-30.9,0.6,0.509,0.2,1.067,0.65,0.0,
78605,Gabriel,RBB,Meia,6,5.17,0.0,3.17,16,0.0,False,False,CAP,0.118,neutro,2.762,2.54,1.0,25.0,desfavoravel,1.87,0.05,-32.1,1.131,0.764,1.027,0.232,0.475,0.0,0.434
110715,Andrés Hurtado,RBB,Lateral,7,5.43,-0.71,3.51,14,1.5,True,False,CAP,0.018,neutro,3.471,2.22,1.0,32.8,desfavoravel,2.43,0.1,-32.1,1.131,0.764,1.027,0.232,0.475,0.0,0.434
107236,Vanderlan,RBB,Lateral,5,4.41,0.0,-0.3,1,0.0,False,False,CAP,0.106,neutro,2.992,0.0,0.125,32.8,desfavoravel,2.27,0.1,-32.1,1.131,0.764,1.027,0.232,0.475,0.0,0.434
106434,Eduardo Santos,RBB,Zagueiro,6,4.6,0.0,1.4,3,0.0,False,False,CAP,-0.153,neutro,2.305,1.4,0.375,33.6,desfavoravel,1.85,0.1,-32.1,1.131,0.764,1.027,0.232,0.475,0.0,0.434
112886,Lucas Barbosa,RBB,Atacante,7,9.53,-0.28,6.28,18,2.8,True,False,CAP,1.46,valor_bom,5.842,3.95,1.0,28.1,desfavoravel,3.58,0.05,-32.1,1.131,0.764,1.027,0.232,0.475,0.0,0.434
104588,Fabrício,RBB,Goleiro,6,2.0,0.0,0.0,0,0.0,False,False,CAP,-0.802,armadilha_leve,0.0,0.0,0.0,33.1,desfavoravel,0.23,0.1,-32.1,1.131,0.764,1.027,0.232,0.475,0.0,0.434
107744,Praxedes,RBB,Meia,6,4.0,0.0,0.0,0,0.0,False,False,CAP,-2.628,armadilha_forte,0.0,0.0,0.0,25.0,desfavoravel,-0.1,0.05,-32.1,1.131,0.764,1.027,0.232,0.475,0.0,0.434
111246,Alix Vinicius,RBB,Zagueiro,7,5.15,-0.87,3.0,17,0.8,True,False,CAP,0.247,neutro,2.886,1.76,1.0,33.6,desfavoravel,2.16,0.1,-32.1,1.131,0.764,1.027,0.232,0.475,0.0,0.434
105213,Sant'Anna,RBB,Lateral,6,8.88,0.0,6.23,7,0.0,False,False,CAP,1.047,valor_bom,5.696,3.37,0.875,32.8,desfavoravel,3.61,0.1,-32.1,1.131,0.764,1.027,0.232,0.475,0.0,0.434
122394,Gustavinho,RBB,Meia,6,5.55,-0.15,2.59,15,0.0,True,False,CAP,0.34,neutro,3.103,1.92,1.0,25.0,desfavoravel,2.06,0.05,-32.1,1.131,0.764,1.027,0.232,0.475,0.0,0.434
108133,Isidro Pitta,RBB,Atacante,6,5.4,-0.14,3.84,19,0.7,True,False,CAP,0.366,neutro,3.365,1.21,1.0,28.1,desfavoravel,2.27,0.05,-32.1,1.131,0.764,1.027,0.232,0.475,0.0,0.434
111760,Fabinho,RBB,Meia,6,2.04,0.0,-0.08,5,0.0,False,False,CAP,-0.156,neutro,0.6,0.0,0.625,25.0,desfavoravel,0.55,0.05,-32.1,1.131,0.764,1.027,0.232,0.475,0.0,0.434
110750,Gustavo Marques,RBB,Zagueiro,3,7.36,0.0,4.31,17,0.0,False,False,CAP,0.844,valor_bom,4.19,3.07,1.0,33.6,desfavoravel,2.8,0.1,-32.1,1.131,0.764,1.027,0.232,0.475,0.0,0.434
113157,Nathan Mendes,VIT,Lateral,5,7.52,0.0,5.02,12,0.0,False,True,BOT,0.904,valor_bom,5.104,3.35,1.0,64.8,favoravel,4.86,0.1,30.9,0.2,1.067,0.6,0.509,0.175,0.382,
132274,Ignacio Sosa,RBB,Meia,6,3.41,0.0,1.5,15,0.0,False,False,CAP,-0.113,neutro,1.656,1.5,1.0,25.0,desfavoravel,1.27,0.05,-32.1,1.131,0.764,1.027,0.232,0.475,0.0,0.434
122755,Lucas Cunha,RBB,Zagueiro,6,3.0,0.0,0.0,0,0.0,False,False,CAP,-1.85,armadilha_forte,0.0,0.0,0.0,33.6,desfavoravel,0.25,0.1,-32.1,1.131,0.764,1.027,0.232,0.475,0.0,0.434
122897,Guzmán Rodríguez,RBB,Zagueiro,6,5.54,0.0,-1.0,0,0.0,False,False,CAP,-3.382,armadilha_forte,0.0,0.0,0.0,33.6,desfavoravel,0.25,0.1,-32.1,1.131,0.764,1.027,0.232,0.475,0.0,0.434
138021,Palacios,RBB,Zagueiro,6,3.0,0.0,0.0,0,0.0,False,False,CAP,-1.85,armadilha_forte,0.0,0.0,0.0,33.6,desfavoravel,0.25,0.1,-32.1,1.131,0.764,1.027,0.232,0.475,0.0,0.434
132580,Vinicinho,RBB,Atacante,6,4.32,0.36,2.28,10,3.0,True,False,CAP,-0.253,neutro,2.261,2.28,1.0,28.1,desfavoravel,1.69,0.05,-32.1,1.131,0.764,1.027,0.232,0.475,0.0,0.434
72605,Vitor Hugo,CAM,Zagueiro,6,6.2,-0.47,3.3,8,-0.6,True,True,GRE,0.628,valor_bom,3.618,1.8,1.0,67.4,favoravel,3.21,0.9,46.0,0.933,0.778,1.4,1.4,0.65,0.519,0.467
140906,Davi Gomes,RBB,Atacante,5,5.19,0.0,4.25,2,0.0,False,False,CAP,-0.354,neutro,2.639,4.25,0.25,28.1,desfavoravel,1.85,0.05,-32.1,1.131,0.764,1.027,0.232,0.475,0.0,0.434
68920,Dudu,CAM,Atacante,6,6.16,0.0,2.57,13,0.0,False,True,GRE,0.056,neutro,3.441,1.34,1.0,71.7,favoravel,2.64,0.475,46.0,0.933,0.778,1.4,1.4,0.65,0.519,0.467
124239,Henry Mosquera,RBB,Atacante,7,5.62,0.11,3.63,16,2.8,True,False,CAP,0.016,neutro,3.166,2.69,1.0,28.1,desfavoravel,2.17,0.05,-32.1,1.131,0.764,1.027,0.232,0.475,0.0,0.434
91607,R. Rústico,SAN,Atacante,6,5.15,-0.28,2.12,15,0.9,True,False,VAS,-0.883,armadilha_leve,2.161,2.12,1.0,54.4,neutro,2.13,0.8,-36.7,1.159,1.2,0.183,0.813,0.275,0.0,0.47
92087,Lyanco,CAM,Zagueiro,7,7.8,0.0,3.04,9,0.0,False,True,GRE,-0.184,neutro,3.461,2.04,1.0,67.4,neutro,2.55,0.9,46.0,0.933,0.778,1.4,1.4,0.65,0.519,0.467
103767,Gabriel Menino,SAN,Meia,7,9.92,0.69,5.45,9,8.5,True,False,VAS,0.706,valor_bom,4.798,4.89,1.0,52.0,neutro,3.36,0.8,-36.7,1.159,1.2,0.183,0.813,0.275,0.0,0.47
87999,Gustavo Scarpa,CAM,Meia,5,7.06,0.0,3.09,10,0.0,False,True,GRE,0.152,neutro,3.523,2.09,1.0,68.4,favoravel,3.21,0.475,46.0,0.933,0.778,1.4,1.4,0.65,0.519,0.467
98909,Cuello,CAM,Atacante,7,8.78,-0.63,5.71,19,1.4,True,True,GRE,1.278,valor_bom,5.457,4.6,1.0,71.7,favoravel,4.68,0.475,46.0,0.933,0.778,1.4,1.4,0.65,0.519,0.467
72460,Bernard,CAM,Meia,7,5.6,0.78,3.28,18,7.4,True,True,GRE,0.841,valor_bom,3.522,1.89,1.0,68.4,favoravel,5.93,0.475,46.0,0.933,0.778,1.4,1.4,0.65,0.519,0.467
107554,Natanael,CAM,Lateral,7,8.48,0.0,4.85,13,0.0,False,True,GRE,0.358,neutro,4.994,3.62,1.0,66.8,favoravel,4.09,0.9,46.0,0.933,0.778,1.4,1.4,0.65,0.519,0.467
100084,Igor Gomes,CAM,Meia,6,4.58,-1.04,1.5,7,1.7,True,True,GRE,-0.822,armadilha_leve,1.738,0.79,0.875,68.4,neutro,2.7,0.475,46.0,0.933,0.778,1.4,1.4,0.65,0.519,0.467
100842,Ruan,CAM,Zagueiro,7,5.44,-0.27,3.18,18,3.0,True,True,GRE,0.258,neutro,3.015,2.18,1.0,67.4,favoravel,6.79,0.9,46.0,0.933,0.778,1.4,1.4,0.65,0.519,0.467
39656,Alan Franco,CAM,Meia,7,4.88,-0.11,2.34,16,1.2,True,True,GRE,-0.411,neutro,2.209,2.03,1.0,68.4,neutro,3.0,0.475,46.0,0.933,0.778,1.4,1.4,0.65,0.519,0.467
101002,Júnior Santos,BOT,Atacante,5,4.55,0.0,2.24,8,0.0,False,False,VIT,-0.43,neutro,2.238,1.24,1.0,31.6,desfavoravel,1.94,0.1,-30.9,0.6,0.509,0.2,1.067,0.65,0.0,
40990,Dorival Júnior,SAO,Técnico,7,9.21,-0.4,4.06,14,2.59,True,True,CFC,-2.624,armadilha_forte,4.492,4.06,1.0,54.9,neutro,3.75,0.6,17.5,0.646,1.176,0.489,1.214,0.175,0.561,0.481
78248,Gustavo Henrique,COR,Zagueiro,7,8.59,0.18,3.77,17,5.0,True,True,CRU,-0.02,neutro,3.823,2.53,1.0,59.1,neutro,3.11,0.35,7.8,1.65,0.44,1.027,0.568,0.775,0.406,
118774,Alexsander,CAM,Meia,6,4.85,0.0,0.84,5,0.0,False,True,GRE,-1.258,armadilha_leve,1.521,0.84,0.625,68.4,neutro,2.66,0.475,46.0,0.933,0.778,1.4,1.4,0.65,0.519,0.467
92440,André Ramalho,COR,Zagueiro,6,5.73,0.0,2.55,6,0.0,False,True,CRU,-0.369,neutro,2.604,1.55,0.75,59.1,neutro,2.79,0.35,7.8,1.65,0.44,1.027,0.568,0.775,0.406,
95556,Raniele,COR,Meia,6,7.8,-0.49,4.23,18,3.5,True,True,CRU,0.673,valor_bom,4.179,3.95,1.0,72.1,favoravel,3.46,0.7,7.8,1.65,0.44,1.027,0.568,0.775,0.406,
105068,Reinier,CAM,Meia,6,5.39,1.4,2.97,16,9.5,True,True,GRE,0.717,valor_bom,3.335,2.03,1.0,68.4,favoravel,2.63,0.475,46.0,0.933,0.778,1.4,1.4,0.65,0.519,0.467
77485,Carrillo,COR,Meia,6,4.04,-0.57,1.39,17,-0.4,True,True,CRU,-0.685,armadilha_leve,1.568,1.1,1.0,72.1,neutro,2.75,0.7,7.8,1.65,0.44,1.027,0.568,0.775,0.406,
115674,Gabriel Delfim,CAM,Goleiro,6,2.0,0.0,0.0,0,0.0,False,True,GRE,-0.802,armadilha_leve,0.0,0.0,0.0,67.3,neutro,1.65,0.9,46.0,0.933,0.778,1.4,1.4,0.65,0.519,0.467
124661,Iván Román,CAM,Zagueiro,6,8.96,0.0,5.92,6,0.0,False,True,GRE,1.009,valor_bom,4.786,3.42,0.75,67.4,favoravel,3.91,0.9,46.0,0.933,0.778,1.4,1.4,0.65,0.519,0.467
98720,Angileri,COR,Lateral,6,6.1,0.0,3.99,8,0.0,False,True,CRU,-0.092,neutro,3.697,2.12,1.0,58.5,neutro,3.06,0.35,7.8,1.65,0.44,1.027,0.568,0.775,0.406,
71631,Weverton,GRE,Goleiro,7,8.19,0.52,4.92,18,5.5,True,False,CAM,0.634,valor_bom,4.677,3.25,1.0,16.5,desfavoravel,3.65,0.35,-46.0,1.4,1.4,0.933,0.778,0.525,0.0,0.467
122990,Patrick,CAM,Meia,5,4.0,0.0,0.0,0,0.0,False,True,GRE,-2.628,armadilha_forte,0.0,0.0,0.0,68.4,neutro,1.69,0.475,46.0,0.933,0.778,1.4,1.4,0.65,0.519,0.467
85048,Memphis Depay,COR,Atacante,6,9.56,0.0,1.99,7,0.0,False,True,CRU,-1.231,armadilha_leve,3.519,0.85,0.875,74.4,neutro,3.46,0.7,7.8,1.65,0.44,1.027,0.568,0.775,0.406,
78435,Vitinho,COR,Atacante,5,5.06,0.0,2.13,7,0.0,False,True,CRU,-0.8,armadilha_leve,2.187,2.13,0.875,74.4,neutro,3.04,0.7,7.8,1.65,0.44,1.027,0.568,0.775,0.406,
105531,Matheus Bidu,COR,Lateral,7,12.92,-0.38,7.81,16,7.0,True,True,CRU,1.238,valor_bom,6.95,5.43,1.0,58.5,neutro,4.21,0.35,7.8,1.65,0.44,1.027,0.568,0.775,0.406,
101574,Hugo Souza,COR,Goleiro,7,9.67,0.02,4.26,19,7.6,True,True,CRU,-0.186,neutro,4.221,2.15,1.0,58.9,neutro,3.25,0.35,7.8,1.65,0.44,1.027,0.568,0.775,0.406,
100695,Fernando,RBB,Atacante,6,5.37,0.0,4.89,9,0.0,False,False,CAP,0.701,valor_bom,3.641,2.56,1.0,28.1,desfavoravel,2.42,0.05,-32.1,1.131,0.764,1.027,0.232,0.475,0.0,0.434
98225,Pedro Raul,COR,Atacante,7,4.43,1.8,1.18,9,10.5,True,True,CRU,-1.0,armadilha_leve,1.677,0.29,1.0,74.4,neutro,2.85,0.7,7.8,1.65,0.44,1.027,0.568,0.775,0.406,
100898,Vitinho,BOT,Lateral,7,9.8,-0.66,5.2,16,5.1,True,False,VIT,0.116,neutro,5.21,4.2,1.0,48.7,neutro,4.61,0.45,-30.9,0.6,0.509,0.2,1.067,0.65,0.0,
104084,Carlos Miguel,PAL,Goleiro,7,8.9,-0.03,5.21,21,8.1,True,False,FLU,0.659,valor_bom,4.912,3.31,1.0,54.5,neutro,3.85,0.225,0.0,1.042,0.825,0.568,0.677,0.65,0.0,
145744,André,COR,Meia,7,6.15,0.0,4.07,16,0.0,False,True,CRU,1.251,valor_bom,4.068,2.51,1.0,72.1,favoravel,3.43,0.7,7.8,1.65,0.44,1.027,0.568,0.775,0.406,
97642,Félix Torres,INT,Zagueiro,6,5.55,1.11,3.69,16,8.5,True,True,REM,0.593,valor_bom,3.341,2.56,1.0,47.7,neutro,3.24,0.575,12.2,0.574,1.304,1.015,0.856,0.275,0.582,
102340,Cacá,VIT,Zagueiro,7,4.84,0.0,2.55,14,0.0,False,True,BOT,0.049,neutro,2.584,1.05,1.0,65.4,favoravel,4.72,0.1,30.9,0.2,1.067,0.6,0.509,0.175,0.382,
125488,João Pedro,COR,Zagueiro,6,8.84,0.0,7.7,2,0.0,False,True,CRU,0.93,valor_bom,4.688,3.2,0.25,59.1,neutro,4.25,0.35,7.8,1.65,0.44,1.027,0.568,0.775,0.406,
122396,Ryan,COR,Meia,6,3.0,0.0,0.0,0,0.0,False,True,CRU,-1.858,armadilha_forte,0.0,0.0,0.0,72.1,neutro,1.84,0.7,7.8,1.65,0.44,1.027,0.568,0.775,0.406,
96342,Charles,COR,Meia,6,3.53,0.0,1.03,3,0.0,False,True,CRU,-0.154,neutro,1.697,1.03,0.375,72.1,neutro,2.92,0.7,7.8,1.65,0.44,1.027,0.568,0.775,0.406,
42500,Fagner,CRU,Lateral,7,6.93,1.74,3.55,15,11.1,True,False,COR,-0.758,armadilha_leve,3.499,1.82,1.0,38.6,desfavoravel,2.56,0.95,-7.8,1.027,0.568,1.65,0.44,0.75,0.0,
84558,Lucas Romero,CRU,Meia,6,8.45,-0.12,4.5,15,2.9,True,False,COR,0.641,valor_bom,4.349,3.17,1.0,37.5,desfavoravel,2.85,0.175,-7.8,1.027,0.568,1.65,0.44,0.75,0.0,
121824,Kayke,COR,Atacante,5,3.64,0.0,1.65,6,0.0,False,True,CRU,-0.087,neutro,1.985,1.65,0.75,74.4,neutro,3.02,0.7,7.8,1.65,0.44,1.027,0.568,0.775,0.406,
89275,William,CRU,Lateral,6,9.17,0.0,3.66,11,0.0,False,False,COR,-0.726,armadilha_leve,4.321,2.84,1.0,38.6,desfavoravel,2.95,0.95,-7.8,1.027,0.568,1.65,0.44,0.75,0.0,
127242,Bahia,COR,Meia,6,2.0,0.0,0.0,0,0.0,False,True,CRU,-0.865,armadilha_leve,0.0,0.0,0.0,72.1,neutro,1.84,0.7,7.8,1.65,0.44,1.027,0.568,0.775,0.406,
133543,Gui Negão,COR,Atacante,6,3.97,0.0,1.35,4,0.0,False,True,CRU,-0.382,neutro,1.941,1.35,0.5,74.4,neutro,3.1,0.7,7.8,1.65,0.44,1.027,0.568,0.775,0.406,
111690,Matheus Cunha,INT,Goleiro,7,5.02,0.75,3.55,11,7.1,True,True,REM,0.366,neutro,3.202,0.82,1.0,47.4,neutro,3.25,0.575,12.2,0.574,1.304,1.015,0.856,0.275,0.582,
124912,Jonathan Jesus,CRU,Zagueiro,7,6.2,-0.71,4.15,14,2.3,True,False,COR,1.169,valor_bom,4.072,3.51,1.0,39.4,desfavoravel,3.5,0.95,-7.8,1.027,0.568,1.65,0.44,0.75,0.0,
105047,João Marcelo,CRU,Zagueiro,6,5.42,1.94,2.81,7,10.4,True,False,COR,-0.082,neutro,2.722,1.52,0.875,39.4,desfavoravel,3.2,0.95,-7.8,1.027,0.568,1.65,0.44,0.75,0.0,
131753,Felipe Longo,COR,Goleiro,6,2.0,0.0,0.0,0,0.0,False,True,CRU,-0.802,armadilha_leve,0.0,0.0,0.0,58.9,neutro,1.3,0.35,7.8,1.65,0.44,1.027,0.568,0.775,0.406,
96610,Matheus Pereira,CRU,Meia,7,13.8,-1.86,6.76,19,2.2,True,False,COR,1.12,valor_bom,5.962,4.92,1.0,37.5,desfavoravel,3.71,0.175,-7.8,1.027,0.568,1.65,0.44,0.75,0.0,
141995,Dieguinho,COR,Meia,6,3.24,0.0,1.42,10,0.0,False,True,CRU,-0.495,neutro,1.244,0.92,1.0,72.1,neutro,2.66,0.7,7.8,1.65,0.44,1.027,0.568,0.775,0.406,
88479,Walace,VIT,Meia,6,3.37,-0.11,0.67,3,1.2,True,True,BOT,-0.153,neutro,1.599,0.67,0.375,46.1,neutro,1.89,0.825,30.9,0.2,1.067,0.6,0.509,0.175,0.382,
79701,Lucas Silva,CRU,Meia,6,3.86,0.64,0.41,15,3.5,True,False,COR,-1.342,armadilha_leve,0.945,0.41,1.0,37.5,desfavoravel,1.33,0.175,-7.8,1.027,0.568,1.65,0.44,0.75,0.0,
100742,Matheus Henrique,CRU,Meia,6,4.54,0.0,1.88,20,0.0,False,False,COR,-0.595,armadilha_leve,1.899,1.88,1.0,37.5,desfavoravel,1.79,0.175,-7.8,1.027,0.568,1.65,0.44,0.75,0.0,
132264,Arroyo,CRU,Atacante,7,5.09,-0.34,3.0,18,0.5,True,False,COR,-0.151,neutro,2.765,1.83,1.0,40.3,neutro,1.85,0.175,-7.8,1.027,0.568,1.65,0.44,0.75,0.0,
122660,Japa,MIR,Meia,7,6.53,0.0,5.32,5,0.0,False,True,FLA,1.675,valor_oculto,4.548,4.32,0.625,32.0,neutro,3.2,0.1,-9.1,1.05,0.98,1.185,0.467,0.5,0.229,0.467
114405,Sinisterra,CRU,Atacante,5,5.85,0.0,3.27,8,0.0,False,False,COR,-0.581,armadilha_leve,2.753,2.27,1.0,40.3,neutro,2.26,0.175,-7.8,1.027,0.568,1.65,0.44,0.75,0.0,
93478,Wanderson,CRU,Atacante,6,4.91,0.0,1.61,16,0.0,False,False,COR,-1.136,armadilha_leve,1.819,1.11,1.0,40.3,neutro,1.83,0.175,-7.8,1.027,0.568,1.65,0.44,0.75,0.0,
117404,Otávio,CRU,Goleiro,7,2.43,-0.77,2.07,9,1.6,True,False,COR,1.074,valor_bom,2.377,1.51,1.0,39.0,desfavoravel,2.05,0.95,-7.8,1.027,0.568,1.65,0.44,0.75,0.0,
69783,Danilo,FLA,Zagueiro,6,5.3,0.0,1.4,6,0.0,False,False,MIR,-0.751,armadilha_leve,2.111,0.9,0.75,58.1,neutro,2.76,0.675,9.1,1.185,0.467,1.05,0.98,0.775,0.0,0.467
83528,Léo Pereira,FLA,Zagueiro,7,10.59,1.68,4.74,17,12.7,True,False,MIR,0.176,neutro,4.483,2.33,1.0,58.1,neutro,2.71,0.675,9.1,1.185,0.467,1.05,0.98,0.775,0.0,0.467
146807,Rayan Lelis,CRU,Atacante,6,2.0,0.0,0.0,0,0.0,False,False,COR,-0.833,armadilha_leve,0.0,0.0,0.0,40.3,neutro,0.53,0.175,-7.8,1.027,0.568,1.65,0.44,0.75,0.0,
137542,Kaique Kenji,CRU,Atacante,6,2.39,0.03,1.2,9,0.7,True,False,COR,-0.143,neutro,0.973,0.31,1.0,40.3,neutro,1.45,0.175,-7.8,1.027,0.568,1.65,0.44,0.75,0.0,
84735,Jorginho,FLA,Meia,7,9.3,-0.15,4.22,15,3.7,True,False,MIR,0.114,neutro,4.166,3.22,1.0,65.4,neutro,3.71,0.675,9.1,1.185,0.467,1.05,0.98,0.775,0.0,0.467
113158,Marquinhos,CRU,Atacante,6,3.54,0.0,0.45,2,0.0,False,False,COR,-0.133,neutro,1.879,0.45,0.25,40.3,neutro,1.83,0.175,-7.8,1.027,0.568,1.65,0.44,0.75,0.0,
137543,Tevis,CRU,Atacante,6,2.0,0.0,0.0,0,0.0,False,False,COR,-0.833,armadilha_leve,0.0,0.0,0.0,40.3,neutro,0.53,0.175,-7.8,1.027,0.568,1.65,0.44,0.75,0.0,
84816,Varela,FLA,Lateral,7,8.95,1.18,4.82,16,8.3,True,False,MIR,0.126,neutro,4.956,2.88,1.0,57.5,neutro,2.35,0.675,9.1,1.185,0.467,1.05,0.98,0.775,0.0,0.467
143600,Kauã Moraes,CRU,Lateral,6,6.81,0.0,4.83,10,0.0,False,False,COR,0.143,neutro,4.196,2.53,1.0,38.6,desfavoravel,4.09,0.95,-7.8,1.027,0.568,1.65,0.44,0.75,0.0,
131967,Villarreal,CRU,Atacante,5,8.62,0.0,5.65,12,0.0,False,False,COR,1.193,valor_bom,5.333,3.23,1.0,40.3,neutro,3.44,0.175,-7.8,1.027,0.568,1.65,0.44,0.75,0.0,
82627,Luiz Araújo,FLA,Atacante,6,7.88,0.0,2.99,11,0.0,False,False,MIR,-0.32,neutro,3.776,1.81,1.0,67.4,neutro,3.05,0.675,9.1,1.185,0.467,1.05,0.98,0.775,0.0,0.467
80061,Saúl,FLA,Meia,6,6.28,0.0,2.43,6,0.0,False,False,MIR,0.304,neutro,3.364,1.6,0.75,65.4,neutro,3.29,0.675,9.1,1.185,0.467,1.05,0.98,0.775,0.0,0.467
91473,Erick Pulgar,FLA,Meia,7,7.17,1.15,2.77,11,7.7,True,False,MIR,-0.156,neutro,3.315,2.32,1.0,65.4,neutro,2.9,0.675,9.1,1.185,0.467,1.05,0.98,0.775,0.0,0.467
96870,Emerson Royal,FLA,Lateral,6,7.39,0.0,5.48,10,0.0,False,False,MIR,1.282,valor_bom,5.368,3.48,1.0,57.5,neutro,3.15,0.675,9.1,1.185,0.467,1.05,0.98,0.775,0.0,0.467
97867,Léo Ortiz,FLA,Zagueiro,7,9.41,0.29,4.28,17,7.0,True,False,MIR,0.137,neutro,4.17,2.52,1.0,58.1,neutro,3.85,0.675,9.1,1.185,0.467,1.05,0.98,0.775,0.0,0.467
109096,Plata,FLA,Atacante,7,9.94,-1.02,6.25,11,-1.3,True,False,MIR,1.119,valor_bom,5.664,4.34,1.0,67.4,neutro,3.83,0.675,9.1,1.185,0.467,1.05,0.98,0.775,0.0,0.467
96652,Allan,COR,Meia,7,3.26,0.41,1.04,16,3.9,True,True,CRU,-0.774,armadilha_leve,1.035,1.04,1.0,72.1,neutro,2.6,0.7,7.8,1.65,0.44,1.027,0.568,0.775,0.406,
87863,Arrascaeta,FLA,Meia,7,14.59,0.43,5.2,13,6.4,True,False,MIR,-0.561,armadilha_leve,4.768,3.66,1.0,65.4,neutro,3.06,0.675,9.1,1.185,0.467,1.05,0.98,0.775,0.0,0.467
98873,Samuel Lino,FLA,Atacante,7,11.7,-0.36,7.58,20,7.4,True,False,MIR,1.904,valor_oculto,6.802,3.83,1.0,67.4,neutro,5.87,0.675,9.1,1.185,0.467,1.05,0.98,0.775,0.0,0.467
122318,Dyogo Alves,FLA,Goleiro,6,3.0,0.0,0.0,0,0.0,False,False,MIR,-1.559,armadilha_forte,0.0,0.0,0.0,58.0,neutro,1.26,0.675,9.1,1.185,0.467,1.05,0.98,0.775,0.0,0.467
88393,Ayrton Lucas,FLA,Lateral,6,8.64,-0.45,4.74,11,4.1,True,False,MIR,0.236,neutro,4.946,2.38,1.0,57.5,neutro,4.56,0.675,9.1,1.185,0.467,1.05,0.98,0.775,0.0,0.467
86757,Everton,FLA,Atacante,6,5.67,0.0,1.42,9,0.0,False,False,MIR,-1.582,armadilha_forte,1.804,1.42,1.0,67.4,neutro,2.67,0.675,9.1,1.185,0.467,1.05,0.98,0.775,0.0,0.467
90285,Bruno Henrique,FLA,Atacante,6,6.45,0.36,2.84,15,8.0,True,False,MIR,0.032,neutro,3.542,1.31,1.0,67.4,neutro,4.97,0.675,9.1,1.185,0.467,1.05,0.98,0.775,0.0,0.467
99228,De la Cruz,FLA,Meia,3,4.41,0.0,0.82,10,0.0,False,False,MIR,-1.24,armadilha_leve,1.321,0.82,1.0,65.4,neutro,2.08,0.675,9.1,1.185,0.467,1.05,0.98,0.775,0.0,0.467
122320,Daniel Sales,FLA,Lateral,5,2.0,0.0,0.0,0,0.0,False,False,MIR,-1.231,armadilha_leve,0.0,0.0,0.0,57.5,neutro,1.24,0.675,9.1,1.185,0.467,1.05,0.98,0.775,0.0,0.467
115914,Evertton Araújo,FLA,Meia,6,3.03,0.19,1.32,16,2.3,True,False,MIR,-0.347,neutro,1.222,1.01,1.0,65.4,neutro,3.14,0.675,9.1,1.185,0.467,1.05,0.98,0.775,0.0,0.467
73384,Samuel Xavier,FLU,Lateral,6,7.48,-1.73,3.75,14,0.1,True,True,PAL,-0.064,neutro,4.288,3.11,1.0,49.7,neutro,4.85,0.0,0.0,0.568,0.677,1.042,0.825,0.5,0.347,
130189,Léo Nannetti,FLA,Goleiro,6,2.0,0.0,0.0,0,0.0,False,False,MIR,-0.802,armadilha_leve,0.0,0.0,0.0,58.0,neutro,1.26,0.675,9.1,1.185,0.467,1.05,0.98,0.775,0.0,0.467
130382,Guilherme Gomes,FLA,Meia,6,3.0,0.0,0.0,0,0.0,False,False,MIR,-1.858,armadilha_forte,0.0,0.0,0.0,65.4,neutro,1.57,0.675,9.1,1.185,0.467,1.05,0.98,0.775,0.0,0.467
78445,Renê,FLU,Lateral,6,9.65,-0.7,5.84,14,4.2,True,True,PAL,0.663,valor_bom,5.618,4.48,1.0,49.7,neutro,3.86,0.0,0.0,0.568,0.677,1.042,0.825,0.5,0.347,
145705,Douglas Telles,FLA,Atacante,6,2.0,0.0,0.0,0,0.0,False,False,MIR,-0.833,armadilha_leve,0.0,0.0,0.0,67.4,neutro,1.65,0.675,9.1,1.185,0.467,1.05,0.98,0.775,0.0,0.467
104085,Bruno Fuchs,PAL,Zagueiro,5,8.5,0.0,4.21,7,0.0,False,False,FLU,0.296,neutro,4.064,2.5,0.875,54.7,neutro,3.22,0.225,0.0,1.042,0.825,0.568,0.677,0.65,0.0,
122573,Wallace Yan,FLA,Atacante,6,2.44,0.0,0.1,7,0.0,False,False,MIR,-0.823,armadilha_leve,0.429,0.1,0.875,67.4,neutro,2.21,0.675,9.1,1.185,0.467,1.05,0.98,0.775,0.0,0.467
140492,João Victor,FLA,Zagueiro,6,4.34,0.0,6.5,1,0.0,False,False,MIR,0.91,valor_bom,3.073,3.5,0.125,58.1,neutro,4.26,0.675,9.1,1.185,0.467,1.05,0.98,0.775,0.0,0.467
143295,Joshua,FLA,Meia,6,2.6,0.0,-0.3,1,0.0,False,False,MIR,-0.39,neutro,0.878,0.0,0.125,65.4,neutro,2.19,0.675,9.1,1.185,0.467,1.05,0.98,0.775,0.0,0.467
87228,Guilherme Arana,FLU,Lateral,7,7.42,0.0,3.25,14,0.0,False,True,PAL,-0.421,neutro,3.97,2.39,1.0,49.7,neutro,3.68,0.0,0.0,0.568,0.677,1.042,0.825,0.5,0.347,
62977,Ganso,FLU,Meia,6,3.41,0.14,0.85,13,0.9,True,True,PAL,-0.601,armadilha_leve,1.268,0.85,1.0,27.8,neutro,1.16,0.05,0.0,0.568,0.677,1.042,0.825,0.5,0.347,
78117,Everaldo,BAH,Atacante,6,6.29,0.0,4.04,15,0.0,False,False,CHA,1.011,valor_bom,4.324,1.91,1.0,68.8,neutro,3.45,1.0,26.7,0.607,0.352,0.63,1.074,0.55,0.0,
99366,Luis Zubeldía,FLU,Técnico,7,10.07,-0.34,5.54,21,5.55,True,True,PAL,-0.23,neutro,5.46,5.54,1.0,29.9,neutro,3.51,0.05,0.0,0.568,0.677,1.042,0.825,0.5,0.347,
89493,Igor Rabello,FLU,Zagueiro,7,7.95,0.0,8.8,1,0.0,False,True,PAL,0.973,valor_bom,4.476,5.8,0.125,50.4,neutro,3.92,0.0,0.0,0.568,0.677,1.042,0.825,0.5,0.347,
87258,Soteldo,FLU,Atacante,7,3.96,-0.67,1.56,15,2.1,True,True,PAL,-0.543,armadilha_leve,1.795,1.56,1.0,30.9,neutro,2.27,0.05,0.0,0.568,0.677,1.042,0.825,0.5,0.347,
103523,Ignácio,FLU,Zagueiro,7,7.32,1.35,3.45,10,12.7,True,True,PAL,0.235,neutro,3.666,2.55,1.0,50.4,neutro,3.63,0.0,0.0,0.568,0.677,1.042,0.825,0.5,0.347,
82463,Otávio,FLU,Meia,6,2.87,0.36,0.58,6,1.9,True,True,PAL,-0.695,armadilha_leve,0.834,0.58,0.75,27.8,neutro,0.84,0.05,0.0,0.568,0.677,1.042,0.825,0.5,0.347,
113034,Freytes,FLU,Zagueiro,5,5.23,0.0,2.63,17,0.0,False,True,PAL,-0.092,neutro,2.635,1.92,1.0,50.4,neutro,4.1,0.0,0.0,0.568,0.677,1.042,0.825,0.5,0.347,
101319,Guga,FLU,Lateral,7,5.55,0.0,3.01,12,0.0,False,True,PAL,-0.42,neutro,3.168,1.68,1.0,49.7,neutro,3.73,0.0,0.0,0.568,0.677,1.042,0.825,0.5,0.347,
102928,Canobbio,FLU,Atacante,7,10.45,-0.57,7.0,14,2.0,True,True,PAL,1.601,valor_oculto,6.221,4.0,1.0,30.9,neutro,2.76,0.05,0.0,0.568,0.677,1.042,0.825,0.5,0.347,
100987,Nonato,FLU,Meia,6,5.94,-0.04,2.6,9,2.8,True,True,PAL,0.376,neutro,3.29,1.49,1.0,27.8,neutro,2.05,0.05,0.0,0.568,0.677,1.042,0.825,0.5,0.347,
101478,Marcelo Pitaluga,FLU,Goleiro,6,3.0,0.0,0.0,0,0.0,False,True,PAL,-1.559,armadilha_forte,0.0,0.0,0.0,50.1,neutro,0.94,0.0,0.0,0.568,0.677,1.042,0.825,0.5,0.347,
110759,John Kennedy,FLU,Atacante,5,10.92,0.0,7.3,17,0.0,False,True,PAL,1.801,valor_oculto,6.518,2.77,1.0,30.9,neutro,2.44,0.05,0.0,0.568,0.677,1.042,0.825,0.5,0.347,
116447,Hércules,FLU,Meia,7,6.82,-1.0,3.79,19,0.5,True,True,PAL,0.695,valor_bom,3.872,3.0,1.0,27.8,neutro,1.8,0.05,0.0,0.568,0.677,1.042,0.825,0.5,0.347,
79631,Cano,FLU,Atacante,6,4.07,0.0,1.13,6,0.0,False,True,PAL,-0.659,armadilha_leve,1.762,1.13,0.75,30.9,neutro,1.47,0.05,0.0,0.568,0.677,1.042,0.825,0.5,0.347,
86485,Keno,CFC,Atacante,6,3.28,0.0,0.65,6,0.0,False,False,SAO,-1.298,armadilha_leve,0.688,0.65,0.75,36.0,desfavoravel,1.07,0.3,-17.5,0.489,1.214,0.646,1.176,0.4,0.0,0.481
127932,Júlio Fidelis,FLU,Lateral,6,2.0,0.0,0.0,0,0.0,False,True,PAL,-1.231,armadilha_leve,0.0,0.0,0.0,49.7,neutro,0.92,0.0,0.0,0.568,0.677,1.042,0.825,0.5,0.347,
102137,Vitor Eudes,FLU,Goleiro,6,2.0,0.0,0.0,0,0.0,False,True,PAL,-0.802,armadilha_leve,0.0,0.0,0.0,50.1,neutro,0.94,0.0,0.0,0.568,0.677,1.042,0.825,0.5,0.347,
72018,Tiago Volpi,RBB,Goleiro,7,9.14,-1.41,5.57,13,-0.7,True,False,CAP,0.698,valor_bom,5.021,2.72,1.0,33.1,desfavoravel,3.21,0.1,-32.1,1.131,0.764,1.027,0.232,0.475,0.0,0.434
88037,Luís Castro,GRE,Técnico,7,9.48,0.26,4.74,20,5.85,True,False,CAM,-1.555,armadilha_forte,4.885,4.74,1.0,63.1,neutro,3.67,0.95,-46.0,1.4,1.4,0.933,0.778,0.525,0.0,0.467
132071,Serna,FLU,Atacante,6,6.72,0.7,3.21,20,7.9,True,True,PAL,0.066,neutro,3.681,2.31,1.0,30.9,neutro,2.49,0.05,0.0,0.568,0.677,1.042,0.825,0.5,0.347,
140484,Riquelme Felipe,FLU,Atacante,6,3.53,0.0,0.7,3,0.0,False,True,PAL,-0.196,neutro,1.817,0.7,0.375,30.9,neutro,1.45,0.05,0.0,0.568,0.677,1.042,0.825,0.5,0.347,
63013,Marcos Rocha,GRE,Lateral,6,5.95,0.0,0.8,4,0.0,False,False,CAM,-1.412,armadilha_leve,2.536,0.8,0.5,16.4,desfavoravel,1.4,0.35,-46.0,1.4,1.4,0.933,0.778,0.525,0.0,0.467
91908,Pavón,GRE,Atacante,7,7.44,1.33,4.21,18,11.1,True,False,CAM,0.59,valor_bom,4.409,3.21,1.0,64.3,neutro,3.44,0.95,-46.0,1.4,1.4,0.933,0.778,0.525,0.0,0.467
87887,Balbuena,GRE,Zagueiro,6,6.98,0.0,3.94,7,0.0,False,False,CAM,0.689,valor_bom,3.938,3.08,0.875,17.2,desfavoravel,2.36,0.35,-46.0,1.4,1.4,0.933,0.778,0.525,0.0,0.467
87342,Kannemann,GRE,Zagueiro,6,3.78,-0.86,-0.4,2,-1.0,True,False,CAM,-0.956,armadilha_leve,1.217,0.0,0.25,17.2,desfavoravel,0.5,0.35,-46.0,1.4,1.4,0.933,0.778,0.525,0.0,0.467
97145,Villasanti,GRE,Meia,7,6.99,0.13,2.3,2,3.4,True,False,CAM,0.42,neutro,3.712,2.3,0.25,62.2,neutro,3.52,0.95,-46.0,1.4,1.4,0.933,0.778,0.525,0.0,0.467
91706,Marlon,GRE,Lateral,7,8.97,0.12,5.49,8,3.5,True,False,CAM,0.606,valor_bom,5.36,3.74,1.0,16.4,desfavoravel,3.48,0.35,-46.0,1.4,1.4,0.933,0.778,0.525,0.0,0.467
111309,Gustavo Martins,GRE,Zagueiro,7,5.5,-0.63,2.76,13,-1.3,True,False,CAM,-0.128,neutro,2.716,1.3,1.0,17.2,desfavoravel,2.7,0.35,-46.0,1.4,1.4,0.933,0.778,0.525,0.0,0.467
105563,Carlos Vinícius,GRE,Atacante,7,14.47,0.4,5.62,19,7.9,True,False,CAM,-0.42,neutro,5.394,1.57,1.0,64.3,neutro,2.77,0.95,-46.0,1.4,1.4,0.933,0.778,0.525,0.0,0.467
42135,Willian,GRE,Meia,6,3.74,0.0,1.06,8,0.0,False,False,CAM,-0.553,armadilha_leve,1.504,1.06,1.0,62.2,neutro,2.41,0.95,-46.0,1.4,1.4,0.933,0.778,0.525,0.0,0.467
89883,Dodi,GRE,Meia,6,2.52,-0.52,0.07,7,-0.3,True,False,CAM,-0.689,armadilha_leve,0.579,0.07,0.875,62.2,neutro,2.07,0.95,-46.0,1.4,1.4,0.933,0.778,0.525,0.0,0.467
112616,Gabriel Grando,GRE,Goleiro,6,3.77,0.0,0.3,1,0.0,False,False,CAM,0.278,neutro,2.454,0.3,0.125,16.5,desfavoravel,1.27,0.35,-46.0,1.4,1.4,0.933,0.778,0.525,0.0,0.467
89273,João Pedro,GRE,Lateral,6,3.11,0.0,0.72,5,0.0,False,False,CAM,-0.705,armadilha_leve,1.442,0.72,0.625,16.4,desfavoravel,0.75,0.35,-46.0,1.4,1.4,0.933,0.778,0.525,0.0,0.467
102318,Caio Paulista,GRE,Lateral,6,5.62,0.0,3.43,7,0.0,False,False,CAM,-0.161,neutro,3.416,2.57,0.875,16.4,desfavoravel,2.02,0.35,-46.0,1.4,1.4,0.933,0.778,0.525,0.0,0.467
116067,Thiago Beltrame,GRE,Goleiro,6,2.08,0.0,0.7,1,0.0,False,False,CAM,1.471,valor_bom,2.498,0.7,0.125,16.5,desfavoravel,1.3,0.35,-46.0,1.4,1.4,0.933,0.778,0.525,0.0,0.467
72951,Mercado,INT,Zagueiro,7,6.38,0.0,3.84,13,0.0,False,True,REM,0.859,valor_bom,3.876,2.69,1.0,47.7,neutro,4.13,0.575,12.2,0.574,1.304,1.015,0.856,0.275,0.582,
142004,Amuzu,GRE,Atacante,7,7.21,-0.19,4.0,18,2.5,True,False,CAM,0.521,valor_bom,4.264,2.72,1.0,64.3,neutro,3.36,0.95,-46.0,1.4,1.4,0.933,0.778,0.525,0.0,0.467
63289,Edenílson,BOT,Meia,6,6.15,0.0,3.2,14,0.0,False,False,VIT,0.556,valor_bom,3.515,1.41,1.0,28.5,desfavoravel,1.81,0.1,-30.9,0.6,0.509,0.2,1.067,0.65,0.0,
104994,Wagner Leonardo,GRE,Zagueiro,6,5.36,0.0,2.78,9,0.0,False,False,CAM,-0.06,neutro,2.716,2.11,1.0,17.2,desfavoravel,1.65,0.35,-46.0,1.4,1.4,0.933,0.778,0.525,0.0,0.467
118238,Ronald,GRE,Meia,6,3.0,0.0,0.0,0,0.0,False,False,CAM,-1.858,armadilha_forte,0.0,0.0,0.0,62.2,neutro,1.44,0.95,-46.0,1.4,1.4,0.933,0.778,0.525,0.0,0.467
109966,Monsalve,GRE,Meia,6,3.12,0.0,0.64,7,0.0,False,False,CAM,-0.898,armadilha_leve,0.845,0.64,0.875,62.2,neutro,2.17,0.95,-46.0,1.4,1.4,0.933,0.778,0.525,0.0,0.467
88136,Ivan,REM,Goleiro,6,7.58,0.0,10.2,1,0.0,False,False,INT,0.934,valor_bom,4.804,5.2,0.125,47.9,neutro,4.04,0.85,-12.2,1.015,0.856,0.574,1.304,0.45,0.0,
70944,Bruno Henrique,INT,Meia,7,3.74,-0.06,1.73,19,0.3,True,True,REM,-0.189,neutro,1.794,1.47,1.0,59.0,neutro,3.1,0.9,12.2,0.574,1.304,1.015,0.856,0.275,0.582,
106202,Bruno Gomes,INT,Meia,7,6.37,-0.62,3.41,22,1.7,True,True,REM,0.539,valor_bom,3.585,3.41,1.0,59.0,neutro,4.82,0.9,12.2,0.574,1.304,1.015,0.856,0.275,0.582,
130889,Riquelme,GRE,Meia,6,2.42,0.0,-1.45,2,0.0,False,False,CAM,-0.651,armadilha_leve,0.53,0.0,0.25,62.2,neutro,1.87,0.95,-46.0,1.4,1.4,0.933,0.778,0.525,0.0,0.467
92182,Juninho,INT,Zagueiro,6,5.36,0.79,2.17,6,5.0,True,True,REM,-0.387,neutro,2.441,1.17,0.75,47.7,neutro,2.87,0.575,12.2,0.574,1.304,1.015,0.856,0.275,0.582,
107989,Carbonero,INT,Atacante,7,8.68,-0.46,5.15,21,2.8,True,True,REM,0.866,valor_bom,5.069,2.53,1.0,62.7,favoravel,4.99,0.9,12.2,0.574,1.304,1.015,0.856,0.275,0.582,
101960,Vitinho,INT,Atacante,7,7.68,-1.35,4.78,21,3.8,True,True,REM,0.943,valor_bom,4.801,3.68,1.0,62.7,favoravel,7.2,0.9,12.2,0.574,1.304,1.015,0.856,0.275,0.582,
92981,Ronaldo,INT,Meia,6,3.88,0.05,2.38,9,1.5,True,True,REM,0.191,neutro,2.176,1.82,1.0,59.0,neutro,2.54,0.9,12.2,0.574,1.304,1.015,0.856,0.275,0.582,
105647,Maurício,PAL,Meia,7,6.93,-0.83,3.85,19,2.4,True,False,FLU,0.7,valor_bom,3.914,2.53,1.0,48.5,neutro,2.46,0.425,0.0,1.042,0.825,0.568,0.677,0.65,0.0,
86711,Richard,INT,Meia,6,4.0,0.0,0.0,0,0.0,False,True,REM,-2.628,armadilha_forte,0.0,0.0,0.0,59.0,neutro,1.3,0.9,12.2,0.574,1.304,1.015,0.856,0.275,0.582,
110510,Aguirre,INT,Lateral,6,5.86,0.3,3.62,15,4.9,True,True,REM,-0.143,neutro,3.545,2.29,1.0,47.1,neutro,2.77,0.575,12.2,0.574,1.304,1.015,0.856,0.275,0.582,
115479,Paulo Pezzolano,INT,Técnico,7,7.79,0.05,4.78,22,5.54,True,True,REM,0.467,neutro,4.746,4.78,1.0,60.0,neutro,4.65,0.9,12.2,0.574,1.304,1.015,0.856,0.275,0.582,
89637,Thiago Maia,INT,Meia,5,3.6,0.0,0.92,10,0.0,False,True,REM,-0.611,armadilha_leve,1.376,0.92,1.0,59.0,neutro,2.26,0.9,12.2,0.574,1.304,1.015,0.856,0.275,0.582,
68872,Marcelo Lomba,PAL,Goleiro,6,7.08,0.0,8.9,1,0.0,False,False,FLU,0.957,valor_bom,4.66,3.9,0.125,54.5,neutro,4.2,0.225,0.0,1.042,0.825,0.568,0.677,0.65,0.0,
111466,Victor Gabriel,INT,Zagueiro,3,3.51,0.0,2.16,16,0.0,False,True,REM,0.136,neutro,1.981,1.6,1.0,47.7,neutro,3.15,0.575,12.2,0.574,1.304,1.015,0.856,0.275,0.582,
84674,Lucas Evangelista,PAL,Meia,6,3.94,0.0,1.09,19,0.0,False,False,FLU,-0.897,armadilha_leve,1.344,0.83,1.0,48.5,neutro,1.89,0.425,0.0,1.042,0.825,0.568,0.677,0.65,0.0,
71684,Gustavo Gómez,PAL,Zagueiro,6,10.56,0.0,4.71,19,0.0,False,False,FLU,0.181,neutro,4.481,2.39,1.0,54.7,neutro,3.81,0.225,0.0,1.042,0.825,0.568,0.677,0.65,0.0,
97653,Murilo,PAL,Zagueiro,7,7.19,0.01,3.55,19,5.7,True,False,FLU,0.282,neutro,3.664,1.87,1.0,54.7,neutro,3.63,0.225,0.0,1.042,0.825,0.568,0.677,0.65,0.0,
102130,Piquerez,PAL,Lateral,7,11.85,-0.63,6.97,10,8.0,True,False,FLU,0.636,valor_bom,6.196,4.27,1.0,54.1,neutro,4.62,0.225,0.0,1.042,0.825,0.568,0.677,0.65,0.0,
117910,Breno Bidon,COR,Meia,7,8.58,0.27,3.64,20,2.9,True,True,CRU,-0.144,neutro,3.762,2.89,1.0,72.1,neutro,3.35,0.7,7.8,1.65,0.44,1.027,0.568,0.775,0.406,
70592,Felipe Anderson,PAL,Meia,6,6.25,-1.32,3.1,15,0.8,True,False,FLU,0.408,neutro,3.436,2.1,1.0,48.5,neutro,2.75,0.425,0.0,1.042,0.825,0.568,0.677,0.65,0.0,
93790,Marlon Freitas,PAL,Meia,7,6.31,0.83,2.77,21,5.1,True,False,FLU,-0.009,neutro,3.127,2.06,1.0,48.5,neutro,1.73,0.425,0.0,1.042,0.825,0.568,0.677,0.65,0.0,
92811,Bruno Rodrigues,CRU,Atacante,6,3.56,0.75,1.74,14,5.0,True,False,COR,-0.1,neutro,1.921,1.03,1.0,40.3,neutro,2.06,0.175,-7.8,1.027,0.568,1.65,0.44,0.75,0.0,
99818,Paulinho,PAL,Atacante,5,10.37,0.0,3.42,6,0.0,False,False,FLU,-0.66,armadilha_leve,4.241,0.75,0.75,51.0,neutro,3.31,0.425,0.0,1.042,0.825,0.568,0.677,0.65,0.0,
78855,Thiago Santos,CFC,Zagueiro,7,4.36,0.25,3.16,15,2.3,True,False,SAO,0.789,valor_bom,2.981,2.16,1.0,38.4,desfavoravel,1.99,0.15,-17.5,0.489,1.214,0.646,1.176,0.4,0.0,0.481
110506,Abel Ferreira,PAL,Técnico,7,12.08,-0.44,6.62,22,6.31,True,False,FLU,1.025,valor_bom,6.455,6.62,1.0,49.9,neutro,3.32,0.425,0.0,1.042,0.825,0.568,0.677,0.65,0.0,
143488,Raykkonen,INT,Atacante,6,2.63,0.0,0.5,1,0.0,False,True,REM,-0.709,armadilha_leve,0.693,0.5,0.125,62.7,neutro,1.96,0.9,12.2,0.574,1.304,1.015,0.856,0.275,0.582,
113103,Flaco López,PAL,Atacante,7,12.92,-0.48,6.17,19,0.5,True,False,FLU,0.401,neutro,5.781,3.12,1.0,51.0,neutro,3.73,0.425,0.0,1.042,0.825,0.568,0.677,0.65,0.0,
143193,Viveros,CAP,Atacante,7,14.34,2.26,8.77,19,17.9,True,True,RBB,2.169,valor_oculto,7.611,3.19,1.0,55.1,neutro,3.12,0.2,32.1,1.027,0.232,1.131,0.764,0.875,0.445,0.434
108683,Emiliano Martínez,PAL,Meia,6,4.89,0.8,2.41,10,5.9,True,False,FLU,-0.423,neutro,2.204,2.41,1.0,48.5,neutro,2.24,0.425,0.0,1.042,0.825,0.568,0.677,0.65,0.0,
105175,Khellven,PAL,Lateral,5,5.69,0.0,2.9,15,0.0,False,False,FLU,-0.614,armadilha_leve,3.075,2.1,1.0,54.1,neutro,2.73,0.225,0.0,1.042,0.825,0.568,0.677,0.65,0.0,
111683,Anthoni,INT,Goleiro,6,3.91,0.0,2.55,9,0.0,False,True,REM,0.367,neutro,2.631,1.99,1.0,47.4,neutro,2.97,0.575,12.2,0.574,1.304,1.015,0.856,0.275,0.582,
112863,Ramón Sosa,PAL,Atacante,6,5.69,-1.37,3.38,18,-0.4,True,False,FLU,-0.18,neutro,3.028,1.05,1.0,51.0,neutro,2.12,0.425,0.0,1.042,0.825,0.568,0.677,0.65,0.0,
137618,Clayton Sampaio,INT,Zagueiro,6,2.63,0.0,-1.0,0,0.0,False,True,REM,-1.548,armadilha_forte,0.0,0.0,0.0,47.7,neutro,0.84,0.575,12.2,0.574,1.304,1.015,0.856,0.275,0.582,
133679,Benedetti,PAL,Zagueiro,6,5.42,0.0,4.85,2,0.0,False,False,FLU,0.351,neutro,3.085,1.85,0.25,54.7,neutro,3.12,0.225,0.0,1.042,0.825,0.568,0.677,0.65,0.0,
79066,Alex Muralha,MIR,Goleiro,2,2.64,0.0,-1.0,0,0.0,False,True,FLA,-1.311,armadilha_leve,0.0,0.0,0.0,38.1,neutro,0.44,0.05,-9.1,1.05,0.98,1.185,0.467,0.5,0.229,0.467
141451,Allan,PAL,Meia,7,12.39,-0.22,5.91,19,3.3,True,False,FLU,0.713,valor_bom,5.363,4.33,1.0,48.5,neutro,3.39,0.425,0.0,1.042,0.825,0.568,0.677,0.65,0.0,
124526,Giay,PAL,Lateral,7,7.29,0.28,4.67,17,5.5,True,False,FLU,-0.004,neutro,4.265,3.43,1.0,54.1,neutro,3.18,0.225,0.0,1.042,0.825,0.568,0.677,0.65,0.0,
97321,Alesson,MIR,Atacante,2,8.3,-0.99,4.92,17,1.5,True,True,FLA,0.813,valor_bom,4.9,4.04,1.0,35.0,neutro,3.96,0.1,-9.1,1.05,0.98,1.185,0.467,0.5,0.229,0.467
82775,Lucas Ramon,SAO,Lateral,7,10.2,-0.22,5.42,15,2.9,True,True,CFC,0.149,neutro,5.354,4.49,1.0,59.9,neutro,4.72,0.2,17.5,0.646,1.176,0.489,1.214,0.175,0.561,0.481
72279,Thomazella,MIR,Goleiro,6,0.83,-1.1,-1.35,2,-3.0,True,True,FLA,3.071,valor_oculto,2.742,0.0,0.25,38.1,neutro,1.97,0.05,-9.1,1.05,0.98,1.185,0.467,0.5,0.229,0.467
97460,João Victor,MIR,Zagueiro,7,4.9,-1.25,2.59,19,2.7,True,True,FLA,0.043,neutro,2.606,1.85,1.0,38.5,neutro,6.04,0.05,-9.1,1.05,0.98,1.185,0.467,0.5,0.229,0.467
104027,Rafael Guanaes,MIR,Técnico,7,6.99,-0.45,4.15,19,2.5,True,True,FLA,0.198,neutro,4.299,4.15,1.0,34.0,neutro,4.35,0.1,-9.1,1.05,0.98,1.185,0.467,0.5,0.229,0.467
87742,Neto Moura,MIR,Meia,6,3.31,0.0,1.56,11,0.0,False,True,FLA,-0.437,neutro,1.335,1.56,1.0,32.0,neutro,1.33,0.1,-9.1,1.05,0.98,1.185,0.467,0.5,0.229,0.467
101708,Felipe Jonatan,CFC,Lateral,6,4.54,-0.24,2.38,15,-0.3,True,False,SAO,-0.295,neutro,2.736,1.78,1.0,37.7,desfavoravel,4.45,0.15,-17.5,0.489,1.214,0.646,1.176,0.4,0.0,0.481
136156,Larson,PAL,Meia,6,2.1,0.0,0.48,4,0.0,False,False,FLU,0.082,neutro,0.843,0.48,0.5,48.5,neutro,1.57,0.425,0.0,1.042,0.825,0.568,0.677,0.65,0.0,
81005,André Luis,MIR,Atacante,6,3.05,-0.19,1.02,11,-0.1,True,True,FLA,-0.867,armadilha_leve,0.892,0.29,1.0,35.0,neutro,1.22,0.1,-9.1,1.05,0.98,1.185,0.467,0.5,0.229,0.467
104204,Edson Carioca,MIR,Atacante,2,4.05,-0.53,2.16,13,0.0,True,True,FLA,-0.152,neutro,2.189,1.54,1.0,35.0,neutro,3.28,0.1,-9.1,1.05,0.98,1.185,0.467,0.5,0.229,0.467
111832,Jefté,PAL,Lateral,5,4.16,0.0,2.47,7,0.0,False,False,FLU,-0.714,armadilha_leve,2.162,0.9,0.875,54.1,neutro,2.41,0.225,0.0,1.042,0.825,0.568,0.677,0.65,0.0,
73318,Daniel Borges,MIR,Lateral,6,5.75,0.0,4.04,5,0.0,False,True,FLA,0.045,neutro,3.649,3.44,0.625,37.8,neutro,5.43,0.05,-9.1,1.05,0.98,1.185,0.467,0.5,0.229,0.467
83257,Gabriel,SAN,Atacante,7,8.73,0.05,4.7,13,3.6,True,False,VAS,0.491,neutro,4.76,0.85,1.0,54.4,neutro,2.82,0.8,-36.7,1.159,1.2,0.183,0.813,0.275,0.0,0.47
98384,Negueba,MIR,Atacante,5,8.57,0.0,5.23,8,0.0,False,True,FLA,0.878,valor_bom,5.044,4.23,1.0,35.0,neutro,3.24,0.1,-9.1,1.05,0.98,1.185,0.467,0.5,0.229,0.467
84847,Luan Peres,SAN,Zagueiro,6,4.07,0.0,1.99,14,0.0,False,False,VAS,-0.378,neutro,1.856,1.35,1.0,34.6,desfavoravel,1.68,0.85,-36.7,1.159,1.2,0.183,0.813,0.275,0.0,0.47
90917,Carlos Eduardo,MIR,Atacante,6,4.97,0.0,3.06,12,0.0,False,True,FLA,-0.119,neutro,2.731,1.98,1.0,35.0,neutro,2.92,0.1,-9.1,1.05,0.98,1.185,0.467,0.5,0.229,0.467
78478,Willian Arão,SAN,Meia,6,5.31,-1.0,2.9,14,0.7,True,False,VAS,-0.222,neutro,2.553,2.9,1.0,52.0,neutro,3.87,0.8,-36.7,1.159,1.2,0.183,0.813,0.275,0.0,0.47
97520,Shaylon,MIR,Meia,2,3.48,-0.47,1.63,15,-1.1,True,True,FLA,-0.062,neutro,1.74,1.3,1.0,32.0,neutro,2.3,0.1,-9.1,1.05,0.98,1.185,0.467,0.5,0.229,0.467
105903,Aldo Filho,MIR,Meia,5,3.8,0.0,2.09,15,0.0,False,True,FLA,0.077,neutro,2.04,1.76,1.0,32.0,neutro,2.1,0.1,-9.1,1.05,0.98,1.185,0.467,0.5,0.229,0.467
102975,Escobar,SAN,Lateral,7,9.53,-0.64,5.98,14,1.7,True,False,VAS,0.814,valor_bom,5.707,4.77,1.0,33.8,desfavoravel,4.68,0.85,-36.7,1.159,1.2,0.183,0.813,0.275,0.0,0.47
113690,Diógenes,SAN,Goleiro,6,5.0,0.0,5.55,2,0.0,False,False,VAS,0.455,neutro,3.288,3.05,0.25,34.1,desfavoravel,3.38,0.85,-36.7,1.159,1.2,0.183,0.813,0.275,0.0,0.47
108469,Adonis Frías,SAN,Zagueiro,7,5.64,-0.02,3.4,8,2.1,True,False,VAS,0.171,neutro,3.022,2.27,1.0,34.6,desfavoravel,2.25,0.85,-36.7,1.159,1.2,0.183,0.813,0.275,0.0,0.47
95466,Igor Vinícius,SAN,Lateral,5,9.33,0.0,5.82,13,0.0,False,False,VAS,0.753,valor_bom,5.595,4.51,1.0,33.8,desfavoravel,4.41,0.85,-36.7,1.159,1.2,0.183,0.813,0.275,0.0,0.47
91866,Zé Ivaldo,REM,Zagueiro,7,5.48,0.0,2.47,7,0.0,False,False,INT,-0.3,neutro,2.563,2.04,0.875,48.2,neutro,2.12,0.85,-12.2,1.015,0.856,0.574,1.304,0.45,0.0,
117403,Renato Marques,CFC,Atacante,6,2.73,0.0,0.74,7,0.0,False,False,SAO,-0.765,armadilha_leve,0.728,0.74,0.875,36.0,desfavoravel,1.14,0.3,-17.5,0.489,1.214,0.646,1.176,0.4,0.0,0.481
102256,Rollheiser,SAN,Meia,6,5.34,-0.14,2.48,15,1.0,True,False,VAS,0.362,neutro,3.031,1.48,1.0,52.0,neutro,2.47,0.8,-36.7,1.159,1.2,0.183,0.813,0.275,0.0,0.47
77777,João Schmidt,SAN,Meia,7,4.72,0.11,1.79,10,4.2,True,False,VAS,-0.755,armadilha_leve,1.86,1.79,1.0,52.0,neutro,1.97,0.8,-36.7,1.159,1.2,0.183,0.813,0.275,0.0,0.47
141754,Gabriel Bontempo,SAN,Meia,7,5.38,-0.24,3.7,17,4.0,True,False,VAS,1.329,valor_bom,3.817,3.11,1.0,52.0,neutro,4.23,0.8,-36.7,1.159,1.2,0.183,0.813,0.275,0.0,0.47
87470,Thaciano,SAN,Meia,6,6.24,-0.17,2.71,12,1.5,True,False,VAS,0.182,neutro,3.252,1.88,1.0,52.0,neutro,2.63,0.8,-36.7,1.159,1.2,0.183,0.813,0.275,0.0,0.47
63008,Rafael Tolói,SAO,Zagueiro,5,6.92,0.0,4.1,6,0.0,False,True,CFC,0.794,valor_bom,4.006,3.1,0.75,60.5,favoravel,4.11,0.2,17.5,0.646,1.176,0.489,1.214,0.175,0.561,0.481
118775,Lautaro Díaz,SAN,Atacante,6,5.26,0.0,2.28,8,0.0,False,False,VAS,-0.833,armadilha_leve,2.258,1.28,1.0,54.4,neutro,2.43,0.8,-36.7,1.159,1.2,0.183,0.813,0.275,0.0,0.47
89840,Calleri,SAO,Atacante,7,11.39,-1.4,5.66,19,1.1,True,True,CFC,0.399,neutro,5.422,2.45,1.0,57.2,neutro,3.01,0.6,17.5,0.646,1.176,0.489,1.214,0.175,0.561,0.481
80570,Wendell,SAO,Lateral,7,8.24,-0.05,4.13,15,3.6,True,True,CFC,-0.125,neutro,4.512,2.53,1.0,59.9,neutro,5.11,0.2,17.5,0.646,1.176,0.489,1.214,0.175,0.561,0.481
91573,Arboleda,SAO,Zagueiro,7,8.55,-1.25,4.02,9,0.4,True,True,CFC,0.18,neutro,3.98,3.35,1.0,60.5,favoravel,3.88,0.2,17.5,0.646,1.176,0.489,1.214,0.175,0.561,0.481
97878,Jacy,CFC,Zagueiro,2,5.36,0.12,3.92,19,1.9,True,False,SAO,0.924,valor_bom,3.542,2.97,1.0,38.4,desfavoravel,3.1,0.15,-17.5,0.489,1.214,0.646,1.176,0.4,0.0,0.481
142867,Robinho Jr.,SAN,Atacante,6,2.76,0.0,0.62,4,0.0,False,False,VAS,-0.843,armadilha_leve,0.685,0.62,0.5,54.4,neutro,1.71,0.8,-36.7,1.159,1.2,0.183,0.813,0.275,0.0,0.47
70164,Lucas Moura,SAO,Meia,5,7.5,0.0,2.32,8,0.0,False,True,CFC,-0.446,neutro,3.193,1.07,1.0,53.6,neutro,2.77,0.6,17.5,0.646,1.176,0.489,1.214,0.175,0.561,0.481
141868,Vini Lira,SAN,Lateral,5,3.79,0.0,2.42,4,0.0,False,False,VAS,-0.54,armadilha_leve,2.068,2.42,0.5,33.8,desfavoravel,1.72,0.85,-36.7,1.159,1.2,0.183,0.813,0.275,0.0,0.47
101290,Ferreira,SAO,Atacante,6,7.56,0.87,4.1,16,7.4,True,True,CFC,0.475,neutro,4.352,2.1,1.0,57.2,neutro,4.05,0.6,17.5,0.646,1.176,0.489,1.214,0.175,0.561,0.481
81845,Alisson,FLU,Meia,6,3.52,0.0,0.96,8,0.0,False,True,PAL,-0.452,neutro,1.454,0.33,1.0,27.8,neutro,1.26,0.05,0.0,0.568,0.677,1.042,0.825,0.5,0.347,
77656,Cédric Soares,SAO,Lateral,6,3.73,0.0,0.94,8,0.0,False,True,CFC,-1.279,armadilha_leve,1.416,0.94,1.0,59.9,neutro,3.73,0.2,17.5,0.646,1.176,0.489,1.214,0.175,0.561,0.481
105300,Ferraresi,BOT,Zagueiro,7,5.53,-0.64,2.44,16,0.2,True,False,VIT,-0.39,neutro,2.508,1.69,1.0,49.3,neutro,4.34,0.45,-30.9,0.6,0.509,0.2,1.067,0.65,0.0,
106294,Marcos Antônio,SAO,Meia,7,6.39,0.01,2.66,15,2.9,True,True,CFC,-0.018,neutro,3.149,1.99,1.0,53.6,neutro,3.16,0.6,17.5,0.646,1.176,0.489,1.214,0.175,0.561,0.481
113359,Pablo Maia,SAO,Meia,7,4.35,0.16,1.48,13,2.7,True,True,CFC,-0.778,armadilha_leve,1.658,1.48,1.0,53.6,neutro,2.48,0.6,17.5,0.646,1.176,0.489,1.214,0.175,0.561,0.481
118563,Rodriguinho,RBB,Meia,7,6.07,-0.05,3.54,11,4.8,True,False,CAP,0.904,valor_bom,3.761,2.63,1.0,25.0,desfavoravel,2.42,0.05,-32.1,1.131,0.764,1.027,0.232,0.475,0.0,0.434
104075,Sabino,SAO,Zagueiro,6,6.86,0.0,3.89,16,0.0,False,True,CFC,0.697,valor_bom,3.905,2.95,1.0,60.5,favoravel,4.65,0.2,17.5,0.646,1.176,0.489,1.214,0.175,0.561,0.481
106028,Coronel,SAO,Goleiro,6,5.0,0.0,0.0,0,0.0,False,True,CFC,-2.627,armadilha_forte,0.0,0.0,0.0,60.4,neutro,1.36,0.2,17.5,0.646,1.176,0.489,1.214,0.175,0.561,0.481
71123,Thiago Mendes,VAS,Meia,7,7.15,-0.68,4.17,17,0.7,True,True,SAN,0.886,valor_bom,4.137,2.7,1.0,61.8,favoravel,2.46,0.95,36.7,0.183,0.813,1.159,1.2,0.275,0.475,0.47
140542,Ryan Francisco,SAO,Atacante,6,5.0,0.0,0.0,0,0.0,False,True,CFC,-3.289,armadilha_forte,0.0,0.0,0.0,57.2,neutro,1.23,0.6,17.5,0.646,1.176,0.489,1.214,0.175,0.561,0.481
141611,Maik,SAO,Lateral,6,5.52,0.0,3.48,5,0.0,False,True,CFC,-0.082,neutro,3.433,2.88,0.625,59.9,neutro,3.26,0.2,17.5,0.646,1.176,0.489,1.214,0.175,0.561,0.481
72391,Fernando Diniz,COR,Técnico,7,9.61,0.45,5.74,15,8.0,True,True,CRU,0.782,valor_bom,5.569,5.74,1.0,72.7,favoravel,3.85,0.7,7.8,1.65,0.44,1.027,0.568,0.775,0.406,
93716,Paulo Henrique,VAS,Lateral,7,8.3,1.05,3.29,13,7.5,True,True,SAN,-0.733,armadilha_leve,4.029,2.29,1.0,64.8,neutro,3.0,0.15,36.7,0.183,0.813,1.159,1.2,0.275,0.475,0.47
107873,Bobadilla,SAO,Meia,6,8.06,-0.16,3.94,16,1.2,True,True,CFC,0.325,neutro,3.982,3.31,1.0,53.6,neutro,3.03,0.6,17.5,0.646,1.176,0.489,1.214,0.175,0.561,0.481
131617,André Silva,SAO,Atacante,6,3.22,-0.26,0.22,13,-1.0,True,True,CFC,-1.57,armadilha_forte,0.409,0.22,1.0,57.2,neutro,2.99,0.6,17.5,0.646,1.176,0.489,1.214,0.175,0.561,0.481
97095,Carlos Cuesta,VAS,Zagueiro,2,6.04,1.08,2.18,10,7.0,True,True,SAN,-0.769,armadilha_leve,2.386,1.08,1.0,65.3,neutro,3.26,0.15,36.7,0.183,0.813,1.159,1.2,0.275,0.475,0.47
111682,Adson,VAS,Meia,6,6.63,0.27,3.69,10,5.3,True,True,SAN,0.761,valor_bom,3.857,3.69,1.0,61.8,favoravel,3.18,0.95,36.7,0.183,0.813,1.159,1.2,0.275,0.475,0.47
81091,Jair,VAS,Meia,7,7.65,1.0,4.7,2,6.4,True,True,SAN,0.749,valor_bom,4.192,4.7,0.25,61.8,favoravel,4.05,0.95,36.7,0.183,0.813,1.159,1.2,0.275,0.475,0.47
116706,Andrés Gómez,VAS,Atacante,7,13.56,0.0,7.66,17,0.0,False,True,SAN,1.375,valor_bom,6.763,5.19,1.0,64.8,favoravel,3.3,0.95,36.7,0.183,0.813,1.159,1.2,0.275,0.475,0.47
90309,David,VAS,Atacante,2,4.22,0.05,2.11,17,0.8,True,True,SAN,-0.314,neutro,2.15,0.87,1.0,64.8,neutro,2.46,0.95,36.7,0.183,0.813,1.159,1.2,0.275,0.475,0.47
117330,Robert Renan,VAS,Zagueiro,7,6.05,0.23,2.66,20,8.5,True,True,SAN,-0.014,neutro,3.024,2.06,1.0,65.3,neutro,2.89,0.15,36.7,0.183,0.813,1.159,1.2,0.275,0.475,0.47
117818,Young,SAO,Goleiro,6,3.0,0.0,0.0,0,0.0,False,True,CFC,-1.559,armadilha_forte,0.0,0.0,0.0,60.4,neutro,1.36,0.2,17.5,0.646,1.176,0.489,1.214,0.175,0.561,0.481
141609,Lucca,SAO,Atacante,6,2.05,0.0,0.23,4,0.0,False,True,CFC,-0.251,neutro,0.555,0.23,0.5,57.2,neutro,1.98,0.6,17.5,0.646,1.176,0.489,1.214,0.175,0.561,0.481
86686,Tchê Tchê,VAS,Meia,7,4.98,1.11,2.12,14,7.9,True,True,SAN,-0.66,armadilha_leve,2.057,1.76,1.0,61.8,neutro,3.41,0.95,36.7,0.183,0.813,1.159,1.2,0.275,0.475,0.47
115141,Lucas Freitas,VAS,Zagueiro,6,4.77,0.0,2.5,2,0.0,False,True,SAN,0.123,neutro,2.615,1.0,0.25,65.3,favoravel,3.23,0.15,36.7,0.183,0.813,1.159,1.2,0.275,0.475,0.47
86410,Victor Luis,MIR,Lateral,6,3.65,0.0,1.2,7,0.0,False,True,FLA,-1.028,armadilha_leve,1.569,0.77,0.875,37.8,neutro,1.62,0.05,-9.1,1.05,0.98,1.185,0.467,0.5,0.229,0.467
105584,Lucas Piton,VAS,Lateral,7,4.96,0.0,2.0,14,0.0,False,True,SAN,-0.85,armadilha_leve,2.51,1.79,1.0,64.8,neutro,2.61,0.15,36.7,0.183,0.813,1.159,1.2,0.275,0.475,0.47
90703,Matheuzinho,VIT,Meia,7,5.67,-0.23,3.24,18,1.7,True,True,BOT,0.769,valor_bom,3.494,2.68,1.0,46.1,neutro,3.01,0.825,30.9,0.2,1.067,0.6,0.509,0.175,0.382,
122485,Barros,VAS,Meia,6,8.75,-0.11,4.7,17,3.0,True,True,SAN,0.719,valor_bom,4.497,3.82,1.0,61.8,favoravel,3.09,0.95,36.7,0.183,0.813,1.159,1.2,0.275,0.475,0.47
99213,Puma Rodríguez,VAS,Lateral,6,7.99,0.0,5.15,13,0.0,False,True,SAN,0.788,valor_bom,5.18,2.46,1.0,64.8,favoravel,2.54,0.15,36.7,0.183,0.813,1.159,1.2,0.275,0.475,0.47
92180,Jair Ventura,VIT,Técnico,7,8.21,0.06,5.02,19,2.54,True,True,BOT,0.401,neutro,4.911,5.02,1.0,47.6,neutro,4.08,0.825,30.9,0.2,1.067,0.6,0.509,0.175,0.382,
101597,Ramon,VIT,Lateral,7,7.72,0.0,4.84,15,0.0,False,True,BOT,0.658,valor_bom,4.975,3.04,1.0,64.8,favoravel,4.37,0.1,30.9,0.2,1.067,0.6,0.509,0.175,0.382,
95936,Daniel Fuzato,VAS,Goleiro,6,2.0,0.0,0.0,0,0.0,False,True,SAN,-0.802,armadilha_leve,0.0,0.0,0.0,65.3,neutro,1.56,0.15,36.7,0.183,0.813,1.159,1.2,0.275,0.475,0.47
104118,Lucas Arcanjo,VIT,Goleiro,7,8.88,0.1,5.42,16,1.9,True,True,BOT,0.737,valor_bom,4.99,3.86,1.0,65.3,favoravel,5.14,0.1,30.9,0.2,1.067,0.6,0.509,0.175,0.382,
92696,Renato Kayzer,VIT,Atacante,6,6.63,0.0,3.27,12,0.0,False,True,BOT,0.366,neutro,3.905,0.85,1.0,48.9,neutro,2.21,0.825,30.9,0.2,1.067,0.6,0.509,0.175,0.382,
42222,Osvaldo,VIT,Atacante,6,4.07,0.0,0.4,2,0.0,False,True,BOT,-0.535,armadilha_leve,1.869,0.4,0.25,48.9,neutro,2.16,0.825,30.9,0.2,1.067,0.6,0.509,0.175,0.382,
118752,Mateus Carvalho,VAS,Meia,5,4.0,0.0,0.0,0,0.0,False,True,SAN,-2.628,armadilha_forte,0.0,0.0,0.0,61.8,neutro,1.42,0.95,36.7,0.183,0.813,1.159,1.2,0.275,0.475,0.47
90588,Caíque,VIT,Meia,7,4.64,-0.74,2.5,17,1.5,True,True,BOT,-0.124,neutro,2.323,2.5,1.0,46.1,neutro,2.72,0.825,30.9,0.2,1.067,0.6,0.509,0.175,0.382,
142279,Nuno Moreira,VAS,Meia,7,4.77,0.0,2.07,16,0.0,False,True,SAN,-0.572,armadilha_leve,2.029,1.44,1.0,61.8,neutro,2.34,0.95,36.7,0.183,0.813,1.159,1.2,0.275,0.475,0.47
96793,Camutanga,VIT,Zagueiro,5,6.71,0.0,3.95,7,0.0,False,True,BOT,0.801,valor_bom,3.942,2.66,0.875,65.4,favoravel,3.4,0.1,30.9,0.2,1.067,0.6,0.509,0.175,0.382,
90031,Mendoza,CAP,Atacante,7,7.49,-0.17,4.21,20,-0.3,True,True,RBB,0.553,valor_bom,4.395,2.21,1.0,55.1,neutro,2.69,0.2,32.1,1.027,0.232,1.131,0.764,0.875,0.445,0.434
97645,Thiago Couto,VIT,Goleiro,6,3.0,0.0,0.0,0,0.0,False,True,BOT,-1.559,armadilha_forte,0.0,0.0,0.0,65.3,neutro,1.56,0.1,30.9,0.2,1.067,0.6,0.509,0.175,0.382,
80129,Jadson,CAP,Meia,7,4.93,-0.43,3.0,15,2.1,True,True,RBB,0.094,neutro,2.634,2.67,1.0,52.1,neutro,2.99,0.2,32.1,1.027,0.232,1.131,0.764,0.875,0.445,0.434
99440,Baralhas,VIT,Meia,7,9.25,0.0,5.24,15,0.0,False,True,BOT,0.967,valor_bom,4.831,3.91,1.0,46.1,neutro,4.48,0.825,30.9,0.2,1.067,0.6,0.509,0.175,0.382,
111879,Mateus Silva,VIT,Lateral,6,4.95,0.0,4.85,2,0.0,False,True,BOT,0.585,valor_bom,3.693,3.35,0.25,64.8,favoravel,3.86,0.1,30.9,0.2,1.067,0.6,0.509,0.175,0.382,
92273,Odair Hellmann,CAP,Técnico,7,9.44,0.32,5.89,20,8.44,True,True,RBB,1.522,valor_oculto,5.707,5.89,1.0,53.4,neutro,4.55,0.2,32.1,1.027,0.232,1.131,0.764,0.875,0.445,0.434
104330,Dudu,VIT,Meia,5,5.01,0.0,3.95,2,0.0,False,True,BOT,-0.312,neutro,2.348,1.45,0.25,46.1,neutro,2.35,0.825,30.9,0.2,1.067,0.6,0.509,0.175,0.382,
110698,Mycael,CAP,Goleiro,6,7.46,2.86,7.6,1,7.6,True,True,RBB,0.701,valor_bom,4.516,2.6,0.125,72.3,favoravel,4.78,0.575,32.1,1.027,0.232,1.131,0.764,0.875,0.445,0.434
145387,Rúben Ismael,VIT,Meia,5,4.0,0.0,0.0,0,0.0,False,True,BOT,-2.628,armadilha_forte,0.0,0.0,0.0,46.1,neutro,0.77,0.825,30.9,0.2,1.067,0.6,0.509,0.175,0.382,
107985,Terán,CAP,Zagueiro,6,6.98,0.0,4.09,13,0.0,False,True,RBB,0.8,valor_bom,4.031,2.94,1.0,72.2,favoravel,4.53,0.575,32.1,1.027,0.232,1.131,0.764,0.875,0.445,0.434
130620,Edenílson,VIT,Meia,6,3.1,-0.18,1.55,9,0.0,True,True,BOT,-0.305,neutro,1.303,1.55,1.0,46.1,neutro,1.79,0.825,30.9,0.2,1.067,0.6,0.509,0.175,0.382,
110668,Esquivel,CAP,Lateral,6,7.9,0.0,4.88,14,0.0,False,True,RBB,0.618,valor_bom,5.007,2.74,1.0,71.7,favoravel,5.4,0.575,32.1,1.027,0.232,1.131,0.764,0.875,0.445,0.434
105518,Renan Peixoto,CAP,Atacante,6,2.73,0.0,0.9,7,0.0,False,True,RBB,-0.679,armadilha_leve,0.802,0.9,0.875,55.1,neutro,1.89,0.2,32.1,1.027,0.232,1.131,0.764,0.875,0.445,0.434
116461,Jamerson,VIT,Lateral,6,5.79,0.01,3.54,9,2.3,True,True,BOT,-0.187,neutro,3.476,2.54,1.0,64.8,neutro,3.95,0.1,30.9,0.2,1.067,0.6,0.509,0.175,0.382,
113113,Benavídez,CAP,Lateral,7,7.76,0.37,4.77,16,7.4,True,True,RBB,0.578,valor_bom,4.923,2.21,1.0,71.7,favoravel,4.42,0.575,32.1,1.027,0.232,1.131,0.764,0.875,0.445,0.434
85626,Léo,CAP,Zagueiro,6,6.77,0.0,4.9,2,0.0,False,True,RBB,0.998,valor_bom,4.128,3.4,0.25,72.2,favoravel,4.38,0.575,32.1,1.027,0.232,1.131,0.764,0.875,0.445,0.434
110708,Pedro Rangel,CFC,Goleiro,5,7.48,0.0,4.67,17,0.0,False,False,SAO,0.677,valor_bom,4.497,2.91,1.0,38.0,desfavoravel,4.59,0.15,-17.5,0.489,1.214,0.646,1.176,0.4,0.0,0.481
123869,Aguirre,CAP,Zagueiro,7,6.59,0.52,3.86,17,8.0,True,True,RBB,0.781,valor_bom,3.884,2.62,1.0,72.2,favoravel,4.44,0.575,32.1,1.027,0.232,1.131,0.764,0.875,0.445,0.434
112017,Felipinho,CAP,Meia,6,4.79,-0.78,2.99,8,1.7,True,True,RBB,-0.031,neutro,2.469,2.99,1.0,52.1,neutro,2.99,0.2,32.1,1.027,0.232,1.131,0.764,0.875,0.445,0.434
123101,Leozinho,CAP,Atacante,7,5.8,-0.04,5.66,9,2.5,True,True,RBB,0.94,valor_bom,4.049,2.99,1.0,55.1,neutro,5.84,0.2,32.1,1.027,0.232,1.131,0.764,0.875,0.445,0.434
130842,Matheus Soares,CAP,Goleiro,6,1.0,0.0,0.0,0,0.0,False,True,RBB,0.266,neutro,0.0,0.0,0.0,72.3,favoravel,1.85,0.575,32.1,1.027,0.232,1.131,0.764,0.875,0.445,0.434
127970,Felipe Chiqueti,CAP,Meia,6,2.07,0.0,1.35,7,0.0,False,True,RBB,0.535,valor_bom,1.177,1.35,0.875,52.1,neutro,1.93,0.2,32.1,1.027,0.232,1.131,0.764,0.875,0.445,0.434
115266,Renan Viana,CAP,Atacante,6,2.0,0.0,0.0,0,0.0,False,True,RBB,-0.833,armadilha_leve,0.0,0.0,0.0,55.1,neutro,1.14,0.2,32.1,1.027,0.232,1.131,0.764,0.875,0.445,0.434
125746,Dudu,CAP,Meia,6,2.1,-0.26,1.67,13,0.0,True,True,RBB,0.812,valor_bom,1.424,1.29,1.0,52.1,neutro,2.04,0.2,32.1,1.027,0.232,1.131,0.764,0.875,0.445,0.434
128431,João Cruz,CAP,Meia,6,6.15,1.28,3.25,15,9.5,True,True,RBB,0.58,valor_bom,3.534,1.92,1.0,52.1,neutro,2.87,0.2,32.1,1.027,0.232,1.131,0.764,0.875,0.445,0.434
131832,Portilla,CAP,Meia,6,2.87,0.0,1.17,15,0.0,False,True,RBB,-0.336,neutro,1.12,1.17,1.0,52.1,neutro,1.93,0.2,32.1,1.027,0.232,1.131,0.764,0.875,0.445,0.434
122316,Batata,CAP,Lateral,6,1.0,0.0,0.0,0,0.0,False,True,RBB,0.334,neutro,0.0,0.0,0.0,71.7,favoravel,1.83,0.575,32.1,1.027,0.232,1.131,0.764,0.875,0.445,0.434
84339,Bruno Melo,CFC,Lateral,7,5.21,-0.33,3.34,20,-0.8,True,False,SAO,0.016,neutro,3.358,1.89,1.0,37.7,desfavoravel,2.07,0.15,-17.5,0.489,1.214,0.646,1.176,0.4,0.0,0.481
82628,Tinga,CFC,Lateral,7,6.38,0.13,3.83,15,5.3,True,False,SAO,-0.26,neutro,3.682,2.76,1.0,37.7,desfavoravel,3.4,0.15,-17.5,0.489,1.214,0.646,1.176,0.4,0.0,0.481
122439,Isaac,CAP,Atacante,6,1.66,0.0,0.4,3,0.0,False,True,RBB,0.321,neutro,0.631,0.4,0.375,55.1,neutro,1.68,0.2,32.1,1.027,0.232,1.131,0.764,0.875,0.445,0.434
63354,Rodrigo Moledo,CFC,Zagueiro,2,6.53,-0.87,5.57,3,1.2,True,False,SAO,1.398,valor_bom,4.381,2.57,0.375,38.4,desfavoravel,3.28,0.15,-17.5,0.489,1.214,0.646,1.176,0.4,0.0,0.481
128427,Alejandro García,CAP,Meia,6,4.0,0.0,0.0,0,0.0,False,True,RBB,-2.628,armadilha_forte,0.0,0.0,0.0,52.1,neutro,1.02,0.2,32.1,1.027,0.232,1.131,0.764,0.875,0.445,0.434
120433,Léo Derik,CAP,Lateral,7,5.81,0.0,3.65,9,0.0,False,True,RBB,-0.128,neutro,3.534,2.65,1.0,71.7,neutro,3.28,0.575,32.1,1.027,0.232,1.131,0.764,0.875,0.445,0.434
104811,Sebastián Gómez,CFC,Meia,7,4.05,-0.21,2.49,18,1.2,True,False,SAO,0.258,neutro,2.323,2.49,1.0,33.2,desfavoravel,2.96,0.3,-17.5,0.489,1.214,0.646,1.176,0.4,0.0,0.481
85403,Danielzinho,SAO,Meia,7,6.34,-0.39,2.68,19,1.2,True,True,CFC,-0.069,neutro,3.09,2.15,1.0,53.6,neutro,2.92,0.6,17.5,0.646,1.176,0.489,1.214,0.175,0.561,0.481
90302,Pedro Rocha,CFC,Atacante,7,7.85,1.26,3.85,21,9.6,True,False,SAO,0.098,neutro,4.128,1.71,1.0,36.0,desfavoravel,1.79,0.3,-17.5,0.489,1.214,0.646,1.176,0.4,0.0,0.481
84626,Josué,CFC,Meia,2,6.56,0.33,4.24,21,6.3,True,False,SAO,1.214,valor_bom,4.192,1.86,1.0,33.2,desfavoravel,2.52,0.3,-17.5,0.489,1.214,0.646,1.176,0.4,0.0,0.481
117930,Lavega,CFC,Atacante,7,6.1,1.07,3.56,20,8.6,True,False,SAO,0.651,valor_bom,3.931,1.06,1.0,36.0,desfavoravel,2.05,0.3,-17.5,0.489,1.214,0.646,1.176,0.4,0.0,0.481
125926,Zapelli,CAP,Meia,6,4.23,0.0,1.37,13,0.0,False,True,RBB,-0.785,armadilha_leve,1.59,0.99,1.0,52.1,neutro,2.18,0.2,32.1,1.027,0.232,1.131,0.764,0.875,0.445,0.434
145609,Élan Ricardo,CAP,Meia,6,3.0,0.0,0.0,0,0.0,False,True,RBB,-1.858,armadilha_forte,0.0,0.0,0.0,52.1,neutro,1.02,0.2,32.1,1.027,0.232,1.131,0.764,0.875,0.445,0.434
143532,Carlos Eduardo,CAP,Goleiro,6,1.0,0.0,0.0,0,0.0,False,True,RBB,0.266,neutro,0.0,0.0,0.0,72.3,favoravel,1.85,0.575,32.1,1.027,0.232,1.131,0.764,0.875,0.445,0.434
107859,Fintelman,VIT,Goleiro,6,2.0,0.0,0.0,0,0.0,False,True,BOT,-0.802,armadilha_leve,0.0,0.0,0.0,65.3,neutro,1.56,0.1,30.9,0.2,1.067,0.6,0.509,0.175,0.382,
71227,Maicon,CFC,Zagueiro,6,3.86,-0.28,1.93,14,0.0,True,False,SAO,-0.291,neutro,1.818,1.07,1.0,38.4,desfavoravel,1.77,0.15,-17.5,0.489,1.214,0.646,1.176,0.4,0.0,0.481
126977,Fernando Seabra,CFC,Técnico,7,8.04,0.38,5.11,22,5.65,True,False,SAO,0.953,valor_bom,4.988,5.11,1.0,35.1,desfavoravel,2.81,0.3,-17.5,0.489,1.214,0.646,1.176,0.4,0.0,0.481
123648,Lucas Ronier,CFC,Atacante,5,10.77,0.0,6.7,18,0.0,False,False,SAO,1.402,valor_bom,6.133,5.42,1.0,36.0,desfavoravel,2.27,0.3,-17.5,0.489,1.214,0.646,1.176,0.4,0.0,0.481
125803,Pedro Morisco,CFC,Goleiro,7,7.6,-0.62,4.3,6,1.6,True,False,SAO,0.365,neutro,4.203,4.3,0.75,38.0,desfavoravel,2.99,0.15,-17.5,0.489,1.214,0.646,1.176,0.4,0.0,0.481
84428,Fernando Sobral,CFC,Meia,6,4.34,0.0,1.0,3,0.0,False,False,SAO,-0.732,armadilha_leve,1.689,1.0,0.375,33.2,desfavoravel,1.46,0.3,-17.5,0.489,1.214,0.646,1.176,0.4,0.0,0.481
101405,Wallisson,MIR,Meia,2,4.71,0.35,2.4,13,3.2,True,True,FLA,-0.287,neutro,2.227,2.4,1.0,32.0,neutro,1.78,0.1,-9.1,1.05,0.98,1.185,0.467,0.5,0.229,0.467
112576,Vini Paulista,CFC,Meia,2,3.88,0.2,2.32,21,2.4,True,False,SAO,0.243,neutro,2.217,2.32,1.0,33.2,desfavoravel,2.23,0.3,-17.5,0.489,1.214,0.646,1.176,0.4,0.0,0.481
124834,Ruan Assis,CFC,Atacante,6,1.0,0.0,0.0,0,0.0,False,False,SAO,0.604,valor_bom,0.0,0.0,0.0,36.0,desfavoravel,0.35,0.3,-17.5,0.489,1.214,0.646,1.176,0.4,0.0,0.481
109127,Tiago Cóser,CFC,Zagueiro,7,4.39,1.06,2.66,19,8.2,True,False,SAO,0.383,neutro,2.655,1.08,1.0,38.4,desfavoravel,1.7,0.15,-17.5,0.489,1.214,0.646,1.176,0.4,0.0,0.481
97795,Marcelinho,REM,Lateral,7,5.98,0.0,5.1,18,0.0,False,False,INT,1.038,valor_bom,4.578,3.66,1.0,47.6,neutro,3.81,0.85,-12.2,1.015,0.856,0.574,1.304,0.45,0.0,
82730,Marcelo Rangel,REM,Goleiro,7,5.11,-0.66,3.86,21,-2.0,True,False,INT,0.649,valor_bom,3.546,3.38,1.0,47.9,neutro,3.53,0.85,-12.2,1.015,0.856,0.574,1.304,0.45,0.0,
102911,Zé Ricardo,REM,Meia,7,4.31,-0.28,2.57,20,1.5,True,False,INT,0.171,neutro,2.392,2.32,1.0,52.6,neutro,3.86,0.5,-12.2,1.015,0.856,0.574,1.304,0.45,0.0,
141337,Lucas Taverna,CFC,Lateral,6,2.58,0.0,2.1,3,0.0,False,False,SAO,0.44,neutro,1.949,1.1,0.375,37.7,desfavoravel,1.78,0.15,-17.5,0.489,1.214,0.646,1.176,0.4,0.0,0.481
124358,João Almeida,CFC,Lateral,6,0.92,0.0,0.0,1,0.0,False,False,SAO,2.524,valor_oculto,1.682,0.0,0.125,37.7,desfavoravel,1.59,0.15,-17.5,0.489,1.214,0.646,1.176,0.4,0.0,0.481
104257,João Lucas,REM,Lateral,6,4.59,0.0,2.82,6,0.0,False,False,INT,0.175,neutro,3.154,2.82,0.75,47.6,neutro,2.71,0.85,-12.2,1.015,0.856,0.574,1.304,0.45,0.0,
130283,Matheus Dias,CFC,Meia,6,1.0,0.0,0.0,0,0.0,False,False,SAO,0.535,valor_bom,0.0,0.0,0.0,33.2,desfavoravel,0.24,0.3,-17.5,0.489,1.214,0.646,1.176,0.4,0.0,0.481
115840,Benassi,CFC,Goleiro,6,1.0,0.0,0.0,0,0.0,False,False,SAO,0.266,neutro,0.0,0.0,0.0,38.0,desfavoravel,0.44,0.15,-17.5,0.489,1.214,0.646,1.176,0.4,0.0,0.481
83074,Ygor Vinhas,REM,Goleiro,6,3.0,0.0,0.0,0,0.0,False,False,INT,-1.559,armadilha_forte,0.0,0.0,0.0,47.9,neutro,0.85,0.85,-12.2,1.015,0.856,0.574,1.304,0.45,0.0,
131279,Thiago Azaf,CFC,Atacante,6,1.0,0.0,0.0,0,0.0,False,False,SAO,0.604,valor_bom,0.0,0.0,0.0,36.0,desfavoravel,0.35,0.3,-17.5,0.489,1.214,0.646,1.176,0.4,0.0,0.481
83048,Rafael Thyere,CHA,Zagueiro,7,2.75,0.0,-0.1,3,0.0,False,True,BAH,-0.277,neutro,1.152,0.0,0.375,37.0,neutro,1.27,0.25,-26.7,0.63,1.074,0.607,0.352,0.125,0.275,
107700,Eduardo Melo,REM,Atacante,6,2.13,0.0,1.4,1,0.0,False,False,INT,-0.068,neutro,0.793,1.4,0.125,54.9,neutro,1.71,0.5,-12.2,1.015,0.856,0.574,1.304,0.45,0.0,
98224,Jáderson,REM,Meia,6,2.44,-0.2,0.85,11,-0.3,True,False,INT,-0.176,neutro,0.924,0.85,1.0,52.6,neutro,1.87,0.5,-12.2,1.015,0.856,0.574,1.304,0.45,0.0,
95332,Marcinho,CHA,Atacante,7,4.37,-0.78,3.21,19,2.0,True,True,BAH,0.476,neutro,2.922,2.1,1.0,30.2,neutro,1.98,0.475,-26.7,0.63,1.074,0.607,0.352,0.125,0.275,
141385,João Victor,REM,Goleiro,6,1.0,0.0,0.0,0,0.0,False,False,INT,0.266,neutro,0.0,0.0,0.0,47.9,neutro,0.85,0.85,-12.2,1.015,0.856,0.574,1.304,0.45,0.0,
68822,Rafael Santos,CHA,Goleiro,6,4.94,0.0,3.75,4,0.0,False,True,BAH,0.273,neutro,3.065,3.75,0.5,36.6,neutro,1.32,0.25,-26.7,0.63,1.074,0.607,0.352,0.125,0.275,
143455,PH Gama,REM,Meia,6,2.0,0.0,0.0,0,0.0,False,False,INT,-0.865,armadilha_leve,0.0,0.0,0.0,52.6,neutro,1.04,0.5,-12.2,1.015,0.856,0.574,1.304,0.45,0.0,
104470,Everton,CHA,Lateral,6,3.52,-0.58,1.88,16,0.0,True,True,BAH,-0.538,armadilha_leve,1.884,1.38,1.0,36.3,neutro,1.58,0.25,-26.7,0.63,1.074,0.607,0.352,0.125,0.275,
71043,Léo Vieira,BAH,Goleiro,5,6.82,0.0,5.02,16,0.0,False,False,CHA,1.103,valor_bom,4.723,4.39,1.0,74.9,favoravel_visitante,2.76,0.75,26.7,0.607,0.352,0.63,1.074,0.55,0.0,
141386,Marcos Alexandre,REM,Goleiro,6,1.0,0.0,0.0,0,0.0,False,False,INT,0.266,neutro,0.0,0.0,0.0,47.9,neutro,0.85,0.85,-12.2,1.015,0.856,0.574,1.304,0.45,0.0,
145782,Tassano,REM,Zagueiro,6,3.0,0.0,0.0,0,0.0,False,False,INT,-1.85,armadilha_forte,0.0,0.0,0.0,48.2,neutro,0.86,0.85,-12.2,1.015,0.856,0.574,1.304,0.45,0.0,
97432,Victor Caetano,CHA,Zagueiro,5,3.19,0.0,1.6,8,0.0,False,True,BAH,-0.076,neutro,1.611,1.6,1.0,37.0,neutro,1.63,0.25,-26.7,0.63,1.074,0.607,0.352,0.125,0.275,
68938,Giovanni Augusto,CHA,Meia,7,3.81,-0.45,1.88,13,2.3,True,True,BAH,-0.098,neutro,1.906,1.5,1.0,27.1,neutro,1.47,0.475,-26.7,0.63,1.074,0.607,0.352,0.125,0.275,
101393,Eduardo Doma,CHA,Zagueiro,7,4.02,-0.07,2.34,18,1.5,True,True,BAH,-0.034,neutro,2.119,1.84,1.0,37.0,neutro,2.47,0.25,-26.7,0.63,1.074,0.607,0.352,0.125,0.275,
107516,Ênio,CHA,Atacante,6,5.04,-0.04,2.93,12,0.8,True,True,BAH,-0.251,neutro,2.653,2.26,1.0,30.2,neutro,1.54,0.475,-26.7,0.63,1.074,0.607,0.352,0.125,0.275,
88293,Neto Pessoa,CHA,Atacante,6,4.74,0.0,3.49,9,0.0,False,True,BAH,0.215,neutro,2.9,1.16,1.0,30.2,neutro,2.08,0.475,-26.7,0.63,1.074,0.607,0.352,0.125,0.275,
109336,Rafael Carvalheira,CHA,Meia,5,5.7,0.0,2.72,14,0.0,False,True,BAH,0.395,neutro,3.209,2.01,1.0,27.1,neutro,2.17,0.475,-26.7,0.63,1.074,0.607,0.352,0.125,0.275,
116066,Rubens,CHA,Atacante,7,2.48,-0.29,1.38,9,-0.2,True,True,BAH,-0.126,neutro,1.068,0.49,1.0,30.2,neutro,1.14,0.475,-26.7,0.63,1.074,0.607,0.352,0.125,0.275,
111279,Mancha,CHA,Lateral,6,3.0,0.0,0.0,0,0.0,False,True,BAH,-2.342,armadilha_forte,0.0,0.0,0.0,36.3,neutro,0.37,0.25,-26.7,0.63,1.074,0.607,0.352,0.125,0.275,
121870,Gustavo Talles,CHA,Lateral,6,2.0,0.0,0.0,0,0.0,False,True,BAH,-1.231,armadilha_leve,0.0,0.0,0.0,36.3,neutro,0.37,0.25,-26.7,0.63,1.074,0.607,0.352,0.125,0.275,
104519,Camilo,CHA,Meia,7,4.72,-0.72,3.07,17,-0.3,True,True,BAH,0.315,neutro,2.711,3.07,1.0,27.1,neutro,2.08,0.475,-26.7,0.63,1.074,0.607,0.352,0.125,0.275,
102906,Anderson,CHA,Goleiro,7,5.36,-0.51,3.04,7,0.6,True,True,BAH,0.614,valor_bom,3.621,3.04,0.875,36.6,neutro,2.62,0.25,-26.7,0.63,1.074,0.607,0.352,0.125,0.275,
107453,João Paulo,CHA,Zagueiro,5,4.8,0.0,3.3,6,0.0,False,True,BAH,0.476,neutro,2.925,1.47,0.75,37.0,neutro,2.29,0.25,-26.7,0.63,1.074,0.607,0.352,0.125,0.275,
130843,Arthur Dias,CAP,Zagueiro,7,6.45,0.46,3.72,18,7.0,True,True,RBB,0.722,valor_bom,3.786,2.55,1.0,72.2,favoravel,4.1,0.575,32.1,1.027,0.232,1.131,0.764,0.875,0.445,0.434
130414,Robert,CHA,Meia,5,3.51,0.0,3.0,1,0.0,False,True,BAH,0.323,neutro,2.064,3.0,0.125,27.1,neutro,1.42,0.475,-26.7,0.63,1.074,0.607,0.352,0.125,0.275,
110426,Bernabei,INT,Lateral,7,10.84,1.07,6.28,19,11.4,True,True,REM,0.678,valor_bom,5.969,3.96,1.0,47.1,neutro,4.36,0.575,12.2,0.574,1.304,1.015,0.856,0.275,0.582,
99552,Rossi,FLA,Goleiro,7,8.96,0.28,4.97,20,6.3,True,False,MIR,0.472,neutro,4.73,2.72,1.0,58.0,neutro,4.01,0.675,9.1,1.185,0.467,1.05,0.98,0.775,0.0,0.467
140438,David,CHA,Meia,6,1.4,0.0,0.97,6,0.0,False,True,BAH,1.164,valor_bom,1.001,0.97,0.75,27.1,neutro,1.83,0.475,-26.7,0.63,1.074,0.607,0.352,0.125,0.275,
97900,Vitão,FLA,Zagueiro,6,6.62,0.0,2.37,9,0.0,False,False,MIR,-0.157,neutro,3.107,1.04,1.0,58.1,neutro,2.5,0.675,9.1,1.185,0.467,1.05,0.98,0.775,0.0,0.467
126471,Barreal,SAN,Meia,7,10.8,-0.32,4.89,16,6.4,True,False,VAS,0.209,neutro,4.615,3.64,1.0,52.0,neutro,4.22,0.8,-36.7,1.159,1.2,0.183,0.813,0.275,0.0,0.47
78850,Reinaldo,MIR,Lateral,7,8.98,0.23,3.04,16,8.0,True,True,FLA,-1.319,armadilha_leve,3.77,1.54,1.0,37.8,neutro,4.71,0.05,-9.1,1.05,0.98,1.185,0.467,0.5,0.229,0.467
89274,Andreas Pereira,PAL,Meia,7,12.21,-0.6,4.96,21,3.1,True,False,FLU,-0.058,neutro,4.713,2.58,1.0,48.5,neutro,2.44,0.425,0.0,1.042,0.825,0.568,0.677,0.65,0.0,
80287,Luciano,SAO,Atacante,7,12.89,0.17,4.89,17,3.4,True,True,CFC,-0.631,armadilha_leve,4.88,1.77,1.0,57.2,neutro,4.17,0.6,17.5,0.646,1.176,0.489,1.214,0.175,0.561,0.481
89837,Lucho Acosta,FLU,Meia,7,10.37,-0.6,5.1,17,1.5,True,True,PAL,0.531,valor_bom,4.769,3.04,1.0,27.8,neutro,2.4,0.05,0.0,0.568,0.677,1.042,0.825,0.5,0.347,
68708,Eduardo,MIR,Meia,6,5.41,-0.09,2.33,14,0.8,True,True,FLA,0.236,neutro,2.961,1.62,1.0,32.0,neutro,2.18,0.1,-9.1,1.05,0.98,1.185,0.467,0.5,0.229,0.467
51772,Everton Ribeiro,BAH,Meia,5,8.86,0.0,4.48,16,0.0,False,False,CHA,0.486,neutro,4.342,3.23,1.0,66.9,neutro,2.7,1.0,26.7,0.607,0.352,0.63,1.074,0.55,0.0,
141776,Gustavo Henrique,SAN,Meia,5,2.48,0.0,1.5,8,0.0,False,False,VAS,0.209,neutro,1.262,1.5,1.0,52.0,neutro,1.98,0.8,-36.7,1.159,1.2,0.183,0.813,0.275,0.0,0.47
130806,Kauan,CHA,Zagueiro,6,0.67,-0.33,-0.6,1,-0.6,True,True,BAH,2.508,valor_oculto,1.375,0.0,0.125,37.0,neutro,1.36,0.25,-26.7,0.63,1.074,0.607,0.352,0.125,0.275,
100652,Yuri Alberto,COR,Atacante,5,10.58,0.0,4.1,17,0.0,False,True,CRU,-0.608,armadilha_leve,4.342,2.1,1.0,74.4,neutro,3.55,0.7,7.8,1.65,0.44,1.027,0.568,0.775,0.406,
89368,Braithwaite,GRE,Atacante,6,5.48,-0.21,0.3,13,0.0,True,False,CAM,-2.364,armadilha_forte,1.038,0.3,1.0,64.3,neutro,2.33,0.95,-46.0,1.4,1.4,0.933,0.778,0.525,0.0,0.467
122781,Caballero,SAN,Atacante,6,4.54,0.08,2.53,3,3.0,True,False,VAS,-0.332,neutro,2.317,2.53,0.375,54.4,neutro,2.61,0.8,-36.7,1.159,1.2,0.183,0.813,0.275,0.0,0.47
39148,Hulk,FLU,Atacante,6,11.16,-0.44,4.64,15,1.6,True,True,PAL,-0.349,neutro,4.716,2.57,1.0,30.9,neutro,2.28,0.05,0.0,0.568,0.677,1.042,0.825,0.5,0.347,
103445,Kaio Jorge,CRU,Atacante,7,11.8,1.1,4.85,16,8.5,True,False,COR,-0.374,neutro,4.852,1.85,1.0,40.3,neutro,2.2,0.175,-7.8,1.027,0.568,1.65,0.44,0.75,0.0,
133673,Mateus Xavier,SAN,Atacante,6,2.33,0.0,1.2,1,0.0,False,False,VAS,-0.313,neutro,0.771,1.2,0.125,54.4,neutro,1.67,0.8,-36.7,1.159,1.2,0.183,0.813,0.275,0.0,0.47
114802,Vitor Roque,PAL,Atacante,6,15.52,0.1,5.87,10,4.0,True,False,FLU,-0.623,armadilha_leve,5.42,3.47,1.0,51.0,neutro,3.59,0.425,0.0,1.042,0.825,0.568,0.677,0.65,0.0,
144423,Nicolas Pontes,CRU,Lateral,6,1.0,0.0,0.0,0,0.0,False,False,COR,0.334,neutro,0.0,0.0,0.0,38.6,desfavoravel,0.46,0.95,-7.8,1.027,0.568,1.65,0.44,0.75,0.0,
94583,Pedro,FLA,Atacante,7,15.42,-0.62,8.16,20,-0.3,True,False,MIR,1.472,valor_bom,7.216,2.36,1.0,67.4,neutro,3.28,0.675,9.1,1.185,0.467,1.05,0.98,0.775,0.0,0.467
115025,Miguelito,SAN,Meia,6,7.41,0.0,4.88,8,0.0,False,False,VAS,1.2,valor_bom,4.473,3.0,1.0,52.0,neutro,3.23,0.8,-36.7,1.159,1.2,0.183,0.813,0.275,0.0,0.47
128433,Johan Rojas,VAS,Meia,6,3.78,0.0,1.58,16,0.0,False,True,SAN,-0.333,neutro,1.702,1.27,1.0,61.8,neutro,2.35,0.95,36.7,0.183,0.813,1.159,1.2,0.275,0.475,0.47
142130,Marcelo Eráclito,CRU,Goleiro,6,1.0,0.0,0.0,0,0.0,False,False,COR,0.266,neutro,0.0,0.0,0.0,39.0,desfavoravel,0.48,0.95,-7.8,1.027,0.568,1.65,0.44,0.75,0.0,
86292,Bolasie,CHA,Atacante,5,4.49,0.0,2.21,16,0.0,False,True,BAH,-0.413,neutro,2.219,1.4,1.0,30.2,neutro,2.41,0.475,-26.7,0.63,1.074,0.607,0.352,0.125,0.275,
146991,Rhuan Gabriel,CRU,Meia,6,1.39,0.0,1.2,1,0.0,False,False,COR,1.233,valor_bom,1.044,1.2,0.125,37.5,desfavoravel,1.16,0.175,-7.8,1.027,0.568,1.65,0.44,0.75,0.0,
106104,Enamorado,GRE,Atacante,6,6.68,0.0,3.31,18,0.0,False,False,CAM,0.206,neutro,3.786,2.75,1.0,64.3,neutro,3.2,0.95,-46.0,1.4,1.4,0.933,0.778,0.525,0.0,0.467
101908,Willian Machado,MIR,Zagueiro,6,5.34,0.0,3.58,15,0.0,False,True,FLA,0.592,valor_bom,3.255,2.65,1.0,38.5,neutro,3.14,0.05,-9.1,1.05,0.98,1.185,0.467,0.5,0.229,0.467
131516,JP Chermont,CFC,Lateral,6,4.51,0.0,2.7,12,0.0,False,False,SAO,0.023,neutro,2.982,1.53,1.0,37.7,desfavoravel,2.41,0.15,-17.5,0.489,1.214,0.646,1.176,0.4,0.0,0.481
108713,Galeano,MIR,Atacante,6,4.42,0.0,1.19,10,0.0,False,True,FLA,-1.019,armadilha_leve,1.655,1.19,1.0,35.0,neutro,1.59,0.1,-9.1,1.05,0.98,1.185,0.467,0.5,0.229,0.467
118655,Saldivia,VAS,Zagueiro,2,5.83,1.04,2.55,11,8.0,True,True,SAN,-0.432,neutro,2.59,2.28,1.0,65.3,neutro,2.85,0.15,36.7,0.183,0.813,1.159,1.2,0.275,0.475,0.47
132412,Román Gómez,BAH,Lateral,7,9.35,0.26,5.96,7,8.9,True,False,CHA,0.715,valor_bom,5.57,4.67,0.875,74.3,favoravel_visitante,5.12,0.75,26.7,0.607,0.352,0.63,1.074,0.55,0.0,
115986,Denilson,MIR,Meia,7,5.08,-1.73,3.73,13,0.9,True,True,FLA,0.532,valor_bom,3.051,3.35,1.0,32.0,neutro,6.37,0.1,-9.1,1.05,0.98,1.185,0.467,0.5,0.229,0.467
133696,Wallace Davi,BOT,Meia,6,4.0,0.0,0.0,0,0.0,False,False,VIT,-2.628,armadilha_forte,0.0,0.0,0.0,28.5,desfavoravel,0.04,0.1,-30.9,0.6,0.509,0.2,1.067,0.65,0.0,
94514,Lucas Oliveira,MIR,Zagueiro,6,5.07,0.0,3.13,8,0.0,False,True,FLA,0.289,neutro,2.887,2.0,1.0,38.5,neutro,2.7,0.05,-9.1,1.05,0.98,1.185,0.467,0.5,0.229,0.467
145400,Cauê,RBB,Lateral,5,4.23,0.0,3.47,3,0.0,False,False,CAP,0.756,valor_bom,3.422,2.47,0.375,32.8,desfavoravel,2.51,0.1,-32.1,1.131,0.764,1.027,0.232,0.475,0.0,0.434
114040,Minda,CAM,Atacante,6,8.13,0.0,4.36,11,5.8,True,True,GRE,0.497,neutro,4.569,2.0,1.0,71.7,favoravel,5.38,0.475,46.0,0.933,0.778,1.4,1.4,0.65,0.519,0.467
126120,Marcelinho,RBB,Meia,6,3.16,0.21,2.18,5,2.0,True,False,CAP,-0.147,neutro,1.469,1.18,0.625,25.0,desfavoravel,1.07,0.05,-32.1,1.131,0.764,1.027,0.232,0.475,0.0,0.434
147090,Kauã Pascini,CAM,Lateral,6,3.99,0.44,3.24,5,5.0,True,True,GRE,-0.284,neutro,2.411,2.04,0.625,66.8,neutro,3.0,0.9,46.0,0.933,0.778,1.4,1.4,0.65,0.519,0.467
70666,Marllon,REM,Zagueiro,7,5.82,1.2,2.83,21,6.0,True,False,INT,-0.202,neutro,2.779,2.02,1.0,48.2,neutro,2.06,0.85,-12.2,1.015,0.856,0.574,1.304,0.45,0.0,
126182,Paulinho,INT,Meia,7,3.84,-0.3,1.95,16,-0.2,True,True,REM,-0.066,neutro,1.949,1.95,1.0,59.0,neutro,2.69,0.9,12.2,0.574,1.304,1.015,0.856,0.275,0.582,
94154,Maycon,CAM,Meia,6,5.28,-0.13,2.6,13,0.2,True,True,GRE,-0.46,neutro,2.351,1.83,1.0,68.4,neutro,3.35,0.475,46.0,0.933,0.778,1.4,1.4,0.65,0.519,0.467
93988,Breno Lopes,CFC,Atacante,7,9.19,0.1,5.33,19,3.7,True,False,SAO,0.824,valor_bom,5.19,1.96,1.0,36.0,desfavoravel,2.35,0.3,-17.5,0.489,1.214,0.646,1.176,0.4,0.0,0.481
130280,Phillipe Gabriel,VAS,Goleiro,6,1.0,0.0,0.0,0,0.0,False,True,SAN,0.266,neutro,0.0,0.0,0.0,65.3,favoravel,1.56,0.15,36.7,0.183,0.813,1.159,1.2,0.275,0.475,0.47
103183,Andrew,FLA,Goleiro,6,3.0,0.0,0.0,0,0.0,False,False,MIR,-1.559,armadilha_forte,0.0,0.0,0.0,58.0,neutro,1.26,0.675,9.1,1.185,0.467,1.05,0.98,0.775,0.0,0.467
90061,Bruno Pacheco,CHA,Lateral,7,6.05,0.03,3.72,12,1.5,True,True,BAH,-0.189,neutro,3.594,2.47,1.0,36.3,neutro,2.49,0.25,-26.7,0.63,1.074,0.607,0.352,0.125,0.275,
130048,Noriega,GRE,Zagueiro,7,7.95,0.5,4.38,15,6.7,True,False,CAM,0.674,valor_bom,4.225,3.05,1.0,17.2,desfavoravel,3.73,0.35,-46.0,1.4,1.4,0.933,0.778,0.525,0.0,0.467
116034,Victor Hugo,CAM,Meia,7,6.45,-1.21,3.73,18,0.7,True,True,GRE,0.813,valor_bom,3.833,2.34,1.0,68.4,favoravel,2.72,0.475,46.0,0.933,0.778,1.4,1.4,0.65,0.519,0.467
100342,Léo Andrade,REM,Zagueiro,2,4.79,0.0,2.95,4,0.0,False,False,INT,0.269,neutro,2.746,2.95,0.5,48.2,neutro,2.6,0.85,-12.2,1.015,0.856,0.574,1.304,0.45,0.0,
69208,Gabriel Paulista,COR,Zagueiro,7,9.34,0.37,4.56,16,4.8,True,True,CRU,0.375,neutro,4.352,2.87,1.0,59.1,neutro,3.3,0.35,7.8,1.65,0.44,1.027,0.568,0.775,0.406,
106708,Igor Formiga,MIR,Lateral,7,7.5,-0.34,4.8,16,1.5,True,True,FLA,0.718,valor_bom,4.943,3.67,1.0,37.8,neutro,3.11,0.05,-9.1,1.05,0.98,1.185,0.467,0.5,0.229,0.467
83433,Patrick,REM,Meia,6,5.3,-1.02,3.92,19,1.2,True,False,INT,0.766,valor_bom,3.335,3.92,1.0,52.6,neutro,5.44,0.5,-12.2,1.015,0.856,0.574,1.304,0.45,0.0,
102909,Luan,SAO,Meia,6,2.69,0.0,0.96,7,0.0,False,True,CFC,-0.329,neutro,0.995,0.96,0.875,53.6,neutro,1.91,0.6,17.5,0.646,1.176,0.489,1.214,0.175,0.561,0.481
141991,Tico,REM,Atacante,6,1.1,0.0,0.5,1,0.0,False,False,INT,1.231,valor_bom,0.693,0.5,0.125,54.9,neutro,1.64,0.5,-12.2,1.015,0.856,0.574,1.304,0.45,0.0,
141131,Vitão,CAM,Zagueiro,6,1.0,0.0,0.0,0,0.0,False,True,GRE,0.309,neutro,0.0,0.0,0.0,67.4,favoravel,1.65,0.9,46.0,0.933,0.778,1.4,1.4,0.65,0.519,0.467
70449,Gabriel,VIT,Goleiro,6,5.02,0.0,0.9,3,0.0,False,True,BOT,-0.549,armadilha_leve,2.226,0.0,0.375,65.3,neutro,2.96,0.1,30.9,0.2,1.067,0.6,0.509,0.175,0.382,
89256,Gerson,CRU,Meia,7,8.23,-0.81,4.32,19,-1.0,False,False,COR,0.592,valor_bom,4.245,3.79,1.0,37.5,desfavoravel,2.69,0.175,-7.8,1.027,0.568,1.65,0.44,0.75,0.0,
141873,Jacaré,COR,Lateral,6,2.0,0.0,0.0,0,0.0,False,True,CRU,-1.231,armadilha_leve,0.0,0.0,0.0,58.5,neutro,1.28,0.35,7.8,1.65,0.44,1.027,0.568,0.775,0.406,
71536,Luiz Gustavo,CAP,Meia,7,6.71,0.28,3.72,14,5.9,True,True,RBB,0.711,valor_bom,3.846,3.01,1.0,52.1,neutro,2.32,0.2,32.1,1.027,0.232,1.131,0.764,0.875,0.445,0.434
95362,Cassierra,CAM,Atacante,7,5.31,-0.47,2.19,17,0.0,True,True,GRE,-0.923,armadilha_leve,2.205,0.95,1.0,71.7,neutro,3.94,0.475,46.0,0.933,0.778,1.4,1.4,0.65,0.519,0.467
105157,Villagra,INT,Meia,6,5.2,0.0,2.05,16,0.0,False,True,REM,-0.837,armadilha_leve,2.016,2.05,1.0,59.0,neutro,3.56,0.9,12.2,0.574,1.304,1.015,0.856,0.275,0.582,
105089,Tetê,GRE,Atacante,5,9.09,0.0,3.73,15,0.0,False,False,CAM,-0.374,neutro,4.122,2.66,1.0,64.3,neutro,3.31,0.95,-46.0,1.4,1.4,0.933,0.778,0.525,0.0,0.467
106302,Preciado,CAM,Lateral,6,8.86,2.4,4.44,9,13.6,True,True,GRE,-0.014,neutro,4.811,3.22,1.0,66.8,neutro,3.57,0.9,46.0,0.933,0.778,1.4,1.4,0.65,0.519,0.467
86859,José Welison,REM,Meia,7,3.57,-0.47,2.59,18,1.6,True,False,INT,0.689,valor_bom,2.392,2.59,1.0,52.6,neutro,2.9,0.5,-12.2,1.015,0.856,0.574,1.304,0.45,0.0,
110633,Gustavo,CFC,Meia,6,3.3,0.0,0.9,4,0.0,False,False,SAO,-0.872,armadilha_leve,0.983,0.9,0.5,33.2,desfavoravel,1.06,0.3,-17.5,0.489,1.214,0.646,1.176,0.4,0.0,0.481
146374,Gilberto Junior,CAP,Lateral,6,6.14,0.0,4.62,6,0.0,False,True,RBB,0.162,neutro,3.925,3.62,0.75,71.7,favoravel,3.67,0.575,32.1,1.027,0.232,1.131,0.764,0.875,0.445,0.434
147864,Rafael Monti,REM,Atacante,6,3.56,0.0,0.0,1,0.0,False,False,INT,-0.022,neutro,1.988,0.0,0.125,54.9,neutro,2.48,0.5,-12.2,1.015,0.856,0.574,1.304,0.45,0.0,
113125,Picco,REM,Meia,7,6.34,-1.91,3.63,19,1.2,True,False,INT,0.772,valor_bom,3.759,3.1,1.0,52.6,neutro,6.82,0.5,-12.2,1.015,0.856,0.574,1.304,0.45,0.0,
141614,Paulinho,SAO,Atacante,6,2.0,0.0,0.0,0,0.0,False,True,CFC,-0.833,armadilha_leve,0.0,0.0,0.0,57.2,neutro,1.23,0.6,17.5,0.646,1.176,0.489,1.214,0.175,0.561,0.481
103388,Emmanuel Martínez,VIT,Meia,7,6.7,1.04,3.29,15,5.9,True,True,BOT,0.356,neutro,3.56,3.29,1.0,46.1,neutro,2.72,0.825,30.9,0.2,1.067,0.6,0.509,0.175,0.382,
123689,Milans,COR,Lateral,6,8.55,0.0,5.28,5,0.0,False,True,CRU,0.638,valor_bom,5.249,3.48,0.625,58.5,neutro,4.09,0.35,7.8,1.65,0.44,1.027,0.568,0.775,0.406,
101715,Alerrandro,INT,Atacante,6,6.33,0.0,3.61,20,0.0,False,True,REM,0.579,valor_bom,3.966,1.66,1.0,62.7,favoravel,3.25,0.9,12.2,0.574,1.304,1.015,0.856,0.275,0.582,
105842,Edu,VIT,Zagueiro,5,4.13,0.0,1.5,1,0.0,False,True,BOT,-0.71,armadilha_leve,1.608,1.5,0.125,65.4,neutro,2.66,0.1,30.9,0.2,1.067,0.6,0.509,0.175,0.382,
142265,Dell,BAH,Atacante,6,1.82,0.0,0.65,4,0.0,False,False,CHA,0.188,neutro,0.695,0.65,0.5,68.8,neutro,2.28,1.0,26.7,0.607,0.352,0.63,1.074,0.55,0.0,
123738,Herrera,RBB,Atacante,7,5.69,0.0,2.59,15,0.0,False,False,CAP,-0.828,armadilha_leve,2.467,2.06,1.0,28.1,desfavoravel,1.8,0.05,-32.1,1.131,0.764,1.027,0.232,0.475,0.0,0.434
149991,David,CFC,Atacante,6,0.92,0.0,0.0,1,0.0,False,False,SAO,1.484,valor_bom,0.637,0.0,0.125,36.0,desfavoravel,0.83,0.3,-17.5,0.489,1.214,0.646,1.176,0.4,0.0,0.481
112939,Catarozzi,REM,Meia,6,5.41,0.0,0.9,1,0.0,False,False,INT,1.183,valor_bom,3.714,0.9,0.125,52.6,neutro,3.51,0.5,-12.2,1.015,0.856,0.574,1.304,0.45,0.0,
148103,Rafael Soares,REM,Meia,6,1.0,0.0,0.0,0,0.0,False,False,INT,0.535,valor_bom,0.0,0.0,0.0,52.6,neutro,1.04,0.5,-12.2,1.015,0.856,0.574,1.304,0.45,0.0,
108131,Garcez,CHA,Atacante,5,3.12,0.0,1.22,8,0.0,False,True,BAH,-0.84,armadilha_leve,0.968,1.22,1.0,30.2,neutro,1.08,0.475,-26.7,0.63,1.074,0.607,0.352,0.125,0.275,
90608,Chico da Costa,CRU,Atacante,6,3.81,0.0,1.24,7,0.0,False,False,COR,-0.462,neutro,1.771,0.53,0.875,40.3,neutro,1.8,0.175,-7.8,1.027,0.568,1.65,0.44,0.75,0.0,
130438,Diego,INT,Goleiro,6,1.0,0.0,0.0,0,0.0,False,True,REM,0.266,neutro,0.0,0.0,0.0,47.4,neutro,0.82,0.575,12.2,0.574,1.304,1.015,0.856,0.275,0.582,
148109,Filipe Lima,REM,Atacante,6,1.0,0.0,0.0,0,0.0,False,False,INT,0.604,valor_bom,0.0,0.0,0.0,54.9,neutro,1.13,0.5,-12.2,1.015,0.856,0.574,1.304,0.45,0.0,
82407,Chico Kim,MIR,Meia,6,2.91,0.0,0.43,4,0.0,False,True,FLA,-0.74,armadilha_leve,0.827,0.43,0.5,32.0,neutro,1.07,0.1,-9.1,1.05,0.98,1.185,0.467,0.5,0.229,0.467
141126,Pedro Cobra,CAM,Goleiro,6,1.0,0.0,0.0,0,0.0,False,True,GRE,0.266,neutro,0.0,0.0,0.0,67.3,favoravel,1.65,0.9,46.0,0.933,0.778,1.4,1.4,0.65,0.519,0.467
116065,Cuiabano,VAS,Lateral,6,13.58,1.38,7.66,13,13.6,True,True,SAN,0.798,valor_bom,6.734,5.43,1.0,64.8,favoravel,3.02,0.15,36.7,0.183,0.813,1.159,1.2,0.275,0.475,0.47
147546,Roger,GRE,Meia,6,1.5,0.0,1.2,2,0.0,False,False,CAM,1.097,valor_bom,1.06,1.2,0.25,62.2,neutro,2.19,0.95,-46.0,1.4,1.4,0.933,0.778,0.525,0.0,0.467
108162,Nardoni,GRE,Meia,7,6.36,-0.24,2.06,13,1.8,True,False,CAM,-0.413,neutro,2.824,1.68,1.0,62.2,neutro,2.64,0.95,-46.0,1.4,1.4,0.933,0.778,0.525,0.0,0.467
99815,Arias,PAL,Meia,7,15.17,-1.33,7.97,17,7.7,True,False,FLU,1.769,valor_oculto,6.721,6.21,1.0,48.5,neutro,2.68,0.425,0.0,1.042,0.825,0.568,0.677,0.65,0.0,
143463,Wesley Natã,FLU,Atacante,6,0.8,0.0,-0.3,1,0.0,False,True,PAL,1.674,valor_oculto,0.604,0.0,0.125,30.9,neutro,0.6,0.05,0.0,0.568,0.677,1.042,0.825,0.5,0.347,
148124,Vinicius,CHA,Zagueiro,5,1.63,0.0,0.1,2,0.0,False,True,BAH,1.025,valor_bom,1.317,0.1,0.25,37.0,neutro,1.35,0.25,-26.7,0.63,1.074,0.607,0.352,0.125,0.275,
148152,Ararat,CFC,Meia,6,4.0,0.0,0.0,0,0.0,False,False,SAO,-2.628,armadilha_forte,0.0,0.0,0.0,33.2,desfavoravel,0.24,0.3,-17.5,0.489,1.214,0.646,1.176,0.4,0.0,0.481
146410,Marquinhos,BOT,Meia,6,0.85,0.0,0.0,1,0.0,False,False,VIT,1.95,valor_oculto,0.911,0.0,0.125,28.5,desfavoravel,0.71,0.1,-30.9,0.6,0.509,0.2,1.067,0.65,0.0,
97911,Lucas Silva,VIT,Atacante,6,2.8,0.0,-0.17,3,0.0,False,True,BOT,-1.123,armadilha_leve,0.475,0.0,0.375,48.9,neutro,1.34,0.825,30.9,0.2,1.067,0.6,0.509,0.175,0.382,
141184,Walace Falcão,VAS,Zagueiro,6,1.0,0.0,0.0,0,0.0,False,True,SAN,0.309,neutro,0.0,0.0,0.0,65.3,favoravel,1.56,0.15,36.7,0.183,0.813,1.159,1.2,0.275,0.475,0.47
127969,Matheus Reis,FLU,Atacante,5,1.0,0.0,0.0,0,0.0,False,True,PAL,0.604,valor_bom,0.0,0.0,0.0,30.9,neutro,0.14,0.05,0.0,0.568,0.677,1.042,0.825,0.5,0.347,
141165,Enzo Vagner,CFC,Atacante,6,1.04,0.0,0.5,1,0.0,False,False,SAO,1.333,valor_bom,0.693,0.5,0.125,36.0,desfavoravel,0.87,0.3,-17.5,0.489,1.214,0.646,1.176,0.4,0.0,0.481
146430,Justino,BOT,Zagueiro,7,3.24,-1.83,2.74,8,0.2,True,False,VIT,0.566,valor_bom,2.181,1.62,1.0,49.3,neutro,3.46,0.45,-30.9,0.6,0.509,0.2,1.067,0.65,0.0,
145563,João Ananias,SAN,Zagueiro,7,2.79,-0.11,2.06,5,1.5,True,False,VAS,0.45,neutro,1.79,2.06,0.625,34.6,desfavoravel,3.79,0.85,-36.7,1.159,1.2,0.183,0.813,0.275,0.0,0.47
148206,Nadson,SAN,Atacante,6,1.0,0.0,0.0,0,0.0,False,False,VAS,0.604,valor_bom,0.0,0.0,0.0,54.4,neutro,1.11,0.8,-36.7,1.159,1.2,0.183,0.813,0.275,0.0,0.47
97899,Matheus Bahia,INT,Lateral,7,7.54,0.33,4.32,14,7.4,True,True,REM,0.347,neutro,4.651,3.11,1.0,47.1,neutro,4.25,0.575,12.2,0.574,1.304,1.015,0.856,0.275,0.582,
148215,Djhordney,SAO,Meia,6,0.79,0.0,-0.2,2,0.0,False,True,CFC,1.899,valor_oculto,0.78,0.0,0.25,53.6,neutro,1.67,0.6,17.5,0.646,1.176,0.489,1.214,0.175,0.561,0.481
110144,Spinelli,VAS,Atacante,6,5.61,-0.92,3.12,14,0.0,True,True,SAN,-0.402,neutro,2.799,2.55,1.0,64.8,neutro,2.9,0.95,36.7,0.183,0.813,1.159,1.2,0.275,0.475,0.47
104666,Moisés,SAN,Atacante,5,4.78,0.0,2.35,13,0.0,False,False,VAS,-0.494,neutro,2.307,0.73,1.0,54.4,neutro,2.45,0.8,-36.7,1.159,1.2,0.183,0.813,0.275,0.0,0.47
109987,Medina,BOT,Meia,7,7.05,0.13,3.83,12,3.3,True,False,VIT,0.66,valor_bom,3.924,3.41,1.0,28.5,desfavoravel,3.4,0.1,-30.9,0.6,0.509,0.2,1.067,0.65,0.0,
93371,Rodrigo Rodrigues,CFC,Atacante,6,3.28,0.0,-0.9,1,0.0,False,False,SAO,-1.472,armadilha_leve,0.537,0.0,0.125,36.0,desfavoravel,0.77,0.3,-17.5,0.489,1.214,0.646,1.176,0.4,0.0,0.481
130393,Luiz Gustavo,BAH,Zagueiro,6,1.0,0.0,0.0,0,0.0,False,False,CHA,0.309,neutro,0.0,0.0,0.0,74.8,favoravel_visitante,1.96,0.75,26.7,0.607,0.352,0.63,1.074,0.55,0.0,
126189,Tomás Pérez,CAM,Meia,6,4.13,0.0,1.54,12,0.0,False,True,GRE,-0.576,armadilha_leve,1.703,1.54,1.0,68.4,neutro,2.47,0.475,46.0,0.933,0.778,1.4,1.4,0.65,0.519,0.467
131964,Jhoan Hernández,BOT,Lateral,6,3.69,0.0,0.0,1,0.0,False,False,VIT,-0.925,armadilha_leve,1.682,0.0,0.125,48.7,neutro,2.03,0.45,-30.9,0.6,0.509,0.2,1.067,0.65,0.0,
105048,Jajá,REM,Atacante,7,7.63,0.89,5.59,18,10.2,True,False,INT,1.615,valor_oculto,5.365,2.65,1.0,54.9,neutro,4.52,0.5,-12.2,1.015,0.856,0.574,1.304,0.45,0.0,
141595,Gabriel Mec,GRE,Atacante,6,4.45,0.0,2.82,14,0.0,False,False,CAM,0.062,neutro,2.608,1.68,1.0,64.3,neutro,2.83,0.95,-46.0,1.4,1.4,0.933,0.778,0.525,0.0,0.467
124386,Kainã,CHA,Goleiro,6,1.0,0.0,0.0,0,0.0,False,True,BAH,0.266,neutro,0.0,0.0,0.0,36.6,neutro,0.38,0.25,-26.7,0.63,1.074,0.607,0.352,0.125,0.275,
143173,Leonel Pérez,GRE,Meia,6,4.13,-0.3,2.29,11,0.0,True,False,CAM,-0.019,neutro,2.146,2.29,1.0,62.2,neutro,2.62,0.95,-46.0,1.4,1.4,0.933,0.778,0.525,0.0,0.467
92747,Eduardo Domínguez,CAM,Técnico,7,10.3,-0.21,5.24,17,4.68,True,True,GRE,-0.441,neutro,5.483,5.24,1.0,69.2,neutro,4.0,0.475,46.0,0.933,0.778,1.4,1.4,0.65,0.519,0.467
101807,Oliva,SAN,Meia,7,6.17,-0.09,2.94,13,0.6,True,False,VAS,0.362,neutro,3.369,2.17,1.0,52.0,neutro,2.7,0.8,-36.7,1.159,1.2,0.183,0.813,0.275,0.0,0.47
142261,Jeferson,GRE,Atacante,6,1.0,0.0,0.0,0,0.0,False,False,CAM,0.604,valor_bom,0.0,0.0,0.0,64.3,neutro,1.52,0.95,-46.0,1.4,1.4,0.933,0.778,0.525,0.0,0.467
133671,Gustavo Reis,RBB,Goleiro,6,1.0,0.0,0.0,0,0.0,False,False,CAP,0.266,neutro,0.0,0.0,0.0,33.1,desfavoravel,0.23,0.1,-32.1,1.131,0.764,1.027,0.232,0.475,0.0,0.434
93368,Lucas Veríssimo,SAN,Zagueiro,5,8.63,0.0,4.01,12,0.0,False,False,VAS,0.154,neutro,3.98,3.01,1.0,34.6,desfavoravel,4.42,0.85,-36.7,1.159,1.2,0.183,0.813,0.275,0.0,0.47
100804,Tchamba,REM,Zagueiro,5,5.11,0.0,2.08,14,0.0,False,False,INT,-0.448,neutro,2.285,1.65,1.0,48.2,neutro,2.26,0.85,-12.2,1.015,0.856,0.574,1.304,0.45,0.0,
93834,Keiller,CFC,Goleiro,6,4.0,0.0,0.0,0,0.0,False,False,SAO,-2.147,armadilha_forte,0.0,0.0,0.0,38.0,desfavoravel,0.44,0.15,-17.5,0.489,1.214,0.646,1.176,0.4,0.0,0.481
142275,Luiz Felipe,FLA,Meia,6,1.0,0.0,0.0,0,0.0,False,False,MIR,0.535,valor_bom,0.0,0.0,0.0,65.4,neutro,1.57,0.675,9.1,1.185,0.467,1.05,0.98,0.775,0.0,0.467
141400,Huguinho,BOT,Meia,7,5.99,0.0,5.2,4,0.0,False,False,VIT,1.802,valor_oculto,4.444,3.95,0.5,28.5,desfavoravel,2.07,0.1,-30.9,0.6,0.509,0.2,1.067,0.65,0.0,
104036,Labyad,COR,Meia,5,4.52,0.0,2.05,11,0.0,False,True,CRU,-0.447,neutro,2.007,0.69,1.0,72.1,neutro,2.87,0.7,7.8,1.65,0.44,1.027,0.568,0.775,0.406,
147545,Jefinho,GRE,Meia,6,1.46,0.0,1.5,1,0.0,False,False,CAM,1.176,valor_bom,1.078,1.5,0.125,62.2,neutro,2.19,0.95,-46.0,1.4,1.4,0.933,0.778,0.525,0.0,0.467
37457,Léo Condé,REM,Técnico,7,7.97,-0.03,4.72,18,3.95,True,False,INT,0.002,neutro,4.699,4.72,1.0,53.8,neutro,4.27,0.5,-12.2,1.015,0.856,0.574,1.304,0.45,0.0,
147875,Daniel Silva,FLA,Zagueiro,6,1.0,0.0,0.0,0,0.0,False,False,MIR,0.309,neutro,0.0,0.0,0.0,58.1,neutro,1.27,0.675,9.1,1.185,0.467,1.05,0.98,0.775,0.0,0.467
139200,Pedro Kauã,INT,Zagueiro,6,1.0,0.0,0.0,0,0.0,False,True,REM,0.309,neutro,0.0,0.0,0.0,47.7,neutro,0.84,0.575,12.2,0.574,1.304,1.015,0.856,0.275,0.582,
143465,Keven Samuel,FLU,Atacante,6,1.0,0.0,0.0,0,0.0,False,True,PAL,0.604,valor_bom,0.0,0.0,0.0,30.9,neutro,0.14,0.05,0.0,0.568,0.677,1.042,0.825,0.5,0.347,
88963,Leonardo Jardim,FLA,Técnico,7,13.54,0.73,7.09,18,8.96,True,False,MIR,0.604,valor_bom,6.755,7.09,1.0,66.2,neutro,3.8,0.675,9.1,1.185,0.467,1.05,0.98,0.775,0.0,0.467
115537,Marcos Victor,BAH,Zagueiro,6,4.18,0.0,2.67,3,0.0,False,False,CHA,0.502,valor_bom,2.651,1.67,0.375,74.8,favoravel_visitante,5.15,0.75,26.7,0.607,0.352,0.63,1.074,0.55,0.0,
51413,Walter,MIR,Goleiro,2,5.17,0.0,2.76,17,0.0,False,True,FLA,0.297,neutro,3.198,2.47,1.0,38.1,neutro,3.87,0.05,-9.1,1.05,0.98,1.185,0.467,0.5,0.229,0.467
142260,Bernardo Zortea,GRE,Meia,6,0.77,0.0,0.13,3,0.0,False,False,CAM,1.939,valor_oculto,0.781,0.13,0.375,62.2,neutro,2.04,0.95,-46.0,1.4,1.4,0.933,0.778,0.525,0.0,0.467
124424,Rodrigo Castillo,FLU,Atacante,6,7.87,0.89,3.86,13,6.4,True,True,PAL,0.219,neutro,4.24,1.63,1.0,30.9,neutro,2.78,0.05,0.0,0.568,0.677,1.042,0.825,0.5,0.347,
133690,Bruno Lopes,VAS,Atacante,6,1.57,0.0,1.7,1,0.0,False,True,SAN,0.668,valor_bom,0.826,1.7,0.125,64.8,favoravel,2.13,0.95,36.7,0.183,0.813,1.159,1.2,0.275,0.475,0.47
124219,Millán,FLU,Zagueiro,5,4.86,0.0,1.0,3,0.0,False,True,PAL,-0.424,neutro,2.196,1.0,0.375,50.4,neutro,2.4,0.0,0.0,0.568,0.677,1.042,0.825,0.5,0.347,
81720,Lingard,COR,Atacante,7,4.2,-0.28,1.88,12,1.5,True,True,CRU,-0.447,neutro,2.023,1.46,1.0,74.4,neutro,2.94,0.7,7.8,1.65,0.44,1.027,0.568,0.775,0.406,
121823,Kauê,COR,Goleiro,6,5.52,0.0,8.7,2,0.0,False,True,CRU,1.883,valor_oculto,5.044,6.2,0.25,58.9,neutro,4.46,0.35,7.8,1.65,0.44,1.027,0.568,0.775,0.406,
129661,Wendel,BAH,Meia,6,1.0,0.0,0.0,0,0.0,False,False,CHA,0.535,valor_bom,0.0,0.0,0.0,66.9,neutro,1.63,1.0,26.7,0.607,0.352,0.63,1.074,0.55,0.0,
147268,Anderson Pato,VIT,Atacante,5,3.12,0.0,1.38,4,0.0,False,True,BOT,-0.875,armadilha_leve,0.938,1.38,0.5,48.9,neutro,1.64,0.825,30.9,0.2,1.067,0.6,0.509,0.175,0.382,
148125,Ryan Augusto,RBB,Lateral,6,3.78,0.0,3.7,5,0.0,False,False,CAP,0.096,neutro,2.588,3.1,0.625,32.8,desfavoravel,1.99,0.1,-32.1,1.131,0.764,1.027,0.232,0.475,0.0,0.434
140726,David Martins,BAH,Meia,6,0.65,0.0,-0.1,3,0.0,False,False,CHA,2.102,valor_oculto,0.718,0.0,0.375,66.9,neutro,2.2,1.0,26.7,0.607,0.352,0.63,1.074,0.55,0.0,
130232,Caio Roque,BOT,Lateral,6,5.72,0.0,4.0,3,0.0,False,False,VIT,-0.038,neutro,3.566,2.33,0.375,48.7,neutro,3.13,0.45,-30.9,0.6,0.509,0.2,1.067,0.65,0.0,
141752,Caio Valle,BOT,Meia,6,1.0,0.0,0.0,0,0.0,False,False,VIT,0.535,valor_bom,0.0,0.0,0.0,28.5,desfavoravel,0.04,0.1,-30.9,0.6,0.509,0.2,1.067,0.65,0.0,
142257,Luis Eduardo,GRE,Zagueiro,6,1.45,0.0,-0.3,2,0.0,False,False,CAM,1.15,valor_bom,1.237,0.0,0.25,17.2,desfavoravel,0.52,0.35,-46.0,1.4,1.4,0.933,0.778,0.525,0.0,0.467
95131,Gabriel Taliari,REM,Atacante,7,10.06,1.17,5.7,10,10.2,True,False,INT,0.691,valor_bom,5.326,2.5,1.0,54.9,neutro,3.25,0.5,-12.2,1.015,0.856,0.574,1.304,0.45,0.0,
145659,Nicolas,SAO,Lateral,6,2.79,0.0,5.0,1,0.0,False,True,CFC,0.569,valor_bom,2.238,2.0,0.125,59.9,neutro,2.84,0.2,17.5,0.646,1.176,0.489,1.214,0.175,0.561,0.481
147192,Claudinho,CAP,Lateral,5,7.84,0.0,7.52,6,0.0,False,True,RBB,2.098,valor_oculto,6.211,5.19,0.75,71.7,favoravel,5.11,0.575,32.1,1.027,0.232,1.131,0.764,0.875,0.445,0.434
84268,Georgemy,MIR,Goleiro,6,3.0,0.0,0.0,0,0.0,False,True,FLA,-1.559,armadilha_forte,0.0,0.0,0.0,38.1,neutro,0.44,0.05,-9.1,1.05,0.98,1.185,0.467,0.5,0.229,0.467
141594,Pedro Gabriel,GRE,Lateral,6,4.7,0.0,3.52,10,0.0,False,False,CAM,0.479,neutro,3.468,1.82,1.0,16.4,desfavoravel,2.07,0.35,-46.0,1.4,1.4,0.933,0.778,0.525,0.0,0.467
42411,Cuca,SAN,Técnico,7,9.82,-0.5,5.52,13,3.66,True,False,VAS,-0.059,neutro,5.417,5.52,1.0,53.3,neutro,4.87,0.8,-36.7,1.159,1.2,0.183,0.813,0.275,0.0,0.47
103347,Matheus Alexandre,REM,Lateral,6,4.19,0.06,1.92,11,1.5,True,False,INT,-1.042,armadilha_leve,1.909,1.1,1.0,47.6,neutro,2.08,0.85,-12.2,1.015,0.856,0.574,1.304,0.45,0.0,
102877,Gabriel Poveda,REM,Atacante,6,2.68,0.0,0.66,11,0.0,False,False,INT,-0.768,armadilha_leve,0.684,0.66,1.0,54.9,neutro,2.44,0.5,-12.2,1.015,0.856,0.574,1.304,0.45,0.0,
143252,Gean,VIT,Lateral,6,1.0,0.0,0.0,0,0.0,False,True,BOT,0.334,neutro,0.0,0.0,0.0,64.8,favoravel,1.54,0.1,30.9,0.2,1.067,0.6,0.509,0.175,0.382,
143153,Tarzia,VIT,Atacante,6,3.69,-0.38,2.97,15,1.7,True,True,BOT,0.717,valor_bom,2.715,1.57,1.0,48.9,neutro,2.46,0.825,30.9,0.2,1.067,0.6,0.509,0.175,0.382,
110605,Vinícius Balieiro,CHA,Meia,6,3.62,0.0,1.84,5,0.0,False,True,BAH,0.041,neutro,1.906,1.84,0.625,27.1,neutro,1.41,0.475,-26.7,0.63,1.074,0.607,0.352,0.125,0.275,
149715,Rafael Gonzaga,SAN,Lateral,6,2.79,0.0,2.4,1,0.0,False,False,VAS,0.22,neutro,1.949,2.4,0.125,33.8,desfavoravel,1.61,0.85,-36.7,1.159,1.2,0.183,0.813,0.275,0.0,0.47
130209,Renê,VIT,Atacante,7,8.44,-0.23,6.53,13,0.8,True,True,BOT,1.906,valor_oculto,5.893,3.07,1.0,48.9,neutro,2.84,0.825,30.9,0.2,1.067,0.6,0.509,0.175,0.382,
94034,Kevin Ramírez,CHA,Atacante,6,4.83,2.08,3.1,4,10.2,True,True,BAH,-0.274,neutro,2.524,1.85,0.5,30.2,neutro,1.67,0.475,-26.7,0.63,1.074,0.607,0.352,0.125,0.275,
107256,Zé Vitor,VIT,Meia,6,5.29,-0.09,3.89,12,0.9,True,True,BOT,0.493,neutro,3.113,3.47,1.0,46.1,neutro,2.56,0.825,30.9,0.2,1.067,0.6,0.509,0.175,0.382,
127273,Artur Jorge,CRU,Técnico,7,12.0,-0.12,6.37,14,6.91,True,False,COR,0.305,neutro,6.235,6.37,1.0,39.3,desfavoravel,3.34,0.175,-7.8,1.027,0.568,1.65,0.44,0.75,0.0,
101820,Mayk,REM,Lateral,2,5.75,-0.28,3.27,14,-0.3,True,False,INT,-0.353,neutro,3.319,2.27,1.0,47.6,neutro,3.06,0.85,-12.2,1.015,0.856,0.574,1.304,0.45,0.0,
121811,Da Silva,CHA,Meia,6,3.0,0.0,0.0,0,0.0,False,True,BAH,-1.858,armadilha_forte,0.0,0.0,0.0,27.1,neutro,-0.01,0.475,-26.7,0.63,1.074,0.607,0.352,0.125,0.275,
130282,Anthony,BOT,Zagueiro,6,3.0,0.0,0.0,0,0.0,False,False,VIT,-1.85,armadilha_forte,0.0,0.0,0.0,49.3,neutro,0.9,0.45,-30.9,0.6,0.509,0.2,1.067,0.65,0.0,
147560,Caio Suassuna,BAH,Atacante,6,2.64,0.0,2.0,1,0.0,False,False,CHA,-0.526,armadilha_leve,0.86,2.0,0.125,68.8,neutro,2.32,1.0,26.7,0.607,0.352,0.63,1.074,0.55,0.0,
123016,David Braga,REM,Meia,6,3.03,-0.11,1.26,8,0.5,True,False,INT,-0.448,neutro,1.142,1.26,1.0,52.6,neutro,2.15,0.5,-12.2,1.015,0.856,0.574,1.304,0.45,0.0,
123005,Sidney,BAH,Meia,6,1.0,0.0,0.0,0,0.0,False,False,CHA,0.535,valor_bom,0.0,0.0,0.0,66.9,neutro,1.63,1.0,26.7,0.607,0.352,0.63,1.074,0.55,0.0,
149990,Franclim Carvalho,BOT,Técnico,7,11.22,-0.6,5.22,10,4.35,True,False,VIT,-1.26,armadilha_leve,5.567,5.22,1.0,30.6,desfavoravel,3.7,0.1,-30.9,0.6,0.509,0.2,1.067,0.65,0.0,
97905,Matheus Aurélio,CHA,Goleiro,6,2.61,0.0,1.7,2,0.0,False,True,BAH,1.072,valor_bom,2.518,1.7,0.25,36.6,neutro,1.84,0.25,-26.7,0.63,1.074,0.607,0.352,0.125,0.275,
150197,Osorio,SAO,Zagueiro,7,2.24,-0.97,2.32,5,-0.6,True,True,CFC,1.057,valor_bom,1.89,1.32,0.625,60.5,favoravel,4.28,0.2,17.5,0.646,1.176,0.489,1.214,0.175,0.561,0.481
149993,Iago Machado,COR,Zagueiro,6,1.0,0.0,0.0,0,0.0,False,True,CRU,0.309,neutro,0.0,0.0,0.0,59.1,neutro,1.31,0.35,7.8,1.65,0.44,1.027,0.568,0.775,0.406,
130309,Rodrigo Falcão,SAN,Goleiro,6,1.0,0.0,0.0,0,0.0,False,False,VAS,0.266,neutro,0.0,0.0,0.0,34.1,desfavoravel,0.28,0.85,-36.7,1.159,1.2,0.183,0.813,0.275,0.0,0.47
147089,Cauã Soares,CAM,Atacante,6,1.24,0.0,0.64,5,0.0,False,True,GRE,0.995,valor_bom,0.687,0.64,0.625,71.7,favoravel,2.42,0.475,46.0,0.933,0.778,1.4,1.4,0.65,0.519,0.467
148717,Tetê,SAO,Atacante,6,0.65,0.0,-0.4,4,0.0,False,True,CFC,1.684,valor_oculto,0.345,0.0,0.5,57.2,neutro,1.65,0.6,17.5,0.646,1.176,0.489,1.214,0.175,0.561,0.481
124264,Kauan Jesus,INT,Goleiro,6,1.0,0.0,0.0,0,0.0,False,True,REM,0.266,neutro,0.0,0.0,0.0,47.4,neutro,0.82,0.575,12.2,0.574,1.304,1.015,0.856,0.275,0.582,
85465,Alex Santana,COR,Meia,6,4.02,0.0,0.8,1,0.0,False,True,CRU,-0.354,neutro,1.82,0.8,0.125,72.1,neutro,3.06,0.7,7.8,1.65,0.44,1.027,0.568,0.775,0.406,
141795,Kauan Coutinho,VIT,Zagueiro,6,1.0,0.0,0.0,0,0.0,False,True,BOT,0.309,neutro,0.0,0.0,0.0,65.4,favoravel,1.57,0.1,30.9,0.2,1.067,0.6,0.509,0.175,0.382,
141405,Avellar,VAS,Lateral,6,1.49,0.0,1.5,1,0.0,False,True,SAN,1.722,valor_oculto,1.849,1.5,0.125,64.8,favoravel,2.79,0.15,36.7,0.183,0.813,1.159,1.2,0.275,0.475,0.47
130399,Igor Felisberto,SAO,Lateral,6,1.0,0.0,0.0,0,0.0,False,True,CFC,0.334,neutro,0.0,0.0,0.0,59.9,neutro,1.34,0.2,17.5,0.646,1.176,0.489,1.214,0.175,0.561,0.481
149994,Jhuan Nunes,RBB,Atacante,6,1.83,0.0,2.3,1,0.0,False,False,CAP,0.404,neutro,0.893,2.3,0.125,28.1,desfavoravel,0.68,0.05,-32.1,1.131,0.764,1.027,0.232,0.475,0.0,0.434
150757,Samuel Pierri,SAN,Meia,6,1.88,0.0,0.45,2,0.0,False,False,VAS,0.42,neutro,0.91,0.45,0.25,52.0,neutro,1.69,0.8,-36.7,1.159,1.2,0.183,0.813,0.275,0.0,0.47
143253,Wendell,VIT,Meia,6,2.0,0.0,0.0,0,0.0,False,True,BOT,-0.865,armadilha_leve,0.0,0.0,0.0,46.1,neutro,0.77,0.825,30.9,0.2,1.067,0.6,0.509,0.175,0.382,
146701,Benjamin Arhin,INT,Meia,5,1.73,0.0,-0.3,1,0.0,False,True,REM,0.565,valor_bom,0.878,0.0,0.125,59.0,neutro,1.93,0.9,12.2,0.574,1.304,1.015,0.856,0.275,0.582,
143255,Kauan Vitor,VIT,Lateral,6,1.0,0.0,0.0,0,0.0,False,True,BOT,0.334,neutro,0.0,0.0,0.0,64.8,favoravel,1.54,0.1,30.9,0.2,1.067,0.6,0.509,0.175,0.382,
130233,Iuri,BAH,Goleiro,6,1.0,0.0,0.0,0,0.0,False,False,CHA,0.266,neutro,0.0,0.0,0.0,74.9,favoravel_visitante,1.96,0.75,26.7,0.607,0.352,0.63,1.074,0.55,0.0,
150826,Nícollas,COR,Atacante,6,1.0,0.0,0.0,0,0.0,False,True,CRU,0.604,valor_bom,0.0,0.0,0.0,74.4,favoravel,1.94,0.7,7.8,1.65,0.44,1.027,0.568,0.775,0.406,
132750,João Pedro,SAN,Goleiro,6,1.0,0.0,0.0,0,0.0,False,False,VAS,0.266,neutro,0.0,0.0,0.0,34.1,desfavoravel,0.28,0.85,-36.7,1.159,1.2,0.183,0.813,0.275,0.0,0.47
141606,Hugo Leonardo,SAO,Meia,6,0.91,0.0,0.0,1,0.0,False,True,CFC,1.84,valor_oculto,0.911,0.0,0.125,53.6,neutro,1.73,0.6,17.5,0.646,1.176,0.489,1.214,0.175,0.561,0.481
150180,Ramon Rique,VAS,Meia,6,2.93,-0.26,2.83,4,1.2,True,True,SAN,0.248,neutro,1.627,1.58,0.5,61.8,favoravel,2.49,0.95,36.7,0.183,0.813,1.159,1.2,0.275,0.475,0.47
145660,Luiz Felipe,INT,Lateral,6,1.65,0.0,1.45,2,0.0,False,True,REM,1.427,valor_bom,1.804,1.45,0.25,47.1,neutro,2.05,0.575,12.2,0.574,1.304,1.015,0.856,0.275,0.582,
150825,Breno,RBB,Zagueiro,6,2.8,0.0,3.35,2,0.0,False,False,CAP,0.652,valor_bom,1.967,1.85,0.25,33.6,desfavoravel,1.63,0.1,-32.1,1.131,0.764,1.027,0.232,0.475,0.0,0.434
148092,Vitor Ramon,GRE,Lateral,6,1.0,0.0,0.2,1,0.0,False,False,CAM,2.394,valor_oculto,1.705,0.2,0.125,16.4,desfavoravel,0.76,0.35,-46.0,1.4,1.4,0.933,0.778,0.525,0.0,0.467
107093,Luciano Juba,BAH,Lateral,2,11.26,-0.66,7.3,18,4.7,True,False,CHA,1.382,valor_bom,6.663,3.69,1.0,74.3,favoravel_visitante,5.0,0.75,26.7,0.607,0.352,0.63,1.074,0.55,0.0,
129665,Pablo,VAS,Goleiro,6,1.0,0.0,0.0,0,0.0,False,True,SAN,0.266,neutro,0.0,0.0,0.0,65.3,favoravel,1.56,0.15,36.7,0.183,0.813,1.159,1.2,0.275,0.475,0.47
144898,Vitinho,CAP,Lateral,6,1.0,0.0,0.0,0,0.0,False,True,RBB,0.334,neutro,0.0,0.0,0.0,71.7,favoravel,1.83,0.575,32.1,1.027,0.232,1.131,0.764,0.875,0.445,0.434
147792,Koné,PAL,Zagueiro,6,2.0,0.0,0.0,0,0.0,False,False,FLU,-0.954,armadilha_leve,0.0,0.0,0.0,54.7,neutro,1.13,0.225,0.0,1.042,0.825,0.568,0.677,0.65,0.0,
142868,Johnny,FLA,Lateral,6,1.0,0.0,0.0,0,0.0,False,False,MIR,0.334,neutro,0.0,0.0,0.0,57.5,neutro,1.24,0.675,9.1,1.185,0.467,1.05,0.98,0.775,0.0,0.467
150952,Arthur Monteiro,CAP,Lateral,6,1.0,0.0,0.0,0,0.0,False,True,RBB,0.334,neutro,0.0,0.0,0.0,71.7,favoravel,1.83,0.575,32.1,1.027,0.232,1.131,0.764,0.875,0.445,0.434
150959,Davizinho,SAN,Lateral,6,0.81,0.0,0.0,2,0.0,False,False,VAS,2.548,valor_oculto,1.514,0.0,0.25,33.8,desfavoravel,1.35,0.85,-36.7,1.159,1.2,0.183,0.813,0.275,0.0,0.47
141382,Gustavo Santana,SAO,Atacante,6,1.81,-0.19,0.0,1,0.0,True,True,CFC,0.134,neutro,0.637,0.0,0.125,57.2,neutro,1.7,0.6,17.5,0.646,1.176,0.489,1.214,0.175,0.561,0.481
130279,Lukas Zuccarello,VAS,Meia,6,2.32,0.0,1.3,1,0.0,False,True,SAN,0.112,neutro,1.055,1.3,0.125,61.8,favoravel,2.16,0.95,36.7,0.183,0.813,1.159,1.2,0.275,0.475,0.47
146964,Filipe Sirio,INT,Goleiro,6,1.0,0.0,0.0,0,0.0,False,True,REM,0.266,neutro,0.0,0.0,0.0,47.4,neutro,0.82,0.575,12.2,0.574,1.304,1.015,0.856,0.275,0.582,
144255,João Alencar,SAN,Zagueiro,6,1.0,0.0,0.0,0,0.0,False,False,VAS,0.309,neutro,0.0,0.0,0.0,34.6,desfavoravel,0.3,0.85,-36.7,1.159,1.2,0.183,0.813,0.275,0.0,0.47
147877,Cauan Farias,VIT,Zagueiro,6,1.0,0.0,0.0,0,0.0,False,True,BOT,0.309,neutro,0.0,0.0,0.0,65.4,favoravel,1.57,0.1,30.9,0.2,1.067,0.6,0.509,0.175,0.382,
