atleta_id,nome,clube,posicao,status_id,preco,variacao,media,jogos,pontos_rodada,entrou_em_campo,mandante,adversario,residuo_z,armadilha_label,media_bayesiana,pb_media,confiabilidade,score_confronto_100,condicao_mando,pontos_esperados,oportunidade_confronto,vantagem_mando,time_momentum_of,time_momentum_def,adv_momentum_of,adv_momentum_def,forma_score_time,prob_vitoria,prob_gols
51413,Walter,MIR,Goleiro,2,5.17,0.0,2.76,17,0.0,False,False,CRU,0.345,neutro,3.185,2.47,1.0,46.1,neutro,4.05,0.6,-30.0,1.043,0.593,0.933,0.56,0.725,0.481,
145404,Arthur,PAL,Lateral,6,4.22,0.0,4.16,14,0.0,False,True,INT,1.266,valor_bom,3.896,2.87,1.0,72.7,favoravel,3.39,0.55,43.4,1.326,0.787,0.548,1.556,0.75,0.595,
147088,Cissé,CAM,Meia,2,2.42,0.0,1.75,10,0.0,False,False,REM,0.454,neutro,1.392,1.25,1.0,52.2,neutro,2.06,0.55,-6.9,1.12,0.64,0.875,0.865,0.725,0.203,0.443
146623,Luis Pacheco,PAL,Meia,6,1.98,0.0,0.0,3,0.0,False,True,INT,0.054,neutro,0.686,0.0,0.375,75.1,favoravel,2.58,0.6,43.4,1.326,0.787,0.548,1.556,0.75,0.595,
145436,Belé,PAL,Atacante,6,3.0,0.0,0.0,0,0.0,False,True,INT,-1.512,armadilha_forte,0.0,0.0,0.0,76.6,neutro,2.07,0.6,43.4,1.326,0.787,0.548,1.556,0.75,0.595,
107075,Yuri Sena,VIT,Goleiro,6,1.0,0.0,0.0,0,0.0,False,False,FLA,0.336,neutro,0.0,0.0,0.0,28.2,desfavoravel,-0.18,0.025,-54.6,0.382,1.219,0.973,1.111,0.25,0.31,
140496,Tiaguinho,GRE,Meia,6,0.93,0.0,0.0,1,0.0,False,True,SAO,1.674,valor_oculto,0.839,0.0,0.125,56.3,neutro,1.75,0.35,32.7,1.273,1.385,0.64,1.217,0.35,0.409,
110598,Marino Hinestroza,VAS,Atacante,6,5.76,0.0,1.93,8,0.0,False,False,BAH,-0.98,armadilha_leve,2.125,1.93,1.0,24.3,desfavoravel,1.38,0.425,-36.7,0.348,1.29,0.869,0.504,0.15,0.238,
87552,Vitor Bueno,REM,Meia,6,6.64,-0.33,3.31,14,0.0,True,True,CAM,0.454,neutro,3.585,1.88,1.0,36.2,neutro,1.9,0.15,6.9,0.875,0.865,1.12,0.64,0.4,0.324,0.443
141551,Índio,CAM,Meia,5,1.0,0.0,0.0,0,0.0,False,False,REM,0.541,valor_bom,0.0,0.0,0.0,52.2,neutro,0.94,0.55,-6.9,1.12,0.64,0.875,0.865,0.725,0.203,0.443
130608,Riquelme Fillipi,PAL,Atacante,6,1.46,0.0,1.37,3,0.0,False,True,INT,0.814,valor_bom,0.895,1.37,0.375,76.6,favoravel,2.75,0.6,43.4,1.326,0.787,0.548,1.556,0.75,0.595,
68952,Marinho,VIT,Atacante,6,4.73,0.0,1.75,6,0.0,False,False,FLA,-0.537,armadilha_leve,2.076,1.75,0.75,25.4,desfavoravel,1.33,0.275,-54.6,0.382,1.219,0.973,1.111,0.25,0.31,
141628,Pablo Lúcio,FLA,Meia,6,2.0,0.0,0.0,0,0.0,False,True,VIT,-0.799,armadilha_leve,0.0,0.0,0.0,79.8,neutro,2.22,1.0,54.6,0.973,1.111,0.382,1.219,0.625,0.752,
130906,Riquelme,CAP,Meia,6,0.91,0.0,0.58,4,0.0,False,False,SAN,1.689,valor_oculto,0.823,0.58,0.5,61.8,neutro,2.09,0.825,-17.8,1.05,0.442,1.103,1.333,0.85,0.261,
99789,Brenner,VAS,Atacante,7,7.07,0.0,2.98,13,0.0,False,False,BAH,0.042,neutro,3.699,2.36,1.0,24.3,desfavoravel,1.78,0.425,-36.7,0.348,1.29,0.869,0.504,0.15,0.238,
101729,Fabinho,CFC,Atacante,6,1.43,0.0,-0.03,7,0.0,False,True,CHA,0.332,neutro,0.368,0.0,0.875,56.4,neutro,1.78,0.725,30.0,0.672,1.35,0.632,1.073,0.225,0.567,
104134,Fabri,VIT,Atacante,6,5.27,0.0,2.66,7,0.0,False,False,FLA,-0.408,neutro,2.479,1.95,0.875,25.4,desfavoravel,1.59,0.275,-54.6,0.382,1.219,0.973,1.111,0.25,0.31,
146632,Alisson,INT,Lateral,6,1.0,0.0,0.0,0,0.0,False,False,PAL,0.332,neutro,0.0,0.0,0.0,21.9,desfavoravel,-0.47,0.15,-43.4,0.548,1.556,1.326,0.787,0.15,0.178,
124270,Allex,INT,Meia,6,2.38,0.0,1.55,8,0.0,False,False,PAL,0.317,neutro,1.247,1.55,1.0,25.1,desfavoravel,1.39,0.2,-43.4,0.548,1.556,1.326,0.787,0.15,0.178,
118844,Kaio César,COR,Atacante,6,10.4,-1.02,6.77,9,2.8,True,False,RBB,1.156,valor_bom,5.875,4.44,1.0,46.7,neutro,3.64,0.35,-20.0,1.527,0.42,1.385,0.4,0.725,0.294,
147202,João Bezerra,INT,Atacante,6,1.38,0.0,1.2,1,0.0,False,False,PAL,0.79,valor_bom,0.771,1.2,0.125,23.1,desfavoravel,0.18,0.2,-43.4,0.548,1.556,1.326,0.787,0.15,0.178,
94930,Lucas Paquetá,FLA,Meia,2,14.86,0.0,6.46,11,0.0,False,True,VIT,0.302,neutro,5.452,5.1,1.0,79.8,favoravel,3.85,1.0,54.6,0.973,1.111,0.382,1.219,0.625,0.752,
147883,João Vitor,VAS,Atacante,6,3.49,0.0,3.13,4,0.0,False,False,BAH,0.694,valor_bom,2.591,3.13,0.5,24.3,desfavoravel,1.55,0.425,-36.7,0.348,1.29,0.869,0.504,0.15,0.238,
145036,Fernando Pradella,SAN,Atacante,6,0.82,0.0,0.0,1,0.0,False,True,CAP,1.456,valor_bom,0.637,0.0,0.125,43.3,neutro,1.02,0.3,17.8,1.103,1.333,1.05,0.442,0.35,0.444,
141406,Andrey Fernandes,VAS,Atacante,6,1.41,0.0,1.7,1,0.0,False,False,BAH,0.807,valor_bom,0.826,1.7,0.125,24.3,desfavoravel,0.28,0.425,-36.7,0.348,1.29,0.869,0.504,0.15,0.238,
142638,João Victor,INT,Atacante,5,1.0,0.0,0.0,0,0.0,False,False,PAL,0.549,valor_bom,0.0,0.0,0.0,23.1,desfavoravel,-0.42,0.2,-43.4,0.548,1.556,1.326,0.787,0.15,0.178,
130698,Kadu,BOT,Lateral,6,1.0,0.0,0.0,0,0.0,False,True,FLU,0.332,neutro,0.0,0.0,0.0,68.0,favoravel,1.67,0.275,22.3,0.588,0.5,0.42,0.672,0.675,0.408,0.479
141615,Pedro Ferreira,SAO,Meia,6,1.51,0.0,1.2,2,0.0,False,False,GRE,0.995,valor_bom,0.995,1.2,0.25,46.1,neutro,1.42,0.725,-32.7,0.64,1.217,1.273,1.385,0.225,0.173,
147788,Arthur Izaque,BOT,Atacante,6,1.0,0.0,0.0,0,0.0,False,True,FLU,0.549,valor_bom,0.0,0.0,0.0,44.7,neutro,0.59,0.45,22.3,0.588,0.5,0.42,0.672,0.675,0.408,0.479
147782,Arthur Novaes,BOT,Meia,6,1.0,0.0,0.0,0,0.0,False,True,FLU,0.541,valor_bom,0.0,0.0,0.0,45.7,neutro,0.63,0.45,22.3,0.588,0.5,0.42,0.672,0.675,0.408,0.479
142086,Kauan Toledo,BOT,Atacante,6,1.79,0.0,1.38,4,0.0,False,True,FLU,0.482,neutro,0.938,1.38,0.5,44.7,neutro,1.56,0.45,22.3,0.588,0.5,0.42,0.672,0.675,0.408,0.479
129666,JP,VAS,Meia,6,1.41,0.0,0.95,2,0.0,False,False,BAH,1.069,valor_bom,0.945,0.95,0.25,26.2,desfavoravel,0.5,0.425,-36.7,0.348,1.29,0.869,0.504,0.15,0.238,
141991,Tico,REM,Atacante,6,1.1,0.0,0.5,1,0.0,False,True,CAM,1.086,valor_bom,0.693,0.5,0.125,34.7,neutro,0.66,0.15,6.9,0.875,0.865,1.12,0.64,0.4,0.324,0.443
101715,Alerrandro,INT,Atacante,2,6.33,-0.65,3.61,20,0.0,True,False,PAL,0.595,valor_bom,3.97,1.66,1.0,23.1,desfavoravel,2.52,0.2,-43.4,0.548,1.556,1.326,0.787,0.15,0.178,
108131,Garcez,CHA,Atacante,5,3.12,0.0,1.22,8,0.0,False,False,CFC,-0.646,armadilha_leve,0.969,1.22,1.0,46.1,neutro,1.63,0.725,-30.0,0.632,1.073,0.672,1.35,0.15,0.456,
90608,Chico da Costa,CRU,Atacante,6,3.81,0.0,1.24,7,0.0,False,True,MIR,-0.273,neutro,1.816,0.53,0.875,58.6,neutro,2.42,0.65,30.0,0.933,0.56,1.043,0.593,0.675,0.556,
148109,Filipe Lima,REM,Atacante,6,1.0,0.0,0.0,0,0.0,False,True,CAM,0.549,valor_bom,0.0,0.0,0.0,34.7,neutro,0.12,0.15,6.9,0.875,0.865,1.12,0.64,0.4,0.324,0.443
148103,Rafael Soares,REM,Meia,6,1.0,0.0,0.0,0,0.0,False,True,CAM,0.541,valor_bom,0.0,0.0,0.0,36.2,neutro,0.19,0.15,6.9,0.875,0.865,1.12,0.64,0.4,0.324,0.443
112939,Catarozzi,REM,Meia,6,5.41,0.0,0.9,1,0.0,False,True,CAM,-1.046,armadilha_leve,1.867,0.9,0.125,36.2,neutro,1.53,0.15,6.9,0.875,0.865,1.12,0.64,0.4,0.324,0.443
130438,Diego,INT,Goleiro,6,1.0,0.0,0.0,0,0.0,False,False,PAL,0.336,neutro,0.0,0.0,0.0,22.3,desfavoravel,-0.45,0.15,-43.4,0.548,1.556,1.326,0.787,0.15,0.178,
123738,Herrera,RBB,Atacante,2,5.69,0.0,2.59,15,0.0,False,True,COR,-0.584,armadilha_leve,2.496,2.06,1.0,50.2,neutro,2.37,0.25,20.0,1.385,0.4,1.527,0.42,0.725,0.439,
141126,Pedro Cobra,CAM,Goleiro,6,1.0,0.0,0.0,0,0.0,False,False,REM,0.336,neutro,0.0,0.0,0.0,52.2,neutro,0.94,0.725,-6.9,1.12,0.64,0.875,0.865,0.725,0.203,0.443
82407,Chico Kim,MIR,Meia,6,2.91,-0.48,0.43,4,0.0,True,False,CRU,-0.738,armadilha_leve,0.773,0.43,0.5,49.4,neutro,1.72,0.625,-30.0,1.043,0.593,0.933,0.56,0.725,0.481,
143463,Wesley Natã,FLU,Atacante,6,0.8,0.0,-0.3,1,0.0,False,False,BOT,1.456,valor_bom,0.604,0.0,0.125,42.9,neutro,0.98,0.925,-22.3,0.42,0.672,0.588,0.5,0.45,0.359,0.479
116065,Cuiabano,VAS,Lateral,7,12.2,0.0,7.17,12,0.0,False,False,BAH,0.743,valor_bom,6.375,5.0,1.0,31.7,desfavoravel,2.84,0.475,-36.7,0.348,1.29,0.869,0.504,0.15,0.238,
99815,Arias,PAL,Meia,7,16.5,-0.08,7.99,16,17.7,True,True,INT,1.466,valor_bom,6.682,6.12,1.0,75.1,favoravel,2.79,0.6,43.4,1.326,0.787,0.548,1.556,0.75,0.595,
97911,Lucas Silva,VIT,Atacante,6,2.8,0.0,-0.17,3,0.0,False,False,FLA,-0.892,armadilha_leve,0.475,0.0,0.375,25.4,desfavoravel,0.21,0.275,-54.6,0.382,1.219,0.973,1.111,0.25,0.31,
148152,Ararat,CFC,Meia,6,4.0,0.0,0.0,0,0.0,False,True,CHA,-2.486,armadilha_forte,0.0,0.0,0.0,56.2,neutro,1.12,0.725,30.0,0.672,1.35,0.632,1.073,0.225,0.567,
146410,Marquinhos,BOT,Meia,6,0.85,0.0,0.0,1,0.0,False,True,FLU,1.814,valor_oculto,0.839,0.0,0.125,45.7,neutro,1.27,0.45,22.3,0.588,0.5,0.42,0.672,0.675,0.408,0.479
108162,Nardoni,GRE,Meia,7,6.6,0.0,2.08,12,0.0,False,True,SAO,-0.389,neutro,2.874,1.66,1.0,56.3,neutro,2.69,0.35,32.7,1.273,1.385,0.64,1.217,0.35,0.409,
147546,Roger,GRE,Meia,6,1.5,0.0,1.2,2,0.0,False,True,SAO,1.008,valor_bom,0.995,1.2,0.25,56.3,neutro,1.88,0.35,32.7,1.273,1.385,0.64,1.217,0.35,0.409,
148206,Nadson,SAN,Atacante,6,1.0,0.0,0.0,0,0.0,False,True,CAP,0.549,valor_bom,0.0,0.0,0.0,43.3,neutro,0.52,0.3,17.8,1.103,1.333,1.05,0.442,0.35,0.444,
148124,Vinicius,CHA,Zagueiro,5,1.63,0.0,0.1,2,0.0,False,False,CFC,1.449,valor_bom,1.565,0.1,0.25,38.5,desfavoravel,1.45,0.9,-30.0,0.632,1.073,0.672,1.35,0.15,0.456,
107093,Luciano Juba,BAH,Lateral,7,11.92,1.0,7.45,17,9.2,True,True,VAS,1.206,valor_bom,6.725,3.8,1.0,74.1,favoravel,5.02,0.35,36.7,0.869,0.504,0.348,1.29,0.625,0.485,
148215,Djhordney,SAO,Meia,6,0.79,0.0,-0.2,2,0.0,False,False,GRE,1.773,valor_oculto,0.715,0.0,0.25,46.1,neutro,1.25,0.725,-32.7,0.64,1.217,1.273,1.385,0.225,0.173,
110144,Spinelli,VAS,Atacante,6,6.53,0.0,3.36,13,0.0,False,False,BAH,0.48,neutro,3.935,2.74,1.0,24.3,desfavoravel,2.38,0.425,-36.7,0.348,1.29,0.869,0.504,0.15,0.238,
141165,Enzo Vagner,CFC,Atacante,6,1.04,0.0,0.5,1,0.0,False,True,CHA,1.172,valor_bom,0.693,0.5,0.125,56.4,neutro,1.66,0.725,30.0,0.672,1.35,0.632,1.073,0.225,0.567,
143173,Leonel Pérez,GRE,Meia,6,4.43,0.0,2.52,10,0.0,False,True,SAO,0.007,neutro,2.284,2.52,1.0,56.3,neutro,2.49,0.35,32.7,1.273,1.385,0.64,1.217,0.35,0.409,
127969,Matheus Reis,FLU,Atacante,5,1.0,0.0,0.0,0,0.0,False,False,BOT,0.549,valor_bom,0.0,0.0,0.0,42.9,neutro,0.5,0.925,-22.3,0.42,0.672,0.588,0.5,0.45,0.359,0.479
146430,Justino,BOT,Zagueiro,2,5.07,0.0,3.1,7,0.0,False,True,FLU,0.25,neutro,2.792,1.81,0.875,66.3,favoravel,4.04,0.275,22.3,0.588,0.5,0.42,0.672,0.675,0.408,0.479
97899,Matheus Bahia,INT,Lateral,7,7.21,0.51,4.08,13,5.7,True,False,PAL,0.34,neutro,4.5,3.0,1.0,21.9,desfavoravel,3.79,0.15,-43.4,0.548,1.556,1.326,0.787,0.15,0.178,
145563,João Ananias,SAN,Zagueiro,7,2.9,0.0,2.2,4,0.0,False,True,CAP,0.733,valor_bom,2.021,2.2,0.5,47.6,neutro,4.23,0.75,17.8,1.103,1.333,1.05,0.442,0.35,0.444,
105048,Jajá,REM,Atacante,7,6.74,-0.92,5.32,17,4.6,True,True,CAM,1.619,valor_oculto,5.175,2.67,1.0,34.7,neutro,4.26,0.15,6.9,0.875,0.865,1.12,0.64,0.4,0.324,0.443
130393,Luiz Gustavo,BAH,Zagueiro,6,1.0,0.0,0.0,0,0.0,False,True,VAS,0.395,neutro,0.0,0.0,0.0,72.2,favoravel,1.86,0.35,36.7,0.869,0.504,0.348,1.29,0.625,0.485,
109987,Medina,BOT,Meia,7,6.92,0.0,3.88,11,0.0,False,True,FLU,0.787,valor_bom,3.958,3.43,1.0,45.7,neutro,3.78,0.45,22.3,0.588,0.5,0.42,0.672,0.675,0.408,0.479
104666,Moisés,SAN,Atacante,5,4.78,0.0,2.35,13,0.0,False,True,CAP,-0.304,neutro,2.339,0.73,1.0,43.3,neutro,2.1,0.3,17.8,1.103,1.333,1.05,0.442,0.35,0.444,
141595,Gabriel Mec,GRE,Atacante,6,4.45,0.0,2.82,14,0.0,False,True,SAO,0.166,neutro,2.639,1.68,1.0,55.8,neutro,2.59,0.35,32.7,1.273,1.385,0.64,1.217,0.35,0.409,
93371,Rodrigo Rodrigues,CFC,Atacante,6,3.28,-0.72,-0.9,1,-0.9,True,True,CHA,-1.184,armadilha_leve,0.537,0.0,0.125,56.4,neutro,1.56,0.725,30.0,0.672,1.35,0.632,1.073,0.225,0.567,
124386,Kainã,CHA,Goleiro,6,1.0,0.0,0.0,0,0.0,False,False,CFC,0.336,neutro,0.0,0.0,0.0,39.3,desfavoravel,0.34,0.9,-30.0,0.632,1.073,0.672,1.35,0.15,0.456,
126189,Tomás Pérez,CAM,Meia,2,4.13,0.0,1.54,12,0.0,False,False,REM,-0.49,neutro,1.719,1.54,1.0,52.2,neutro,2.01,0.55,-6.9,1.12,0.64,0.875,0.865,0.725,0.203,0.443
104036,Labyad,COR,Meia,5,4.52,0.02,2.05,11,1.1,True,False,RBB,-0.362,neutro,2.024,0.69,1.0,47.9,neutro,2.12,0.35,-20.0,1.527,0.42,1.385,0.4,0.725,0.294,
142261,Jeferson,GRE,Atacante,6,1.0,0.0,0.0,0,0.0,False,True,SAO,0.549,valor_bom,0.0,0.0,0.0,55.8,neutro,1.1,0.35,32.7,1.273,1.385,0.64,1.217,0.35,0.409,
147875,Daniel Silva,FLA,Zagueiro,6,1.0,0.0,0.0,0,0.0,False,True,VIT,0.395,neutro,0.0,0.0,0.0,70.7,favoravel,1.8,0.85,54.6,0.973,1.111,0.382,1.219,0.625,0.752,
101807,Oliva,SAN,Meia,7,6.26,0.0,3.13,12,0.0,False,True,CAP,0.525,valor_bom,3.504,2.3,1.0,44.2,neutro,2.54,0.3,17.8,1.103,1.333,1.05,0.442,0.35,0.444,
133671,Gustavo Reis,RBB,Goleiro,6,1.0,0.0,0.0,0,0.0,False,True,COR,0.336,neutro,0.0,0.0,0.0,58.0,neutro,1.2,0.55,20.0,1.385,0.4,1.527,0.42,0.725,0.439,
93368,Lucas Veríssimo,SAN,Zagueiro,5,8.63,0.0,4.01,12,0.0,False,True,CAP,0.148,neutro,3.919,3.01,1.0,47.6,neutro,4.59,0.75,17.8,1.103,1.333,1.05,0.442,0.35,0.444,
92747,Eduardo Domínguez,CAM,Técnico,7,10.51,0.0,5.27,16,0.0,False,False,REM,-0.463,neutro,5.511,5.27,1.0,52.4,neutro,3.8,0.55,-6.9,1.12,0.64,0.875,0.865,0.725,0.203,0.443
143465,Keven Samuel,FLU,Atacante,6,1.0,0.0,0.0,0,0.0,False,False,BOT,0.549,valor_bom,0.0,0.0,0.0,42.9,neutro,0.5,0.925,-22.3,0.42,0.672,0.588,0.5,0.45,0.359,0.479
147545,Jefinho,GRE,Meia,6,1.46,0.0,1.5,1,0.0,False,True,SAO,1.075,valor_bom,1.006,1.5,0.125,56.3,neutro,1.86,0.35,32.7,1.273,1.385,0.64,1.217,0.35,0.409,
139200,Pedro Kauã,INT,Zagueiro,6,1.0,0.0,0.0,0,0.0,False,False,PAL,0.395,neutro,0.0,0.0,0.0,21.4,desfavoravel,-0.5,0.15,-43.4,0.548,1.556,1.326,0.787,0.15,0.178,
142275,Luiz Felipe,FLA,Meia,6,1.0,0.0,0.0,0,0.0,False,True,VIT,0.541,valor_bom,0.0,0.0,0.0,79.8,favoravel,2.22,1.0,54.6,0.973,1.111,0.382,1.219,0.625,0.752,
88963,Leonardo Jardim,FLA,Técnico,7,12.81,-0.45,6.98,17,3.2,True,True,VIT,1.328,valor_bom,6.664,6.98,1.0,80.4,favoravel,3.83,1.0,54.6,0.973,1.111,0.382,1.219,0.625,0.752,
141400,Huguinho,BOT,Meia,3,5.99,0.0,5.2,4,0.0,False,True,FLU,1.788,valor_oculto,4.444,3.95,0.5,45.7,neutro,2.6,0.45,22.3,0.588,0.5,0.42,0.672,0.675,0.408,0.479
124219,Millán,FLU,Zagueiro,5,4.86,0.0,1.0,3,0.0,False,False,BOT,-0.487,neutro,2.107,1.0,0.375,47.3,neutro,2.17,0.025,-22.3,0.42,0.672,0.588,0.5,0.45,0.359,0.479
93834,Keiller,CFC,Goleiro,6,4.0,0.0,0.0,0,0.0,False,True,CHA,-2.085,armadilha_forte,0.0,0.0,0.0,55.5,neutro,1.09,0.925,30.0,0.672,1.35,0.632,1.073,0.225,0.567,
124424,Rodrigo Castillo,FLU,Atacante,6,6.98,0.0,3.65,12,0.0,False,False,BOT,0.506,valor_bom,4.137,1.23,1.0,42.9,neutro,2.86,0.925,-22.3,0.42,0.672,0.588,0.5,0.45,0.359,0.479
142260,Bernardo Zortea,GRE,Meia,6,0.77,0.0,0.13,3,0.0,False,True,SAO,1.819,valor_oculto,0.722,0.13,0.375,56.3,neutro,1.75,0.35,32.7,1.273,1.385,0.64,1.217,0.35,0.409,
115537,Marcos Victor,BAH,Zagueiro,6,4.18,1.77,2.67,3,8.0,True,True,VAS,0.48,neutro,2.562,1.67,0.375,72.2,favoravel,5.14,0.35,36.7,0.869,0.504,0.348,1.29,0.625,0.485,
133690,Bruno Lopes,VAS,Atacante,6,1.57,0.0,1.7,1,0.0,False,False,BAH,0.616,valor_bom,0.826,1.7,0.125,24.3,desfavoravel,0.28,0.425,-36.7,0.348,1.29,0.869,0.504,0.15,0.238,
37457,Léo Condé,REM,Técnico,7,8.0,-0.76,4.77,17,3.81,True,True,CAM,0.012,neutro,4.82,4.77,1.0,36.2,neutro,4.04,0.15,6.9,0.875,0.865,1.12,0.64,0.4,0.324,0.443
81720,Lingard,COR,Atacante,7,4.48,0.43,1.92,11,3.3,True,False,RBB,-0.392,neutro,2.089,1.47,1.0,46.7,neutro,2.1,0.35,-20.0,1.527,0.42,1.385,0.4,0.725,0.294,
100804,Tchamba,REM,Zagueiro,5,5.11,0.0,2.08,14,0.0,False,True,CAM,-0.457,neutro,2.241,1.65,1.0,48.7,neutro,2.25,0.55,6.9,0.875,0.865,1.12,0.64,0.4,0.324,0.443
129661,Wendel,BAH,Meia,6,1.0,0.0,0.0,0,0.0,False,True,VAS,0.541,valor_bom,0.0,0.0,0.0,67.9,favoravel,1.66,0.85,36.7,0.869,0.504,0.348,1.29,0.625,0.485,
147268,Anderson Pato,VIT,Atacante,5,3.12,0.0,1.38,4,0.0,False,False,FLA,-0.677,armadilha_leve,0.938,1.38,0.5,25.4,desfavoravel,0.56,0.275,-54.6,0.382,1.219,0.973,1.111,0.25,0.31,
84268,Georgemy,MIR,Goleiro,6,3.0,0.0,0.0,0,0.0,False,False,CRU,-1.495,armadilha_leve,0.0,0.0,0.0,46.1,neutro,0.65,0.6,-30.0,1.043,0.593,0.933,0.56,0.725,0.481,
141184,Walace Falcão,VAS,Zagueiro,6,1.0,0.0,0.0,0,0.0,False,False,BAH,0.395,neutro,0.0,0.0,0.0,30.9,desfavoravel,-0.06,0.475,-36.7,0.348,1.29,0.869,0.504,0.15,0.238,
130232,Caio Roque,BOT,Lateral,6,5.72,0.0,4.0,3,0.0,False,True,FLU,0.035,neutro,3.587,2.33,0.375,68.0,favoravel,3.83,0.275,22.3,0.588,0.5,0.42,0.672,0.675,0.408,0.479
140726,David Martins,BAH,Meia,6,0.65,-0.07,-0.1,3,0.0,True,True,VAS,1.974,valor_oculto,0.659,0.0,0.375,67.9,favoravel,2.24,0.85,36.7,0.869,0.504,0.348,1.29,0.625,0.485,
147192,Claudinho,CAP,Lateral,5,7.84,0.56,7.52,6,7.7,True,False,SAN,1.944,valor_oculto,6.185,5.19,0.75,50.3,neutro,4.7,0.475,-17.8,1.05,0.442,1.103,1.333,0.85,0.261,
143153,Tarzia,VIT,Atacante,6,4.07,0.25,3.06,14,4.5,True,False,FLA,0.53,valor_bom,2.791,1.56,1.0,25.4,desfavoravel,1.78,0.275,-54.6,0.382,1.219,0.973,1.111,0.25,0.31,
145659,Nicolas,SAO,Lateral,6,2.79,0.0,5.0,1,0.0,False,False,GRE,0.665,valor_bom,2.335,2.0,0.125,30.6,desfavoravel,1.59,0.325,-32.7,0.64,1.217,1.273,1.385,0.225,0.173,
95131,Gabriel Taliari,REM,Atacante,6,8.89,0.16,5.2,9,2.8,True,True,CAM,0.761,valor_bom,5.044,2.53,1.0,34.7,neutro,2.93,0.15,6.9,0.875,0.865,1.12,0.64,0.4,0.324,0.443
121823,Kauê,COR,Goleiro,6,5.52,0.0,8.7,2,0.0,False,False,RBB,1.909,valor_oculto,5.01,6.2,0.25,46.6,neutro,3.98,0.325,-20.0,1.527,0.42,1.385,0.4,0.725,0.294,
148125,Ryan Augusto,RBB,Lateral,6,3.78,0.0,3.7,5,0.0,False,True,COR,0.203,neutro,2.655,3.1,0.625,59.0,neutro,2.86,0.55,20.0,1.385,0.4,1.527,0.42,0.725,0.439,
141752,Caio Valle,BOT,Meia,6,1.0,0.0,0.0,0,0.0,False,True,FLU,0.541,valor_bom,0.0,0.0,0.0,45.7,neutro,0.63,0.45,22.3,0.588,0.5,0.42,0.672,0.675,0.408,0.479
142257,Luis Eduardo,GRE,Zagueiro,6,1.45,0.0,-0.3,2,0.0,False,True,SAO,1.581,valor_oculto,1.485,0.0,0.25,55.4,neutro,2.14,0.7,32.7,1.273,1.385,0.64,1.217,0.35,0.409,
143252,Gean,VIT,Lateral,6,1.0,0.0,0.0,0,0.0,False,False,FLA,0.332,neutro,0.0,0.0,0.0,28.0,desfavoravel,-0.19,0.025,-54.6,0.382,1.219,0.973,1.111,0.25,0.31,
107256,Zé Vitor,VIT,Meia,7,5.38,-1.18,4.16,11,0.5,True,False,FLA,0.639,valor_bom,3.246,3.71,1.0,27.3,desfavoravel,2.07,0.275,-54.6,0.382,1.219,0.973,1.111,0.25,0.31,
141594,Pedro Gabriel,GRE,Lateral,6,4.7,0.0,3.52,10,0.0,False,True,SAO,0.497,neutro,3.481,1.82,1.0,56.9,neutro,2.91,0.7,32.7,1.273,1.385,0.64,1.217,0.35,0.409,
102877,Gabriel Poveda,REM,Atacante,6,2.68,-0.33,0.66,11,0.0,True,True,CAM,-0.591,armadilha_leve,0.684,0.66,1.0,34.7,neutro,1.66,0.15,6.9,0.875,0.865,1.12,0.64,0.4,0.324,0.443
130209,Renê,VIT,Atacante,7,8.67,-0.55,7.01,12,0.8,True,False,FLA,1.919,valor_oculto,6.153,3.26,1.0,25.4,desfavoravel,2.76,0.275,-54.6,0.382,1.219,0.973,1.111,0.25,0.31,
127273,Artur Jorge,CRU,Técnico,7,12.12,0.46,6.33,13,7.65,True,True,MIR,0.364,neutro,6.202,6.33,1.0,58.6,neutro,3.43,0.65,30.0,0.933,0.56,1.043,0.593,0.675,0.556,
42411,Cuca,SAN,Técnico,7,10.32,0.0,5.67,12,0.0,False,True,CAP,-0.328,neutro,5.495,5.67,1.0,44.2,neutro,4.73,0.3,17.8,1.103,1.333,1.05,0.442,0.35,0.444,
149715,Rafael Gonzaga,SAN,Lateral,6,2.79,0.0,2.4,1,0.0,False,True,CAP,0.346,neutro,2.046,2.4,0.125,48.8,neutro,2.21,0.75,17.8,1.103,1.333,1.05,0.442,0.35,0.444,
147560,Caio Suassuna,BAH,Atacante,6,2.64,0.0,2.0,1,0.0,False,True,VAS,-0.385,neutro,0.86,2.0,0.125,68.3,neutro,2.31,0.85,36.7,0.869,0.504,0.348,1.29,0.625,0.485,
110605,Vinícius Balieiro,CHA,Meia,6,3.62,0.0,1.84,5,0.0,False,False,CFC,0.113,neutro,1.931,1.84,0.625,46.8,neutro,2.04,0.725,-30.0,0.632,1.073,0.672,1.35,0.15,0.456,
132553,Jemmes,FLU,Zagueiro,7,7.38,0.0,3.63,14,0.0,False,False,BOT,0.31,neutro,3.685,2.63,1.0,47.3,neutro,2.76,0.025,-22.3,0.42,0.672,0.588,0.5,0.45,0.359,0.479
123005,Sidney,BAH,Meia,6,1.0,0.0,0.0,0,0.0,False,True,VAS,0.541,valor_bom,0.0,0.0,0.0,67.9,favoravel,1.66,0.85,36.7,0.869,0.504,0.348,1.29,0.625,0.485,
94034,Kevin Ramírez,CHA,Atacante,6,2.75,0.0,0.73,3,0.0,False,False,CFC,-0.61,armadilha_leve,0.721,0.73,0.375,46.1,neutro,1.65,0.725,-30.0,0.632,1.073,0.672,1.35,0.15,0.456,
123016,David Braga,REM,Meia,6,3.14,0.03,1.37,7,0.5,True,True,CAM,-0.479,neutro,1.143,1.37,0.875,36.2,neutro,1.5,0.15,6.9,0.875,0.865,1.12,0.64,0.4,0.324,0.443
124264,Kauan Jesus,INT,Goleiro,6,1.0,0.0,0.0,0,0.0,False,False,PAL,0.336,neutro,0.0,0.0,0.0,22.3,desfavoravel,-0.45,0.15,-43.4,0.548,1.556,1.326,0.787,0.15,0.178,
121811,Da Silva,CHA,Meia,6,3.0,0.0,0.0,0,0.0,False,False,CFC,-1.749,armadilha_forte,0.0,0.0,0.0,46.8,neutro,0.68,0.725,-30.0,0.632,1.073,0.672,1.35,0.15,0.456,
130282,Anthony,BOT,Zagueiro,6,3.0,0.0,0.0,0,0.0,False,True,FLU,-1.863,armadilha_forte,0.0,0.0,0.0,66.3,neutro,1.59,0.275,22.3,0.588,0.5,0.42,0.672,0.675,0.408,0.479
103347,Matheus Alexandre,REM,Lateral,6,4.13,-0.69,1.96,10,0.5,True,True,CAM,-0.794,armadilha_leve,1.979,1.06,1.0,50.0,neutro,2.18,0.55,6.9,0.875,0.865,1.12,0.64,0.4,0.324,0.443
97905,Matheus Aurélio,CHA,Goleiro,6,2.61,0.0,1.7,2,0.0,False,False,CFC,0.973,valor_bom,2.345,1.7,0.25,39.3,desfavoravel,1.84,0.9,-30.0,0.632,1.073,0.672,1.35,0.15,0.456,
150197,Osorio,SAO,Zagueiro,7,3.21,0.0,3.05,4,0.0,False,False,GRE,0.835,valor_bom,2.304,1.8,0.5,29.8,desfavoravel,1.59,0.325,-32.7,0.64,1.217,1.273,1.385,0.225,0.173,
149990,Franclim Carvalho,BOT,Técnico,7,11.82,0.0,5.32,9,0.0,False,True,FLU,-1.261,armadilha_leve,5.637,5.32,1.0,45.7,neutro,3.85,0.45,22.3,0.588,0.5,0.42,0.672,0.675,0.408,0.479
147089,Cauã Soares,CAM,Atacante,6,1.24,0.0,0.64,5,0.0,False,False,REM,0.888,valor_bom,0.687,0.64,0.625,51.2,neutro,1.59,0.55,-6.9,1.12,0.64,0.875,0.865,0.725,0.203,0.443
85465,Alex Santana,COR,Meia,6,4.02,0.0,0.8,1,0.0,False,False,RBB,-0.252,neutro,1.856,0.8,0.125,47.9,neutro,2.04,0.35,-20.0,1.527,0.42,1.385,0.4,0.725,0.294,
149993,Iago Machado,COR,Zagueiro,6,1.0,0.0,0.0,0,0.0,False,False,RBB,0.395,neutro,0.0,0.0,0.0,46.0,neutro,0.65,0.325,-20.0,1.527,0.42,1.385,0.4,0.725,0.294,
148717,Tetê,SAO,Atacante,6,0.65,0.0,-0.4,4,0.0,False,False,GRE,1.46,valor_bom,0.345,0.0,0.5,44.9,neutro,1.08,0.725,-32.7,0.64,1.217,1.273,1.385,0.225,0.173,
130399,Igor Felisberto,SAO,Lateral,6,1.0,0.0,0.0,0,0.0,False,False,GRE,0.332,neutro,0.0,0.0,0.0,30.6,desfavoravel,-0.07,0.325,-32.7,0.64,1.217,1.273,1.385,0.225,0.173,
149994,Jhuan Nunes,RBB,Atacante,6,1.83,0.0,2.3,1,0.0,False,True,COR,0.396,neutro,0.893,2.3,0.125,50.2,neutro,1.51,0.25,20.0,1.385,0.4,1.527,0.42,0.725,0.439,
141405,Avellar,VAS,Lateral,6,1.49,0.0,1.5,1,0.0,False,False,BAH,1.714,valor_oculto,1.946,1.5,0.125,31.7,desfavoravel,1.38,0.475,-36.7,0.348,1.29,0.869,0.504,0.15,0.238,
150757,Samuel Pierri,SAN,Meia,6,1.88,0.0,0.45,2,0.0,False,True,CAP,0.359,neutro,0.845,0.45,0.25,44.2,neutro,1.24,0.3,17.8,1.103,1.333,1.05,0.442,0.35,0.444,
149991,David,CFC,Atacante,6,0.92,0.0,0.0,1,0.0,False,True,CHA,1.297,valor_bom,0.637,0.0,0.125,56.4,neutro,1.62,0.725,30.0,0.672,1.35,0.632,1.073,0.225,0.567,
141795,Kauan Coutinho,VIT,Zagueiro,6,1.0,0.0,0.0,0,0.0,False,False,FLA,0.395,neutro,0.0,0.0,0.0,27.3,desfavoravel,-0.22,0.025,-54.6,0.382,1.219,0.973,1.111,0.25,0.31,
130233,Iuri,BAH,Goleiro,6,1.0,0.0,0.0,0,0.0,False,True,VAS,0.336,neutro,0.0,0.0,0.0,72.6,favoravel,1.88,0.35,36.7,0.869,0.504,0.348,1.29,0.625,0.485,
143255,Kauan Vitor,VIT,Lateral,6,1.0,0.0,0.0,0,0.0,False,False,FLA,0.332,neutro,0.0,0.0,0.0,28.0,desfavoravel,-0.19,0.025,-54.6,0.382,1.219,0.973,1.111,0.25,0.31,
146701,Benjamin Arhin,INT,Meia,5,1.73,0.0,-0.3,1,0.0,False,False,PAL,0.489,neutro,0.806,0.0,0.125,25.1,desfavoravel,0.3,0.2,-43.4,0.548,1.556,1.326,0.787,0.15,0.178,
143253,Wendell,VIT,Meia,6,2.0,0.0,0.0,0,0.0,False,False,FLA,-0.799,armadilha_leve,0.0,0.0,0.0,27.3,desfavoravel,-0.22,0.275,-54.6,0.382,1.219,0.973,1.111,0.25,0.31,
150825,Breno,RBB,Zagueiro,6,2.8,0.0,3.35,2,0.0,False,True,COR,1.058,valor_bom,2.215,1.85,0.25,57.5,neutro,2.68,0.55,20.0,1.385,0.4,1.527,0.42,0.725,0.439,
132750,João Pedro,SAN,Goleiro,6,1.0,0.0,0.0,0,0.0,False,True,CAP,0.336,neutro,0.0,0.0,0.0,48.2,neutro,0.75,0.75,17.8,1.103,1.333,1.05,0.442,0.35,0.444,
150826,Nícollas,COR,Atacante,6,1.0,0.0,0.0,0,0.0,False,False,RBB,0.549,valor_bom,0.0,0.0,0.0,46.7,neutro,0.68,0.35,-20.0,1.527,0.42,1.385,0.4,0.725,0.294,
141606,Hugo Leonardo,SAO,Meia,6,0.91,0.0,0.0,1,0.0,False,False,GRE,1.709,valor_oculto,0.839,0.0,0.125,46.1,neutro,1.28,0.725,-32.7,0.64,1.217,1.273,1.385,0.225,0.173,
148092,Vitor Ramon,GRE,Lateral,6,1.0,0.0,0.2,1,0.0,False,True,SAO,2.325,valor_oculto,1.802,0.2,0.125,56.9,neutro,2.41,0.7,32.7,1.273,1.385,0.64,1.217,0.35,0.409,
150180,Ramon Rique,VAS,Meia,6,3.19,0.0,3.37,3,0.0,False,False,BAH,0.041,neutro,1.605,1.7,0.375,26.2,desfavoravel,0.97,0.425,-36.7,0.348,1.29,0.869,0.504,0.15,0.238,
147792,Koné,PAL,Zagueiro,6,2.0,0.0,0.0,0,0.0,False,True,INT,-0.926,armadilha_leve,0.0,0.0,0.0,70.8,neutro,1.8,0.55,43.4,1.326,0.787,0.548,1.556,0.75,0.595,
142868,Johnny,FLA,Lateral,6,1.0,0.0,0.0,0,0.0,False,True,VIT,0.332,neutro,0.0,0.0,0.0,72.6,favoravel,1.88,0.85,54.6,0.973,1.111,0.382,1.219,0.625,0.752,
150952,Arthur Monteiro,CAP,Lateral,6,1.0,0.0,0.0,0,0.0,False,False,SAN,0.332,neutro,0.0,0.0,0.0,50.3,neutro,0.85,0.475,-17.8,1.05,0.442,1.103,1.333,0.85,0.261,
145660,Luiz Felipe,INT,Lateral,6,1.65,0.0,1.45,2,0.0,False,False,PAL,1.434,valor_bom,1.891,1.45,0.25,21.9,desfavoravel,0.94,0.15,-43.4,0.548,1.556,1.326,0.787,0.15,0.178,
129665,Pablo,VAS,Goleiro,6,1.0,0.0,0.0,0,0.0,False,False,BAH,0.336,neutro,0.0,0.0,0.0,31.7,desfavoravel,-0.02,0.475,-36.7,0.348,1.29,0.869,0.504,0.15,0.238,
144255,João Alencar,SAN,Zagueiro,6,1.0,0.0,0.0,0,0.0,False,True,CAP,0.395,neutro,0.0,0.0,0.0,47.6,neutro,0.72,0.75,17.8,1.103,1.333,1.05,0.442,0.35,0.444,
147877,Cauan Farias,VIT,Zagueiro,6,1.0,0.0,0.0,0,0.0,False,False,FLA,0.395,neutro,0.0,0.0,0.0,27.3,desfavoravel,-0.22,0.025,-54.6,0.382,1.219,0.973,1.111,0.25,0.31,
144898,Vitinho,CAP,Lateral,6,1.0,0.0,0.0,0,0.0,False,False,SAN,0.332,neutro,0.0,0.0,0.0,50.3,neutro,0.85,0.475,-17.8,1.05,0.442,1.103,1.333,0.85,0.261,
141382,Gustavo Santana,SAO,Atacante,6,2.0,0.0,0.0,0,0.0,False,False,GRE,-0.657,armadilha_leve,0.0,0.0,0.0,44.9,neutro,0.6,0.725,-32.7,0.64,1.217,1.273,1.385,0.225,0.173,
150959,Davizinho,SAN,Lateral,6,0.81,0.0,0.0,2,0.0,False,True,CAP,2.454,valor_oculto,1.601,0.0,0.25,48.8,neutro,1.92,0.75,17.8,1.103,1.333,1.05,0.442,0.35,0.444,
130279,Lukas Zuccarello,VAS,Meia,6,2.32,0.0,1.3,1,0.0,False,False,BAH,0.057,neutro,0.983,1.3,0.125,26.2,desfavoravel,0.47,0.425,-36.7,0.348,1.29,0.869,0.504,0.15,0.238,
131766,Filipinho,RBB,Atacante,6,1.0,0.0,0.0,0,0.0,False,True,COR,0.549,valor_bom,0.0,0.0,0.0,50.2,neutro,0.84,0.25,20.0,1.385,0.4,1.527,0.42,0.725,0.439,
147556,Alan Santos,FLA,Atacante,6,1.0,0.0,0.0,0,0.0,False,True,VIT,0.549,valor_bom,0.0,0.0,0.0,82.6,favoravel,2.35,1.0,54.6,0.973,1.111,0.382,1.219,0.625,0.752,
147544,Gabriel Menegon,GRE,Goleiro,6,1.81,0.0,0.0,1,0.0,False,True,SAO,2.598,valor_oculto,3.373,0.0,0.125,56.0,neutro,3.41,0.7,32.7,1.273,1.385,0.64,1.217,0.35,0.409,
147736,Pepê Fermino,SAN,Meia,5,1.0,0.0,0.0,0,0.0,False,True,CAP,0.541,valor_bom,0.0,0.0,0.0,44.2,neutro,0.56,0.3,17.8,1.103,1.333,1.05,0.442,0.35,0.444,
148126,Weimar Palacios,RBB,Zagueiro,6,1.0,0.0,0.0,0,0.0,False,True,COR,0.395,neutro,0.0,0.0,0.0,57.5,neutro,1.18,0.55,20.0,1.385,0.4,1.527,0.42,0.725,0.439,
141536,Yuri Alves,RBB,Meia,6,1.0,0.0,0.0,0,0.0,False,True,COR,0.541,valor_bom,0.0,0.0,0.0,50.8,neutro,0.87,0.25,20.0,1.385,0.4,1.527,0.42,0.725,0.439,
141125,Robert,CAM,Goleiro,6,1.0,0.0,0.0,0,0.0,False,False,REM,0.336,neutro,0.0,0.0,0.0,52.2,neutro,0.94,0.725,-6.9,1.12,0.64,0.875,0.865,0.725,0.203,0.443
150995,Sayago,FLA,Meia,6,2.0,0.0,0.0,0,0.0,False,True,VIT,-0.799,armadilha_leve,0.0,0.0,0.0,79.8,neutro,2.22,1.0,54.6,0.973,1.111,0.382,1.219,0.625,0.752,
145703,Kaio Nóbrega,FLA,Meia,6,1.0,0.0,0.0,0,0.0,False,True,VIT,0.541,valor_bom,0.0,0.0,0.0,79.8,favoravel,2.22,1.0,54.6,0.973,1.111,0.382,1.219,0.625,0.752,
146663,Kauan Lima,PAL,Goleiro,6,1.0,0.0,0.0,0,0.0,False,True,INT,0.336,neutro,0.0,0.0,0.0,71.2,favoravel,1.82,0.55,43.4,1.326,0.787,0.548,1.556,0.75,0.595,
144889,Victor Gabriel,PAL,Meia,6,1.0,0.0,0.0,0,0.0,False,True,INT,0.541,valor_bom,0.0,0.0,0.0,75.1,favoravel,2.0,0.6,43.4,1.326,0.787,0.548,1.556,0.75,0.595,
109573,Martinelli,FLU,Meia,7,5.27,0.05,1.76,14,1.3,True,False,BOT,-1.002,armadilha_leve,1.843,1.4,1.0,44.1,neutro,2.45,0.925,-22.3,0.42,0.672,0.588,0.5,0.45,0.359,0.479
151003,Eduardo,PAL,Atacante,6,1.0,0.0,0.0,0,0.0,False,True,INT,0.549,valor_bom,0.0,0.0,0.0,76.6,favoravel,2.07,0.6,43.4,1.326,0.787,0.548,1.556,0.75,0.595,
37715,Thiago Silva,FLU,Zagueiro,5,7.07,0.99,2.5,2,5.8,True,False,BOT,0.235,neutro,3.526,1.0,0.25,47.3,neutro,3.07,0.025,-22.3,0.42,0.672,0.588,0.5,0.45,0.359,0.479
97101,Gabriel Rojas,CRU,Lateral,7,8.21,1.27,4.97,3,8.3,True,True,MIR,0.627,valor_bom,5.125,3.97,0.375,65.1,favoravel,4.56,0.8,30.0,0.933,0.56,1.043,0.593,0.675,0.556,
107203,Max,CHA,Meia,7,4.9,0.0,3.2,1,0.0,False,False,CFC,-0.462,neutro,2.123,3.2,0.125,46.8,neutro,2.63,0.725,-30.0,0.632,1.073,0.672,1.35,0.15,0.456,
106907,Rafael Lacerda,CHA,Técnico,7,8.04,0.0,3.44,2,0.0,False,False,CFC,-0.676,armadilha_leve,4.629,3.44,0.25,46.9,neutro,3.35,0.725,-30.0,0.632,1.073,0.672,1.35,0.15,0.456,
145413,Rafael Coutinho,PAL,Meia,6,1.0,0.0,0.0,0,0.0,False,True,INT,0.541,valor_bom,0.0,0.0,0.0,75.1,favoravel,2.0,0.6,43.4,1.326,0.787,0.548,1.556,0.75,0.595,
94214,Léo Duarte,CAM,Zagueiro,5,5.0,0.0,0.0,0,0.0,False,False,REM,-3.184,armadilha_forte,0.0,0.0,0.0,51.6,neutro,0.91,0.725,-6.9,1.12,0.64,0.875,0.865,0.725,0.203,0.443
130307,Wallace,GRE,Zagueiro,7,3.0,0.0,0.0,0,0.0,False,True,SAO,-1.863,armadilha_forte,0.0,0.0,0.0,55.4,neutro,1.08,0.7,32.7,1.273,1.385,0.64,1.217,0.35,0.409,
102310,Matheus Felipe,REM,Zagueiro,7,4.65,0.0,4.9,1,0.0,False,True,CAM,0.476,neutro,2.786,1.9,0.125,48.7,neutro,2.7,0.55,6.9,0.875,0.865,1.12,0.64,0.4,0.324,0.443
130443,Luciano,CHA,Zagueiro,6,1.0,0.0,0.0,0,0.0,False,False,CFC,0.395,neutro,0.0,0.0,0.0,38.5,desfavoravel,0.3,0.9,-30.0,0.632,1.073,0.672,1.35,0.15,0.456,
114208,Alejo Véliz,BAH,Atacante,7,4.73,-0.22,1.15,2,1.3,True,True,VAS,-0.526,armadilha_leve,2.087,1.15,0.25,68.3,neutro,3.13,0.85,36.7,0.869,0.504,0.348,1.29,0.625,0.485,
120681,Marco Moreno,BAH,Zagueiro,6,4.0,0.0,0.0,0,0.0,False,True,VAS,-2.59,armadilha_forte,0.0,0.0,0.0,72.2,neutro,1.86,0.35,36.7,0.869,0.504,0.348,1.29,0.625,0.485,
108946,Victor Sá,SAO,Atacante,6,5.09,0.0,0.45,2,0.0,False,False,GRE,-0.845,armadilha_leve,1.947,0.45,0.25,44.9,neutro,1.97,0.725,-32.7,0.64,1.217,1.273,1.385,0.225,0.173,
151120,Jorge Rivaldo,CAP,Atacante,6,4.42,-0.58,-0.3,1,-0.3,True,False,SAN,-0.417,neutro,2.03,0.0,0.125,61.2,neutro,2.76,0.825,-17.8,1.05,0.442,1.103,1.333,0.85,0.261,
103626,Ocampo,CFC,Atacante,6,5.08,-0.65,1.65,2,0.2,True,True,CHA,-0.604,armadilha_leve,2.187,1.65,0.25,56.4,neutro,2.62,0.725,30.0,0.672,1.35,0.632,1.073,0.225,0.567,
106199,Gabriel Pec,CRU,Atacante,5,7.94,0.0,4.1,1,0.0,False,True,MIR,0.804,valor_bom,4.783,4.1,0.125,58.6,neutro,4.45,0.65,30.0,0.933,0.56,1.043,0.593,0.675,0.556,
117061,Gabriel Knesowitsch,MIR,Zagueiro,7,2.44,-0.88,-0.05,2,-1.6,True,False,CRU,0.537,valor_bom,1.535,0.0,0.25,45.4,neutro,1.29,0.6,-30.0,1.043,0.593,0.933,0.56,0.725,0.481,
124369,Léo Aragão,CRU,Goleiro,6,2.0,0.0,0.0,0,0.0,False,True,MIR,-0.735,armadilha_leve,0.0,0.0,0.0,63.9,neutro,1.48,0.8,30.0,0.933,0.56,1.043,0.593,0.675,0.556,
105901,Edson Fernando,REM,Meia,6,2.62,0.0,-0.3,1,0.0,False,True,CAM,-0.443,neutro,0.806,0.0,0.125,36.2,neutro,0.81,0.15,6.9,0.875,0.865,1.12,0.64,0.4,0.324,0.443
112985,Peralta,CRU,Meia,5,4.0,0.0,0.0,0,0.0,False,True,MIR,-2.486,armadilha_forte,0.0,0.0,0.0,58.3,neutro,1.22,0.65,30.0,0.933,0.56,1.043,0.593,0.675,0.556,
101995,Brítez,VIT,Zagueiro,7,5.0,0.0,1.2,1,1.2,True,False,FLA,-0.231,neutro,2.375,1.2,0.125,27.3,desfavoravel,2.73,0.025,-54.6,0.382,1.219,0.973,1.111,0.25,0.31,
123445,Dantas,CAP,Meia,6,5.0,0.0,0.0,0,0.0,False,False,SAN,-3.089,armadilha_forte,0.0,0.0,0.0,61.8,neutro,1.38,0.825,-17.8,1.05,0.442,1.103,1.333,0.85,0.261,
109114,Matheus Nascimento,GRE,Atacante,6,4.0,0.0,0.0,0,0.0,False,True,SAO,-2.175,armadilha_forte,0.0,0.0,0.0,55.8,neutro,1.1,0.35,32.7,1.273,1.385,0.64,1.217,0.35,0.409,
151294,Juan Ferreira,CHA,Meia,6,1.0,0.0,0.0,0,0.0,False,False,CFC,0.541,valor_bom,0.0,0.0,0.0,46.8,neutro,0.68,0.725,-30.0,0.632,1.073,0.672,1.35,0.15,0.456,
99267,Pochettino,VIT,Meia,6,5.83,-0.43,1.6,2,1.2,True,False,FLA,0.81,valor_bom,3.573,1.6,0.25,27.3,desfavoravel,2.28,0.275,-54.6,0.382,1.219,0.973,1.111,0.25,0.31,
103562,Guido Herrera,BAH,Goleiro,6,6.0,0.0,0.0,0,0.0,False,True,VAS,-2.974,armadilha_forte,0.0,0.0,0.0,72.6,neutro,1.88,0.35,36.7,0.869,0.504,0.348,1.29,0.625,0.485,
128177,Pedro Emanuel,VAS,Técnico,7,10.62,0.0,4.31,1,0.0,False,False,BAH,0.415,neutro,5.806,4.31,0.125,26.0,desfavoravel,3.76,0.425,-36.7,0.348,1.29,0.869,0.504,0.15,0.238,
99034,Elias,MIR,Lateral,6,3.0,0.0,0.0,0,0.0,False,False,CRU,-2.108,armadilha_forte,0.0,0.0,0.0,46.6,neutro,0.67,0.6,-30.0,1.043,0.593,0.933,0.56,0.725,0.481,
122121,Túlio Eduardo,CHA,Atacante,6,3.0,0.0,0.0,0,0.0,False,False,CFC,-1.512,armadilha_forte,0.0,0.0,0.0,46.1,neutro,0.65,0.725,-30.0,0.632,1.073,0.672,1.35,0.15,0.456,
126996,Paulinho,VAS,Lateral,6,4.0,0.0,0.0,0,0.0,False,False,BAH,-2.893,armadilha_forte,0.0,0.0,0.0,31.7,desfavoravel,-0.02,0.475,-36.7,0.348,1.29,0.869,0.504,0.15,0.238,
103967,Bruno Santos,MIR,Atacante,7,3.36,-0.56,0.2,2,-0.3,True,False,CRU,0.099,neutro,1.897,0.2,0.25,49.0,neutro,1.93,0.625,-30.0,1.043,0.593,0.933,0.56,0.725,0.481,
141763,Fabiano Souza,VIT,Lateral,7,3.89,-1.14,-0.3,2,-1.8,True,False,FLA,-1.11,armadilha_leve,1.541,0.0,0.25,28.0,desfavoravel,2.73,0.025,-54.6,0.382,1.219,0.973,1.111,0.25,0.31,
91204,Warleson,BOT,Goleiro,7,6.13,0.0,11.0,1,0.0,False,True,FLU,1.528,valor_oculto,4.856,6.0,0.125,66.7,favoravel,4.84,0.275,22.3,0.588,0.5,0.42,0.672,0.675,0.408,0.479
113558,Bruninho,RBB,Meia,5,4.0,0.0,0.0,0,0.0,False,True,COR,-2.486,armadilha_forte,0.0,0.0,0.0,50.8,neutro,0.87,0.25,20.0,1.385,0.4,1.527,0.42,0.725,0.439,
91130,Fernandinho,MIR,Atacante,7,4.11,0.0,3.5,1,0.0,False,False,CRU,0.173,neutro,2.452,3.5,0.125,49.0,neutro,2.49,0.625,-30.0,1.043,0.593,0.933,0.56,0.725,0.481,
101352,Bruno Matias,CHA,Meia,6,2.22,0.0,-0.4,2,0.0,False,False,CFC,-0.215,neutro,0.675,0.0,0.25,46.8,neutro,1.25,0.725,-30.0,0.632,1.073,0.672,1.35,0.15,0.456,
122321,Lorran,FLA,Meia,6,9.16,0.0,9.25,2,0.0,False,True,VIT,1.351,valor_bom,5.103,6.75,0.25,79.8,favoravel,5.31,1.0,54.6,0.973,1.111,0.382,1.219,0.625,0.752,
151405,Victor Hugo,BOT,Meia,6,1.0,0.0,0.0,0,0.0,False,True,FLU,0.541,valor_bom,0.0,0.0,0.0,45.7,neutro,0.63,0.45,22.3,0.588,0.5,0.42,0.672,0.675,0.408,0.479
98333,Gabriel Batista,BOT,Goleiro,6,3.0,0.0,0.0,0,0.0,False,True,FLU,-1.495,armadilha_leve,0.0,0.0,0.0,66.7,neutro,1.61,0.275,22.3,0.588,0.5,0.42,0.672,0.675,0.408,0.479
97450,Gustavo Mosquito,MIR,Atacante,6,4.99,0.35,1.65,2,3.1,True,False,CRU,-0.56,armadilha_leve,2.187,1.65,0.25,49.0,neutro,2.96,0.625,-30.0,1.043,0.593,0.933,0.56,0.725,0.481,
151404,Lucas Emanuel,BOT,Atacante,6,1.0,0.0,0.0,0,0.0,False,True,FLU,0.549,valor_bom,0.0,0.0,0.0,44.7,neutro,0.59,0.45,22.3,0.588,0.5,0.42,0.672,0.675,0.408,0.479
146833,Cléber Lucas,BOT,Goleiro,6,1.0,0.0,0.0,0,0.0,False,True,FLU,0.336,neutro,0.0,0.0,0.0,66.7,favoravel,1.61,0.275,22.3,0.588,0.5,0.42,0.672,0.675,0.408,0.479
151406,Herick,BOT,Zagueiro,6,1.0,0.0,0.0,0,0.0,False,True,FLU,0.395,neutro,0.0,0.0,0.0,66.3,favoravel,1.59,0.275,22.3,0.588,0.5,0.42,0.672,0.675,0.408,0.479
91626,Paulinho,BOT,Lateral,6,5.0,0.0,0.0,0,0.0,False,True,FLU,-3.535,armadilha_forte,0.0,0.0,0.0,68.0,neutro,1.67,0.275,22.3,0.588,0.5,0.42,0.672,0.675,0.408,0.479
118806,Buta,SAO,Lateral,6,5.0,0.0,0.0,0,0.0,False,False,GRE,-3.535,armadilha_forte,0.0,0.0,0.0,30.6,desfavoravel,-0.07,0.325,-32.7,0.64,1.217,1.273,1.385,0.225,0.173,
151436,Miguel Bilong,PAL,Atacante,6,2.0,0.0,0.0,0,0.0,False,True,INT,-0.657,armadilha_leve,0.0,0.0,0.0,76.6,neutro,2.07,0.6,43.4,1.326,0.787,0.548,1.556,0.75,0.595,
141339,Paulo Roberto,CFC,Atacante,6,3.54,0.0,4.1,2,0.0,False,True,CHA,0.746,valor_bom,2.677,0.1,0.25,56.4,neutro,2.92,0.725,30.0,0.672,1.35,0.632,1.073,0.225,0.567,
144424,Vitor Lamounier,CRU,Goleiro,6,2.0,0.0,0.0,0,0.0,False,True,MIR,-0.735,armadilha_leve,0.0,0.0,0.0,63.9,neutro,1.48,0.8,30.0,0.933,0.56,1.043,0.593,0.675,0.556,
146964,Filipe Sirio,INT,Goleiro,6,1.0,0.0,0.0,0,0.0,False,False,PAL,0.336,neutro,0.0,0.0,0.0,22.3,desfavoravel,-0.45,0.15,-43.4,0.548,1.556,1.326,0.787,0.15,0.178,
124483,Lucas Monzón,BOT,Zagueiro,2,4.0,0.0,0.0,0,0.0,False,True,FLU,-2.59,armadilha_forte,0.0,0.0,0.0,66.3,neutro,1.59,0.275,22.3,0.588,0.5,0.42,0.672,0.675,0.408,0.479
146624,Heittor,PAL,Atacante,6,1.17,0.0,0.55,2,0.0,False,True,INT,0.979,valor_bom,0.684,0.55,0.25,76.6,favoravel,2.61,0.6,43.4,1.326,0.787,0.548,1.556,0.75,0.595,
115247,Kaique,PAL,Goleiro,6,1.0,0.0,0.0,0,0.0,False,True,INT,0.336,neutro,0.0,0.0,0.0,71.2,favoravel,1.82,0.55,43.4,1.326,0.787,0.548,1.556,0.75,0.595,
131762,Isac,SAO,Zagueiro,6,1.0,0.0,0.0,0,0.0,False,False,GRE,0.395,neutro,0.0,0.0,0.0,29.8,desfavoravel,-0.11,0.325,-32.7,0.64,1.217,1.273,1.385,0.225,0.173,
151440,Gutte,CAM,Meia,6,1.0,0.0,0.0,0,0.0,False,False,REM,0.541,valor_bom,0.0,0.0,0.0,52.2,neutro,0.94,0.55,-6.9,1.12,0.64,0.875,0.865,0.725,0.203,0.443
150841,Fabricio Prado,INT,Atacante,6,1.0,0.0,0.0,0,0.0,False,False,PAL,0.549,valor_bom,0.0,0.0,0.0,23.1,desfavoravel,-0.42,0.2,-43.4,0.548,1.556,1.326,0.787,0.15,0.178,
150842,Gabriel Vinicius,INT,Meia,6,1.0,0.0,0.0,0,0.0,False,False,PAL,0.541,valor_bom,0.0,0.0,0.0,25.1,desfavoravel,-0.32,0.2,-43.4,0.548,1.556,1.326,0.787,0.15,0.178,
147468,Wellington,CHA,Goleiro,6,1.0,0.0,0.0,0,0.0,False,False,CFC,0.336,neutro,0.0,0.0,0.0,39.3,desfavoravel,0.34,0.9,-30.0,0.632,1.073,0.672,1.35,0.15,0.456,
151412,Kássio,CHA,Atacante,6,1.49,0.0,1.5,1,0.0,False,False,CFC,0.689,valor_bom,0.804,1.5,0.125,46.1,neutro,1.26,0.725,-30.0,0.632,1.073,0.672,1.35,0.15,0.456,
144976,Domingos Andrade,BOT,Meia,6,5.0,0.0,0.0,0,0.0,False,True,FLU,-3.089,armadilha_forte,0.0,0.0,0.0,45.7,neutro,0.63,0.45,22.3,0.588,0.5,0.42,0.672,0.675,0.408,0.479
109097,Jovane Cabral,GRE,Atacante,6,8.66,0.0,5.8,1,0.0,False,True,SAO,0.76,valor_bom,4.972,0.8,0.125,55.8,neutro,4.46,0.35,32.7,1.273,1.385,0.64,1.217,0.35,0.409,
93637,Bruno Tubarão,CHA,Lateral,6,3.17,0.0,1.1,1,0.0,False,False,CFC,-0.15,neutro,1.902,1.1,0.125,39.5,desfavoravel,2.33,0.9,-30.0,0.632,1.073,0.672,1.35,0.15,0.456,
122670,Diego Caito,GRE,Lateral,7,6.18,0.0,8.8,1,0.0,False,True,SAO,0.291,neutro,4.029,2.8,0.125,56.9,neutro,3.88,0.7,32.7,1.273,1.385,0.64,1.217,0.35,0.409,
95541,Gustavo Cazonatti,MIR,Meia,6,2.72,-0.28,0.0,1,0.0,True,False,CRU,-0.493,neutro,0.839,0.0,0.125,49.4,neutro,1.62,0.625,-30.0,1.043,0.593,0.933,0.56,0.725,0.481,
151292,Felipe Morais,CRU,Meia,2,1.96,0.96,2.7,1,2.7,True,True,MIR,0.625,valor_bom,1.139,2.7,0.125,58.3,neutro,2.04,0.65,30.0,0.933,0.56,1.043,0.593,0.675,0.556,
101254,Alef Manga,REM,Atacante,7,8.31,-0.98,4.83,21,3.5,True,True,CAM,0.741,valor_bom,4.841,2.21,1.0,34.7,neutro,4.21,0.15,6.9,0.875,0.865,1.12,0.64,0.4,0.324,0.443
114801,Danilo Pereira,BOT,Atacante,7,5.0,0.0,0.0,0,0.0,False,True,FLU,-2.717,armadilha_forte,0.0,0.0,0.0,44.7,neutro,0.59,0.45,22.3,0.588,0.5,0.42,0.672,0.675,0.408,0.479
141160,Zé Lucas,CRU,Meia,6,6.0,0.0,0.0,0,0.0,False,True,MIR,-3.598,armadilha_forte,0.0,0.0,0.0,58.3,neutro,1.22,0.65,30.0,0.933,0.56,1.043,0.593,0.675,0.556,
106950,Fernando,CHA,Lateral,7,4.69,0.0,5.0,1,0.0,False,False,CFC,0.643,valor_bom,3.607,5.0,0.125,39.5,desfavoravel,3.5,0.9,-30.0,0.632,1.073,0.672,1.35,0.15,0.456,
117314,Thiago Borbas,CAM,Atacante,6,4.0,0.0,0.0,0,0.0,False,False,REM,-2.175,armadilha_forte,0.0,0.0,0.0,51.2,neutro,0.89,0.55,-6.9,1.12,0.64,0.875,0.865,0.725,0.203,0.443
127871,Vargas,CAP,Atacante,6,8.0,0.0,0.0,0,0.0,False,False,SAN,-3.922,armadilha_forte,0.0,0.0,0.0,61.2,neutro,1.35,0.825,-17.8,1.05,0.442,1.103,1.333,0.85,0.261,
109461,Calebe,INT,Meia,6,5.63,-0.37,0.5,1,0.5,True,False,PAL,1.026,valor_bom,3.67,0.5,0.125,25.1,desfavoravel,1.81,0.2,-43.4,0.548,1.556,1.326,0.787,0.15,0.178,
142764,Franco Rossi,CHA,Atacante,6,3.0,0.0,0.0,0,0.0,False,False,CFC,-1.512,armadilha_forte,0.0,0.0,0.0,46.1,neutro,0.65,0.725,-30.0,0.632,1.073,0.672,1.35,0.15,0.456,
101820,Mayk,REM,Lateral,7,6.03,-1.6,3.55,13,0.5,True,True,CAM,-0.214,neutro,3.505,2.47,1.0,50.0,neutro,3.17,0.55,6.9,0.875,0.865,1.12,0.64,0.4,0.324,0.443
147878,Alejandro,VIT,Meia,6,2.0,0.0,0.0,0,0.0,False,False,FLA,-0.799,armadilha_leve,0.0,0.0,0.0,27.3,desfavoravel,-0.22,0.275,-54.6,0.382,1.219,0.973,1.111,0.25,0.31,
141344,Vitor Tissi,CFC,Meia,6,1.01,0.1,0.35,2,0.7,True,True,CHA,1.523,valor_oculto,0.825,0.35,0.25,56.2,neutro,1.77,0.725,30.0,0.672,1.35,0.632,1.073,0.225,0.567,
98617,Maripán,INT,Zagueiro,7,4.34,0.1,1.0,3,2.4,True,False,PAL,-0.184,neutro,2.107,1.0,0.375,21.4,desfavoravel,2.08,0.15,-43.4,0.548,1.556,1.326,0.787,0.15,0.178,
106313,Domingos Duarte,SAO,Zagueiro,6,5.0,0.0,0.0,0,0.0,False,False,GRE,-3.184,armadilha_forte,0.0,0.0,0.0,29.8,desfavoravel,-0.11,0.325,-32.7,0.64,1.217,1.273,1.385,0.225,0.173,
147201,João Kempes,INT,Meia,6,2.0,0.0,0.0,0,0.0,False,False,PAL,-0.799,armadilha_leve,0.0,0.0,0.0,25.1,desfavoravel,-0.32,0.2,-43.4,0.548,1.556,1.326,0.787,0.15,0.178,
131964,Jhoan Hernández,BOT,Lateral,6,3.69,0.0,0.0,1,0.0,False,True,FLU,-0.699,armadilha_leve,1.779,0.0,0.125,68.0,neutro,2.9,0.275,22.3,0.588,0.5,0.42,0.672,0.675,0.408,0.479
97810,Erick,VIT,Atacante,7,8.21,0.0,4.48,16,0.0,False,False,FLA,0.545,valor_bom,4.609,2.23,1.0,25.4,desfavoravel,2.33,0.275,-54.6,0.382,1.219,0.973,1.111,0.25,0.31,
69012,Santos,CAP,Goleiro,3,9.22,0.04,4.25,19,9.7,True,False,SAN,-0.035,neutro,4.202,2.41,1.0,49.7,neutro,4.71,0.475,-17.8,1.05,0.442,1.103,1.333,0.85,0.261,
68685,Alan Patrick,INT,Meia,2,7.98,0.84,3.98,16,6.8,True,False,PAL,0.434,neutro,4.009,3.04,1.0,25.1,desfavoravel,3.6,0.2,-43.4,0.548,1.556,1.326,0.787,0.15,0.178,
117909,Wesley,CRU,Atacante,6,8.0,0.0,0.0,0,0.0,False,True,MIR,-3.922,armadilha_forte,0.0,0.0,0.0,58.6,neutro,1.23,0.65,30.0,0.933,0.56,1.043,0.593,0.675,0.556,
130121,João Costa,CRU,Atacante,6,5.0,0.0,0.0,0,0.0,False,True,MIR,-2.717,armadilha_forte,0.0,0.0,0.0,58.6,neutro,1.23,0.65,30.0,0.933,0.56,1.043,0.593,0.675,0.556,
114323,Colidio,VAS,Atacante,6,7.0,0.0,0.0,0,0.0,False,False,BAH,-3.572,armadilha_forte,0.0,0.0,0.0,24.3,desfavoravel,-0.36,0.425,-36.7,0.348,1.29,0.869,0.504,0.15,0.238,
92171,Arthur Cabral,BOT,Atacante,7,10.19,0.0,6.45,15,0.0,False,True,FLU,1.236,valor_bom,5.9,2.38,1.0,44.7,neutro,3.26,0.45,22.3,0.588,0.5,0.42,0.672,0.675,0.408,0.479
123795,Lucho Rodríguez,CRU,Atacante,6,7.0,0.0,0.0,0,0.0,False,True,MIR,-3.572,armadilha_forte,0.0,0.0,0.0,58.6,neutro,1.23,0.65,30.0,0.933,0.56,1.043,0.593,0.675,0.556,
104758,Enzo Díaz,SAO,Lateral,6,9.04,0.0,3.9,13,0.0,False,False,GRE,-0.491,neutro,4.389,3.28,1.0,30.6,desfavoravel,4.14,0.325,-32.7,0.64,1.217,1.273,1.385,0.225,0.173,
103056,Gabriel Brazão,SAN,Goleiro,7,5.25,0.0,2.49,16,0.0,False,True,CAP,0.159,neutro,3.023,1.55,1.0,48.2,neutro,3.83,0.75,17.8,1.103,1.333,1.05,0.442,0.35,0.444,
68928,Rafael,SAO,Goleiro,7,7.89,0.0,3.46,20,0.0,False,False,GRE,-0.195,neutro,3.639,2.46,1.0,30.7,desfavoravel,3.96,0.325,-32.7,0.64,1.217,1.273,1.385,0.225,0.173,
105949,Rochet,INT,Goleiro,5,6.28,0.0,3.33,11,0.0,False,False,PAL,0.342,neutro,3.649,1.97,1.0,22.3,desfavoravel,1.81,0.15,-43.4,0.548,1.556,1.326,0.787,0.15,0.178,
96591,Renan Lodi,CAM,Lateral,3,9.52,0.0,4.84,19,0.0,False,False,REM,-0.043,neutro,4.942,3.68,1.0,52.9,neutro,3.43,0.725,-6.9,1.12,0.64,0.875,0.865,0.725,0.203,0.443
87008,Léo Jardim,VAS,Goleiro,7,6.16,0.0,2.7,19,0.0,False,False,BAH,-0.118,neutro,3.111,2.44,1.0,31.7,desfavoravel,1.45,0.475,-36.7,0.348,1.29,0.869,0.504,0.15,0.238,
100596,Krovinovic,GRE,Meia,6,5.0,0.0,0.0,0,0.0,False,True,SAO,-3.089,armadilha_forte,0.0,0.0,0.0,56.3,neutro,1.13,0.35,32.7,1.273,1.385,0.64,1.217,0.35,0.409,
106593,Villalba,CRU,Zagueiro,6,7.02,0.37,2.49,10,5.0,True,True,MIR,-0.32,neutro,3.064,1.59,1.0,63.4,neutro,2.95,0.8,30.0,0.933,0.56,1.043,0.593,0.675,0.556,
72294,Everson,CAM,Goleiro,7,9.54,0.0,4.45,20,0.0,False,False,REM,0.018,neutro,4.346,3.2,1.0,52.2,neutro,3.05,0.725,-6.9,1.12,0.64,0.875,0.865,0.725,0.203,0.443
63007,Neymar,SAN,Meia,3,21.85,0.0,10.02,9,0.0,False,True,CAP,1.234,valor_bom,7.218,6.13,1.0,44.2,neutro,5.46,0.3,17.8,1.103,1.333,1.05,0.442,0.35,0.444,
37656,Fábio,FLU,Goleiro,7,9.5,0.03,4.41,20,5.0,True,False,BOT,0.002,neutro,4.318,3.41,1.0,48.0,neutro,3.98,0.025,-22.3,0.42,0.672,0.588,0.5,0.45,0.359,0.479
80196,Yago Pikachu,REM,Meia,7,4.79,-0.25,2.23,20,0.0,True,True,CAM,-0.354,neutro,2.161,1.48,1.0,36.2,neutro,2.43,0.15,6.9,0.875,0.865,1.12,0.64,0.4,0.324,0.443
61987,Alex Sandro,FLA,Lateral,7,8.2,-0.6,3.53,15,-0.3,True,True,VIT,-0.497,neutro,4.105,2.33,1.0,72.6,neutro,2.65,0.85,54.6,0.973,1.111,0.382,1.219,0.625,0.752,
42234,Cássio,CRU,Goleiro,5,6.89,0.0,1.32,5,0.0,False,True,MIR,-0.457,neutro,3.023,1.32,0.625,63.9,neutro,3.2,0.8,30.0,0.933,0.56,1.043,0.593,0.675,0.556,
100898,Vitinho,BOT,Lateral,7,10.46,0.0,5.21,15,0.0,False,True,FLU,-0.058,neutro,5.201,4.14,1.0,68.0,neutro,4.82,0.275,22.3,0.588,0.5,0.42,0.672,0.675,0.408,0.479
105436,Carrascal,FLA,Meia,6,9.76,0.66,4.19,13,3.7,True,True,VIT,-0.001,neutro,4.143,3.04,1.0,79.8,neutro,3.88,1.0,54.6,0.973,1.111,0.382,1.219,0.625,0.752,
99274,Alexander Barboza,PAL,Zagueiro,2,10.15,0.35,4.75,13,4.4,True,True,INT,0.245,neutro,4.381,3.06,1.0,70.8,favoravel,4.79,0.55,43.4,1.326,0.787,0.548,1.556,0.75,0.595,
101727,Matheuzinho,COR,Lateral,7,11.37,1.32,5.69,16,11.7,True,False,RBB,0.027,neutro,5.521,3.88,1.0,47.2,neutro,3.5,0.325,-20.0,1.527,0.42,1.385,0.4,0.725,0.294,
91772,David Duarte,BAH,Zagueiro,7,7.02,0.0,4.1,13,0.0,False,True,VAS,0.818,valor_bom,3.979,2.48,1.0,72.2,favoravel,3.87,0.35,36.7,0.869,0.504,0.348,1.29,0.625,0.485,
91101,Ronaldo,BAH,Goleiro,7,9.57,2.65,5.39,11,16.7,True,True,VAS,0.475,neutro,4.842,3.57,1.0,72.6,favoravel,4.98,0.35,36.7,0.869,0.504,0.348,1.29,0.625,0.485,
90768,Fabrício Bruno,CRU,Zagueiro,7,6.89,0.72,2.29,20,6.5,True,True,MIR,-0.699,armadilha_leve,2.716,1.69,1.0,63.4,neutro,2.84,0.8,30.0,0.933,0.56,1.043,0.593,0.675,0.556,
123717,Zé Guilherme,BAH,Lateral,6,3.68,0.0,1.7,3,0.0,False,True,VAS,-0.536,armadilha_leve,1.92,1.7,0.375,74.1,neutro,3.04,0.35,36.7,0.869,0.504,0.348,1.29,0.625,0.485,
98484,Kanu,BAH,Zagueiro,6,3.68,0.0,0.83,3,0.0,False,True,VAS,-0.347,neutro,1.631,0.0,0.375,72.2,neutro,2.95,0.35,36.7,0.869,0.504,0.348,1.29,0.625,0.485,
109401,Erick Pulga,BAH,Atacante,3,7.23,-0.01,3.65,20,1.7,True,True,VAS,0.278,neutro,3.998,3.0,1.0,68.3,favoravel,4.14,0.85,36.7,0.869,0.504,0.348,1.29,0.625,0.485,
80313,Gilberto,CAP,Lateral,7,7.63,-0.02,4.32,10,7.3,True,False,SAN,0.39,neutro,4.704,3.22,1.0,50.3,neutro,3.71,0.475,-17.8,1.05,0.442,1.103,1.333,0.85,0.261,
104783,Acevedo,BAH,Meia,7,7.07,0.08,4.44,18,3.5,True,True,VAS,1.169,valor_bom,4.325,4.44,1.0,67.9,favoravel,3.87,0.85,36.7,0.869,0.504,0.348,1.29,0.625,0.485,
113397,Cristian Olivera,BAH,Atacante,5,7.16,0.0,4.1,16,0.0,False,True,VAS,0.656,valor_bom,4.356,3.29,1.0,68.3,favoravel,2.65,0.85,36.7,0.869,0.504,0.348,1.29,0.625,0.485,
98517,Jean Lucas,BAH,Meia,7,9.34,-0.15,5.21,17,2.5,True,True,VAS,0.979,valor_bom,4.844,4.03,1.0,67.9,favoravel,3.03,0.85,36.7,0.869,0.504,0.348,1.29,0.625,0.485,
98022,Erick,BAH,Meia,6,6.04,0.0,3.71,15,0.0,False,True,VAS,1.026,valor_bom,3.834,3.04,1.0,67.9,favoravel,3.05,0.85,36.7,0.869,0.504,0.348,1.29,0.625,0.485,
97868,Iago,SAO,Lateral,6,4.5,0.0,2.2,4,0.0,False,False,GRE,0.115,neutro,3.022,1.45,0.5,30.6,desfavoravel,1.56,0.325,-32.7,0.64,1.217,1.273,1.385,0.225,0.173,
105990,Santiago Mingo,BAH,Zagueiro,7,4.8,0.42,2.07,18,5.0,True,True,VAS,-0.327,neutro,2.209,1.24,1.0,72.2,neutro,4.96,0.35,36.7,0.869,0.504,0.348,1.29,0.625,0.485,
85425,João Paulo,SAN,Goleiro,6,5.2,0.0,0.15,2,0.0,False,True,CAP,0.439,neutro,3.3,0.15,0.25,48.2,neutro,2.96,0.75,17.8,1.103,1.333,1.05,0.442,0.35,0.444,
101314,Ademir,BAH,Atacante,7,5.87,0.14,2.37,20,3.8,True,True,VAS,-0.801,armadilha_leve,2.356,1.72,1.0,68.3,neutro,2.97,0.85,36.7,0.869,0.504,0.348,1.29,0.625,0.485,
68996,Willian José,BAH,Atacante,6,7.36,-0.19,2.55,19,0.0,True,True,VAS,-0.518,armadilha_leve,3.237,0.76,1.0,68.3,neutro,3.99,0.85,36.7,0.869,0.504,0.348,1.29,0.625,0.485,
97341,Rogério Ceni,BAH,Técnico,7,10.69,0.3,5.43,20,6.39,True,True,VAS,-0.371,neutro,5.591,5.43,1.0,68.3,neutro,4.4,0.85,36.7,0.869,0.504,0.348,1.29,0.625,0.485,
106822,Rodrigo Nestor,BAH,Meia,7,5.64,-0.69,3.14,13,4.6,True,True,VAS,0.806,valor_bom,3.493,2.37,1.0,67.9,favoravel,3.39,0.85,36.7,0.869,0.504,0.348,1.29,0.625,0.485,
105531,Matheus Bidu,COR,Lateral,2,13.3,0.0,7.86,15,0.0,False,False,RBB,1.074,valor_bom,6.929,5.53,1.0,47.2,neutro,4.07,0.325,-20.0,1.527,0.42,1.385,0.4,0.725,0.294,
106323,Caio Alexandre,BAH,Meia,6,3.97,0.0,1.19,11,0.0,False,True,VAS,-0.619,armadilha_leve,1.526,1.19,1.0,67.9,neutro,2.78,0.85,36.7,0.869,0.504,0.348,1.29,0.625,0.485,
141419,Fredi Lippert,BAH,Zagueiro,6,2.0,0.0,0.0,0,0.0,False,True,VAS,-0.926,armadilha_leve,0.0,0.0,0.0,72.2,neutro,1.86,0.35,36.7,0.869,0.504,0.348,1.29,0.625,0.485,
72493,Alex Telles,BOT,Lateral,7,10.07,0.0,4.11,15,0.0,False,True,FLU,-0.731,armadilha_leve,4.483,1.91,1.0,68.0,neutro,6.39,0.275,22.3,0.588,0.5,0.42,0.672,0.675,0.408,0.479
124481,Mateo Ponte,BOT,Lateral,6,5.53,0.0,2.8,8,0.0,False,True,FLU,-0.385,neutro,3.116,1.8,1.0,68.0,neutro,3.08,0.275,22.3,0.588,0.5,0.42,0.672,0.675,0.408,0.479
145379,Kauê Furquim,BAH,Atacante,2,1.84,-0.21,0.67,3,0.5,True,True,VAS,0.199,neutro,0.704,0.67,0.375,68.3,favoravel,2.5,0.85,36.7,0.869,0.504,0.348,1.29,0.625,0.485,
107231,Danilo,BOT,Meia,7,14.48,0.0,8.47,13,0.0,False,True,FLU,2.005,valor_oculto,6.792,5.01,1.0,45.7,neutro,4.56,0.45,22.3,0.588,0.5,0.42,0.672,0.675,0.408,0.479
111829,Kayky,INT,Atacante,5,3.63,0.0,1.27,6,0.0,False,False,PAL,-0.105,neutro,1.871,1.27,0.75,23.1,desfavoravel,1.13,0.2,-43.4,0.548,1.556,1.326,0.787,0.15,0.178,
111831,Matheus Martins,BOT,Atacante,6,7.08,0.0,4.63,15,0.0,False,True,FLU,1.036,valor_bom,4.713,2.5,1.0,44.7,neutro,4.28,0.45,22.3,0.588,0.5,0.42,0.672,0.675,0.408,0.479
136955,Sanabria,BAH,Atacante,2,6.16,0.0,2.99,12,0.0,False,True,VAS,0.439,neutro,3.741,1.24,1.0,68.3,favoravel,3.26,0.85,36.7,0.869,0.504,0.348,1.29,0.625,0.485,
123360,Cauly,SAO,Meia,6,6.58,0.0,2.91,12,0.0,False,False,GRE,0.222,neutro,3.372,2.49,1.0,46.1,neutro,2.51,0.725,-32.7,0.64,1.217,1.273,1.385,0.225,0.173,
105214,Santi Rodríguez,BOT,Meia,6,5.68,0.0,2.13,10,0.0,False,True,FLU,0.177,neutro,2.99,2.13,1.0,45.7,neutro,1.95,0.45,22.3,0.588,0.5,0.42,0.672,0.675,0.408,0.479
107173,Michel Araújo,BAH,Meia,6,2.63,-0.3,0.88,13,0.5,True,True,VAS,-0.334,neutro,0.904,0.88,1.0,67.9,neutro,2.57,0.85,36.7,0.869,0.504,0.348,1.29,0.625,0.485,
142890,Montoro,BOT,Meia,7,7.56,0.0,2.86,15,0.0,False,True,FLU,-0.292,neutro,3.279,1.86,1.0,45.7,neutro,2.37,0.45,22.3,0.588,0.5,0.42,0.672,0.675,0.408,0.479
129930,Cristhian Loor,BOT,Goleiro,6,2.0,0.0,0.0,0,0.0,False,True,FLU,-0.735,armadilha_leve,0.0,0.0,0.0,66.7,neutro,1.61,0.275,22.3,0.588,0.5,0.42,0.672,0.675,0.408,0.479
129663,Ruan Pablo,BAH,Atacante,6,1.81,0.0,0.0,1,0.0,False,True,VAS,0.165,neutro,0.637,0.0,0.125,68.3,favoravel,2.41,0.85,36.7,0.869,0.504,0.348,1.29,0.625,0.485,
95799,Artur,SAO,Atacante,7,8.98,0.0,5.52,16,0.0,False,False,GRE,0.989,valor_bom,5.303,3.39,1.0,44.9,neutro,3.17,0.725,-32.7,0.64,1.217,1.273,1.385,0.225,0.173,
91158,Kaio,BOT,Zagueiro,5,7.0,0.0,0.0,0,0.0,False,True,FLU,-4.122,armadilha_forte,0.0,0.0,0.0,66.3,neutro,1.59,0.275,22.3,0.588,0.5,0.42,0.672,0.675,0.408,0.479
104693,Newton,SAO,Meia,6,4.18,0.0,1.94,7,0.0,False,False,GRE,-0.223,neutro,1.966,1.94,0.875,46.1,neutro,2.03,0.725,-32.7,0.64,1.217,1.273,1.385,0.225,0.173,
98672,Savarino,FLU,Meia,6,8.91,-0.09,4.77,16,1.3,True,False,BOT,0.745,valor_bom,4.535,3.21,1.0,44.1,neutro,2.22,0.925,-22.3,0.42,0.672,0.588,0.5,0.45,0.359,0.479
126013,Ythallo,BOT,Zagueiro,6,3.5,0.0,0.2,1,0.0,False,True,FLU,-0.084,neutro,1.739,0.2,0.125,66.3,neutro,2.8,0.275,22.3,0.588,0.5,0.42,0.672,0.675,0.408,0.479
146375,Kadir,BOT,Atacante,6,4.15,0.0,2.12,9,0.0,False,True,FLU,-0.083,neutro,2.215,1.56,1.0,44.7,neutro,2.55,0.45,22.3,0.588,0.5,0.42,0.672,0.675,0.408,0.479
69140,Allan,BOT,Meia,5,4.48,0.0,2.03,10,0.0,False,True,FLU,-0.354,neutro,2.011,2.03,1.0,45.7,neutro,2.04,0.45,22.3,0.588,0.5,0.42,0.672,0.675,0.408,0.479
39850,Vagner Mancini,RBB,Técnico,7,8.75,0.0,5.57,19,0.0,False,True,COR,0.974,valor_bom,5.379,5.57,1.0,50.9,neutro,3.49,0.25,20.0,1.385,0.4,1.527,0.42,0.725,0.439,
142877,Villalba,BOT,Atacante,7,4.08,0.0,1.55,9,0.0,False,True,FLU,-0.34,neutro,1.913,0.66,1.0,44.7,neutro,1.85,0.45,22.3,0.588,0.5,0.42,0.672,0.675,0.408,0.479
94968,Juninho Capixaba,RBB,Lateral,7,13.39,0.0,7.41,17,0.0,False,True,COR,0.797,valor_bom,6.698,4.53,1.0,59.0,neutro,4.01,0.55,20.0,1.385,0.4,1.527,0.42,0.725,0.439,
87225,Pedro Henrique,RBB,Zagueiro,7,6.81,0.0,3.33,12,0.0,False,True,COR,0.323,neutro,3.511,2.08,1.0,57.5,neutro,2.94,0.55,20.0,1.385,0.4,1.527,0.42,0.725,0.439,
97468,Marçal,BOT,Lateral,6,6.73,0.0,3.22,5,0.0,False,True,FLU,-0.719,armadilha_leve,3.351,2.02,0.625,68.0,neutro,4.34,0.275,22.3,0.588,0.5,0.42,0.672,0.675,0.408,0.479
70360,Eduardo Sasha,RBB,Atacante,7,4.21,0.0,1.04,15,0.0,False,True,COR,-0.835,armadilha_leve,1.486,1.04,1.0,50.2,neutro,1.99,0.25,20.0,1.385,0.4,1.527,0.42,0.725,0.439,
100848,Luan Cândido,VIT,Lateral,3,5.15,-0.82,3.41,11,-3.0,True,False,FLA,0.162,neutro,3.42,1.68,1.0,28.0,desfavoravel,3.85,0.025,-54.6,0.382,1.219,0.973,1.111,0.25,0.31,
143072,Gabriel Abdias,BOT,Lateral,6,3.0,0.0,0.0,0,0.0,False,True,FLU,-2.108,armadilha_forte,0.0,0.0,0.0,68.0,neutro,1.67,0.275,22.3,0.588,0.5,0.42,0.672,0.675,0.408,0.479
93882,Cleiton,RBB,Goleiro,6,6.19,0.0,2.56,7,0.0,False,True,COR,0.118,neutro,3.375,1.13,0.875,58.0,neutro,2.99,0.55,20.0,1.385,0.4,1.527,0.42,0.725,0.439,
110715,Andrés Hurtado,RBB,Lateral,7,6.14,0.0,3.66,13,0.0,False,True,COR,-0.194,neutro,3.573,2.28,1.0,59.0,neutro,2.99,0.55,20.0,1.385,0.4,1.527,0.42,0.725,0.439,
142484,Barrera,BOT,Meia,6,6.45,0.0,2.62,10,0.0,False,True,FLU,0.147,neutro,3.263,2.12,1.0,45.7,neutro,2.55,0.45,22.3,0.588,0.5,0.42,0.672,0.675,0.408,0.479
94067,Matheus Fernandes,RBB,Meia,6,4.32,0.0,2.54,11,0.0,False,True,COR,0.104,neutro,2.308,2.09,1.0,50.8,neutro,2.32,0.25,20.0,1.385,0.4,1.527,0.42,0.725,0.439,
78605,Gabriel,RBB,Meia,6,5.17,0.0,3.17,16,0.0,False,True,COR,0.181,neutro,2.776,2.54,1.0,50.8,neutro,2.5,0.25,20.0,1.385,0.4,1.527,0.42,0.725,0.439,
107236,Vanderlan,RBB,Lateral,5,4.41,0.0,-0.3,1,0.0,False,True,COR,0.169,neutro,3.018,0.0,0.125,59.0,neutro,3.31,0.55,20.0,1.385,0.4,1.527,0.42,0.725,0.439,
106434,Eduardo Santos,RBB,Zagueiro,6,4.6,0.0,1.4,3,0.0,False,True,COR,-0.204,neutro,2.216,1.4,0.375,57.5,neutro,2.65,0.55,20.0,1.385,0.4,1.527,0.42,0.725,0.439,
105213,Sant'Anna,RBB,Lateral,3,8.88,0.0,6.23,7,0.0,False,True,COR,0.985,valor_bom,5.672,3.37,0.875,59.0,neutro,3.88,0.55,20.0,1.385,0.4,1.527,0.42,0.725,0.439,
110750,Gustavo Marques,RBB,Zagueiro,3,7.36,0.0,4.31,17,0.0,False,True,COR,0.884,valor_bom,4.141,3.07,1.0,57.5,neutro,3.15,0.55,20.0,1.385,0.4,1.527,0.42,0.725,0.439,
104588,Fabrício,RBB,Goleiro,6,2.0,0.0,0.0,0,0.0,False,True,COR,-0.735,armadilha_leve,0.0,0.0,0.0,58.0,neutro,1.2,0.55,20.0,1.385,0.4,1.527,0.42,0.725,0.439,
108133,Isidro Pitta,RBB,Atacante,6,5.54,0.0,4.01,18,0.0,False,True,COR,0.461,neutro,3.49,1.23,1.0,50.2,neutro,2.75,0.25,20.0,1.385,0.4,1.527,0.42,0.725,0.439,
100695,Fernando,RBB,Atacante,7,5.37,0.0,4.89,9,0.0,False,True,COR,0.727,valor_bom,3.681,2.56,1.0,50.2,neutro,2.83,0.25,20.0,1.385,0.4,1.527,0.42,0.725,0.439,
107744,Praxedes,RBB,Meia,6,4.0,0.0,0.0,0,0.0,False,True,COR,-2.486,armadilha_forte,0.0,0.0,0.0,50.8,neutro,0.87,0.25,20.0,1.385,0.4,1.527,0.42,0.725,0.439,
122394,Gustavinho,RBB,Meia,6,5.7,0.0,2.78,14,0.0,False,True,COR,0.48,neutro,3.248,2.07,1.0,50.8,neutro,2.68,0.25,20.0,1.385,0.4,1.527,0.42,0.725,0.439,
112886,Lucas Barbosa,RBB,Atacante,7,9.81,0.0,6.48,17,0.0,False,True,COR,1.402,valor_bom,5.964,4.01,1.0,50.2,neutro,3.7,0.25,20.0,1.385,0.4,1.527,0.42,0.725,0.439,
111246,Alix Vinicius,RBB,Zagueiro,7,6.02,0.0,3.14,16,0.0,False,True,COR,0.475,neutro,3.354,1.83,1.0,57.5,neutro,2.89,0.55,20.0,1.385,0.4,1.527,0.42,0.725,0.439,
132580,Vinicinho,RBB,Atacante,6,3.96,0.0,2.2,9,0.0,False,True,COR,0.07,neutro,2.257,2.2,1.0,50.2,neutro,2.28,0.25,20.0,1.385,0.4,1.527,0.42,0.725,0.439,
132274,Ignacio Sosa,RBB,Meia,6,3.41,0.0,1.5,15,0.0,False,True,COR,-0.049,neutro,1.67,1.5,1.0,50.8,neutro,2.08,0.25,20.0,1.385,0.4,1.527,0.42,0.725,0.439,
103295,Eric Ramires,RBB,Meia,7,2.19,0.0,0.41,12,0.0,False,True,COR,-0.246,neutro,0.624,0.41,1.0,50.8,neutro,1.68,0.25,20.0,1.385,0.4,1.527,0.42,0.725,0.439,
113157,Nathan Mendes,VIT,Lateral,5,7.52,0.0,5.02,12,0.0,False,False,FLA,0.857,valor_bom,5.085,3.35,1.0,28.0,desfavoravel,4.33,0.025,-54.6,0.382,1.219,0.973,1.111,0.25,0.31,
111760,Fabinho,RBB,Meia,3,2.04,0.0,-0.08,5,0.0,False,True,COR,-0.177,neutro,0.55,0.0,0.625,50.8,neutro,1.51,0.25,20.0,1.385,0.4,1.527,0.42,0.725,0.439,
138021,Palacios,RBB,Zagueiro,6,3.0,0.0,0.0,0,0.0,False,True,COR,-1.863,armadilha_forte,0.0,0.0,0.0,57.5,neutro,1.18,0.55,20.0,1.385,0.4,1.527,0.42,0.725,0.439,
122897,Guzmán Rodríguez,RBB,Zagueiro,6,5.54,0.0,-1.0,0,0.0,False,True,COR,-3.465,armadilha_forte,0.0,0.0,0.0,57.5,neutro,1.18,0.55,20.0,1.385,0.4,1.527,0.42,0.725,0.439,
140906,Davi Gomes,RBB,Atacante,5,5.19,0.0,4.25,2,0.0,False,True,COR,-0.146,neutro,2.707,4.25,0.25,50.2,neutro,2.68,0.25,20.0,1.385,0.4,1.527,0.42,0.725,0.439,
124239,Henry Mosquera,RBB,Atacante,2,5.51,0.0,3.68,15,0.0,False,True,COR,0.196,neutro,3.207,2.68,1.0,50.2,neutro,2.65,0.25,20.0,1.385,0.4,1.527,0.42,0.725,0.439,
98909,Cuello,CAM,Atacante,2,9.41,0.0,5.95,18,0.0,False,False,REM,1.173,valor_bom,5.617,4.78,1.0,51.2,neutro,4.49,0.55,-6.9,1.12,0.64,0.875,0.865,0.725,0.203,0.443
122755,Lucas Cunha,RBB,Zagueiro,6,3.0,0.0,0.0,0,0.0,False,True,COR,-1.863,armadilha_forte,0.0,0.0,0.0,57.5,neutro,1.18,0.55,20.0,1.385,0.4,1.527,0.42,0.725,0.439,
72460,Bernard,CAM,Meia,2,4.82,0.0,3.04,17,0.0,False,False,REM,0.285,neutro,2.703,1.86,1.0,52.2,neutro,5.44,0.55,-6.9,1.12,0.64,0.875,0.865,0.725,0.203,0.443
103767,Gabriel Menino,SAN,Meia,7,9.23,0.0,5.07,8,0.0,False,True,CAP,0.68,valor_bom,4.568,4.45,1.0,44.2,neutro,3.06,0.3,17.8,1.103,1.333,1.05,0.442,0.35,0.444,
68920,Dudu,CAM,Atacante,6,6.16,0.0,2.57,13,0.0,False,False,REM,0.149,neutro,3.446,1.34,1.0,51.2,neutro,2.23,0.55,-6.9,1.12,0.64,0.875,0.865,0.725,0.203,0.443
72605,Vitor Hugo,CAM,Zagueiro,6,6.67,0.0,3.86,7,0.0,False,False,REM,0.765,valor_bom,3.819,2.15,0.875,51.6,neutro,3.0,0.725,-6.9,1.12,0.64,0.875,0.865,0.725,0.203,0.443
100084,Igor Gomes,CAM,Meia,6,5.62,0.0,1.47,6,0.0,False,False,REM,0.162,neutro,2.953,0.64,0.75,52.2,neutro,2.71,0.55,-6.9,1.12,0.64,0.875,0.865,0.725,0.203,0.443
107908,Hugo,COR,Lateral,5,4.0,0.0,0.0,0,0.0,False,False,RBB,-2.893,armadilha_forte,0.0,0.0,0.0,47.2,neutro,0.7,0.325,-20.0,1.527,0.42,1.385,0.4,0.725,0.294,
101002,Júnior Santos,BOT,Atacante,5,4.55,0.0,2.24,8,0.0,False,True,FLU,-0.242,neutro,2.28,1.24,1.0,44.7,neutro,2.35,0.45,22.3,0.588,0.5,0.42,0.672,0.675,0.408,0.479
91607,R. Rústico,SAN,Atacante,6,5.43,0.0,2.21,14,0.0,False,True,CAP,-0.709,armadilha_leve,2.25,2.21,1.0,43.3,neutro,1.83,0.3,17.8,1.103,1.333,1.05,0.442,0.35,0.444,
105068,Reinier,CAM,Meia,6,3.99,0.0,2.54,15,0.0,False,False,REM,0.363,neutro,2.348,1.87,1.0,52.2,neutro,2.21,0.55,-6.9,1.12,0.64,0.875,0.865,0.725,0.203,0.443
78248,Gustavo Henrique,COR,Zagueiro,7,8.41,0.0,3.69,16,0.0,False,False,RBB,-0.023,neutro,3.721,2.56,1.0,46.0,neutro,2.75,0.325,-20.0,1.527,0.42,1.385,0.4,0.725,0.294,
39656,Alan Franco,CAM,Meia,2,4.99,0.0,2.42,15,0.0,False,False,REM,-0.334,neutro,2.27,2.09,1.0,52.2,neutro,2.55,0.55,-6.9,1.12,0.64,0.875,0.865,0.725,0.203,0.443
87999,Gustavo Scarpa,CAM,Meia,5,7.06,0.0,3.09,10,0.0,False,False,REM,0.204,neutro,3.524,2.09,1.0,52.2,neutro,2.82,0.55,-6.9,1.12,0.64,0.875,0.865,0.725,0.203,0.443
107554,Natanael,CAM,Lateral,7,8.48,0.0,4.85,13,0.0,False,False,REM,0.362,neutro,4.977,3.62,1.0,52.9,neutro,3.87,0.725,-6.9,1.12,0.64,0.875,0.865,0.725,0.203,0.443
100842,Ruan,CAM,Zagueiro,7,5.71,0.0,3.19,17,0.0,False,False,REM,0.152,neutro,2.976,2.13,1.0,51.6,neutro,6.31,0.725,-6.9,1.12,0.64,0.875,0.865,0.725,0.203,0.443
95556,Raniele,COR,Meia,2,8.29,0.51,4.27,17,6.9,True,False,RBB,0.559,valor_bom,4.205,3.98,1.0,47.9,neutro,2.98,0.35,-20.0,1.527,0.42,1.385,0.4,0.725,0.294,
78435,Vitinho,COR,Atacante,5,5.06,0.0,2.13,7,0.0,False,False,RBB,-0.55,armadilha_leve,2.232,2.13,0.875,46.7,neutro,2.17,0.35,-20.0,1.527,0.42,1.385,0.4,0.725,0.294,
118774,Alexsander,CAM,Meia,6,4.85,0.0,0.84,5,0.0,False,False,REM,-1.132,armadilha_leve,1.547,0.84,0.625,52.2,neutro,2.06,0.55,-6.9,1.12,0.64,0.875,0.865,0.725,0.203,0.443
85048,Memphis Depay,COR,Atacante,6,9.56,0.0,1.99,7,0.0,False,False,RBB,-0.929,armadilha_leve,3.525,0.85,0.875,46.7,neutro,2.74,0.35,-20.0,1.527,0.42,1.385,0.4,0.725,0.294,
71684,Gustavo Gómez,PAL,Zagueiro,6,10.56,0.38,4.71,19,6.5,True,True,INT,0.194,neutro,4.435,2.39,1.0,70.8,favoravel,4.05,0.55,43.4,1.326,0.787,0.548,1.556,0.75,0.595,
124661,Iván Román,CAM,Zagueiro,6,8.96,0.0,5.92,6,0.0,False,False,REM,1.008,valor_bom,4.699,3.42,0.75,51.6,neutro,3.49,0.725,-6.9,1.12,0.64,0.875,0.865,0.725,0.203,0.443
115674,Gabriel Delfim,CAM,Goleiro,6,2.0,0.0,0.0,0,0.0,False,False,REM,-0.735,armadilha_leve,0.0,0.0,0.0,52.2,neutro,0.94,0.725,-6.9,1.12,0.64,0.875,0.865,0.725,0.203,0.443
40990,Dorival Júnior,SAO,Técnico,7,9.61,0.0,4.17,13,0.0,False,False,GRE,-2.668,armadilha_forte,4.575,4.17,1.0,46.2,neutro,2.9,0.725,-32.7,0.64,1.217,1.273,1.385,0.225,0.173,
97642,Félix Torres,INT,Zagueiro,6,4.44,-0.49,3.37,15,1.2,True,False,PAL,0.959,valor_bom,3.075,2.37,1.0,21.4,desfavoravel,2.55,0.15,-43.4,0.548,1.556,1.326,0.787,0.15,0.178,
92440,André Ramalho,COR,Zagueiro,6,5.73,0.43,2.55,6,4.5,True,False,RBB,-0.407,neutro,2.534,1.55,0.75,46.0,neutro,2.3,0.325,-20.0,1.527,0.42,1.385,0.4,0.725,0.294,
122990,Patrick,CAM,Meia,5,4.0,0.0,0.0,0,0.0,False,False,REM,-2.486,armadilha_forte,0.0,0.0,0.0,52.2,neutro,0.94,0.55,-6.9,1.12,0.64,0.875,0.865,0.725,0.203,0.443
77485,Carrillo,COR,Meia,6,4.61,-0.08,1.5,16,3.2,True,False,RBB,-0.853,armadilha_leve,1.663,1.19,1.0,47.9,neutro,1.97,0.35,-20.0,1.527,0.42,1.385,0.4,0.725,0.294,
102340,Cacá,VIT,Zagueiro,3,4.84,-0.82,2.55,14,-2.8,True,False,FLA,0.062,neutro,2.54,1.05,1.0,27.3,desfavoravel,3.6,0.025,-54.6,0.382,1.219,0.973,1.111,0.25,0.31,
101574,Hugo Souza,COR,Goleiro,7,9.65,0.97,4.07,18,7.8,True,False,RBB,-0.263,neutro,4.075,2.13,1.0,46.6,neutro,2.91,0.325,-20.0,1.527,0.42,1.385,0.4,0.725,0.294,
98225,Pedro Raul,COR,Atacante,7,2.63,0.0,0.01,8,0.0,False,False,RBB,-0.865,armadilha_leve,0.364,0.01,1.0,46.7,neutro,1.4,0.35,-20.0,1.527,0.42,1.385,0.4,0.725,0.294,
117910,Breno Bidon,COR,Meia,7,8.31,-0.07,3.68,19,0.0,True,False,RBB,0.054,neutro,3.794,2.89,1.0,47.9,neutro,2.82,0.35,-20.0,1.527,0.42,1.385,0.4,0.725,0.294,
117632,Garro,COR,Meia,7,9.95,-0.41,4.82,19,0.4,True,False,RBB,0.491,neutro,4.597,2.98,1.0,47.9,neutro,3.14,0.35,-20.0,1.527,0.42,1.385,0.4,0.725,0.294,
98720,Angileri,COR,Lateral,2,6.1,0.0,3.99,8,0.0,False,False,RBB,-0.021,neutro,3.711,2.12,1.0,47.2,neutro,2.77,0.325,-20.0,1.527,0.42,1.385,0.4,0.725,0.294,
96342,Charles,COR,Meia,6,3.53,0.0,1.03,3,0.0,False,False,RBB,-0.069,neutro,1.727,1.03,0.375,47.9,neutro,1.97,0.35,-20.0,1.527,0.42,1.385,0.4,0.725,0.294,
122994,Victor Nascimento,BAH,Goleiro,6,1.0,0.0,0.0,0,0.0,False,True,VAS,0.336,neutro,0.0,0.0,0.0,72.6,favoravel,1.88,0.35,36.7,0.869,0.504,0.348,1.29,0.625,0.485,
145744,André,COR,Meia,2,6.15,-0.76,4.07,16,0.0,True,False,RBB,1.259,valor_bom,4.069,2.51,1.0,47.9,neutro,2.93,0.35,-20.0,1.527,0.42,1.385,0.4,0.725,0.294,
92087,Lyanco,CAM,Zagueiro,7,7.8,0.0,3.04,9,0.0,False,False,REM,-0.218,neutro,3.389,2.04,1.0,51.6,neutro,2.24,0.725,-6.9,1.12,0.64,0.875,0.865,0.725,0.203,0.443
125488,João Pedro,COR,Zagueiro,6,8.84,0.0,7.7,2,0.0,False,False,RBB,0.882,valor_bom,4.566,3.2,0.25,46.0,neutro,3.67,0.325,-20.0,1.527,0.42,1.385,0.4,0.725,0.294,
42500,Fagner,CRU,Lateral,7,5.19,0.0,3.01,14,0.0,False,True,MIR,-0.144,neutro,3.164,1.51,1.0,65.1,neutro,3.02,0.8,30.0,0.933,0.56,1.043,0.593,0.675,0.556,
121824,Kayke,COR,Atacante,5,3.64,0.0,1.65,6,0.0,False,False,RBB,0.048,neutro,2.033,1.65,0.75,46.7,neutro,2.09,0.35,-20.0,1.527,0.42,1.385,0.4,0.725,0.294,
84558,Lucas Romero,CRU,Meia,7,8.57,-1.3,4.61,14,3.0,True,True,MIR,0.712,valor_bom,4.412,3.18,1.0,58.3,neutro,3.2,0.65,30.0,0.933,0.56,1.043,0.593,0.675,0.556,
131753,Felipe Longo,COR,Goleiro,6,2.0,0.0,0.0,0,0.0,False,False,RBB,-0.735,armadilha_leve,0.0,0.0,0.0,46.6,neutro,0.67,0.325,-20.0,1.527,0.42,1.385,0.4,0.725,0.294,
89275,William,CRU,Lateral,6,9.17,1.52,3.66,11,10.2,True,True,MIR,-0.632,armadilha_leve,4.302,2.84,1.0,65.1,neutro,3.35,0.8,30.0,0.933,0.56,1.043,0.593,0.675,0.556,
96610,Matheus Pereira,CRU,Meia,7,15.66,0.41,7.01,18,15.2,True,True,MIR,0.929,valor_bom,6.104,5.07,1.0,58.3,neutro,3.81,0.65,30.0,0.933,0.56,1.043,0.593,0.675,0.556,
79701,Lucas Silva,CRU,Meia,6,3.22,0.0,0.19,14,0.0,False,True,MIR,-1.364,armadilha_leve,0.464,0.19,1.0,58.3,neutro,1.95,0.65,30.0,0.933,0.56,1.043,0.593,0.675,0.556,
122396,Ryan,COR,Meia,6,3.0,0.0,0.0,0,0.0,False,False,RBB,-1.749,armadilha_forte,0.0,0.0,0.0,47.9,neutro,0.74,0.35,-20.0,1.527,0.42,1.385,0.4,0.725,0.294,
93478,Wanderson,CRU,Atacante,6,4.91,0.0,1.61,16,0.0,False,True,MIR,-0.854,armadilha_leve,1.847,1.11,1.0,58.6,neutro,2.42,0.65,30.0,0.933,0.56,1.043,0.593,0.675,0.556,
127242,Bahia,COR,Meia,6,2.0,0.0,0.0,0,0.0,False,False,RBB,-0.799,armadilha_leve,0.0,0.0,0.0,47.9,neutro,0.74,0.35,-20.0,1.527,0.42,1.385,0.4,0.725,0.294,
88479,Walace,VIT,Meia,6,3.48,-0.48,0.4,2,0.0,True,False,FLA,-0.1,neutro,1.671,0.4,0.25,27.3,desfavoravel,1.03,0.275,-54.6,0.382,1.219,0.973,1.111,0.25,0.31,
133543,Gui Negão,COR,Atacante,6,3.97,0.0,1.35,4,0.0,False,False,RBB,-0.192,neutro,1.997,1.35,0.5,46.7,neutro,2.08,0.35,-20.0,1.527,0.42,1.385,0.4,0.725,0.294,
124912,Jonathan Jesus,CRU,Zagueiro,7,6.91,0.76,4.29,13,7.4,True,True,MIR,1.01,valor_bom,4.097,3.6,1.0,63.4,favoravel,3.91,0.8,30.0,0.933,0.56,1.043,0.593,0.675,0.556,
111690,Matheus Cunha,INT,Goleiro,7,4.27,-0.37,3.2,10,2.9,True,False,PAL,0.486,neutro,2.892,0.7,1.0,22.3,desfavoravel,2.48,0.15,-43.4,0.548,1.556,1.326,0.787,0.15,0.178,
100742,Matheus Henrique,CRU,Meia,3,4.54,-0.6,1.88,20,-1.3,True,True,MIR,-0.511,armadilha_leve,1.911,1.88,1.0,58.3,neutro,2.43,0.65,30.0,0.933,0.56,1.043,0.593,0.675,0.556,
102130,Piquerez,PAL,Lateral,7,12.48,1.85,6.86,9,13.7,True,True,INT,0.333,neutro,6.071,4.19,1.0,72.7,favoravel,4.66,0.55,43.4,1.326,0.787,0.548,1.556,0.75,0.595,
113158,Marquinhos,CRU,Atacante,6,3.54,-0.7,0.45,2,-0.6,True,True,MIR,0.028,neutro,1.947,0.45,0.25,58.6,neutro,2.57,0.65,30.0,0.933,0.56,1.043,0.593,0.675,0.556,
114405,Sinisterra,CRU,Atacante,5,5.85,0.0,3.27,8,0.0,False,True,MIR,-0.36,neutro,2.795,2.27,1.0,58.6,neutro,2.73,0.65,30.0,0.933,0.56,1.043,0.593,0.675,0.556,
132264,Arroyo,CRU,Atacante,6,5.43,0.06,3.15,17,2.4,True,True,MIR,-0.084,neutro,2.885,1.91,1.0,58.6,neutro,2.38,0.65,30.0,0.933,0.56,1.043,0.593,0.675,0.556,
146807,Rayan Lelis,CRU,Atacante,6,2.0,0.0,0.0,0,0.0,False,True,MIR,-0.657,armadilha_leve,0.0,0.0,0.0,58.6,neutro,1.23,0.65,30.0,0.933,0.56,1.043,0.593,0.675,0.556,
105047,João Marcelo,CRU,Zagueiro,6,3.48,0.0,1.55,6,0.0,False,True,MIR,-0.034,neutro,1.768,1.05,0.75,63.4,neutro,3.8,0.8,30.0,0.933,0.56,1.043,0.593,0.675,0.556,
137543,Tevis,CRU,Atacante,6,2.0,0.0,0.0,0,0.0,False,True,MIR,-0.657,armadilha_leve,0.0,0.0,0.0,58.6,neutro,1.23,0.65,30.0,0.933,0.56,1.043,0.593,0.675,0.556,
141995,Dieguinho,COR,Meia,6,3.24,-0.26,1.42,10,0.5,True,False,RBB,-0.479,neutro,1.208,0.92,1.0,47.9,neutro,1.79,0.35,-20.0,1.527,0.42,1.385,0.4,0.725,0.294,
117404,Otávio,CRU,Goleiro,7,3.2,1.3,2.13,8,8.1,True,True,MIR,0.548,valor_bom,2.318,1.5,1.0,63.9,favoravel,2.74,0.8,30.0,0.933,0.56,1.043,0.593,0.675,0.556,
83528,Léo Pereira,FLA,Zagueiro,7,8.91,-1.05,4.24,16,1.0,True,True,VIT,0.263,neutro,4.087,2.18,1.0,70.7,favoravel,2.97,0.85,54.6,0.973,1.111,0.382,1.219,0.625,0.752,
82627,Luiz Araújo,FLA,Atacante,6,7.88,0.0,2.99,11,0.0,False,True,VIT,-0.162,neutro,3.781,1.81,1.0,82.6,neutro,3.43,1.0,54.6,0.973,1.111,0.382,1.219,0.625,0.752,
84735,Jorginho,FLA,Meia,7,9.45,-0.31,4.26,14,4.1,True,True,VIT,0.151,neutro,4.189,3.19,1.0,79.8,favoravel,3.99,1.0,54.6,0.973,1.111,0.382,1.219,0.625,0.752,
84816,Varela,FLA,Lateral,2,7.77,-0.52,4.59,15,-0.3,True,True,VIT,0.437,neutro,4.797,2.72,1.0,72.6,favoravel,2.63,0.85,54.6,0.973,1.111,0.382,1.219,0.625,0.752,
91473,Erick Pulgar,FLA,Meia,7,6.02,-1.62,2.28,10,-0.1,True,True,VIT,0.115,neutro,3.074,2.28,1.0,79.8,favoravel,3.4,1.0,54.6,0.973,1.111,0.382,1.219,0.625,0.752,
90285,Bruno Henrique,FLA,Atacante,6,6.09,0.53,2.47,14,6.5,True,True,VIT,0.076,neutro,3.342,1.4,1.0,82.6,favoravel,5.38,1.0,54.6,0.973,1.111,0.382,1.219,0.625,0.752,
69783,Danilo,FLA,Zagueiro,6,5.3,-0.56,1.4,6,1.5,True,True,VIT,-0.805,armadilha_leve,2.041,0.9,0.75,70.7,neutro,3.23,0.85,54.6,0.973,1.111,0.382,1.219,0.625,0.752,
80061,Saúl,FLA,Meia,6,6.28,0.0,2.43,6,0.0,False,True,VIT,0.347,neutro,3.365,1.6,0.75,79.8,favoravel,3.73,1.0,54.6,0.973,1.111,0.382,1.219,0.625,0.752,
98873,Samuel Lino,FLA,Atacante,7,12.06,0.22,7.59,19,10.2,True,True,VIT,1.647,valor_oculto,6.784,3.64,1.0,82.6,favoravel,5.78,1.0,54.6,0.973,1.111,0.382,1.219,0.625,0.752,
86757,Everton,FLA,Atacante,6,5.67,0.0,1.42,9,0.0,False,True,VIT,-1.217,armadilha_leve,1.844,1.42,1.0,82.6,neutro,3.25,1.0,54.6,0.973,1.111,0.382,1.219,0.625,0.752,
137542,Kaique Kenji,CRU,Atacante,2,2.36,-0.07,1.26,8,0.0,True,True,MIR,-0.02,neutro,0.989,0.26,1.0,58.6,neutro,2.13,0.65,30.0,0.933,0.56,1.043,0.593,0.675,0.556,
115914,Evertton Araújo,FLA,Meia,6,2.84,0.06,1.25,15,0.9,True,True,VIT,-0.23,neutro,1.143,0.92,1.0,79.8,neutro,3.81,1.0,54.6,0.973,1.111,0.382,1.219,0.625,0.752,
122318,Dyogo Alves,FLA,Goleiro,6,3.0,0.0,0.0,0,0.0,False,True,VIT,-1.495,armadilha_leve,0.0,0.0,0.0,71.1,neutro,1.81,0.85,54.6,0.973,1.111,0.382,1.219,0.625,0.752,
88393,Ayrton Lucas,FLA,Lateral,6,9.09,0.0,4.8,10,0.0,False,True,VIT,0.136,neutro,4.971,2.5,1.0,72.6,favoravel,4.69,0.85,54.6,0.973,1.111,0.382,1.219,0.625,0.752,
131967,Villarreal,CRU,Atacante,5,8.62,0.0,5.65,12,0.0,False,True,MIR,1.132,valor_bom,5.337,3.23,1.0,58.6,neutro,3.56,0.65,30.0,0.933,0.56,1.043,0.593,0.675,0.556,
97867,Léo Ortiz,FLA,Zagueiro,7,9.12,0.0,4.11,16,0.0,False,True,VIT,0.088,neutro,4.001,2.42,1.0,70.7,favoravel,4.06,0.85,54.6,0.973,1.111,0.382,1.219,0.625,0.752,
143600,Kauã Moraes,CRU,Lateral,6,6.81,0.0,4.83,10,0.0,False,True,MIR,0.194,neutro,4.209,2.53,1.0,65.1,favoravel,4.49,0.8,30.0,0.933,0.56,1.043,0.593,0.675,0.556,
87863,Arrascaeta,FLA,Meia,7,14.16,-0.35,5.1,12,1.8,True,True,VIT,-0.476,neutro,4.686,3.43,1.0,79.8,neutro,3.32,1.0,54.6,0.973,1.111,0.382,1.219,0.625,0.752,
109096,Plata,FLA,Atacante,2,10.96,0.0,7.01,10,0.0,False,True,VIT,1.194,valor_bom,6.058,4.91,1.0,82.6,favoravel,3.98,1.0,54.6,0.973,1.111,0.382,1.219,0.625,0.752,
122320,Daniel Sales,FLA,Lateral,5,2.0,0.0,0.0,0,0.0,False,True,VIT,-1.095,armadilha_leve,0.0,0.0,0.0,72.6,neutro,1.88,0.85,54.6,0.973,1.111,0.382,1.219,0.625,0.752,
96652,Allan,COR,Meia,7,2.85,0.13,0.85,15,1.2,True,False,RBB,-0.554,armadilha_leve,0.883,0.85,1.0,47.9,neutro,1.66,0.35,-20.0,1.527,0.42,1.385,0.4,0.725,0.294,
130189,Léo Nannetti,FLA,Goleiro,6,2.0,0.0,0.0,0,0.0,False,True,VIT,-0.735,armadilha_leve,0.0,0.0,0.0,71.1,neutro,1.81,0.85,54.6,0.973,1.111,0.382,1.219,0.625,0.752,
99228,De la Cruz,FLA,Meia,3,4.41,-0.36,0.82,10,-1.3,True,True,VIT,-1.125,armadilha_leve,1.339,0.82,1.0,79.8,neutro,2.74,1.0,54.6,0.973,1.111,0.382,1.219,0.625,0.752,
140492,João Victor,FLA,Zagueiro,6,4.34,0.0,6.5,1,0.0,False,True,VIT,0.881,valor_bom,2.964,3.5,0.125,70.7,favoravel,4.75,0.85,54.6,0.973,1.111,0.382,1.219,0.625,0.752,
78445,Renê,FLU,Lateral,7,10.35,0.82,5.97,13,9.2,True,False,BOT,0.495,neutro,5.67,4.51,1.0,48.6,neutro,3.8,0.025,-22.3,0.42,0.672,0.588,0.5,0.45,0.359,0.479
62977,Ganso,FLU,Meia,2,3.27,0.0,0.85,12,0.0,False,False,BOT,-0.89,armadilha_leve,0.888,0.85,1.0,44.1,neutro,1.51,0.925,-22.3,0.42,0.672,0.588,0.5,0.45,0.359,0.479
73384,Samuel Xavier,FLU,Lateral,7,9.21,2.0,4.03,13,12.4,True,False,BOT,-0.46,neutro,4.47,3.34,1.0,48.6,neutro,4.72,0.025,-22.3,0.42,0.672,0.588,0.5,0.45,0.359,0.479
96870,Emerson Royal,FLA,Lateral,2,7.39,-0.93,5.48,10,1.5,True,True,VIT,1.202,valor_bom,5.348,3.48,1.0,72.6,favoravel,3.32,0.85,54.6,0.973,1.111,0.382,1.219,0.625,0.752,
78855,Thiago Santos,CFC,Zagueiro,2,4.11,-1.01,3.22,14,0.1,True,True,CHA,0.76,valor_bom,2.751,2.15,1.0,54.9,neutro,2.4,0.925,30.0,0.672,1.35,0.632,1.073,0.225,0.567,
122573,Wallace Yan,FLA,Atacante,6,2.44,0.0,0.1,7,0.0,False,True,VIT,-0.641,armadilha_leve,0.429,0.1,0.875,82.6,neutro,2.96,1.0,54.6,0.973,1.111,0.382,1.219,0.625,0.752,
145705,Douglas Telles,FLA,Atacante,6,2.0,0.0,0.0,0,0.0,False,True,VIT,-0.657,armadilha_leve,0.0,0.0,0.0,82.6,neutro,2.35,1.0,54.6,0.973,1.111,0.382,1.219,0.625,0.752,
130382,Guilherme Gomes,FLA,Meia,6,3.0,0.0,0.0,0,0.0,False,True,VIT,-1.749,armadilha_forte,0.0,0.0,0.0,79.8,neutro,2.22,1.0,54.6,0.973,1.111,0.382,1.219,0.625,0.752,
143295,Joshua,FLA,Meia,6,2.6,0.0,-0.3,1,0.0,False,True,VIT,-0.425,neutro,0.806,0.0,0.125,79.8,neutro,2.81,1.0,54.6,0.973,1.111,0.382,1.219,0.625,0.752,
87228,Guilherme Arana,FLU,Lateral,6,7.42,0.0,3.25,14,0.0,False,False,BOT,-0.354,neutro,3.953,2.39,1.0,48.6,neutro,3.59,0.025,-22.3,0.42,0.672,0.588,0.5,0.45,0.359,0.479
101319,Guga,FLU,Lateral,6,5.55,0.0,3.01,12,0.0,False,False,BOT,-0.326,neutro,3.179,1.68,1.0,48.6,neutro,3.64,0.025,-22.3,0.42,0.672,0.588,0.5,0.45,0.359,0.479
86485,Keno,CFC,Atacante,6,3.28,-0.17,0.65,6,0.5,True,True,CHA,-1.036,armadilha_leve,0.688,0.65,0.75,56.4,neutro,1.86,0.725,30.0,0.672,1.35,0.632,1.073,0.225,0.567,
82463,Otávio,FLU,Meia,2,2.51,0.0,0.32,5,0.0,False,False,BOT,-0.465,neutro,0.704,0.32,0.625,44.1,neutro,1.29,0.925,-22.3,0.42,0.672,0.588,0.5,0.45,0.359,0.479
99366,Luis Zubeldía,FLU,Técnico,7,10.41,0.66,5.54,20,7.95,True,False,BOT,-0.561,armadilha_leve,5.452,5.54,1.0,44.1,neutro,3.65,0.925,-22.3,0.42,0.672,0.588,0.5,0.45,0.359,0.479
103523,Ignácio,FLU,Zagueiro,2,5.97,0.93,2.42,9,6.2,True,False,BOT,-0.604,armadilha_leve,2.468,2.09,1.0,47.3,neutro,3.38,0.025,-22.3,0.42,0.672,0.588,0.5,0.45,0.359,0.479
78117,Everaldo,BAH,Atacante,6,6.29,0.0,4.04,15,0.0,False,True,VAS,0.963,valor_bom,4.328,1.91,1.0,68.3,favoravel,3.41,0.85,36.7,0.869,0.504,0.348,1.29,0.625,0.485,
102928,Canobbio,FLU,Atacante,2,11.02,0.02,7.38,13,4.9,True,False,BOT,1.538,valor_oculto,6.423,4.15,1.0,42.9,neutro,2.91,0.925,-22.3,0.42,0.672,0.588,0.5,0.45,0.359,0.479
113034,Freytes,FLU,Zagueiro,5,5.23,0.46,2.63,17,5.2,True,False,BOT,-0.08,neutro,2.595,1.92,1.0,47.3,neutro,3.96,0.025,-22.3,0.42,0.672,0.588,0.5,0.45,0.359,0.479
89493,Igor Rabello,FLU,Zagueiro,2,7.95,2.95,8.8,1,8.8,True,False,BOT,0.91,valor_bom,4.34,5.8,0.125,47.3,neutro,3.67,0.025,-22.3,0.42,0.672,0.588,0.5,0.45,0.359,0.479
101478,Marcelo Pitaluga,FLU,Goleiro,6,3.0,0.0,0.0,0,0.0,False,False,BOT,-1.495,armadilha_leve,0.0,0.0,0.0,48.0,neutro,0.74,0.025,-22.3,0.42,0.672,0.588,0.5,0.45,0.359,0.479
116447,Hércules,FLU,Meia,6,7.82,0.99,3.97,18,7.4,True,False,BOT,0.482,neutro,4.0,3.14,1.0,44.1,neutro,2.14,0.925,-22.3,0.42,0.672,0.588,0.5,0.45,0.359,0.479
87258,Soteldo,FLU,Atacante,7,4.63,0.92,1.52,14,7.3,True,False,BOT,-0.746,armadilha_leve,1.811,1.52,1.0,42.9,neutro,2.59,0.925,-22.3,0.42,0.672,0.588,0.5,0.45,0.359,0.479
100987,Nonato,FLU,Meia,7,5.98,0.09,2.57,8,2.7,True,False,BOT,0.429,neutro,3.318,1.32,1.0,44.1,neutro,2.45,0.925,-22.3,0.42,0.672,0.588,0.5,0.45,0.359,0.479
72018,Tiago Volpi,RBB,Goleiro,7,10.55,0.0,6.09,12,0.0,False,True,COR,0.66,valor_bom,5.289,3.01,1.0,58.0,neutro,3.54,0.55,20.0,1.385,0.4,1.527,0.42,0.725,0.439,
127932,Júlio Fidelis,FLU,Lateral,6,2.0,0.0,0.0,0,0.0,False,False,BOT,-1.095,armadilha_leve,0.0,0.0,0.0,48.6,neutro,0.77,0.025,-22.3,0.42,0.672,0.588,0.5,0.45,0.359,0.479
140484,Riquelme Felipe,FLU,Atacante,6,3.53,0.0,0.7,3,0.0,False,False,BOT,-0.033,neutro,1.879,0.7,0.375,42.9,neutro,1.85,0.925,-22.3,0.42,0.672,0.588,0.5,0.45,0.359,0.479
102137,Vitor Eudes,FLU,Goleiro,6,2.0,0.0,0.0,0,0.0,False,False,BOT,-0.735,armadilha_leve,0.0,0.0,0.0,48.0,neutro,0.74,0.025,-22.3,0.42,0.672,0.588,0.5,0.45,0.359,0.479
110759,John Kennedy,FLU,Atacante,5,10.92,0.0,7.3,17,0.0,False,False,BOT,1.66,valor_oculto,6.522,2.77,1.0,42.9,neutro,2.52,0.925,-22.3,0.42,0.672,0.588,0.5,0.45,0.359,0.479
63013,Marcos Rocha,GRE,Lateral,6,5.95,0.0,0.8,4,0.0,False,True,SAO,-1.225,armadilha_leve,2.555,0.8,0.5,56.9,neutro,2.78,0.7,32.7,1.273,1.385,0.64,1.217,0.35,0.409,
42135,Willian,GRE,Meia,6,3.74,0.0,1.06,8,0.0,False,True,SAO,-0.464,neutro,1.524,1.06,1.0,56.3,neutro,2.23,0.35,32.7,1.273,1.385,0.64,1.217,0.35,0.409,
79631,Cano,FLU,Atacante,2,4.07,-0.05,1.13,6,2.0,True,False,BOT,-0.434,neutro,1.811,1.13,0.75,42.9,neutro,1.84,0.925,-22.3,0.42,0.672,0.588,0.5,0.45,0.359,0.479
88037,Luís Castro,GRE,Técnico,7,9.22,0.0,4.68,19,0.0,False,True,SAO,-1.346,armadilha_leve,4.844,4.68,1.0,56.5,neutro,3.37,0.35,32.7,1.273,1.385,0.64,1.217,0.35,0.409,
91706,Marlon,GRE,Lateral,7,8.85,0.0,5.77,7,0.0,False,True,SAO,0.758,valor_bom,5.457,3.77,0.875,56.9,neutro,3.76,0.7,32.7,1.273,1.385,0.64,1.217,0.35,0.409,
104084,Carlos Miguel,PAL,Goleiro,7,8.93,1.12,5.07,20,8.9,True,True,INT,0.591,valor_bom,4.789,3.32,1.0,71.2,favoravel,4.05,0.55,43.4,1.326,0.787,0.548,1.556,0.75,0.595,
87887,Balbuena,GRE,Zagueiro,6,6.98,0.0,3.94,7,0.0,False,True,SAO,0.682,valor_bom,3.856,3.08,0.875,55.4,neutro,3.11,0.7,32.7,1.273,1.385,0.64,1.217,0.35,0.409,
63289,Edenílson,BOT,Meia,6,6.15,0.0,3.2,14,0.0,False,True,FLU,0.588,valor_bom,3.515,1.41,1.0,45.7,neutro,2.12,0.45,22.3,0.588,0.5,0.42,0.672,0.675,0.408,0.479
91908,Pavón,GRE,Atacante,7,6.11,0.0,3.8,17,0.0,False,True,SAO,0.854,valor_bom,4.142,3.21,1.0,55.8,neutro,3.12,0.35,32.7,1.273,1.385,0.64,1.217,0.35,0.409,
87342,Kannemann,GRE,Zagueiro,6,4.64,0.0,0.2,1,0.0,False,True,SAO,-0.167,neutro,2.264,0.2,0.125,55.4,neutro,2.65,0.7,32.7,1.273,1.385,0.64,1.217,0.35,0.409,
105563,Carlos Vinícius,GRE,Atacante,7,14.07,0.0,5.49,18,0.0,False,True,SAO,-0.24,neutro,5.299,1.49,1.0,55.8,neutro,3.52,0.35,32.7,1.273,1.385,0.64,1.217,0.35,0.409,
102318,Caio Paulista,GRE,Lateral,6,5.62,0.0,3.43,7,0.0,False,True,SAO,-0.085,neutro,3.431,2.57,0.875,56.9,neutro,2.98,0.7,32.7,1.273,1.385,0.64,1.217,0.35,0.409,
112616,Gabriel Grando,GRE,Goleiro,6,3.77,0.0,0.3,1,0.0,False,True,SAO,0.158,neutro,2.261,0.3,0.125,56.0,neutro,2.68,0.7,32.7,1.273,1.385,0.64,1.217,0.35,0.409,
89273,João Pedro,GRE,Lateral,6,3.11,0.0,0.72,5,0.0,False,True,SAO,-0.534,armadilha_leve,1.509,0.72,0.625,56.9,neutro,2.23,0.7,32.7,1.273,1.385,0.64,1.217,0.35,0.409,
132071,Serna,FLU,Atacante,2,6.02,0.0,2.96,19,0.0,False,False,BOT,0.285,neutro,3.525,2.28,1.0,42.9,neutro,2.59,0.925,-22.3,0.42,0.672,0.588,0.5,0.45,0.359,0.479
70944,Bruno Henrique,INT,Meia,2,3.8,-0.26,1.81,18,0.2,True,False,PAL,-0.093,neutro,1.865,1.53,1.0,25.1,desfavoravel,2.04,0.2,-43.4,0.548,1.556,1.326,0.787,0.15,0.178,
104994,Wagner Leonardo,GRE,Zagueiro,6,5.36,0.0,2.78,9,0.0,False,True,SAO,-0.068,neutro,2.659,2.11,1.0,55.4,neutro,2.59,0.7,32.7,1.273,1.385,0.64,1.217,0.35,0.409,
109966,Monsalve,GRE,Meia,6,3.12,0.0,0.64,7,0.0,False,True,SAO,-0.876,armadilha_leve,0.802,0.64,0.875,56.3,neutro,1.94,0.35,32.7,1.273,1.385,0.64,1.217,0.35,0.409,
111309,Gustavo Martins,GRE,Zagueiro,7,6.13,0.0,3.1,12,0.0,False,True,SAO,0.448,neutro,3.373,1.52,1.0,55.4,neutro,2.84,0.7,32.7,1.273,1.385,0.64,1.217,0.35,0.409,
118238,Ronald,GRE,Meia,6,3.0,0.0,0.0,0,0.0,False,True,SAO,-1.749,armadilha_forte,0.0,0.0,0.0,56.3,neutro,1.13,0.35,32.7,1.273,1.385,0.64,1.217,0.35,0.409,
97145,Villasanti,GRE,Meia,7,6.86,0.0,1.2,1,0.0,False,True,SAO,0.558,valor_bom,3.748,1.2,0.125,56.3,neutro,3.67,0.35,32.7,1.273,1.385,0.64,1.217,0.35,0.409,
72951,Mercado,INT,Zagueiro,7,6.38,0.16,3.84,13,4.0,True,False,PAL,0.889,valor_bom,3.818,2.69,1.0,21.4,desfavoravel,3.53,0.15,-43.4,0.548,1.556,1.326,0.787,0.15,0.178,
107989,Carbonero,INT,Atacante,7,9.14,0.48,5.27,20,5.8,True,False,PAL,0.796,valor_bom,5.155,2.52,1.0,23.1,desfavoravel,4.44,0.2,-43.4,0.548,1.556,1.326,0.787,0.15,0.178,
101960,Vitinho,INT,Atacante,7,9.03,1.61,4.83,20,14.2,True,False,PAL,0.519,valor_bom,4.841,3.68,1.0,23.1,desfavoravel,6.61,0.2,-43.4,0.548,1.556,1.326,0.787,0.15,0.178,
116067,Thiago Beltrame,GRE,Goleiro,6,2.08,0.0,0.7,1,0.0,False,True,SAO,1.355,valor_bom,2.305,0.7,0.125,56.0,neutro,2.71,0.7,32.7,1.273,1.385,0.64,1.217,0.35,0.409,
92182,Juninho,INT,Zagueiro,6,4.57,-0.6,1.6,5,0.0,True,False,PAL,-0.247,neutro,2.167,1.0,0.625,21.4,desfavoravel,1.85,0.15,-43.4,0.548,1.556,1.326,0.787,0.15,0.178,
106202,Bruno Gomes,INT,Meia,7,6.99,0.59,3.49,21,6.0,True,False,PAL,0.384,neutro,3.649,3.49,1.0,25.1,desfavoravel,4.1,0.2,-43.4,0.548,1.556,1.326,0.787,0.15,0.178,
115479,Paulo Pezzolano,INT,Técnico,7,7.74,0.32,4.74,21,5.16,True,False,PAL,0.247,neutro,4.791,4.74,1.0,24.8,desfavoravel,4.14,0.2,-43.4,0.548,1.556,1.326,0.787,0.15,0.178,
142004,Amuzu,GRE,Atacante,7,7.4,0.0,4.09,17,0.0,False,True,SAO,0.553,valor_bom,4.339,2.74,1.0,55.8,neutro,3.18,0.35,32.7,1.273,1.385,0.64,1.217,0.35,0.409,
92981,Ronaldo,INT,Meia,2,3.83,0.0,2.49,8,0.0,False,False,PAL,0.339,neutro,2.239,1.87,1.0,25.1,desfavoravel,1.47,0.2,-43.4,0.548,1.556,1.326,0.787,0.15,0.178,
110510,Aguirre,INT,Lateral,6,5.56,0.0,3.53,14,0.0,False,False,PAL,0.018,neutro,3.495,2.32,1.0,21.9,desfavoravel,2.08,0.15,-43.4,0.548,1.556,1.326,0.787,0.15,0.178,
130889,Riquelme,GRE,Meia,6,2.42,0.0,-1.45,2,0.0,False,True,SAO,-0.669,armadilha_leve,0.465,0.0,0.25,56.3,neutro,1.56,0.35,32.7,1.273,1.385,0.64,1.217,0.35,0.409,
111683,Anthoni,INT,Goleiro,6,3.91,0.0,2.55,9,0.0,False,False,PAL,0.333,neutro,2.529,1.99,1.0,22.3,desfavoravel,2.18,0.15,-43.4,0.548,1.556,1.326,0.787,0.15,0.178,
86711,Richard,INT,Meia,6,4.0,0.0,0.0,0,0.0,False,False,PAL,-2.486,armadilha_forte,0.0,0.0,0.0,25.1,desfavoravel,-0.32,0.2,-43.4,0.548,1.556,1.326,0.787,0.15,0.178,
68872,Marcelo Lomba,PAL,Goleiro,6,7.08,0.0,8.9,1,0.0,False,True,INT,0.979,valor_bom,4.622,3.9,0.125,71.2,favoravel,4.88,0.55,43.4,1.326,0.787,0.548,1.556,0.75,0.595,
93790,Marlon Freitas,PAL,Meia,7,5.48,-0.56,2.65,20,-1.3,True,True,INT,-0.363,neutro,2.461,1.9,1.0,75.1,neutro,2.51,0.6,43.4,1.326,0.787,0.548,1.556,0.75,0.595,
89637,Thiago Maia,INT,Meia,5,3.6,0.0,0.92,10,0.0,False,False,PAL,-0.522,armadilha_leve,1.395,0.92,1.0,25.1,desfavoravel,1.01,0.2,-43.4,0.548,1.556,1.326,0.787,0.15,0.178,
111466,Victor Gabriel,INT,Zagueiro,3,3.51,0.0,2.16,16,0.0,False,False,PAL,0.337,neutro,2.084,1.6,1.0,21.4,desfavoravel,2.26,0.15,-43.4,0.548,1.556,1.326,0.787,0.15,0.178,
97653,Murilo,PAL,Zagueiro,7,7.18,0.55,3.43,18,5.9,True,True,INT,0.205,neutro,3.538,1.82,1.0,70.8,favoravel,3.96,0.55,43.4,1.326,0.787,0.548,1.556,0.75,0.595,
71631,Weverton,GRE,Goleiro,7,7.67,0.0,4.89,17,0.0,False,True,SAO,0.803,valor_bom,4.633,3.13,1.0,56.0,neutro,3.29,0.7,32.7,1.273,1.385,0.64,1.217,0.35,0.409,
88136,Ivan,REM,Goleiro,6,7.58,0.0,10.2,1,0.0,False,True,CAM,0.956,valor_bom,4.767,5.2,0.125,49.4,neutro,4.05,0.55,6.9,0.875,0.865,1.12,0.64,0.4,0.324,0.443
105647,Maurício,PAL,Meia,7,7.76,0.91,3.93,18,8.4,True,True,INT,0.471,neutro,3.972,2.54,1.0,75.1,favoravel,3.04,0.6,43.4,1.326,0.787,0.548,1.556,0.75,0.595,
122660,Japa,MIR,Meia,7,6.53,-0.4,5.32,5,3.6,True,False,CRU,1.668,valor_oculto,4.548,4.32,0.625,49.4,neutro,3.62,0.625,-30.0,1.043,0.593,0.933,0.56,0.725,0.481,
84674,Lucas Evangelista,PAL,Meia,6,3.94,-0.1,1.09,19,0.0,True,True,INT,-0.804,armadilha_leve,1.356,0.83,1.0,75.1,neutro,2.88,0.6,43.4,1.326,0.787,0.548,1.556,0.75,0.595,
137618,Clayton Sampaio,INT,Zagueiro,6,2.63,0.0,-1.0,0,0.0,False,False,PAL,-1.547,armadilha_forte,0.0,0.0,0.0,21.4,desfavoravel,-0.5,0.15,-43.4,0.548,1.556,1.326,0.787,0.15,0.178,
143488,Raykkonen,INT,Atacante,6,2.63,0.0,0.5,1,0.0,False,False,PAL,-0.541,armadilha_leve,0.693,0.5,0.125,23.1,desfavoravel,0.13,0.2,-43.4,0.548,1.556,1.326,0.787,0.15,0.178,
143532,Carlos Eduardo,CAP,Goleiro,6,1.0,0.0,0.0,0,0.0,False,False,SAN,0.336,neutro,0.0,0.0,0.0,49.7,neutro,0.82,0.475,-17.8,1.05,0.442,1.103,1.333,0.85,0.261,
110506,Abel Ferreira,PAL,Técnico,7,12.52,0.55,6.63,21,9.38,True,True,INT,0.866,valor_bom,6.454,6.63,1.0,75.6,favoravel,3.43,0.6,43.4,1.326,0.787,0.548,1.556,0.75,0.595,
70592,Felipe Anderson,PAL,Meia,6,7.57,0.0,3.26,14,0.0,False,True,INT,0.036,neutro,3.553,2.19,1.0,75.1,favoravel,3.37,0.6,43.4,1.326,0.787,0.548,1.556,0.75,0.595,
112863,Ramón Sosa,PAL,Atacante,6,7.06,-0.34,3.6,17,9.4,True,True,INT,0.348,neutro,4.006,1.13,1.0,76.6,favoravel,2.79,0.6,43.4,1.326,0.787,0.548,1.556,0.75,0.595,
89883,Dodi,GRE,Meia,6,3.04,0.0,0.13,6,0.0,False,True,SAO,-1.061,armadilha_leve,0.595,0.13,0.75,56.3,neutro,1.82,0.35,32.7,1.273,1.385,0.64,1.217,0.35,0.409,
108683,Emiliano Martínez,PAL,Meia,7,4.09,-0.44,2.02,9,0.9,True,True,INT,-0.117,neutro,2.005,2.02,1.0,75.1,neutro,3.02,0.6,43.4,1.326,0.787,0.548,1.556,0.75,0.595,
111832,Jefté,PAL,Lateral,5,4.16,0.0,2.47,7,0.0,False,True,INT,-0.548,armadilha_leve,2.22,0.9,0.875,72.7,neutro,3.05,0.55,43.4,1.326,0.787,0.548,1.556,0.75,0.595,
105175,Khellven,PAL,Lateral,5,5.69,0.31,2.9,15,5.0,True,True,INT,-0.505,armadilha_leve,3.085,2.1,1.0,72.7,neutro,3.2,0.55,43.4,1.326,0.787,0.548,1.556,0.75,0.595,
104085,Bruno Fuchs,PAL,Zagueiro,5,8.5,0.0,4.21,7,0.0,False,True,INT,0.27,neutro,3.982,2.5,0.875,70.8,favoravel,3.53,0.55,43.4,1.326,0.787,0.548,1.556,0.75,0.595,
92811,Bruno Rodrigues,CRU,Atacante,7,2.81,-0.31,1.49,13,0.0,True,True,MIR,-0.19,neutro,1.196,1.11,1.0,58.6,neutro,2.61,0.65,30.0,0.933,0.56,1.043,0.593,0.675,0.556,
99818,Paulinho,PAL,Atacante,5,10.37,0.0,3.42,6,0.0,False,True,INT,-0.437,neutro,4.248,0.75,0.75,76.6,neutro,3.93,0.6,43.4,1.326,0.787,0.548,1.556,0.75,0.595,
141451,Allan,PAL,Meia,7,12.61,0.61,6.06,18,3.7,True,True,INT,0.8,valor_bom,5.446,4.39,1.0,75.1,favoravel,3.67,0.6,43.4,1.326,0.787,0.548,1.556,0.75,0.595,
72279,Thomazella,MIR,Goleiro,6,1.93,-0.07,0.3,1,0.3,True,False,CRU,2.52,valor_oculto,3.407,0.3,0.125,46.1,neutro,2.56,0.6,-30.0,1.043,0.593,0.933,0.56,0.725,0.481,
113103,Flaco López,PAL,Atacante,7,13.4,-1.51,6.49,18,2.2,True,True,INT,0.576,valor_bom,5.991,3.27,1.0,76.6,favoravel,3.92,0.6,43.4,1.326,0.787,0.548,1.556,0.75,0.595,
124526,Giay,PAL,Lateral,6,7.01,0.0,4.62,16,0.0,False,True,INT,0.122,neutro,4.224,3.5,1.0,72.7,favoravel,3.47,0.55,43.4,1.326,0.787,0.548,1.556,0.75,0.595,
97321,Alesson,MIR,Atacante,2,9.29,0.0,5.13,16,0.0,False,False,CRU,0.642,valor_bom,5.043,4.19,1.0,49.0,neutro,4.13,0.625,-30.0,1.043,0.593,0.933,0.56,0.725,0.481,
73318,Daniel Borges,MIR,Lateral,6,5.75,0.0,4.04,5,0.0,False,False,CRU,0.107,neutro,3.666,3.44,0.625,46.6,neutro,5.66,0.6,-30.0,1.043,0.593,0.933,0.56,0.725,0.481,
97460,João Victor,MIR,Zagueiro,7,6.15,1.62,2.58,18,12.5,True,False,CRU,-0.087,neutro,2.95,1.8,1.0,45.4,neutro,6.23,0.6,-30.0,1.043,0.593,0.933,0.56,0.725,0.481,
133679,Benedetti,PAL,Zagueiro,2,5.42,0.0,4.85,2,0.0,False,True,INT,0.311,neutro,2.988,1.85,0.25,70.8,favoravel,3.71,0.55,43.4,1.326,0.787,0.548,1.556,0.75,0.595,
84626,Josué,CFC,Meia,7,6.23,-0.21,4.14,20,4.2,True,True,CHA,1.283,valor_bom,4.119,1.89,1.0,56.2,neutro,2.93,0.725,30.0,0.672,1.35,0.632,1.073,0.225,0.567,
97520,Shaylon,MIR,Meia,2,3.95,-0.28,1.83,14,1.5,True,False,CRU,-0.167,neutro,1.888,1.47,1.0,49.4,neutro,2.89,0.625,-30.0,1.043,0.593,0.933,0.56,0.725,0.481,
104027,Rafael Guanaes,MIR,Técnico,7,7.44,0.2,4.24,18,5.56,True,False,CRU,-0.493,neutro,4.451,4.24,1.0,49.6,neutro,4.64,0.625,-30.0,1.043,0.593,0.933,0.56,0.725,0.481,
136156,Larson,PAL,Meia,6,2.1,0.0,0.48,4,0.0,False,True,INT,0.048,neutro,0.789,0.48,0.5,75.1,favoravel,2.65,0.6,43.4,1.326,0.787,0.548,1.556,0.75,0.595,
82775,Lucas Ramon,SAO,Lateral,7,10.42,0.0,5.6,14,0.0,False,False,GRE,0.229,neutro,5.449,4.6,1.0,30.6,desfavoravel,4.39,0.325,-32.7,0.64,1.217,1.273,1.385,0.225,0.173,
98384,Negueba,MIR,Atacante,5,8.57,0.0,5.23,8,0.0,False,False,CRU,0.864,valor_bom,5.049,4.23,1.0,49.0,neutro,3.33,0.625,-30.0,1.043,0.593,0.933,0.56,0.725,0.481,
81005,André Luis,MIR,Atacante,6,3.24,0.0,1.13,10,0.0,False,False,CRU,-0.754,armadilha_leve,0.946,0.33,1.0,49.0,neutro,1.73,0.625,-30.0,1.043,0.593,0.933,0.56,0.725,0.481,
104204,Edson Carioca,MIR,Atacante,2,4.58,-0.07,2.34,12,3.3,True,False,CRU,-0.206,neutro,2.332,1.67,1.0,49.0,neutro,3.76,0.625,-30.0,1.043,0.593,0.933,0.56,0.725,0.481,
83257,Gabriel,SAN,Atacante,7,8.68,0.0,4.79,12,0.0,False,True,CAP,0.605,valor_bom,4.821,0.62,1.0,43.3,neutro,2.66,0.3,17.8,1.103,1.333,1.05,0.442,0.35,0.444,
79066,Alex Muralha,MIR,Goleiro,2,2.64,0.0,-1.0,0,0.0,False,False,CRU,-1.246,armadilha_leve,0.0,0.0,0.0,46.1,neutro,0.65,0.6,-30.0,1.043,0.593,0.933,0.56,0.725,0.481,
90917,Carlos Eduardo,MIR,Atacante,6,4.97,-0.07,3.06,12,1.5,True,False,CRU,0.018,neutro,2.764,1.98,1.0,49.0,neutro,3.33,0.625,-30.0,1.043,0.593,0.933,0.56,0.725,0.481,
91866,Zé Ivaldo,REM,Zagueiro,3,5.48,-1.13,2.47,7,0.2,True,True,CAM,-0.329,neutro,2.498,2.04,0.875,48.7,neutro,2.14,0.55,6.9,0.875,0.865,1.12,0.64,0.4,0.324,0.443
95466,Igor Vinícius,SAN,Lateral,5,9.33,0.0,5.82,13,0.0,False,True,CAP,0.724,valor_bom,5.578,4.51,1.0,48.8,neutro,4.45,0.75,17.8,1.103,1.333,1.05,0.442,0.35,0.444,
101708,Felipe Jonatan,CFC,Lateral,6,4.78,-0.75,2.57,14,0.5,True,True,CHA,-0.212,neutro,2.884,1.93,1.0,56.3,neutro,4.82,0.925,30.0,0.672,1.35,0.632,1.073,0.225,0.567,
77777,João Schmidt,SAN,Meia,2,4.61,0.0,1.52,9,0.0,False,True,CAP,-0.76,armadilha_leve,1.74,1.52,1.0,44.2,neutro,1.73,0.3,17.8,1.103,1.333,1.05,0.442,0.35,0.444,
78478,Willian Arão,SAN,Meia,2,6.31,0.0,3.07,13,0.0,False,True,CAP,0.435,neutro,3.449,3.07,1.0,44.2,neutro,3.7,0.3,17.8,1.103,1.333,1.05,0.442,0.35,0.444,
105903,Aldo Filho,MIR,Meia,5,3.8,0.0,2.09,15,0.0,False,False,CRU,0.137,neutro,2.055,1.76,1.0,49.4,neutro,2.6,0.625,-30.0,1.043,0.593,0.933,0.56,0.725,0.481,
108469,Adonis Frías,SAN,Zagueiro,7,5.66,0.0,3.59,7,0.0,False,True,CAP,0.231,neutro,3.02,2.3,0.875,47.6,neutro,2.55,0.75,17.8,1.103,1.333,1.05,0.442,0.35,0.444,
117403,Renato Marques,CFC,Atacante,6,2.73,0.0,0.74,7,0.0,False,True,CHA,-0.588,armadilha_leve,0.728,0.74,0.875,56.4,neutro,1.92,0.725,30.0,0.672,1.35,0.632,1.073,0.225,0.567,
102975,Escobar,SAN,Lateral,7,10.17,0.0,6.31,13,0.0,False,True,CAP,0.784,valor_bom,5.881,5.0,1.0,48.8,neutro,4.77,0.75,17.8,1.103,1.333,1.05,0.442,0.35,0.444,
141754,Gabriel Bontempo,SAN,Meia,7,5.62,0.0,3.68,16,0.0,False,True,CAP,1.199,valor_bom,3.809,3.06,1.0,44.2,neutro,4.06,0.3,17.8,1.103,1.333,1.05,0.442,0.35,0.444,
87470,Thaciano,SAN,Meia,6,6.41,0.0,2.82,11,0.0,False,True,CAP,0.265,neutro,3.345,1.91,1.0,44.2,neutro,2.46,0.3,17.8,1.103,1.333,1.05,0.442,0.35,0.444,
118775,Lautaro Díaz,SAN,Atacante,6,5.26,0.0,2.28,8,0.0,False,True,CAP,-0.58,armadilha_leve,2.3,1.28,1.0,43.3,neutro,2.08,0.3,17.8,1.103,1.333,1.05,0.442,0.35,0.444,
70164,Lucas Moura,SAO,Meia,5,7.5,0.0,2.32,8,0.0,False,False,GRE,-0.373,neutro,3.193,1.07,1.0,46.1,neutro,2.53,0.725,-32.7,0.64,1.217,1.273,1.385,0.225,0.173,
84847,Luan Peres,SAN,Zagueiro,6,4.07,0.0,1.99,14,0.0,False,True,CAP,-0.187,neutro,1.969,1.35,1.0,47.6,neutro,2.08,0.75,17.8,1.103,1.333,1.05,0.442,0.35,0.444,
91573,Arboleda,SAO,Zagueiro,7,9.8,0.0,4.47,8,0.0,False,False,GRE,0.031,neutro,4.126,3.72,1.0,29.8,desfavoravel,2.59,0.325,-32.7,0.64,1.217,1.273,1.385,0.225,0.173,
89840,Calleri,SAO,Atacante,7,12.79,0.0,5.91,18,0.0,False,False,GRE,0.309,neutro,5.589,2.52,1.0,44.9,neutro,2.91,0.725,-32.7,0.64,1.217,1.273,1.385,0.225,0.173,
102256,Rollheiser,SAN,Meia,6,5.48,0.0,2.59,14,0.0,False,True,CAP,-0.472,neutro,2.371,1.52,1.0,44.2,neutro,2.14,0.3,17.8,1.103,1.333,1.05,0.442,0.35,0.444,
113690,Diógenes,SAN,Goleiro,6,5.0,0.0,5.55,2,0.0,False,True,CAP,0.353,neutro,3.115,3.05,0.25,48.2,neutro,3.77,0.75,17.8,1.103,1.333,1.05,0.442,0.35,0.444,
142867,Robinho Jr.,SAN,Atacante,6,2.76,0.0,0.62,4,0.0,False,True,CAP,-0.654,armadilha_leve,0.685,0.62,0.5,43.3,neutro,1.2,0.3,17.8,1.103,1.333,1.05,0.442,0.35,0.444,
77656,Cédric Soares,SAO,Lateral,6,3.73,0.0,0.94,8,0.0,False,False,GRE,-1.07,armadilha_leve,1.471,0.94,1.0,30.6,desfavoravel,2.63,0.325,-32.7,0.64,1.217,1.273,1.385,0.225,0.173,
101290,Ferreira,SAO,Atacante,6,6.69,0.0,3.88,15,0.0,False,False,GRE,0.702,valor_bom,4.224,1.75,1.0,44.9,neutro,2.6,0.725,-32.7,0.64,1.217,1.273,1.385,0.225,0.173,
141868,Vini Lira,SAN,Lateral,5,3.79,0.0,2.42,4,0.0,False,True,CAP,-0.373,neutro,2.141,2.42,0.5,48.8,neutro,2.24,0.75,17.8,1.103,1.333,1.05,0.442,0.35,0.444,
81845,Alisson,FLU,Meia,6,3.52,0.0,0.96,8,0.0,False,False,BOT,-0.368,neutro,1.474,0.33,1.0,44.1,neutro,1.76,0.925,-22.3,0.42,0.672,0.588,0.5,0.45,0.359,0.479
105300,Ferraresi,BOT,Zagueiro,7,6.17,0.0,2.59,15,0.0,False,True,FLU,-0.028,neutro,3.005,1.79,1.0,66.3,neutro,4.79,0.275,22.3,0.588,0.5,0.42,0.672,0.675,0.408,0.479
104075,Sabino,SAO,Zagueiro,6,6.86,0.0,3.89,16,0.0,False,False,GRE,0.729,valor_bom,3.854,2.95,1.0,29.8,desfavoravel,3.99,0.325,-32.7,0.64,1.217,1.273,1.385,0.225,0.173,
85403,Danielzinho,SAO,Meia,2,6.73,0.0,2.76,18,0.0,False,False,GRE,-0.097,neutro,3.162,2.2,1.0,46.1,neutro,2.89,0.725,-32.7,0.64,1.217,1.273,1.385,0.225,0.173,
80570,Wendell,SAO,Lateral,7,8.29,0.0,4.17,14,0.0,False,False,GRE,-0.052,neutro,4.539,2.46,1.0,30.6,desfavoravel,3.78,0.325,-32.7,0.64,1.217,1.273,1.385,0.225,0.173,
106028,Coronel,SAO,Goleiro,6,5.0,0.0,0.0,0,0.0,False,False,GRE,-2.566,armadilha_forte,0.0,0.0,0.0,30.7,desfavoravel,-0.06,0.325,-32.7,0.64,1.217,1.273,1.385,0.225,0.173,
106294,Marcos Antônio,SAO,Meia,7,6.38,0.0,2.64,14,0.0,False,False,GRE,0.053,neutro,3.159,1.93,1.0,46.1,neutro,2.07,0.725,-32.7,0.64,1.217,1.273,1.385,0.225,0.173,
107873,Bobadilla,SAO,Meia,2,8.22,0.0,4.12,15,0.0,False,False,GRE,0.458,neutro,4.101,3.45,1.0,46.1,neutro,2.92,0.725,-32.7,0.64,1.217,1.273,1.385,0.225,0.173,
63008,Rafael Tolói,SAO,Zagueiro,5,6.92,0.0,4.1,6,0.0,False,False,GRE,0.785,valor_bom,3.919,3.1,0.75,29.8,desfavoravel,3.23,0.325,-32.7,0.64,1.217,1.273,1.385,0.225,0.173,
131617,André Silva,SAO,Atacante,6,3.48,0.0,0.32,12,0.0,False,False,GRE,-0.746,armadilha_leve,1.12,0.32,1.0,44.9,neutro,2.63,0.725,-32.7,0.64,1.217,1.273,1.385,0.225,0.173,
71123,Thiago Mendes,VAS,Meia,7,7.83,0.0,4.39,16,0.0,False,False,BAH,0.82,valor_bom,4.282,2.83,1.0,26.2,desfavoravel,1.85,0.425,-36.7,0.348,1.29,0.869,0.504,0.15,0.238,
113359,Pablo Maia,SAO,Meia,7,4.19,0.0,1.38,12,0.0,False,False,GRE,-0.644,armadilha_leve,1.623,1.38,1.0,46.1,neutro,1.86,0.725,-32.7,0.64,1.217,1.273,1.385,0.225,0.173,
72391,Fernando Diniz,COR,Técnico,7,9.16,0.17,5.58,14,5.09,True,False,RBB,0.758,valor_bom,5.454,5.58,1.0,48.0,neutro,3.48,0.35,-20.0,1.527,0.42,1.385,0.4,0.725,0.294,
140542,Ryan Francisco,SAO,Atacante,6,5.0,0.0,0.0,0,0.0,False,False,GRE,-2.717,armadilha_forte,0.0,0.0,0.0,44.9,neutro,0.6,0.725,-32.7,0.64,1.217,1.273,1.385,0.225,0.173,
93716,Paulo Henrique,VAS,Lateral,7,7.25,0.0,2.94,12,0.0,False,False,BAH,-0.41,neutro,3.837,2.11,1.0,31.7,desfavoravel,2.31,0.475,-36.7,0.348,1.29,0.869,0.504,0.15,0.238,
141611,Maik,SAO,Lateral,6,5.52,0.0,3.48,5,0.0,False,False,GRE,-0.009,neutro,3.451,2.88,0.625,30.6,desfavoravel,2.3,0.325,-32.7,0.64,1.217,1.273,1.385,0.225,0.173,
86410,Victor Luis,MIR,Lateral,6,3.65,0.0,1.2,7,0.0,False,False,CRU,-0.836,armadilha_leve,1.628,0.77,0.875,46.6,neutro,1.9,0.6,-30.0,1.043,0.593,0.933,0.56,0.725,0.481,
118563,Rodriguinho,RBB,Meia,7,6.12,0.0,3.41,10,0.0,False,True,COR,0.829,valor_bom,3.702,2.41,1.0,50.8,neutro,2.85,0.25,20.0,1.385,0.4,1.527,0.42,0.725,0.439,
90309,David,VAS,Atacante,2,4.17,0.0,2.19,16,0.0,False,False,BAH,-0.076,neutro,2.234,0.88,1.0,24.3,desfavoravel,1.24,0.425,-36.7,0.348,1.29,0.869,0.504,0.15,0.238,
90302,Pedro Rocha,CFC,Atacante,7,6.59,-0.71,3.56,20,0.7,True,True,CHA,0.456,neutro,3.934,1.71,1.0,56.4,neutro,2.22,0.725,30.0,0.672,1.35,0.632,1.073,0.225,0.567,
99213,Puma Rodríguez,VAS,Lateral,6,7.99,0.0,5.15,13,0.0,False,False,BAH,0.754,valor_bom,5.163,2.46,1.0,31.7,desfavoravel,2.15,0.475,-36.7,0.348,1.29,0.869,0.504,0.15,0.238,
81091,Jair,VAS,Meia,7,6.65,0.0,3.0,1,0.0,False,False,BAH,0.889,valor_bom,3.948,3.0,0.125,26.2,desfavoravel,2.5,0.425,-36.7,0.348,1.29,0.869,0.504,0.15,0.238,
117818,Young,SAO,Goleiro,6,3.0,0.0,0.0,0,0.0,False,False,GRE,-1.495,armadilha_leve,0.0,0.0,0.0,30.7,desfavoravel,-0.06,0.325,-32.7,0.64,1.217,1.273,1.385,0.225,0.173,
111682,Adson,VAS,Meia,2,6.36,0.0,3.51,9,0.0,False,False,BAH,0.804,valor_bom,3.772,3.51,1.0,26.2,desfavoravel,2.33,0.425,-36.7,0.348,1.29,0.869,0.504,0.15,0.238,
105584,Lucas Piton,VAS,Lateral,6,4.96,0.0,2.0,14,0.0,False,False,BAH,-0.722,armadilha_leve,2.521,1.79,1.0,31.7,desfavoravel,1.68,0.475,-36.7,0.348,1.29,0.869,0.504,0.15,0.238,
86686,Tchê Tchê,VAS,Meia,2,3.87,0.0,1.68,13,0.0,False,False,BAH,-0.223,neutro,1.797,1.3,1.0,26.2,desfavoravel,2.24,0.425,-36.7,0.348,1.29,0.869,0.504,0.15,0.238,
97095,Carlos Cuesta,VAS,Zagueiro,7,4.96,0.0,1.64,9,0.0,False,False,BAH,-0.607,armadilha_leve,2.055,0.75,1.0,30.9,desfavoravel,2.2,0.475,-36.7,0.348,1.29,0.869,0.504,0.15,0.238,
141609,Lucca,SAO,Atacante,6,2.05,0.0,0.23,4,0.0,False,False,GRE,-0.16,neutro,0.555,0.23,0.5,44.9,neutro,1.45,0.725,-32.7,0.64,1.217,1.273,1.385,0.225,0.173,
90703,Matheuzinho,VIT,Meia,7,5.9,0.09,3.33,17,2.9,True,False,FLA,0.768,valor_bom,3.566,2.74,1.0,27.3,desfavoravel,2.64,0.275,-54.6,0.382,1.219,0.973,1.111,0.25,0.31,
115141,Lucas Freitas,VAS,Zagueiro,6,4.77,0.0,2.5,2,0.0,False,False,BAH,0.074,neutro,2.518,1.0,0.25,30.9,desfavoravel,1.74,0.475,-36.7,0.348,1.29,0.869,0.504,0.15,0.238,
95936,Daniel Fuzato,VAS,Goleiro,6,2.0,0.0,0.0,0,0.0,False,False,BAH,-0.735,armadilha_leve,0.0,0.0,0.0,31.7,desfavoravel,-0.02,0.475,-36.7,0.348,1.29,0.869,0.504,0.15,0.238,
99440,Baralhas,VIT,Meia,7,9.25,-0.25,5.24,15,3.9,True,False,FLA,0.993,valor_bom,4.832,3.91,1.0,27.3,desfavoravel,4.23,0.275,-54.6,0.382,1.219,0.973,1.111,0.25,0.31,
90588,Caíque,VIT,Meia,7,5.38,0.44,2.56,16,7.0,True,False,FLA,-0.423,neutro,2.369,2.56,1.0,27.3,desfavoravel,2.2,0.275,-54.6,0.382,1.219,0.973,1.111,0.25,0.31,
104118,Lucas Arcanjo,VIT,Goleiro,7,8.78,-1.17,5.66,15,-0.1,True,False,FLA,0.934,valor_bom,5.113,3.99,1.0,28.2,desfavoravel,4.63,0.025,-54.6,0.382,1.219,0.973,1.111,0.25,0.31,
118752,Mateus Carvalho,VAS,Meia,5,4.0,0.0,0.0,0,0.0,False,False,BAH,-2.486,armadilha_forte,0.0,0.0,0.0,26.2,desfavoravel,-0.27,0.425,-36.7,0.348,1.29,0.869,0.504,0.15,0.238,
42222,Osvaldo,VIT,Atacante,6,4.07,0.0,0.4,2,0.0,False,False,FLA,-0.31,neutro,1.937,0.4,0.25,25.4,desfavoravel,1.12,0.275,-54.6,0.382,1.219,0.973,1.111,0.25,0.31,
92180,Jair Ventura,VIT,Técnico,7,8.15,-0.53,5.16,18,1.28,True,False,FLA,0.721,valor_bom,5.088,5.16,1.0,27.0,desfavoravel,3.84,0.275,-54.6,0.382,1.219,0.973,1.111,0.25,0.31,
101597,Ramon,VIT,Lateral,7,7.72,-0.45,4.84,15,0.2,True,False,FLA,0.637,valor_bom,4.96,3.04,1.0,28.0,desfavoravel,3.82,0.025,-54.6,0.382,1.219,0.973,1.111,0.25,0.31,
116461,Jamerson,VIT,Lateral,6,5.78,-0.35,3.69,8,1.5,True,False,FLA,-0.025,neutro,3.561,2.56,1.0,28.0,desfavoravel,3.06,0.025,-54.6,0.382,1.219,0.973,1.111,0.25,0.31,
122485,Barros,VAS,Meia,2,8.86,0.0,4.81,16,0.0,False,False,BAH,0.795,valor_bom,4.562,3.87,1.0,26.2,desfavoravel,2.54,0.425,-36.7,0.348,1.29,0.869,0.504,0.15,0.238,
96793,Camutanga,VIT,Zagueiro,5,6.71,0.0,3.95,7,0.0,False,False,FLA,0.8,valor_bom,3.861,2.66,0.875,27.3,desfavoravel,2.41,0.025,-54.6,0.382,1.219,0.973,1.111,0.25,0.31,
117330,Robert Renan,VAS,Zagueiro,7,5.82,0.0,2.35,19,0.0,False,False,BAH,-0.616,armadilha_leve,2.401,1.88,1.0,30.9,desfavoravel,1.92,0.475,-36.7,0.348,1.29,0.869,0.504,0.15,0.238,
142279,Nuno Moreira,VAS,Meia,3,4.77,0.0,2.07,16,0.0,False,False,BAH,-0.486,neutro,2.043,1.44,1.0,26.2,desfavoravel,1.23,0.425,-36.7,0.348,1.29,0.869,0.504,0.15,0.238,
80129,Jadson,CAP,Meia,7,5.36,-0.02,3.06,14,5.2,True,False,SAN,-0.048,neutro,2.67,2.7,1.0,61.8,neutro,3.32,0.825,-17.8,1.05,0.442,1.103,1.333,0.85,0.261,
92273,Odair Hellmann,CAP,Técnico,7,9.12,-0.38,5.76,19,6.45,True,False,SAN,1.304,valor_bom,5.604,5.76,1.0,62.2,neutro,4.6,0.825,-17.8,1.05,0.442,1.103,1.333,0.85,0.261,
97645,Thiago Couto,VIT,Goleiro,6,3.0,0.0,0.0,0,0.0,False,False,FLA,-1.495,armadilha_leve,0.0,0.0,0.0,28.2,desfavoravel,-0.18,0.025,-54.6,0.382,1.219,0.973,1.111,0.25,0.31,
104330,Dudu,VIT,Meia,5,5.01,0.0,3.95,2,0.0,False,False,FLA,-0.211,neutro,2.381,1.45,0.25,27.3,desfavoravel,1.5,0.275,-54.6,0.382,1.219,0.973,1.111,0.25,0.31,
92696,Renato Kayzer,VIT,Atacante,6,6.63,0.0,3.27,12,0.0,False,False,FLA,0.415,neutro,3.909,0.85,1.0,25.4,desfavoravel,1.73,0.275,-54.6,0.382,1.219,0.973,1.111,0.25,0.31,
90031,Mendoza,CAP,Atacante,7,7.66,-0.23,4.45,19,-0.3,True,False,SAN,0.693,valor_bom,4.574,2.34,1.0,61.2,neutro,2.86,0.825,-17.8,1.05,0.442,1.103,1.333,0.85,0.261,
111879,Mateus Silva,VIT,Lateral,6,4.95,0.0,4.85,2,0.0,False,False,FLA,0.606,valor_bom,3.716,3.35,0.25,28.0,desfavoravel,2.41,0.025,-54.6,0.382,1.219,0.973,1.111,0.25,0.31,
107985,Terán,CAP,Zagueiro,6,6.98,0.83,4.09,13,10.5,True,False,SAN,0.827,valor_bom,3.973,2.94,1.0,49.0,neutro,4.01,0.475,-17.8,1.05,0.442,1.103,1.333,0.85,0.261,
110698,Mycael,CAP,Goleiro,7,4.6,0.0,-1.0,0,0.0,False,False,SAN,-2.384,armadilha_forte,0.0,0.0,0.0,49.7,neutro,0.82,0.475,-17.8,1.05,0.442,1.103,1.333,0.85,0.261,
145387,Rúben Ismael,VIT,Meia,5,4.0,0.0,0.0,0,0.0,False,False,FLA,-2.486,armadilha_forte,0.0,0.0,0.0,27.3,desfavoravel,-0.22,0.275,-54.6,0.382,1.219,0.973,1.111,0.25,0.31,
130620,Edenílson,VIT,Meia,6,3.28,0.0,1.74,8,0.0,False,False,FLA,0.284,neutro,1.864,1.74,1.0,27.3,desfavoravel,1.34,0.275,-54.6,0.382,1.219,0.973,1.111,0.25,0.31,
115266,Renan Viana,CAP,Atacante,6,2.0,0.0,0.0,0,0.0,False,False,SAN,-0.657,armadilha_leve,0.0,0.0,0.0,61.2,neutro,1.35,0.825,-17.8,1.05,0.442,1.103,1.333,0.85,0.261,
85626,Léo,CAP,Zagueiro,6,6.77,0.0,4.9,2,0.0,False,False,SAN,0.955,valor_bom,4.006,3.4,0.25,49.0,neutro,3.44,0.475,-17.8,1.05,0.442,1.103,1.333,0.85,0.261,
110668,Esquivel,CAP,Lateral,6,7.9,0.0,4.88,14,0.0,False,False,SAN,0.598,valor_bom,4.99,2.74,1.0,50.3,neutro,5.07,0.475,-17.8,1.05,0.442,1.103,1.333,0.85,0.261,
113113,Benavídez,CAP,Lateral,7,7.39,-0.14,4.59,15,5.2,True,False,SAN,0.592,valor_bom,4.797,2.06,1.0,50.3,neutro,4.05,0.475,-17.8,1.05,0.442,1.103,1.333,0.85,0.261,
120433,Léo Derik,CAP,Lateral,2,5.81,1.24,3.65,9,8.0,True,False,SAN,-0.055,neutro,3.548,2.65,1.0,50.3,neutro,2.78,0.475,-17.8,1.05,0.442,1.103,1.333,0.85,0.261,
112017,Felipinho,CAP,Meia,6,5.57,0.0,3.17,7,0.0,False,False,SAN,1.029,valor_bom,3.648,3.17,0.875,61.8,neutro,3.43,0.825,-17.8,1.05,0.442,1.103,1.333,0.85,0.261,
123101,Leozinho,CAP,Atacante,7,5.84,-1.65,6.05,8,2.2,True,False,SAN,1.012,valor_bom,4.185,3.05,1.0,61.2,neutro,5.8,0.825,-17.8,1.05,0.442,1.103,1.333,0.85,0.261,
123869,Aguirre,CAP,Zagueiro,7,6.07,0.14,3.6,16,5.0,True,False,SAN,0.834,valor_bom,3.661,2.48,1.0,49.0,neutro,3.91,0.475,-17.8,1.05,0.442,1.103,1.333,0.85,0.261,
131832,Portilla,CAP,Meia,6,2.87,0.2,1.17,15,1.7,True,False,SAN,-0.319,neutro,1.091,1.17,1.0,61.8,neutro,2.29,0.825,-17.8,1.05,0.442,1.103,1.333,0.85,0.261,
122316,Batata,CAP,Lateral,6,1.0,0.0,0.0,0,0.0,False,False,SAN,0.332,neutro,0.0,0.0,0.0,50.3,neutro,0.85,0.475,-17.8,1.05,0.442,1.103,1.333,0.85,0.261,
105518,Renan Peixoto,CAP,Atacante,6,2.73,0.0,0.9,7,0.0,False,False,SAN,-0.515,armadilha_leve,0.802,0.9,0.875,61.2,neutro,2.15,0.825,-17.8,1.05,0.442,1.103,1.333,0.85,0.261,
125926,Zapelli,CAP,Meia,6,4.23,0.0,1.37,13,0.0,False,False,SAN,-0.69,armadilha_leve,1.606,0.99,1.0,61.8,neutro,2.56,0.825,-17.8,1.05,0.442,1.103,1.333,0.85,0.261,
125746,Dudu,CAP,Meia,6,2.36,0.24,1.81,12,1.5,True,False,SAN,0.6,valor_bom,1.464,1.39,1.0,61.8,neutro,2.41,0.825,-17.8,1.05,0.442,1.103,1.333,0.85,0.261,
143193,Viveros,CAP,Atacante,7,12.08,-2.38,8.26,18,2.2,True,False,SAN,2.067,valor_oculto,7.216,3.26,1.0,61.2,neutro,3.13,0.825,-17.8,1.05,0.442,1.103,1.333,0.85,0.261,
82628,Tinga,CFC,Lateral,7,6.25,-0.26,3.72,14,4.7,True,True,CHA,-0.2,neutro,3.616,2.58,1.0,56.3,neutro,3.73,0.925,30.0,0.672,1.35,0.632,1.073,0.225,0.567,
84339,Bruno Melo,CFC,Lateral,7,5.54,-0.64,3.56,19,0.8,True,True,CHA,0.059,neutro,3.522,2.03,1.0,56.3,neutro,2.49,0.925,30.0,0.672,1.35,0.632,1.073,0.225,0.567,
122439,Isaac,CAP,Atacante,6,1.66,0.0,0.4,3,0.0,False,False,SAN,0.322,neutro,0.631,0.4,0.375,61.2,neutro,1.92,0.825,-17.8,1.05,0.442,1.103,1.333,0.85,0.261,
145609,Élan Ricardo,CAP,Meia,6,3.0,0.0,0.0,0,0.0,False,False,SAN,-1.749,armadilha_forte,0.0,0.0,0.0,61.8,neutro,1.38,0.825,-17.8,1.05,0.442,1.103,1.333,0.85,0.261,
127970,Felipe Chiqueti,CAP,Meia,6,2.07,0.0,1.35,7,0.0,False,False,SAN,0.497,neutro,1.133,1.35,0.875,61.8,neutro,2.29,0.825,-17.8,1.05,0.442,1.103,1.333,0.85,0.261,
128431,João Cruz,CAP,Meia,2,4.87,0.05,2.8,14,1.2,True,False,SAN,0.017,neutro,2.505,1.73,1.0,61.8,neutro,2.73,0.825,-17.8,1.05,0.442,1.103,1.333,0.85,0.261,
63354,Rodrigo Moledo,CFC,Zagueiro,6,7.4,0.0,7.75,2,0.0,False,True,CHA,1.41,valor_bom,4.576,3.25,0.25,54.9,neutro,4.03,0.925,30.0,0.672,1.35,0.632,1.073,0.225,0.567,
71227,Maicon,CFC,Zagueiro,6,4.14,0.0,2.08,13,0.0,False,True,CHA,0.115,neutro,2.248,1.16,1.0,54.9,neutro,2.43,0.925,30.0,0.672,1.35,0.632,1.073,0.225,0.567,
104811,Sebastián Gómez,CFC,Meia,7,4.26,-0.08,2.57,17,2.5,True,True,CHA,0.233,neutro,2.384,2.57,1.0,56.2,neutro,3.66,0.725,30.0,0.672,1.35,0.632,1.073,0.225,0.567,
116706,Andrés Gómez,VAS,Atacante,7,13.56,0.0,7.66,17,0.0,False,False,BAH,1.307,valor_bom,6.767,5.19,1.0,24.3,desfavoravel,3.2,0.425,-36.7,0.348,1.29,0.869,0.504,0.15,0.238,
128427,Alejandro García,CAP,Meia,6,4.0,0.0,0.0,0,0.0,False,False,SAN,-2.486,armadilha_forte,0.0,0.0,0.0,61.8,neutro,1.38,0.825,-17.8,1.05,0.442,1.103,1.333,0.85,0.261,
84428,Fernando Sobral,CFC,Meia,6,4.34,0.0,1.0,3,0.0,False,True,CHA,-0.622,armadilha_leve,1.719,1.0,0.375,56.2,neutro,2.32,0.725,30.0,0.672,1.35,0.632,1.073,0.225,0.567,
110708,Pedro Rangel,CFC,Goleiro,5,7.48,0.0,4.67,17,0.0,False,True,CHA,0.722,valor_bom,4.484,2.91,1.0,55.5,neutro,4.82,0.925,30.0,0.672,1.35,0.632,1.073,0.225,0.567,
126977,Fernando Seabra,CFC,Técnico,7,7.66,-0.45,5.08,21,2.7,True,True,CHA,1.176,valor_bom,5.038,5.08,1.0,56.4,neutro,3.08,0.725,30.0,0.672,1.35,0.632,1.073,0.225,0.567,
130842,Matheus Soares,CAP,Goleiro,6,1.0,0.0,0.0,0,0.0,False,False,SAN,0.336,neutro,0.0,0.0,0.0,49.7,neutro,0.82,0.475,-17.8,1.05,0.442,1.103,1.333,0.85,0.261,
97878,Jacy,CFC,Zagueiro,7,5.24,-0.94,4.03,18,0.5,True,True,CHA,1.122,valor_bom,3.566,3.03,1.0,54.9,neutro,3.42,0.925,30.0,0.672,1.35,0.632,1.073,0.225,0.567,
125803,Pedro Morisco,CFC,Goleiro,7,8.22,0.18,4.84,5,4.2,True,True,CHA,0.401,neutro,4.377,4.84,0.625,55.5,neutro,3.56,0.925,30.0,0.672,1.35,0.632,1.073,0.225,0.567,
117930,Lavega,CFC,Atacante,2,5.03,0.0,3.3,19,0.0,False,True,CHA,0.23,neutro,3.01,0.93,1.0,56.4,neutro,2.34,0.725,30.0,0.672,1.35,0.632,1.073,0.225,0.567,
123648,Lucas Ronier,CFC,Atacante,7,10.77,0.62,6.7,18,7.5,True,True,CHA,1.318,valor_bom,6.136,5.42,1.0,56.4,neutro,2.44,0.725,30.0,0.672,1.35,0.632,1.073,0.225,0.567,
112576,Vini Paulista,CFC,Meia,2,3.68,0.0,2.32,20,0.0,False,True,CHA,0.426,neutro,2.225,2.32,1.0,56.2,neutro,2.89,0.725,30.0,0.672,1.35,0.632,1.073,0.225,0.567,
87742,Neto Moura,MIR,Meia,6,3.31,0.0,1.56,11,0.0,False,False,CRU,0.111,neutro,1.74,1.56,1.0,49.4,neutro,2.06,0.625,-30.0,1.043,0.593,0.933,0.56,0.725,0.481,
109127,Tiago Cóser,CFC,Zagueiro,7,3.33,-0.59,2.35,18,1.2,True,True,CHA,0.64,valor_bom,2.221,1.02,1.0,54.9,neutro,2.14,0.925,30.0,0.672,1.35,0.632,1.073,0.225,0.567,
124358,João Almeida,CFC,Lateral,6,0.92,0.0,0.0,1,0.0,False,True,CHA,2.444,valor_oculto,1.779,0.0,0.125,56.3,neutro,2.37,0.925,30.0,0.672,1.35,0.632,1.073,0.225,0.567,
90370,Matheus Pereira,COR,Meia,6,3.6,0.37,1.04,13,2.6,True,False,RBB,-0.514,armadilha_leve,1.401,1.04,1.0,47.9,neutro,1.87,0.35,-20.0,1.527,0.42,1.385,0.4,0.725,0.294,
124834,Ruan Assis,CFC,Atacante,6,1.0,0.0,0.0,0,0.0,False,True,CHA,0.549,valor_bom,0.0,0.0,0.0,56.4,neutro,1.13,0.725,30.0,0.672,1.35,0.632,1.073,0.225,0.567,
97795,Marcelinho,REM,Lateral,7,5.98,-0.64,5.1,18,2.6,True,True,CAM,1.008,valor_bom,4.587,3.66,1.0,50.0,neutro,3.86,0.55,6.9,0.875,0.865,1.12,0.64,0.4,0.324,0.443
82730,Marcelo Rangel,REM,Goleiro,7,5.77,-1.29,4.15,20,1.9,True,True,CAM,0.987,valor_bom,4.132,3.65,1.0,49.4,neutro,3.62,0.55,6.9,0.875,0.865,1.12,0.64,0.4,0.324,0.443
101405,Wallisson,MIR,Meia,2,4.36,0.0,2.33,12,0.0,False,False,CRU,-0.06,neutro,2.193,2.33,1.0,49.4,neutro,2.23,0.625,-30.0,1.043,0.593,0.933,0.56,0.725,0.481,
141337,Lucas Taverna,CFC,Lateral,6,2.58,0.0,2.1,3,0.0,False,True,CHA,0.528,valor_bom,2.029,1.1,0.375,56.3,neutro,2.5,0.925,30.0,0.672,1.35,0.632,1.073,0.225,0.567,
102911,Zé Ricardo,REM,Meia,7,4.59,-0.33,2.63,19,3.4,True,True,CAM,0.1,neutro,2.44,2.37,1.0,36.2,neutro,3.41,0.15,6.9,0.875,0.865,1.12,0.64,0.4,0.324,0.443
130283,Matheus Dias,CFC,Meia,6,1.0,0.0,0.0,0,0.0,False,True,CHA,0.541,valor_bom,0.0,0.0,0.0,56.2,neutro,1.12,0.725,30.0,0.672,1.35,0.632,1.073,0.225,0.567,
104257,João Lucas,REM,Lateral,6,4.59,0.0,2.82,6,0.0,False,True,CAM,0.222,neutro,3.17,2.82,0.75,50.0,neutro,2.74,0.55,6.9,0.875,0.865,1.12,0.64,0.4,0.324,0.443
83074,Ygor Vinhas,REM,Goleiro,6,3.0,0.0,0.0,0,0.0,False,True,CAM,-1.495,armadilha_leve,0.0,0.0,0.0,49.4,neutro,0.8,0.55,6.9,0.875,0.865,1.12,0.64,0.4,0.324,0.443
131279,Thiago Azaf,CFC,Atacante,6,1.0,0.0,0.0,0,0.0,False,True,CHA,0.549,valor_bom,0.0,0.0,0.0,56.4,neutro,1.13,0.725,30.0,0.672,1.35,0.632,1.073,0.225,0.567,
143455,PH Gama,REM,Meia,6,2.0,0.0,0.0,0,0.0,False,True,CAM,-0.799,armadilha_leve,0.0,0.0,0.0,36.2,neutro,0.19,0.15,6.9,0.875,0.865,1.12,0.64,0.4,0.324,0.443
83048,Rafael Thyere,CHA,Zagueiro,7,2.75,0.0,-0.1,3,0.0,False,False,CFC,0.059,neutro,1.377,0.0,0.375,38.5,desfavoravel,1.36,0.9,-30.0,0.632,1.073,0.672,1.35,0.15,0.456,
115840,Benassi,CFC,Goleiro,6,1.0,0.0,0.0,0,0.0,False,True,CHA,0.336,neutro,0.0,0.0,0.0,55.5,neutro,1.09,0.925,30.0,0.672,1.35,0.632,1.073,0.225,0.567,
141385,João Victor,REM,Goleiro,6,1.0,0.0,0.0,0,0.0,False,True,CAM,0.336,neutro,0.0,0.0,0.0,49.4,neutro,0.8,0.55,6.9,0.875,0.865,1.12,0.64,0.4,0.324,0.443
98224,Jáderson,REM,Meia,6,2.64,0.0,0.97,10,0.0,False,True,CAM,-0.278,neutro,0.958,0.97,1.0,36.2,neutro,1.22,0.15,6.9,0.875,0.865,1.12,0.64,0.4,0.324,0.443
68822,Rafael Santos,CHA,Goleiro,6,4.94,0.0,3.75,4,0.0,False,False,CFC,0.197,neutro,2.921,3.75,0.5,39.3,desfavoravel,1.38,0.9,-30.0,0.632,1.073,0.672,1.35,0.15,0.456,
145782,Tassano,REM,Zagueiro,6,3.0,0.0,0.0,0,0.0,False,True,CAM,-1.863,armadilha_forte,0.0,0.0,0.0,48.7,neutro,0.77,0.55,6.9,0.875,0.865,1.12,0.64,0.4,0.324,0.443
141386,Marcos Alexandre,REM,Goleiro,6,1.0,0.0,0.0,0,0.0,False,True,CAM,0.336,neutro,0.0,0.0,0.0,49.4,neutro,0.8,0.55,6.9,0.875,0.865,1.12,0.64,0.4,0.324,0.443
107700,Eduardo Melo,REM,Atacante,6,2.13,0.0,1.4,1,0.0,False,True,CAM,-0.002,neutro,0.793,1.4,0.125,34.7,neutro,0.73,0.15,6.9,0.875,0.865,1.12,0.64,0.4,0.324,0.443
88293,Neto Pessoa,CHA,Atacante,6,4.74,0.0,3.49,9,0.0,False,False,CFC,0.308,neutro,2.94,1.16,1.0,46.1,neutro,2.43,0.725,-30.0,0.632,1.073,0.672,1.35,0.15,0.456,
95332,Marcinho,CHA,Atacante,7,5.15,0.0,3.28,18,0.0,False,False,CFC,0.147,neutro,2.985,2.11,1.0,46.1,neutro,2.37,0.725,-30.0,0.632,1.073,0.672,1.35,0.15,0.456,
97432,Victor Caetano,CHA,Zagueiro,5,3.19,0.0,1.6,8,0.0,False,False,CFC,0.18,neutro,1.765,1.6,1.0,38.5,desfavoravel,1.68,0.9,-30.0,0.632,1.073,0.672,1.35,0.15,0.456,
107516,Ênio,CHA,Atacante,6,5.08,0.0,3.12,11,0.0,False,False,CFC,-0.017,neutro,2.784,2.39,1.0,46.1,neutro,1.99,0.725,-30.0,0.632,1.073,0.672,1.35,0.15,0.456,
104519,Camilo,CHA,Meia,7,5.44,0.0,3.28,16,0.0,False,False,CFC,0.127,neutro,2.849,3.28,1.0,46.8,neutro,2.59,0.725,-30.0,0.632,1.073,0.672,1.35,0.15,0.456,
71043,Léo Vieira,BAH,Goleiro,5,6.82,0.0,5.02,16,0.0,False,True,VAS,1.147,valor_bom,4.709,4.39,1.0,72.6,favoravel,2.79,0.35,36.7,0.869,0.504,0.348,1.29,0.625,0.485,
104470,Everton,CHA,Lateral,7,4.1,0.0,2.01,15,0.0,False,False,CFC,-0.742,armadilha_leve,2.007,1.48,1.0,39.5,desfavoravel,1.69,0.9,-30.0,0.632,1.073,0.672,1.35,0.15,0.456,
101393,Eduardo Doma,CHA,Zagueiro,7,4.09,0.0,2.39,17,0.0,False,False,CFC,0.141,neutro,2.243,1.86,1.0,38.5,desfavoravel,2.52,0.9,-30.0,0.632,1.073,0.672,1.35,0.15,0.456,
68938,Giovanni Augusto,CHA,Meia,7,4.26,0.0,1.85,12,0.0,False,False,CFC,-0.347,neutro,1.905,1.43,1.0,46.8,neutro,2.03,0.725,-30.0,0.632,1.073,0.672,1.35,0.15,0.456,
111279,Mancha,CHA,Lateral,6,3.0,0.0,0.0,0,0.0,False,False,CFC,-2.108,armadilha_forte,0.0,0.0,0.0,39.5,desfavoravel,0.34,0.9,-30.0,0.632,1.073,0.672,1.35,0.15,0.456,
107453,João Paulo,CHA,Zagueiro,5,4.8,0.0,3.3,6,0.0,False,False,CFC,0.476,neutro,2.855,1.47,0.75,38.5,desfavoravel,2.21,0.9,-30.0,0.632,1.073,0.672,1.35,0.15,0.456,
109336,Rafael Carvalheira,CHA,Meia,5,5.7,0.0,2.72,14,0.0,False,False,CFC,0.433,neutro,3.209,2.01,1.0,46.8,neutro,2.56,0.725,-30.0,0.632,1.073,0.672,1.35,0.15,0.456,
102906,Anderson,CHA,Goleiro,7,5.87,0.0,3.45,6,0.0,False,False,CFC,0.65,valor_bom,3.814,3.45,0.75,39.3,desfavoravel,2.74,0.9,-30.0,0.632,1.073,0.672,1.35,0.15,0.456,
130843,Arthur Dias,CAP,Zagueiro,7,5.99,0.6,3.53,17,4.1,True,False,SAN,0.306,neutro,3.207,2.47,1.0,49.0,neutro,3.51,0.475,-17.8,1.05,0.442,1.103,1.333,0.85,0.261,
110426,Bernabei,INT,Lateral,7,9.77,0.22,6.0,18,4.0,True,False,PAL,0.767,valor_bom,5.749,3.72,1.0,21.9,desfavoravel,4.1,0.15,-43.4,0.548,1.556,1.326,0.787,0.15,0.178,
97900,Vitão,FLA,Zagueiro,6,6.62,-0.36,2.37,9,-0.1,True,True,VIT,-0.189,neutro,3.035,1.04,1.0,70.7,neutro,2.86,0.85,54.6,0.973,1.111,0.382,1.219,0.625,0.752,
68708,Eduardo,MIR,Meia,6,5.5,-0.2,2.45,13,0.5,True,False,CRU,-0.599,armadilha_leve,2.274,1.68,1.0,49.4,neutro,2.56,0.625,-30.0,1.043,0.593,0.933,0.56,0.725,0.481,
130414,Robert,CHA,Meia,5,3.51,0.0,3.0,1,0.0,False,False,CFC,0.399,neutro,2.101,3.0,0.125,46.8,neutro,2.16,0.725,-30.0,0.632,1.073,0.672,1.35,0.15,0.456,
89837,Lucho Acosta,FLU,Meia,6,10.97,0.51,5.32,16,4.7,True,False,BOT,0.566,valor_bom,4.902,3.13,1.0,44.1,neutro,2.69,0.925,-22.3,0.42,0.672,0.588,0.5,0.45,0.359,0.479
121870,Gustavo Talles,CHA,Lateral,6,2.0,0.0,0.0,0,0.0,False,False,CFC,-1.095,armadilha_leve,0.0,0.0,0.0,39.5,desfavoravel,0.34,0.9,-30.0,0.632,1.073,0.672,1.35,0.15,0.456,
140438,David,CHA,Meia,6,1.4,0.0,0.97,6,0.0,False,False,CFC,1.095,valor_bom,0.955,0.97,0.75,46.8,neutro,2.54,0.725,-30.0,0.632,1.073,0.672,1.35,0.15,0.456,
99552,Rossi,FLA,Goleiro,7,8.68,0.58,4.9,19,4.2,True,True,VIT,0.536,valor_bom,4.659,2.79,1.0,71.1,favoravel,4.21,0.85,54.6,0.973,1.111,0.382,1.219,0.625,0.752,
116066,Rubens,CHA,Atacante,7,2.77,0.0,1.58,8,0.0,False,False,CFC,-0.205,neutro,1.149,0.58,1.0,46.1,neutro,1.7,0.725,-30.0,0.632,1.073,0.672,1.35,0.15,0.456,
78850,Reinaldo,MIR,Lateral,7,8.75,0.29,2.71,15,7.0,True,False,CRU,-1.294,armadilha_leve,3.57,1.51,1.0,46.6,neutro,4.86,0.6,-30.0,1.043,0.593,0.933,0.56,0.725,0.481,
126471,Barreal,SAN,Meia,7,11.12,0.0,4.79,15,0.0,False,True,CAP,0.084,neutro,4.538,3.46,1.0,44.2,neutro,4.0,0.3,17.8,1.103,1.333,1.05,0.442,0.35,0.444,
89274,Andreas Pereira,PAL,Meia,7,12.81,0.52,5.05,20,6.6,True,True,INT,-0.068,neutro,4.769,2.55,1.0,75.1,neutro,2.89,0.6,43.4,1.326,0.787,0.548,1.556,0.75,0.595,
80287,Luciano,SAO,Atacante,7,12.72,0.0,4.98,16,0.0,False,False,GRE,-0.311,neutro,4.943,1.67,1.0,44.9,neutro,2.39,0.725,-32.7,0.64,1.217,1.273,1.385,0.225,0.173,
39148,Hulk,FLU,Atacante,2,11.6,-1.1,4.86,14,3.2,True,False,BOT,-0.137,neutro,4.863,2.65,1.0,42.9,neutro,2.47,0.925,-22.3,0.42,0.672,0.588,0.5,0.45,0.359,0.479
100652,Yuri Alberto,COR,Atacante,5,10.58,0.35,4.1,17,3.5,True,False,RBB,-0.395,neutro,4.346,2.1,1.0,46.7,neutro,3.02,0.35,-20.0,1.527,0.42,1.385,0.4,0.725,0.294,
130806,Kauan,CHA,Zagueiro,6,1.0,0.0,0.0,0,0.0,False,False,CFC,0.395,neutro,0.0,0.0,0.0,38.5,desfavoravel,0.3,0.9,-30.0,0.632,1.073,0.672,1.35,0.15,0.456,
89368,Braithwaite,GRE,Atacante,6,5.69,0.0,0.32,12,0.0,False,True,SAO,-1.938,armadilha_forte,1.12,0.32,1.0,55.8,neutro,2.07,0.35,32.7,1.273,1.385,0.64,1.217,0.35,0.409,
122781,Caballero,SAN,Atacante,7,4.46,0.0,2.3,2,0.0,False,True,CAP,-0.157,neutro,2.317,2.3,0.25,43.3,neutro,2.14,0.3,17.8,1.103,1.333,1.05,0.442,0.35,0.444,
133673,Mateus Xavier,SAN,Atacante,6,2.33,0.0,1.2,1,0.0,False,True,CAP,-0.208,neutro,0.771,1.2,0.125,43.3,neutro,1.11,0.3,17.8,1.103,1.333,1.05,0.442,0.35,0.444,
144423,Nicolas Pontes,CRU,Lateral,6,1.0,0.0,0.0,0,0.0,False,True,MIR,0.332,neutro,0.0,0.0,0.0,65.1,favoravel,1.53,0.8,30.0,0.933,0.56,1.043,0.593,0.675,0.556,
115025,Miguelito,SAN,Meia,6,7.41,0.0,4.88,8,0.0,False,True,CAP,1.212,valor_bom,4.473,3.0,1.0,44.2,neutro,3.02,0.3,17.8,1.103,1.333,1.05,0.442,0.35,0.444,
106104,Enamorado,GRE,Atacante,6,6.68,0.0,3.31,18,0.0,False,True,SAO,0.278,neutro,3.789,2.75,1.0,55.8,neutro,2.99,0.35,32.7,1.273,1.385,0.64,1.217,0.35,0.409,
103445,Kaio Jorge,CRU,Atacante,7,10.7,-0.71,4.61,15,0.0,True,True,MIR,-0.077,neutro,4.7,1.94,1.0,58.6,neutro,2.48,0.65,30.0,0.933,0.56,1.043,0.593,0.675,0.556,
51772,Everton Ribeiro,BAH,Meia,5,8.86,0.36,4.48,16,3.5,True,True,VAS,0.528,valor_bom,4.342,3.23,1.0,67.9,favoravel,2.77,0.85,36.7,0.869,0.504,0.348,1.29,0.625,0.485,
94583,Pedro,FLA,Atacante,7,16.04,-0.32,8.61,19,1.9,True,True,VIT,1.562,valor_oculto,7.501,2.5,1.0,82.6,favoravel,3.2,1.0,54.6,0.973,1.111,0.382,1.219,0.625,0.752,
146991,Rhuan Gabriel,CRU,Meia,6,1.39,0.0,1.2,1,0.0,False,True,MIR,1.129,valor_bom,0.972,1.2,0.125,58.3,neutro,1.93,0.65,30.0,0.933,0.56,1.043,0.593,0.675,0.556,
101908,Willian Machado,MIR,Zagueiro,6,5.34,-0.02,3.58,15,1.5,True,False,CRU,0.63,valor_bom,3.212,2.65,1.0,45.4,neutro,3.29,0.6,-30.0,1.043,0.593,0.933,0.56,0.725,0.481,
141776,Gustavo Henrique,SAN,Meia,5,2.48,0.0,1.5,8,0.0,False,True,CAP,0.191,neutro,1.222,1.5,1.0,44.2,neutro,1.66,0.3,17.8,1.103,1.333,1.05,0.442,0.35,0.444,
115986,Denilson,MIR,Meia,7,6.81,1.87,3.97,12,14.1,True,False,CRU,0.894,valor_bom,4.008,3.55,1.0,49.4,neutro,6.89,0.625,-30.0,1.043,0.593,0.933,0.56,0.725,0.481,
86292,Bolasie,CHA,Atacante,5,4.49,0.0,2.21,16,0.0,False,False,CFC,-0.242,neutro,2.247,1.4,1.0,46.1,neutro,2.89,0.725,-30.0,0.632,1.073,0.672,1.35,0.15,0.456,
142130,Marcelo Eráclito,CRU,Goleiro,6,1.0,0.0,0.0,0,0.0,False,True,MIR,0.336,neutro,0.0,0.0,0.0,63.9,favoravel,1.48,0.8,30.0,0.933,0.56,1.043,0.593,0.675,0.556,
108713,Galeano,MIR,Atacante,6,4.42,0.0,1.19,10,0.0,False,False,CRU,-0.749,armadilha_leve,1.693,1.19,1.0,49.0,neutro,2.02,0.625,-30.0,1.043,0.593,0.933,0.56,0.725,0.481,
133696,Wallace Davi,BOT,Meia,6,4.0,0.0,0.0,0,0.0,False,True,FLU,-2.486,armadilha_forte,0.0,0.0,0.0,45.7,neutro,0.63,0.45,22.3,0.588,0.5,0.42,0.672,0.675,0.408,0.479
145400,Cauê,RBB,Lateral,5,4.23,0.0,3.47,3,0.0,False,True,COR,0.758,valor_bom,3.443,2.47,0.375,59.0,neutro,3.41,0.55,20.0,1.385,0.4,1.527,0.42,0.725,0.439,
114802,Vitor Roque,PAL,Atacante,6,15.42,-0.85,6.08,9,0.2,True,True,INT,-0.287,neutro,5.51,3.41,1.0,76.6,neutro,3.82,0.6,43.4,1.326,0.787,0.548,1.556,0.75,0.595,
132412,Román Gómez,BAH,Lateral,7,9.09,1.38,5.47,6,9.5,True,True,VAS,0.506,valor_bom,5.306,4.47,0.75,74.1,favoravel,5.34,0.35,36.7,0.869,0.504,0.348,1.29,0.625,0.485,
128433,Johan Rojas,VAS,Meia,6,3.78,0.0,1.58,16,0.0,False,False,BAH,-0.26,neutro,1.716,1.27,1.0,26.2,desfavoravel,1.17,0.425,-36.7,0.348,1.29,0.869,0.504,0.15,0.238,
118655,Saldivia,VAS,Zagueiro,6,4.79,0.0,2.01,10,0.0,False,False,BAH,-0.285,neutro,2.238,2.01,1.0,30.9,desfavoravel,1.66,0.475,-36.7,0.348,1.29,0.869,0.504,0.15,0.238,
94514,Lucas Oliveira,MIR,Zagueiro,6,5.07,0.0,3.13,8,0.0,False,False,CRU,0.292,neutro,2.826,2.0,1.0,45.4,neutro,2.82,0.6,-30.0,1.043,0.593,0.933,0.56,0.725,0.481,
147090,Kauã Pascini,CAM,Lateral,7,3.55,0.0,2.8,4,0.0,False,False,REM,-0.052,neutro,2.268,1.3,0.5,52.9,neutro,2.47,0.725,-6.9,1.12,0.64,0.875,0.865,0.725,0.203,0.443
126182,Paulinho,INT,Meia,7,4.14,0.17,2.09,15,1.4,True,False,PAL,-0.089,neutro,2.055,2.09,1.0,25.1,desfavoravel,1.6,0.2,-43.4,0.548,1.556,1.326,0.787,0.15,0.178,
126120,Marcelinho,RBB,Meia,6,2.95,0.0,2.22,4,0.0,False,True,COR,-0.05,neutro,1.369,0.97,0.5,50.8,neutro,1.9,0.25,20.0,1.385,0.4,1.527,0.42,0.725,0.439,
130280,Phillipe Gabriel,VAS,Goleiro,6,1.0,0.0,0.0,0,0.0,False,False,BAH,0.336,neutro,0.0,0.0,0.0,31.7,desfavoravel,-0.02,0.475,-36.7,0.348,1.29,0.869,0.504,0.15,0.238,
131516,JP Chermont,CFC,Lateral,6,4.51,0.0,2.7,12,0.0,False,True,CHA,0.076,neutro,2.993,1.53,1.0,56.3,neutro,2.87,0.925,30.0,0.672,1.35,0.632,1.073,0.225,0.567,
90061,Bruno Pacheco,CHA,Lateral,7,6.02,0.0,3.92,11,0.0,False,False,CFC,0.023,neutro,3.715,2.56,1.0,39.5,desfavoravel,2.54,0.9,-30.0,0.632,1.073,0.672,1.35,0.15,0.456,
93988,Breno Lopes,CFC,Atacante,7,9.09,0.02,5.42,18,2.3,True,True,CHA,0.904,valor_bom,5.25,1.86,1.0,56.4,neutro,2.62,0.725,30.0,0.672,1.35,0.632,1.073,0.225,0.567,
130048,Noriega,GRE,Zagueiro,7,7.45,0.0,4.21,14,0.0,False,True,SAO,0.743,valor_bom,4.055,2.78,1.0,55.4,neutro,3.08,0.7,32.7,1.273,1.385,0.64,1.217,0.35,0.409,
70666,Marllon,REM,Zagueiro,3,4.62,-0.68,2.67,20,-3.0,True,True,CAM,0.297,neutro,2.628,2.07,1.0,48.7,neutro,2.09,0.55,6.9,0.875,0.865,1.12,0.64,0.4,0.324,0.443
100342,Léo Andrade,REM,Zagueiro,7,4.79,0.0,2.95,4,0.0,False,True,CAM,0.246,neutro,2.665,2.95,0.5,48.7,neutro,2.52,0.55,6.9,0.875,0.865,1.12,0.64,0.4,0.324,0.443
114040,Minda,CAM,Atacante,7,8.13,0.0,4.22,10,0.0,False,False,REM,0.471,neutro,4.508,2.12,1.0,51.2,neutro,4.93,0.55,-6.9,1.12,0.64,0.875,0.865,0.725,0.203,0.443
103183,Andrew,FLA,Goleiro,6,3.0,0.0,0.0,0,0.0,False,True,VIT,-1.495,armadilha_leve,0.0,0.0,0.0,71.1,neutro,1.81,0.85,54.6,0.973,1.111,0.382,1.219,0.625,0.752,
116034,Victor Hugo,CAM,Meia,7,7.66,0.0,3.91,17,0.0,False,False,REM,0.494,neutro,3.96,2.44,1.0,52.2,neutro,2.44,0.55,-6.9,1.12,0.64,0.875,0.865,0.725,0.203,0.443
106708,Igor Formiga,MIR,Lateral,7,7.84,-1.36,5.02,15,3.2,True,False,CRU,0.718,valor_bom,5.077,3.82,1.0,46.6,neutro,3.21,0.6,-30.0,1.043,0.593,0.933,0.56,0.725,0.481,
89256,Gerson,CRU,Meia,7,9.04,0.2,4.37,19,6.3,True,True,MIR,0.393,neutro,4.28,3.84,1.0,58.3,neutro,3.05,0.65,30.0,0.933,0.56,1.043,0.593,0.675,0.556,
83433,Patrick,REM,Meia,6,6.32,0.49,4.07,18,8.7,True,True,CAM,1.182,valor_bom,4.069,4.07,1.0,36.2,neutro,5.17,0.15,6.9,0.875,0.865,1.12,0.64,0.4,0.324,0.443
70449,Gabriel,VIT,Goleiro,6,5.02,0.0,0.9,3,0.0,False,False,FLA,-0.637,armadilha_leve,2.068,0.0,0.375,28.2,desfavoravel,1.35,0.025,-54.6,0.382,1.219,0.973,1.111,0.25,0.31,
102909,Luan,SAO,Meia,6,2.69,0.0,0.96,7,0.0,False,False,GRE,-0.331,neutro,0.951,0.96,0.875,46.1,neutro,1.58,0.725,-32.7,0.64,1.217,1.273,1.385,0.225,0.173,
69208,Gabriel Paulista,COR,Zagueiro,7,8.97,0.0,4.54,15,0.0,False,False,RBB,0.478,neutro,4.276,2.94,1.0,46.0,neutro,2.98,0.325,-20.0,1.527,0.42,1.385,0.4,0.725,0.294,
141873,Jacaré,COR,Lateral,6,2.0,0.0,0.0,0,0.0,False,False,RBB,-1.095,armadilha_leve,0.0,0.0,0.0,47.2,neutro,0.7,0.325,-20.0,1.527,0.42,1.385,0.4,0.725,0.294,
141131,Vitão,CAM,Zagueiro,6,1.0,0.0,0.0,0,0.0,False,False,REM,0.395,neutro,0.0,0.0,0.0,51.6,neutro,0.91,0.725,-6.9,1.12,0.64,0.875,0.865,0.725,0.203,0.443
123689,Milans,COR,Lateral,6,8.55,0.59,5.28,5,6.5,True,False,RBB,0.606,valor_bom,5.221,3.48,0.625,47.2,neutro,3.76,0.325,-20.0,1.527,0.42,1.385,0.4,0.725,0.294,
106302,Preciado,CAM,Lateral,6,6.46,0.0,3.3,8,0.0,False,False,REM,-0.577,armadilha_leve,3.366,2.55,1.0,52.9,neutro,2.77,0.725,-6.9,1.12,0.64,0.875,0.865,0.725,0.203,0.443
94154,Maycon,CAM,Meia,2,5.41,0.0,2.8,12,0.0,False,False,REM,-0.31,neutro,2.475,1.97,1.0,52.2,neutro,2.93,0.55,-6.9,1.12,0.64,0.875,0.865,0.725,0.203,0.443
71536,Luiz Gustavo,CAP,Meia,7,6.43,0.0,3.55,13,0.0,False,False,SAN,0.742,valor_bom,3.747,2.78,1.0,61.8,neutro,2.56,0.825,-17.8,1.05,0.442,1.103,1.333,0.85,0.261,
103388,Emmanuel Martínez,VIT,Meia,7,5.66,-0.5,3.1,14,-1.9,True,False,FLA,0.745,valor_bom,3.451,3.1,1.0,27.3,desfavoravel,2.31,0.275,-54.6,0.382,1.219,0.973,1.111,0.25,0.31,
113125,Picco,REM,Meia,7,8.25,1.97,3.76,18,15.7,True,True,CAM,0.148,neutro,3.854,3.2,1.0,36.2,neutro,6.23,0.15,6.9,0.875,0.865,1.12,0.64,0.4,0.324,0.443
105157,Villagra,INT,Meia,6,5.2,-0.36,2.05,16,1.7,True,False,PAL,-0.74,armadilha_leve,2.029,2.05,1.0,25.1,desfavoravel,2.5,0.2,-43.4,0.548,1.556,1.326,0.787,0.15,0.178,
110633,Gustavo,CFC,Meia,6,3.3,0.0,0.9,4,0.0,False,True,CHA,-0.02,neutro,1.625,0.9,0.5,56.2,neutro,2.26,0.725,30.0,0.672,1.35,0.632,1.073,0.225,0.567,
146374,Gilberto Junior,CAP,Lateral,6,6.14,0.0,4.62,6,0.0,False,False,SAN,0.214,neutro,3.942,3.62,0.75,50.3,neutro,3.1,0.475,-17.8,1.05,0.442,1.103,1.333,0.85,0.261,
141614,Paulinho,SAO,Atacante,6,2.0,0.0,0.0,0,0.0,False,False,GRE,-0.657,armadilha_leve,0.0,0.0,0.0,44.9,neutro,0.6,0.725,-32.7,0.64,1.217,1.273,1.385,0.225,0.173,
142265,Dell,BAH,Atacante,6,1.82,0.0,0.65,4,0.0,False,True,VAS,0.211,neutro,0.695,0.65,0.5,68.3,favoravel,2.31,0.85,36.7,0.869,0.504,0.348,1.29,0.625,0.485,
105842,Edu,VIT,Zagueiro,5,4.13,0.0,1.5,1,0.0,False,False,FLA,0.322,neutro,2.409,1.5,0.125,27.3,desfavoravel,1.5,0.025,-54.6,0.382,1.219,0.973,1.111,0.25,0.31,
130309,Rodrigo Falcão,SAN,Goleiro,6,1.0,0.0,0.0,0,0.0,False,True,CAP,0.336,neutro,0.0,0.0,0.0,48.2,neutro,0.75,0.75,17.8,1.103,1.333,1.05,0.442,0.35,0.444,
147864,Rafael Monti,REM,Atacante,6,3.56,0.0,0.0,1,0.0,False,True,CAM,0.129,neutro,2.063,0.0,0.125,34.7,neutro,1.59,0.15,6.9,0.875,0.865,1.12,0.64,0.4,0.324,0.443
95362,Cassierra,CAM,Atacante,7,5.78,0.0,2.33,16,0.0,False,False,REM,-0.79,armadilha_leve,2.327,1.02,1.0,51.2,neutro,3.4,0.55,-6.9,1.12,0.64,0.875,0.865,0.725,0.203,0.443
105089,Tetê,GRE,Atacante,5,9.09,0.0,3.73,15,0.0,False,True,SAO,-0.202,neutro,4.126,2.66,1.0,55.8,neutro,3.11,0.35,32.7,1.273,1.385,0.64,1.217,0.35,0.409,
86859,José Welison,REM,Meia,7,4.04,0.0,2.65,17,0.0,False,True,CAM,0.44,neutro,2.438,2.65,1.0,36.2,neutro,2.43,0.15,6.9,0.875,0.865,1.12,0.64,0.4,0.324,0.443
107859,Fintelman,VIT,Goleiro,6,2.0,0.0,0.0,0,0.0,False,False,FLA,-0.735,armadilha_leve,0.0,0.0,0.0,28.2,desfavoravel,-0.18,0.025,-54.6,0.382,1.219,0.973,1.111,0.25,0.31,
