atleta_id,nome,clube,posicao,status_id,preco,variacao,media,jogos,pontos_rodada,entrou_em_campo,mandante,adversario,residuo_z,armadilha_label,media_bayesiana,pb_media,confiabilidade,score_confronto_100,condicao_mando,pontos_esperados,oportunidade_confronto,vantagem_mando,time_momentum_of,time_momentum_def,adv_momentum_of,adv_momentum_def,forma_score_time,prob_vitoria,prob_gols
141125,Robert,CAM,Goleiro,6,1.0,0.0,0.0,0,0.0,False,False,CAP,0.167,neutro,0.0,0.0,0.0,20.8,desfavoravel,1.8,0.05,-40.5,0.9,0.844,1.563,2.1,0.6,0.239,
106907,Rafael Lacerda,CHA,Técnico,7,8.35,0.13,5.14,9,5.12,True,False,VIT,0.181,neutro,5.009,5.14,1.0,29.7,desfavoravel,4.27,0.25,-50.0,1.117,0.713,1.0,1.2,0.45,0.171,
144889,Victor Gabriel,PAL,Meia,6,1.0,0.0,0.0,0,0.0,False,True,BAH,0.639,valor_bom,0.0,0.0,0.0,54.4,neutro,2.19,0.425,24.5,0.834,0.533,1.433,1.12,0.675,0.581,
145703,Kaio Nóbrega,FLA,Meia,6,1.0,0.0,0.0,0,0.0,False,False,SAN,0.639,valor_bom,0.0,0.0,0.0,64.9,neutro,2.32,0.725,11.9,1.018,0.487,1.185,0.675,1.0,0.504,
147736,Pepê Fermino,SAN,Meia,6,1.0,0.0,0.0,0,0.0,False,True,FLA,0.639,valor_bom,0.0,0.0,0.0,31.9,neutro,1.93,0.1,-11.9,1.185,0.675,1.018,0.487,0.95,0.235,
146663,Kauan Lima,PAL,Goleiro,6,1.0,0.0,0.0,0,0.0,False,True,BAH,0.167,neutro,0.0,0.0,0.0,48.2,neutro,2.12,0.15,24.5,0.834,0.533,1.433,1.12,0.675,0.581,
151003,Eduardo,PAL,Atacante,6,1.0,0.0,0.0,0,0.0,False,True,BAH,0.566,valor_bom,0.0,0.0,0.0,53.9,neutro,2.19,0.425,24.5,0.834,0.533,1.433,1.12,0.675,0.581,
150995,Sayago,FLA,Meia,6,2.0,0.0,0.0,0,0.0,False,False,SAN,-0.934,armadilha_leve,0.0,0.0,0.0,64.9,neutro,2.32,0.725,11.9,1.018,0.487,1.185,0.675,1.0,0.504,
141536,Yuri Alves,RBB,Meia,6,1.55,0.0,1.05,4,0.0,False,True,MIR,1.121,valor_bom,1.059,1.05,0.5,53.2,neutro,2.33,0.6,28.2,0.982,1.394,1.188,0.8,0.225,0.543,
147544,Gabriel Menegon,GRE,Goleiro,6,1.81,0.0,0.0,1,0.0,False,False,REM,2.607,valor_oculto,3.661,0.0,0.125,53.5,neutro,3.85,0.825,-23.8,1.12,1.032,0.875,1.191,0.25,0.299,
145413,Rafael Coutinho,PAL,Meia,6,1.0,0.0,0.0,0,0.0,False,True,BAH,0.639,valor_bom,0.0,0.0,0.0,54.4,neutro,2.19,0.425,24.5,0.834,0.533,1.433,1.12,0.675,0.581,
148126,Weimar Palacios,RBB,Zagueiro,6,1.0,0.0,0.0,0,0.0,False,True,MIR,0.218,neutro,0.0,0.0,0.0,60.9,favoravel,2.27,0.75,28.2,0.982,1.394,1.188,0.8,0.225,0.543,
37715,Thiago Silva,FLU,Zagueiro,7,6.17,-0.66,2.82,4,2.0,True,True,CFC,0.523,valor_bom,3.676,2.07,0.5,52.2,neutro,3.86,0.3,33.4,1.273,1.244,1.362,1.693,0.675,0.614,
97101,Gabriel Rojas,CRU,Lateral,7,6.0,-0.06,2.85,8,2.6,True,True,SAO,-0.72,armadilha_leve,3.254,2.48,1.0,75.1,neutro,3.15,0.825,38.1,1.333,1.12,0.844,0.72,0.6,0.516,
130279,Lukas Zuccarello,VAS,Meia,6,2.32,0.0,1.3,1,0.0,False,False,BOT,0.137,neutro,1.089,1.3,0.125,75.8,favoravel_visitante,2.88,0.95,-29.5,1.747,0.922,0.546,0.996,0.7,0.338,
114208,Alejo Véliz,BAH,Atacante,7,6.73,-0.46,5.46,9,1.5,True,False,PAL,1.785,valor_oculto,5.217,2.24,1.0,29.0,desfavoravel,4.76,0.05,-24.5,1.433,1.12,0.834,0.533,0.7,0.18,
94214,Léo Duarte,CAM,Zagueiro,6,5.0,0.0,0.0,0,0.0,False,False,CAP,-3.438,armadilha_forte,0.0,0.0,0.0,20.0,desfavoravel,1.79,0.05,-40.5,0.9,0.844,1.563,2.1,0.6,0.239,
51413,Walter,MIR,Goleiro,7,6.3,1.24,3.05,21,10.2,True,False,RBB,-0.197,neutro,3.417,2.57,1.0,47.5,neutro,4.14,0.55,-28.2,1.188,0.8,0.982,1.394,0.675,0.198,
130307,Wallace,GRE,Zagueiro,7,6.52,1.45,4.15,7,10.6,True,False,REM,0.921,valor_bom,4.125,2.86,0.875,53.3,neutro,3.76,0.825,-23.8,1.12,1.032,0.875,1.191,0.25,0.299,
102310,Matheus Felipe,REM,Zagueiro,6,3.85,0.0,2.03,3,0.0,False,True,GRE,0.376,neutro,2.507,1.03,0.375,65.7,favoravel,3.24,0.95,23.8,0.875,1.191,1.12,1.032,0.0,0.417,
107203,Max,CHA,Meia,5,4.39,0.0,1.85,2,0.0,False,False,VIT,-0.25,neutro,2.2,1.85,0.25,29.4,desfavoravel,3.02,0.25,-50.0,1.117,0.713,1.0,1.2,0.45,0.171,
130443,Luciano,CHA,Zagueiro,6,1.0,0.0,0.0,0,0.0,False,False,VIT,0.218,neutro,0.0,0.0,0.0,49.4,neutro,2.13,0.825,-50.0,1.117,0.713,1.0,1.2,0.45,0.171,
108946,Victor Sá,SAO,Atacante,6,5.51,0.0,3.06,5,0.0,False,False,CRU,-0.704,armadilha_leve,2.766,2.06,0.625,38.2,desfavoravel,2.87,0.55,-38.1,0.844,0.72,1.333,1.12,0.65,0.222,
103626,Ocampo,CFC,Atacante,5,4.51,0.0,1.1,3,0.0,False,False,FLU,-0.782,armadilha_leve,2.178,1.1,0.375,39.6,desfavoravel,2.8,0.325,-33.4,1.362,1.693,1.273,1.244,0.375,0.144,
151120,Jorge Rivaldo,CAP,Atacante,6,5.0,1.48,2.28,4,8.6,True,True,CAM,-0.738,armadilha_leve,2.482,0.28,0.5,55.8,neutro,3.02,0.15,40.5,1.563,2.1,0.9,0.844,0.6,0.482,
105901,Edson Fernando,REM,Meia,3,1.76,0.0,-1.05,2,0.0,False,True,GRE,0.25,neutro,0.64,0.0,0.25,43.8,neutro,2.2,0.525,23.8,0.875,1.191,1.12,1.032,0.0,0.417,
101995,Brítez,VIT,Zagueiro,6,4.55,0.02,2.4,8,0.9,True,True,CHA,-0.028,neutro,2.543,1.65,1.0,73.6,neutro,3.28,0.825,50.0,1.0,1.2,1.117,0.713,0.325,0.585,
124369,Léo Aragão,CRU,Goleiro,6,2.0,0.0,0.0,0,0.0,False,True,SAO,-0.929,armadilha_leve,0.0,0.0,0.0,75.8,neutro,2.44,0.825,38.1,1.333,1.12,0.844,0.72,0.6,0.516,
106199,Gabriel Pec,CRU,Atacante,5,7.94,0.0,4.1,1,0.0,False,True,SAO,0.703,valor_bom,4.849,4.1,0.125,56.1,neutro,4.45,0.325,38.1,1.333,1.12,0.844,0.72,0.6,0.516,
123445,Dantas,CAP,Zagueiro,7,4.84,-0.26,2.52,5,0.9,True,True,CAM,-0.1,neutro,2.622,1.52,0.625,64.0,neutro,3.07,0.7,40.5,1.563,2.1,0.9,0.844,0.6,0.482,
120681,Marco Moreno,BAH,Zagueiro,6,4.0,0.0,0.0,0,0.0,False,False,PAL,-2.832,armadilha_forte,0.0,0.0,0.0,33.3,desfavoravel,1.95,0.125,-24.5,1.433,1.12,0.834,0.533,0.7,0.18,
128177,Pedro Emanuel,VAS,Técnico,7,11.33,1.29,6.3,8,13.55,True,False,BOT,0.418,neutro,6.492,6.3,1.0,73.4,favoravel_visitante,4.77,0.95,-29.5,1.747,0.922,0.546,0.996,0.7,0.338,
151294,Juan Ferreira,CHA,Meia,6,1.0,0.0,0.0,0,0.0,False,False,VIT,0.639,valor_bom,0.0,0.0,0.0,29.4,desfavoravel,1.9,0.25,-50.0,1.117,0.713,1.0,1.2,0.45,0.171,
99267,Pochettino,VIT,Meia,6,5.0,0.0,2.3,8,0.0,False,True,CHA,-0.539,armadilha_leve,2.294,2.3,1.0,66.4,neutro,2.65,0.75,50.0,1.0,1.2,1.117,0.713,0.325,0.585,
103967,Bruno Santos,MIR,Atacante,7,4.8,-1.77,4.12,9,1.5,True,False,RBB,0.596,valor_bom,3.396,2.34,1.0,47.6,neutro,3.18,0.45,-28.2,1.188,0.8,0.982,1.394,0.675,0.198,
117061,Gabriel Knesowitsch,MIR,Zagueiro,6,1.41,0.0,-0.2,6,0.0,False,False,RBB,0.531,valor_bom,0.754,0.0,0.75,47.2,neutro,1.99,0.55,-28.2,1.188,0.8,0.982,1.394,0.675,0.198,
141763,Fabiano Souza,VIT,Lateral,5,3.85,0.0,0.23,3,0.0,False,True,CHA,-1.348,armadilha_leve,1.546,0.23,0.375,72.9,neutro,3.47,0.825,50.0,1.0,1.2,1.117,0.713,0.325,0.585,
113558,Bruninho,RBB,Meia,6,4.0,0.0,0.0,0,0.0,False,True,MIR,-2.917,armadilha_forte,0.0,0.0,0.0,53.2,neutro,2.18,0.6,28.2,0.982,1.394,1.188,0.8,0.225,0.543,
112985,Peralta,CRU,Meia,5,4.0,0.0,0.0,0,0.0,False,True,SAO,-2.917,armadilha_forte,0.0,0.0,0.0,57.2,neutro,2.23,0.325,38.1,1.333,1.12,0.844,0.72,0.6,0.516,
109114,Matheus Nascimento,GRE,Atacante,6,4.01,0.0,1.2,1,0.0,False,False,REM,-0.061,neutro,2.429,1.2,0.125,51.8,neutro,3.37,0.825,-23.8,1.12,1.032,0.875,1.191,0.25,0.299,
103562,Guido Herrera,BAH,Goleiro,6,6.0,0.0,0.0,0,0.0,False,False,PAL,-3.219,armadilha_forte,0.0,0.0,0.0,33.9,desfavoravel,1.95,0.125,-24.5,1.433,1.12,0.834,0.533,0.7,0.18,
126996,Paulinho,VAS,Lateral,6,4.0,0.0,0.0,0,0.0,False,False,BOT,-3.414,armadilha_forte,0.0,0.0,0.0,41.6,neutro,2.04,0.25,-29.5,1.747,0.922,0.546,0.996,0.7,0.338,
99034,Elias,MIR,Lateral,6,3.41,0.0,1.8,1,0.0,False,False,RBB,-0.369,neutro,2.013,1.8,0.125,46.6,neutro,2.98,0.55,-28.2,1.188,0.8,0.982,1.394,0.675,0.198,
91130,Fernandinho,MIR,Atacante,6,3.53,0.0,1.79,7,0.0,False,False,RBB,-1.066,armadilha_leve,1.34,1.79,0.875,47.6,neutro,2.12,0.45,-28.2,1.188,0.8,0.982,1.394,0.675,0.198,
98333,Gabriel Batista,BOT,Goleiro,7,5.72,-0.17,5.18,5,4.5,True,True,VAS,1.192,valor_bom,4.687,4.18,0.625,52.3,neutro,3.81,0.575,29.5,0.546,0.996,1.747,0.922,0.425,0.379,
101352,Bruno Matias,CHA,Meia,6,2.83,-0.28,1.84,9,0.0,True,False,VIT,0.1,neutro,1.474,1.84,1.0,29.4,desfavoravel,2.13,0.25,-50.0,1.117,0.713,1.0,1.2,0.45,0.171,
122121,Túlio Eduardo,CHA,Atacante,7,7.13,1.26,4.43,7,8.2,True,False,VIT,0.907,valor_bom,4.704,1.0,0.875,28.9,desfavoravel,4.43,0.25,-50.0,1.117,0.713,1.0,1.2,0.45,0.171,
97450,Gustavo Mosquito,MIR,Atacante,6,4.99,0.0,3.12,6,0.0,False,False,RBB,-0.299,neutro,2.813,1.79,0.75,47.6,neutro,3.14,0.45,-28.2,1.188,0.8,0.982,1.394,0.675,0.198,
91204,Warleson,BOT,Goleiro,6,6.12,0.0,5.67,3,0.0,False,True,VAS,1.077,valor_bom,4.732,4.0,0.375,52.3,neutro,4.14,0.575,29.5,0.546,0.996,1.747,0.922,0.425,0.379,
151405,Victor Hugo,BOT,Meia,6,1.0,0.0,0.0,0,0.0,False,True,VAS,0.639,valor_bom,0.0,0.0,0.0,54.4,neutro,2.19,0.85,29.5,0.546,0.996,1.747,0.922,0.425,0.379,
124483,Lucas Monzón,BOT,Zagueiro,7,3.24,0.09,1.44,5,1.7,True,True,VAS,-0.477,neutro,1.458,0.84,0.625,52.1,neutro,2.68,0.575,29.5,0.546,0.996,1.747,0.922,0.425,0.379,
151406,Herick,BOT,Zagueiro,6,1.0,0.0,0.0,0,0.0,False,True,VAS,0.218,neutro,0.0,0.0,0.0,52.1,neutro,2.17,0.575,29.5,0.546,0.996,1.747,0.922,0.425,0.379,
151404,Lucas Emanuel,BOT,Atacante,6,1.45,0.0,1.4,1,0.0,False,True,VAS,1.028,valor_bom,0.997,1.4,0.125,52.5,neutro,2.56,0.85,29.5,0.546,0.996,1.747,0.922,0.425,0.379,
146833,Cléber Lucas,BOT,Goleiro,6,1.0,0.0,0.0,0,0.0,False,True,VAS,0.167,neutro,0.0,0.0,0.0,52.3,neutro,2.17,0.575,29.5,0.546,0.996,1.747,0.922,0.425,0.379,
141339,Paulo Roberto,CFC,Atacante,6,4.38,-0.8,3.76,7,-1.6,True,False,FLU,0.562,valor_bom,3.132,0.76,0.875,39.6,desfavoravel,2.86,0.325,-33.4,1.362,1.693,1.273,1.244,0.375,0.144,
118806,Buta,SAO,Lateral,5,5.94,0.0,4.0,1,0.0,False,False,CRU,-0.13,neutro,3.696,4.0,0.125,29.7,desfavoravel,3.6,0.25,-38.1,0.844,0.72,1.333,1.12,0.65,0.222,
91626,Paulinho,BOT,Lateral,6,3.83,0.0,-0.15,2,0.0,False,True,VAS,-1.262,armadilha_leve,1.601,0.0,0.25,51.4,neutro,2.75,0.575,29.5,0.546,0.996,1.747,0.922,0.425,0.379,
151436,Miguel Bilong,PAL,Atacante,6,2.0,0.0,0.0,0,0.0,False,True,BAH,-1.111,armadilha_leve,0.0,0.0,0.0,53.9,neutro,2.19,0.425,24.5,0.834,0.533,1.433,1.12,0.675,0.581,
146964,Filipe Sirio,INT,Goleiro,6,1.0,0.0,0.0,0,0.0,False,True,COR,0.167,neutro,0.0,0.0,0.0,46.7,neutro,2.1,0.45,-2.6,1.12,1.244,0.772,1.75,0.3,0.443,
144424,Vitor Lamounier,CRU,Goleiro,6,2.0,0.0,0.0,0,0.0,False,True,SAO,-0.929,armadilha_leve,0.0,0.0,0.0,75.8,neutro,2.44,0.825,38.1,1.333,1.12,0.844,0.72,0.6,0.516,
146624,Heittor,PAL,Atacante,6,1.15,0.0,0.53,3,0.0,False,True,BAH,1.354,valor_bom,0.833,0.53,0.375,53.9,neutro,2.32,0.425,24.5,0.834,0.533,1.433,1.12,0.675,0.581,
150841,Fabricio Prado,INT,Atacante,6,1.0,0.0,0.0,0,0.0,False,True,COR,0.566,valor_bom,0.0,0.0,0.0,46.6,neutro,2.1,0.25,-2.6,1.12,1.244,0.772,1.75,0.3,0.443,
131762,Isac,SAO,Zagueiro,6,1.0,0.0,0.0,0,0.0,False,False,CRU,0.218,neutro,0.0,0.0,0.0,30.2,desfavoravel,1.91,0.25,-38.1,0.844,0.72,1.333,1.12,0.65,0.222,
150842,Gabriel Vinicius,INT,Meia,6,1.0,0.0,0.0,0,0.0,False,True,COR,0.639,valor_bom,0.0,0.0,0.0,47.6,neutro,2.11,0.25,-2.6,1.12,1.244,0.772,1.75,0.3,0.443,
147468,Wellington,CHA,Goleiro,6,1.0,0.0,0.0,0,0.0,False,False,VIT,0.167,neutro,0.0,0.0,0.0,49.6,neutro,2.14,0.825,-50.0,1.117,0.713,1.0,1.2,0.45,0.171,
151412,Kássio,CHA,Atacante,6,1.49,0.0,1.5,1,0.0,False,False,VIT,0.975,valor_bom,1.008,1.5,0.125,28.9,desfavoravel,2.3,0.25,-50.0,1.117,0.713,1.0,1.2,0.45,0.171,
151440,Gutte,CAM,Meia,6,1.0,0.0,0.0,0,0.0,False,False,CAP,0.639,valor_bom,0.0,0.0,0.0,37.8,desfavoravel,2.0,0.2,-40.5,0.9,0.844,1.563,2.1,0.6,0.239,
122670,Diego Caito,GRE,Lateral,7,6.68,0.0,4.55,6,0.0,False,False,REM,-0.117,neutro,4.04,3.55,0.75,52.7,neutro,4.24,0.825,-23.8,1.12,1.032,0.875,1.191,0.25,0.299,
109097,Jovane Cabral,GRE,Atacante,6,6.44,-1.18,2.92,5,0.2,True,False,REM,0.57,valor_bom,4.165,1.92,0.625,51.8,neutro,4.08,0.825,-23.8,1.12,1.032,0.875,1.191,0.25,0.299,
141160,Zé Lucas,CRU,Meia,6,4.87,-0.25,2.13,7,0.8,True,True,SAO,-0.562,armadilha_leve,2.214,2.13,0.875,57.2,neutro,2.62,0.325,38.1,1.333,1.12,0.844,0.72,0.6,0.516,
114801,Danilo Pereira,BOT,Atacante,7,5.06,-0.55,3.05,7,0.5,True,True,VAS,-0.363,neutro,2.801,2.34,0.875,52.5,neutro,2.89,0.85,29.5,0.546,0.996,1.747,0.922,0.425,0.379,
93637,Bruno Tubarão,CHA,Lateral,5,3.17,0.0,1.1,1,0.0,False,False,VIT,-0.236,neutro,1.935,1.1,0.125,48.8,neutro,3.25,0.825,-50.0,1.117,0.713,1.0,1.2,0.45,0.171,
95541,Gustavo Cazonatti,MIR,Meia,5,3.42,0.0,2.33,6,0.0,False,False,RBB,-0.279,neutro,1.606,2.33,0.75,49.5,neutro,2.46,0.45,-28.2,1.188,0.8,0.982,1.394,0.675,0.198,
107093,Luciano Juba,BAH,Lateral,7,10.8,-0.85,7.04,24,3.5,True,False,PAL,1.292,valor_bom,6.576,3.71,1.0,32.8,desfavoravel,5.42,0.125,-24.5,1.433,1.12,0.834,0.533,0.7,0.18,
100596,Krovinovic,GRE,Meia,7,4.71,0.0,2.14,5,0.0,False,False,REM,-0.432,neutro,2.231,2.14,0.625,54.0,neutro,3.05,0.825,-23.8,1.12,1.032,0.875,1.191,0.25,0.299,
106950,Fernando,CHA,Lateral,6,3.6,-0.34,1.85,8,-1.3,True,False,VIT,-0.629,armadilha_leve,1.945,1.48,1.0,48.8,neutro,2.36,0.825,-50.0,1.117,0.713,1.0,1.2,0.45,0.171,
151292,Felipe Morais,CRU,Meia,6,4.36,0.08,4.75,4,4.9,True,True,SAO,0.993,valor_bom,3.108,3.5,0.5,57.2,neutro,3.32,0.325,38.1,1.333,1.12,0.844,0.72,0.6,0.516,
144976,Domingos Andrade,BOT,Meia,6,5.04,0.0,1.5,1,0.0,False,True,VAS,-0.692,armadilha_leve,2.2,1.5,0.125,54.4,neutro,3.16,0.85,29.5,0.546,0.996,1.747,0.922,0.425,0.379,
141344,Vitor Tissi,CFC,Meia,6,1.83,0.57,1.27,7,3.5,True,False,FLU,0.852,valor_bom,1.16,1.27,0.875,40.9,neutro,1.97,0.325,-33.4,1.362,1.693,1.273,1.244,0.375,0.144,
127871,Vargas,CAP,Atacante,6,9.27,2.05,5.22,6,12.0,True,True,CAM,0.408,neutro,5.062,1.39,0.75,55.8,neutro,3.99,0.15,40.5,1.563,2.1,0.9,0.844,0.6,0.482,
109461,Calebe,INT,Meia,5,4.65,0.0,0.83,3,0.0,False,True,COR,-0.849,armadilha_leve,1.89,0.83,0.375,47.6,neutro,2.87,0.25,-2.6,1.12,1.244,0.772,1.75,0.3,0.443,
106313,Domingos Duarte,SAO,Zagueiro,2,8.02,-0.36,6.06,5,5.8,True,False,CRU,1.221,valor_bom,4.856,4.86,0.625,30.2,desfavoravel,3.77,0.25,-38.1,0.844,0.72,1.333,1.12,0.65,0.222,
117314,Thiago Borbas,CAM,Atacante,6,5.75,0.0,4.3,3,0.0,False,False,CAP,-0.482,neutro,3.051,1.63,0.375,36.7,desfavoravel,3.18,0.2,-40.5,0.9,0.844,1.563,2.1,0.6,0.239,
114323,Colidio,VAS,Atacante,7,11.2,0.61,8.13,6,12.6,True,False,BOT,1.323,valor_bom,6.309,4.13,0.75,72.1,favoravel_visitante,5.36,0.95,-29.5,1.747,0.922,0.546,0.996,0.7,0.338,
147201,João Kempes,INT,Meia,6,2.0,0.0,0.0,0,0.0,False,True,COR,-0.934,armadilha_leve,0.0,0.0,0.0,47.6,neutro,2.11,0.25,-2.6,1.12,1.244,0.772,1.75,0.3,0.443,
117909,Wesley,CRU,Atacante,6,6.97,-0.11,2.45,6,2.5,True,True,SAO,-0.094,neutro,3.875,1.12,0.75,56.1,neutro,3.46,0.325,38.1,1.333,1.12,0.844,0.72,0.6,0.516,
102255,Santiago Sosa,VAS,Meia,7,7.94,0.45,4.27,6,5.0,True,False,BOT,0.435,neutro,4.169,4.27,0.75,75.8,favoravel_visitante,3.75,0.95,-29.5,1.747,0.922,0.546,0.996,0.7,0.338,
130444,Rodrigo,CHA,Atacante,6,1.0,0.0,0.0,0,0.0,False,False,VIT,0.566,valor_bom,0.0,0.0,0.0,28.9,desfavoravel,1.9,0.25,-50.0,1.117,0.713,1.0,1.2,0.45,0.171,
142764,Franco Rossi,CHA,Atacante,6,3.91,0.0,2.4,4,0.0,False,False,VIT,0.144,neutro,2.522,2.4,0.5,28.9,desfavoravel,2.75,0.25,-50.0,1.117,0.713,1.0,1.2,0.45,0.171,
86864,Marlon,REM,Lateral,7,6.25,0.53,4.13,6,5.5,True,True,GRE,-0.104,neutro,3.86,4.13,0.75,65.0,neutro,4.05,0.95,23.8,0.875,1.191,1.12,1.032,0.0,0.417,
77510,Fred,CAM,Meia,7,7.47,-0.5,3.0,4,4.1,True,False,CAP,0.053,neutro,3.729,3.0,0.5,37.8,desfavoravel,3.69,0.2,-40.5,0.9,0.844,1.563,2.1,0.6,0.239,
130121,João Costa,CRU,Atacante,6,3.85,0.0,1.48,6,0.0,False,True,SAO,-0.343,neutro,2.11,1.48,0.75,56.1,neutro,2.66,0.325,38.1,1.333,1.12,0.844,0.72,0.6,0.516,
104649,Heitor,CHA,Lateral,5,8.3,0.0,7.05,4,0.0,False,False,VIT,1.308,valor_bom,5.805,5.05,0.5,48.8,neutro,4.49,0.825,-50.0,1.117,0.713,1.0,1.2,0.45,0.171,
151492,Marquinhos,RBB,Lateral,6,1.0,0.0,0.0,0,0.0,False,True,MIR,0.371,neutro,0.0,0.0,0.0,60.2,favoravel,2.26,0.75,28.2,0.982,1.394,1.188,0.8,0.225,0.543,
87747,Yago Felipe,CHA,Meia,7,8.64,0.48,5.65,6,5.4,True,False,VIT,0.937,valor_bom,4.76,4.82,0.75,29.4,desfavoravel,4.4,0.25,-50.0,1.117,0.713,1.0,1.2,0.45,0.171,
123795,Lucho Rodríguez,CRU,Atacante,6,7.48,0.0,3.27,4,0.0,False,True,SAO,0.316,neutro,4.385,0.77,0.5,56.1,neutro,3.9,0.325,38.1,1.333,1.12,0.844,0.72,0.6,0.516,
124961,Castaño,CAM,Meia,7,4.16,-0.91,1.0,5,0.0,True,False,CAP,-0.629,armadilha_leve,1.792,1.0,0.625,37.8,desfavoravel,2.66,0.2,-40.5,0.9,0.844,1.563,2.1,0.6,0.239,
73476,Marcão,FLU,Técnico,7,12.29,0.16,7.48,6,7.55,True,True,CFC,0.847,valor_bom,7.026,7.48,0.75,86.4,favoravel,5.74,0.75,33.4,1.273,1.244,1.362,1.693,0.675,0.614,
86777,Danilo Barbosa,GRE,Meia,7,4.05,-0.56,0.8,4,1.0,True,False,REM,-0.546,armadilha_leve,1.792,0.8,0.5,54.0,neutro,2.68,0.825,-23.8,1.12,1.032,0.875,1.191,0.25,0.299,
106843,Borrero,CHA,Meia,6,3.99,0.0,1.5,3,0.0,False,False,VIT,-0.121,neutro,2.073,1.5,0.375,29.4,desfavoravel,2.63,0.25,-50.0,1.117,0.713,1.0,1.2,0.45,0.171,
85035,Sanabria,INT,Atacante,6,3.31,-0.57,-0.17,4,0.0,True,True,COR,-1.86,armadilha_forte,0.574,0.0,0.5,46.6,neutro,2.03,0.25,-2.6,1.12,1.244,0.772,1.75,0.3,0.443,
151600,Miguel Carvalho,CHA,Meia,6,4.65,0.13,2.55,4,3.0,True,False,VIT,-0.197,neutro,2.375,2.55,0.5,29.4,desfavoravel,3.22,0.25,-50.0,1.117,0.713,1.0,1.2,0.45,0.171,
151632,Lemos,CAM,Zagueiro,6,1.0,0.0,0.0,0,0.0,False,False,CAP,0.218,neutro,0.0,0.0,0.0,20.0,desfavoravel,1.79,0.05,-40.5,0.9,0.844,1.563,2.1,0.6,0.239,
146814,Josmar,FLA,Atacante,6,2.0,0.0,0.0,0,0.0,False,False,SAN,-1.111,armadilha_leve,0.0,0.0,0.0,63.3,neutro,2.3,0.725,11.9,1.018,0.487,1.185,0.675,1.0,0.504,
138941,Bruno Duarte,VAS,Atacante,7,10.12,2.73,8.3,3,15.7,True,False,BOT,1.119,valor_bom,5.859,3.97,0.375,72.1,favoravel_visitante,5.11,0.95,-29.5,1.747,0.922,0.546,0.996,0.7,0.338,
151289,Kelvin,CRU,Zagueiro,6,1.0,0.0,0.0,0,0.0,False,True,SAO,0.218,neutro,0.0,0.0,0.0,75.9,favoravel,2.44,0.825,38.1,1.333,1.12,0.844,0.72,0.6,0.516,
101237,Eliasson,INT,Atacante,6,2.56,-0.45,0.1,5,0.0,True,True,COR,-1.008,armadilha_leve,0.621,0.1,0.625,46.6,neutro,1.96,0.25,-2.6,1.12,1.244,0.772,1.75,0.3,0.443,
140908,Bruno Bertinato,PAL,Goleiro,6,3.0,0.0,0.0,0,0.0,False,True,BAH,-1.707,armadilha_forte,0.0,0.0,0.0,48.2,neutro,2.12,0.15,24.5,0.834,0.533,1.433,1.12,0.675,0.581,
140167,Luizinho,COR,Atacante,6,1.0,0.0,0.0,0,0.0,False,False,INT,0.566,valor_bom,0.0,0.0,0.0,37.6,neutro,2.0,0.55,2.6,0.772,1.75,1.12,1.244,0.0,0.267,
107300,Alex Bruno,VIT,Atacante,6,3.49,-0.54,0.65,2,0.0,True,True,CHA,-1.621,armadilha_forte,0.887,0.65,0.25,65.4,neutro,2.57,0.75,50.0,1.0,1.2,1.117,0.713,0.325,0.585,
141954,Khensane,CFC,Meia,6,1.0,0.0,0.0,0,0.0,False,False,FLU,0.639,valor_bom,0.0,0.0,0.0,40.9,neutro,2.04,0.325,-33.4,1.362,1.693,1.273,1.244,0.375,0.144,
141335,Lucas Crepaldi,CFC,Atacante,6,1.0,0.0,0.0,0,0.0,False,False,FLU,0.566,valor_bom,0.0,0.0,0.0,39.6,desfavoravel,2.02,0.325,-33.4,1.362,1.693,1.273,1.244,0.375,0.144,
73992,Rodinei,SAN,Lateral,7,6.02,-0.69,1.0,2,0.7,True,True,FLA,-0.892,armadilha_leve,3.126,1.0,0.25,35.1,neutro,3.29,0.0,-11.9,1.185,0.675,1.018,0.487,0.95,0.235,
145781,Bruno André,VAS,Zagueiro,6,1.0,0.0,0.0,0,0.0,False,False,BOT,0.218,neutro,0.0,0.0,0.0,42.2,neutro,2.05,0.25,-29.5,1.747,0.922,0.546,0.996,0.7,0.338,
122390,Rodrigo Gelado,CFC,Lateral,6,1.76,-0.24,0.0,1,0.0,True,False,FLU,1.316,valor_bom,1.813,0.0,0.125,23.6,desfavoravel,2.62,0.25,-33.4,1.362,1.693,1.273,1.244,0.375,0.144,
130252,Euder,VAS,Meia,6,1.0,0.0,0.0,0,0.0,False,False,BOT,0.639,valor_bom,0.0,0.0,0.0,75.8,favoravel_visitante,2.44,0.95,-29.5,1.747,0.922,0.546,0.996,0.7,0.338,
108602,Valencia,FLA,Atacante,6,5.91,0.0,1.5,1,0.0,False,False,SAN,-1.348,armadilha_leve,2.462,1.5,0.125,63.3,neutro,3.39,0.725,11.9,1.018,0.487,1.185,0.675,1.0,0.504,
111412,Arthur Chaves,BOT,Zagueiro,6,6.0,0.0,0.0,0,0.0,False,True,VAS,-3.951,armadilha_forte,0.0,0.0,0.0,52.1,neutro,2.17,0.575,29.5,0.546,0.996,1.747,0.922,0.425,0.379,
151742,André Lucas,PAL,Lateral,6,1.0,0.0,0.0,0,0.0,False,True,BAH,0.371,neutro,0.0,0.0,0.0,47.3,neutro,2.11,0.15,24.5,0.834,0.533,1.433,1.12,0.675,0.581,
151825,Gabriel Ibson,CFC,Zagueiro,6,1.0,0.0,0.0,0,0.0,False,False,FLU,0.218,neutro,0.0,0.0,0.0,24.1,desfavoravel,1.84,0.25,-33.4,1.362,1.693,1.273,1.244,0.375,0.144,
150251,Joaquín Freitas,FLA,Atacante,6,4.37,-0.54,2.57,3,1.5,True,False,SAN,-0.152,neutro,2.579,0.9,0.375,63.3,neutro,3.24,0.725,11.9,1.018,0.487,1.185,0.675,1.0,0.504,
117926,Nicolás Fonseca,CFC,Meia,6,4.31,-1.69,-2.6,1,-2.6,True,False,FLU,-0.805,armadilha_leve,1.744,0.0,0.125,40.9,neutro,2.79,0.325,-33.4,1.362,1.693,1.273,1.244,0.375,0.144,
124552,Lescano,VAS,Meia,7,10.74,3.38,9.25,2,15.5,True,False,BOT,0.662,valor_bom,5.124,6.75,0.25,75.8,favoravel_visitante,4.75,0.95,-29.5,1.747,0.922,0.546,0.996,0.7,0.338,
149807,Wanderson,VIT,Lateral,6,1.0,0.0,0.0,0,0.0,False,True,CHA,0.371,neutro,0.0,0.0,0.0,72.9,favoravel,2.41,0.825,50.0,1.0,1.2,1.117,0.713,0.325,0.585,
97133,Dudu,CHA,Lateral,7,5.98,1.98,6.5,1,6.5,True,False,VIT,0.195,neutro,3.974,1.5,0.125,48.8,neutro,4.36,0.825,-50.0,1.117,0.713,1.0,1.2,0.45,0.171,
104387,Gabriel Pereira,VAS,Zagueiro,6,5.0,0.0,0.0,0,0.0,False,False,BOT,-3.438,armadilha_forte,0.0,0.0,0.0,42.2,neutro,2.05,0.25,-29.5,1.747,0.922,0.546,0.996,0.7,0.338,
106147,Thiago Carpini,REM,Técnico,7,8.47,0.63,4.13,1,4.13,True,True,GRE,-0.63,armadilha_leve,4.78,4.13,0.125,43.2,neutro,4.27,0.525,23.8,0.875,1.191,1.12,1.032,0.0,0.417,
80076,Zé Roberto,MIR,Atacante,6,4.06,0.06,1.4,1,1.4,True,False,RBB,-0.074,neutro,2.451,1.4,0.125,47.6,neutro,3.2,0.45,-28.2,1.188,0.8,0.982,1.394,0.675,0.198,
127628,Lautaro López,BAH,Meia,6,4.0,0.0,0.0,0,0.0,False,False,PAL,-2.917,armadilha_forte,0.0,0.0,0.0,29.5,desfavoravel,1.9,0.05,-24.5,1.433,1.12,0.834,0.533,0.7,0.18,
146985,Yago Melo,COR,Zagueiro,6,1.0,0.0,0.0,0,0.0,False,False,INT,0.218,neutro,0.0,0.0,0.0,50.8,neutro,2.15,0.9,2.6,0.772,1.75,1.12,1.244,0.0,0.267,
148439,Darlan Dutra,VIT,Zagueiro,6,1.0,0.0,0.0,0,0.0,False,True,CHA,0.218,neutro,0.0,0.0,0.0,73.6,favoravel,2.42,0.825,50.0,1.0,1.2,1.117,0.713,0.325,0.585,
96678,Bustos,CFC,Lateral,6,4.3,-0.7,-0.3,1,-0.3,True,False,FLU,0.384,neutro,3.218,0.0,0.125,23.6,desfavoravel,3.3,0.25,-33.4,1.362,1.693,1.273,1.244,0.375,0.144,
98974,Viña,CRU,Lateral,6,5.0,0.0,0.0,0,0.0,False,True,SAO,-4.167,armadilha_forte,0.0,0.0,0.0,75.1,neutro,2.43,0.825,38.1,1.333,1.12,0.844,0.72,0.6,0.516,
151347,Ruan Sales,FLU,Meia,6,2.0,0.0,0.0,0,0.0,False,True,CFC,-0.934,armadilha_leve,0.0,0.0,0.0,89.6,neutro,2.6,0.75,33.4,1.273,1.244,1.362,1.693,0.675,0.614,
99520,Ziyech,BOT,Meia,6,9.27,-0.73,1.2,1,1.2,True,True,VAS,-0.638,armadilha_leve,3.772,1.2,0.125,54.4,neutro,3.86,0.85,29.5,0.546,0.996,1.747,0.922,0.425,0.379,
123433,Rosivan,CHA,Meia,6,2.0,0.0,0.0,0,0.0,False,False,VIT,-0.934,armadilha_leve,0.0,0.0,0.0,29.4,desfavoravel,1.9,0.25,-50.0,1.117,0.713,1.0,1.2,0.45,0.171,
101254,Alef Manga,REM,Atacante,6,7.4,0.07,4.02,28,2.0,True,True,GRE,0.146,neutro,4.225,2.06,1.0,42.8,neutro,3.96,0.525,23.8,0.875,1.191,1.12,1.032,0.0,0.417,
105531,Matheus Bidu,COR,Lateral,7,12.13,0.41,7.22,21,5.4,True,False,INT,0.954,valor_bom,6.658,5.12,1.0,50.2,neutro,4.44,0.9,2.6,0.772,1.75,1.12,1.244,0.0,0.267,
109573,Martinelli,FLU,Meia,7,6.65,0.76,2.84,19,10.2,True,True,CFC,-0.249,neutro,3.211,2.05,1.0,89.6,neutro,3.64,0.75,33.4,1.273,1.244,1.362,1.693,0.675,0.614,
105949,Rochet,INT,Goleiro,5,6.28,0.0,3.33,11,0.0,False,True,COR,0.136,neutro,3.772,1.97,1.0,46.7,neutro,3.12,0.45,-2.6,1.12,1.244,0.772,1.75,0.3,0.443,
130525,Pedro Lima,SAO,Lateral,6,7.27,3.27,9.9,1,9.9,True,False,CRU,1.668,valor_oculto,5.706,6.9,0.125,29.7,desfavoravel,4.57,0.25,-38.1,0.844,0.72,1.333,1.12,0.65,0.222,
98617,Maripán,INT,Zagueiro,7,3.53,-0.5,1.76,9,-1.7,True,True,COR,-0.492,neutro,1.623,1.09,1.0,46.3,neutro,2.68,0.45,-2.6,1.12,1.244,0.772,1.75,0.3,0.443,
97810,Erick,VIT,Atacante,7,8.14,-0.04,4.18,23,5.4,True,True,CHA,-0.005,neutro,4.377,2.05,1.0,65.4,neutro,3.67,0.75,50.0,1.0,1.2,1.117,0.713,0.325,0.585,
92171,Arthur Cabral,BOT,Atacante,7,9.48,0.37,5.63,20,3.5,True,True,VAS,0.809,valor_bom,5.434,2.58,1.0,52.5,neutro,4.51,0.85,29.5,0.546,0.996,1.747,0.922,0.425,0.379,
68685,Alan Patrick,INT,Meia,7,7.22,-0.05,3.85,23,3.5,True,True,COR,0.416,neutro,3.913,2.76,1.0,47.6,neutro,3.15,0.25,-2.6,1.12,1.244,0.772,1.75,0.3,0.443,
69012,Santos,CAP,Goleiro,6,7.97,0.0,4.21,22,0.0,False,True,CAM,0.015,neutro,4.255,2.62,1.0,64.1,favoravel,4.15,0.7,40.5,1.563,2.1,0.9,0.844,0.6,0.482,
42234,Cássio,CRU,Goleiro,6,6.89,0.0,1.32,5,0.0,False,True,SAO,-0.604,armadilha_leve,3.203,1.32,0.625,75.8,neutro,3.46,0.825,38.1,1.333,1.12,0.844,0.72,0.6,0.516,
96591,Renan Lodi,CAM,Lateral,7,9.29,-0.46,4.98,23,0.5,True,False,CAP,-0.08,neutro,5.032,3.55,1.0,19.6,desfavoravel,3.7,0.05,-40.5,0.9,0.844,1.563,2.1,0.6,0.239,
68928,Rafael,SAO,Goleiro,7,7.68,0.2,3.37,26,6.8,True,False,CRU,-0.49,neutro,3.608,2.22,1.0,30.8,desfavoravel,3.79,0.25,-38.1,0.844,0.72,1.333,1.12,0.65,0.222,
100898,Vitinho,BOT,Lateral,7,9.03,-0.97,4.86,22,3.1,True,True,VAS,-0.082,neutro,4.946,3.72,1.0,51.4,neutro,4.04,0.575,29.5,0.546,0.996,1.747,0.922,0.425,0.379,
87008,Léo Jardim,VAS,Goleiro,7,6.49,0.11,2.89,26,6.3,True,False,BOT,-0.429,neutro,3.24,2.31,1.0,42.6,neutro,3.77,0.25,-29.5,1.747,0.922,0.546,0.996,0.7,0.338,
106593,Villalba,CRU,Zagueiro,6,7.31,0.84,3.19,15,7.7,True,True,SAO,-0.176,neutro,3.508,1.52,1.0,75.9,neutro,3.26,0.825,38.1,1.333,1.12,0.844,0.72,0.6,0.516,
72294,Everson,CAM,Goleiro,5,9.67,0.0,4.58,23,0.0,False,False,CAP,-0.204,neutro,4.528,3.06,1.0,20.8,desfavoravel,3.38,0.05,-40.5,0.9,0.844,1.563,2.1,0.6,0.239,
103056,Gabriel Brazão,SAN,Goleiro,5,5.21,0.0,2.81,22,0.0,False,True,FLA,-0.16,neutro,2.981,1.67,1.0,36.1,neutro,3.14,0.0,-11.9,1.185,0.675,1.018,0.487,0.95,0.235,
68899,Philippe Coutinho,SAN,Meia,6,13.21,0.0,8.23,3,0.0,False,True,FLA,0.051,neutro,5.221,6.56,0.375,31.9,neutro,4.16,0.1,-11.9,1.185,0.675,1.018,0.487,0.95,0.235,
147878,Alejandro,VIT,Meia,6,2.0,0.0,0.0,0,0.0,False,True,CHA,-0.934,armadilha_leve,0.0,0.0,0.0,66.4,neutro,2.33,0.75,50.0,1.0,1.2,1.117,0.713,0.325,0.585,
80196,Yago Pikachu,REM,Meia,7,5.34,0.62,2.41,27,5.5,True,True,GRE,-0.079,neutro,2.795,1.48,1.0,43.8,neutro,3.59,0.525,23.8,0.875,1.191,1.12,1.032,0.0,0.417,
63007,Neymar,SAN,Meia,5,18.9,0.0,9.78,12,0.0,False,True,FLA,1.816,valor_oculto,7.505,6.45,1.0,31.9,neutro,5.15,0.1,-11.9,1.185,0.675,1.018,0.487,0.95,0.235,
37656,Fábio,FLU,Goleiro,7,9.43,0.22,4.59,27,6.8,True,True,CFC,-0.129,neutro,4.542,3.66,1.0,52.5,neutro,4.23,0.3,33.4,1.273,1.244,1.362,1.693,0.675,0.614,
105436,Carrascal,FLA,Meia,7,11.5,1.39,6.29,20,10.9,True,False,SAN,1.142,valor_bom,5.662,3.79,1.0,64.9,neutro,4.18,0.725,11.9,1.018,0.487,1.185,0.675,1.0,0.504,
101727,Matheuzinho,COR,Lateral,7,10.63,0.19,6.11,22,6.0,True,False,INT,0.457,neutro,5.863,4.43,1.0,50.2,neutro,4.08,0.9,2.6,0.772,1.75,1.12,1.244,0.0,0.267,
99274,Alexander Barboza,PAL,Zagueiro,7,10.36,0.03,5.3,17,6.7,True,True,BAH,0.529,valor_bom,4.917,3.48,1.0,47.9,neutro,4.28,0.15,24.5,0.834,0.533,1.433,1.12,0.675,0.581,
85425,João Paulo,SAN,Goleiro,6,6.94,0.0,-0.35,2,0.0,False,True,FLA,-0.409,neutro,3.434,0.0,0.25,36.1,neutro,3.45,0.0,-11.9,1.185,0.675,1.018,0.487,0.95,0.235,
90768,Fabrício Bruno,CRU,Zagueiro,2,5.48,0.23,1.81,24,0.0,True,True,SAO,-1.181,armadilha_leve,2.029,1.31,1.0,75.9,neutro,2.63,0.825,38.1,1.333,1.12,0.844,0.72,0.6,0.516,
104758,Enzo Díaz,SAO,Lateral,6,9.04,0.0,3.9,13,0.0,False,False,CRU,-0.787,armadilha_leve,4.388,3.28,1.0,29.7,desfavoravel,3.96,0.25,-38.1,0.844,0.72,1.333,1.12,0.65,0.222,
98484,Kanu,BAH,Zagueiro,7,3.14,-0.08,0.94,5,1.7,True,False,PAL,-0.635,armadilha_leve,1.266,0.34,0.625,33.3,desfavoravel,2.11,0.125,-24.5,1.433,1.12,0.834,0.533,0.7,0.18,
91772,David Duarte,BAH,Zagueiro,7,6.33,0.49,3.94,20,4.7,True,False,PAL,0.835,valor_bom,3.987,2.59,1.0,33.3,desfavoravel,3.29,0.125,-24.5,1.433,1.12,0.834,0.533,0.7,0.18,
97868,Iago,SAO,Lateral,7,6.24,0.2,4.54,10,5.5,True,False,CRU,0.263,neutro,4.148,3.04,1.0,29.7,desfavoravel,3.03,0.25,-38.1,0.844,0.72,1.333,1.12,0.65,0.222,
80313,Gilberto,CAP,Lateral,7,6.69,-0.67,4.4,14,0.0,True,True,CAM,-0.009,neutro,4.13,3.4,1.0,63.3,neutro,3.71,0.7,40.5,1.563,2.1,0.9,0.844,0.6,0.482,
91101,Ronaldo,BAH,Goleiro,7,8.01,0.5,5.03,18,5.8,True,False,PAL,0.531,valor_bom,4.83,3.36,1.0,33.9,desfavoravel,4.6,0.125,-24.5,1.433,1.12,0.834,0.533,0.7,0.18,
61987,Alex Sandro,FLA,Lateral,7,7.71,-0.18,3.13,17,0.3,True,False,SAN,-0.954,armadilha_leve,3.787,2.07,1.0,63.9,neutro,3.19,0.6,11.9,1.018,0.487,1.185,0.675,1.0,0.504,
104783,Acevedo,BAH,Meia,7,7.55,0.04,5.11,25,4.7,True,False,PAL,1.541,valor_oculto,4.863,4.71,1.0,29.5,desfavoravel,3.76,0.05,-24.5,1.433,1.12,0.834,0.533,0.7,0.18,
109401,Erick Pulga,BAH,Atacante,7,8.38,-0.11,4.78,26,7.6,True,False,PAL,0.464,neutro,4.818,3.16,1.0,29.0,desfavoravel,4.06,0.05,-24.5,1.433,1.12,0.834,0.533,0.7,0.18,
123717,Zé Guilherme,BAH,Lateral,6,4.29,0.0,2.88,5,0.0,False,False,PAL,0.569,valor_bom,3.359,2.28,0.625,32.8,desfavoravel,3.05,0.125,-24.5,1.433,1.12,0.834,0.533,0.7,0.18,
113397,Cristian Olivera,BAH,Atacante,7,8.1,0.0,4.1,20,0.0,False,False,PAL,-0.034,neutro,4.341,3.2,1.0,29.0,desfavoravel,3.7,0.05,-24.5,1.433,1.12,0.834,0.533,0.7,0.18,
98517,Jean Lucas,BAH,Meia,7,8.85,-1.47,5.38,23,0.0,True,False,PAL,1.241,valor_bom,5.048,3.86,1.0,29.5,desfavoravel,4.09,0.05,-24.5,1.433,1.12,0.834,0.533,0.7,0.18,
106822,Rodrigo Nestor,BAH,Meia,7,6.04,0.24,3.94,20,4.6,True,False,PAL,1.113,valor_bom,3.984,2.94,1.0,29.5,desfavoravel,4.33,0.05,-24.5,1.433,1.12,0.834,0.533,0.7,0.18,
122994,Victor Nascimento,BAH,Goleiro,6,1.0,0.0,0.0,0,0.0,False,False,PAL,0.167,neutro,0.0,0.0,0.0,33.9,desfavoravel,1.95,0.125,-24.5,1.433,1.12,0.834,0.533,0.7,0.18,
106323,Caio Alexandre,BAH,Meia,6,3.46,-0.39,1.03,17,0.5,True,False,PAL,-1.073,armadilha_leve,1.041,1.03,1.0,29.5,desfavoravel,2.06,0.05,-24.5,1.433,1.12,0.834,0.533,0.7,0.18,
98022,Erick,BAH,Meia,6,6.7,-1.01,4.55,20,3.8,True,False,PAL,1.351,valor_bom,4.419,3.55,1.0,29.5,desfavoravel,4.51,0.05,-24.5,1.433,1.12,0.834,0.533,0.7,0.18,
145379,Kauê Furquim,BAH,Atacante,6,2.15,-0.09,1.35,6,1.7,True,False,PAL,0.149,neutro,1.12,1.35,0.75,29.0,desfavoravel,2.05,0.05,-24.5,1.433,1.12,0.834,0.533,0.7,0.18,
68996,Willian José,BAH,Atacante,6,7.0,0.0,2.33,21,0.0,False,False,PAL,-1.185,armadilha_leve,3.051,0.71,1.0,29.0,desfavoravel,3.04,0.05,-24.5,1.433,1.12,0.834,0.533,0.7,0.18,
72493,Alex Telles,BOT,Lateral,7,8.65,-1.01,4.14,21,2.0,True,True,VAS,-0.573,armadilha_leve,4.428,2.04,1.0,51.4,neutro,3.86,0.575,29.5,0.546,0.996,1.747,0.922,0.425,0.379,
107173,Michel Araújo,BAH,Meia,5,2.37,0.0,0.98,18,0.0,False,False,PAL,-0.033,neutro,1.006,0.7,1.0,29.5,desfavoravel,1.97,0.05,-24.5,1.433,1.12,0.834,0.533,0.7,0.18,
111829,Kayky,INT,Atacante,5,3.63,0.0,1.27,6,0.0,False,True,COR,-0.269,neutro,2.02,1.27,0.75,46.6,neutro,2.52,0.25,-2.6,1.12,1.244,0.772,1.75,0.3,0.443,
123360,Cauly,SAO,Meia,6,6.41,0.0,2.95,15,0.0,False,False,CRU,0.059,neutro,3.348,2.62,1.0,39.3,desfavoravel,3.05,0.55,-38.1,0.844,0.72,1.333,1.12,0.65,0.222,
97341,Rogério Ceni,BAH,Técnico,7,10.23,-0.36,5.72,27,4.16,True,False,PAL,0.199,neutro,5.941,5.72,1.0,29.8,desfavoravel,4.76,0.05,-24.5,1.433,1.12,0.834,0.533,0.7,0.18,
141419,Fredi Lippert,BAH,Zagueiro,6,2.0,0.0,0.0,0,0.0,False,False,PAL,-1.132,armadilha_leve,0.0,0.0,0.0,33.3,desfavoravel,1.95,0.125,-24.5,1.433,1.12,0.834,0.533,0.7,0.18,
101314,Ademir,BAH,Atacante,6,5.05,-0.25,2.2,25,0.1,True,False,PAL,-1.019,armadilha_leve,2.293,1.68,1.0,29.0,desfavoravel,2.8,0.05,-24.5,1.433,1.12,0.834,0.533,0.7,0.18,
111831,Matheus Martins,BOT,Atacante,6,6.69,0.0,4.13,18,0.0,False,True,VAS,0.714,valor_bom,4.38,2.35,1.0,52.5,neutro,4.11,0.85,29.5,0.546,0.996,1.747,0.922,0.425,0.379,
129663,Ruan Pablo,BAH,Atacante,6,1.44,0.0,0.17,3,0.0,False,False,PAL,0.703,valor_bom,0.735,0.17,0.375,29.0,desfavoravel,2.16,0.05,-24.5,1.433,1.12,0.834,0.533,0.7,0.18,
124481,Mateo Ponte,BOT,Lateral,6,5.38,0.0,3.31,10,0.0,False,True,VAS,-0.072,neutro,3.465,2.21,1.0,51.4,neutro,3.02,0.575,29.5,0.546,0.996,1.747,0.922,0.425,0.379,
136955,Sanabria,BAH,Atacante,6,5.44,0.0,2.69,14,0.0,False,False,PAL,-0.81,armadilha_leve,2.651,1.19,1.0,29.0,desfavoravel,2.44,0.05,-24.5,1.433,1.12,0.834,0.533,0.7,0.18,
142890,Montoro,BOT,Meia,7,6.52,-0.62,2.67,22,1.5,True,True,VAS,-0.4,neutro,3.049,1.99,1.0,54.4,neutro,3.42,0.85,29.5,0.546,0.996,1.747,0.922,0.425,0.379,
107231,Danilo,BOT,Meia,7,13.0,-0.57,7.01,19,0.8,True,True,VAS,1.353,valor_bom,6.146,4.64,1.0,54.4,neutro,4.38,0.85,29.5,0.546,0.996,1.747,0.922,0.425,0.379,
142877,Villalba,BOT,Atacante,6,3.76,-0.31,1.53,14,0.0,True,True,VAS,-0.523,armadilha_leve,1.913,0.96,1.0,52.5,neutro,2.42,0.85,29.5,0.546,0.996,1.747,0.922,0.425,0.379,
98672,Savarino,FLU,Meia,6,8.98,0.0,4.46,19,0.0,False,True,CFC,0.252,neutro,4.351,3.14,1.0,89.6,favoravel,4.4,0.75,33.4,1.273,1.244,1.362,1.693,0.675,0.614,
129930,Cristhian Loor,BOT,Goleiro,6,2.0,0.0,0.0,0,0.0,False,True,VAS,-0.929,armadilha_leve,0.0,0.0,0.0,52.3,neutro,2.17,0.575,29.5,0.546,0.996,1.747,0.922,0.425,0.379,
97468,Marçal,BOT,Lateral,6,7.03,0.0,3.33,7,0.0,False,True,VAS,0.048,neutro,4.318,2.04,0.875,51.4,neutro,3.78,0.575,29.5,0.546,0.996,1.747,0.922,0.425,0.379,
104693,Newton,SAO,Meia,6,4.54,0.0,2.05,10,0.0,False,False,CRU,-0.415,neutro,2.156,2.05,1.0,39.3,desfavoravel,2.32,0.55,-38.1,0.844,0.72,1.333,1.12,0.65,0.222,
146375,Kadir,BOT,Atacante,6,4.15,0.0,2.04,12,0.0,False,True,VAS,-0.4,neutro,2.257,1.62,1.0,52.5,neutro,2.73,0.85,29.5,0.546,0.996,1.747,0.922,0.425,0.379,
39850,Vagner Mancini,RBB,Técnico,7,8.24,-0.1,5.33,26,3.75,True,True,MIR,0.93,valor_bom,5.22,5.33,1.0,52.2,neutro,4.01,0.6,28.2,0.982,1.394,1.188,0.8,0.225,0.543,
93882,Cleiton,RBB,Goleiro,2,5.9,-0.29,2.24,8,0.0,True,True,MIR,-0.143,neutro,3.31,0.99,1.0,61.0,neutro,3.04,0.75,28.2,0.982,1.394,1.188,0.8,0.225,0.543,
91158,Kaio,BOT,Zagueiro,5,7.0,0.0,0.0,0,0.0,False,True,VAS,-4.396,armadilha_forte,0.0,0.0,0.0,52.1,neutro,2.17,0.575,29.5,0.546,0.996,1.747,0.922,0.425,0.379,
107908,Hugo,COR,Lateral,6,4.0,0.0,0.0,0,0.0,False,False,INT,-3.414,armadilha_forte,0.0,0.0,0.0,50.2,neutro,2.14,0.9,2.6,0.772,1.75,1.12,1.244,0.0,0.267,
69140,Allan,BOT,Meia,6,4.5,0.0,2.05,11,0.0,False,True,VAS,-0.395,neutro,2.15,2.05,1.0,54.4,neutro,2.47,0.85,29.5,0.546,0.996,1.747,0.922,0.425,0.379,
100848,Luan Cândido,VIT,Lateral,7,6.03,0.57,3.52,17,4.6,True,True,CHA,-0.349,neutro,3.564,2.05,1.0,72.9,neutro,4.04,0.825,50.0,1.0,1.2,1.117,0.713,0.325,0.585,
94968,Juninho Capixaba,RBB,Lateral,7,12.69,0.0,7.0,23,0.0,False,True,MIR,0.622,valor_bom,6.531,4.74,1.0,60.2,favoravel,4.5,0.75,28.2,0.982,1.394,1.188,0.8,0.225,0.543,
70360,Eduardo Sasha,RBB,Atacante,6,3.91,0.0,0.98,18,0.0,False,True,MIR,-1.226,armadilha_leve,1.473,0.98,1.0,52.6,neutro,2.15,0.6,28.2,0.982,1.394,1.188,0.8,0.225,0.543,
143072,Gabriel Abdias,BOT,Lateral,6,3.0,0.0,0.0,0,0.0,False,True,VAS,-2.492,armadilha_forte,0.0,0.0,0.0,51.4,neutro,2.16,0.575,29.5,0.546,0.996,1.747,0.922,0.425,0.379,
105213,Sant'Anna,RBB,Lateral,7,8.56,0.17,5.61,12,3.9,True,True,MIR,0.735,valor_bom,5.439,3.28,1.0,60.2,favoravel,3.97,0.75,28.2,0.982,1.394,1.188,0.8,0.225,0.543,
94067,Matheus Fernandes,RBB,Meia,6,4.54,0.0,2.78,14,0.0,False,True,MIR,0.183,neutro,2.601,2.42,1.0,53.2,neutro,2.65,0.6,28.2,0.982,1.394,1.188,0.8,0.225,0.543,
100695,Fernando,RBB,Atacante,7,5.7,0.13,5.06,13,3.8,True,True,MIR,0.939,valor_bom,4.116,2.83,1.0,52.6,neutro,3.26,0.6,28.2,0.982,1.394,1.188,0.8,0.225,0.543,
142484,Barrera,BOT,Meia,5,4.93,0.0,2.46,11,0.0,False,True,VAS,-0.369,neutro,2.387,2.01,1.0,54.4,neutro,2.57,0.85,29.5,0.546,0.996,1.747,0.922,0.425,0.379,
107236,Vanderlan,RBB,Lateral,6,4.23,-0.18,0.6,2,1.5,True,True,MIR,0.223,neutro,3.046,0.6,0.25,60.2,favoravel,3.53,0.75,28.2,0.982,1.394,1.188,0.8,0.225,0.543,
78605,Gabriel,RBB,Meia,6,5.28,0.0,3.08,18,0.0,False,True,MIR,0.013,neutro,2.836,2.52,1.0,53.2,neutro,2.76,0.6,28.2,0.982,1.394,1.188,0.8,0.225,0.543,
106434,Eduardo Santos,RBB,Zagueiro,6,3.6,0.0,1.05,4,0.0,False,True,MIR,-0.908,armadilha_leve,1.329,1.05,0.5,60.9,neutro,2.54,0.75,28.2,0.982,1.394,1.188,0.8,0.225,0.543,
110750,Gustavo Marques,RBB,Zagueiro,7,6.81,-0.57,4.46,23,0.3,True,True,MIR,1.096,valor_bom,4.368,3.16,1.0,60.9,favoravel,3.69,0.75,28.2,0.982,1.394,1.188,0.8,0.225,0.543,
104588,Fabrício,RBB,Goleiro,6,2.0,0.0,0.0,0,0.0,False,True,MIR,-0.929,armadilha_leve,0.0,0.0,0.0,61.0,neutro,2.27,0.75,28.2,0.982,1.394,1.188,0.8,0.225,0.543,
112886,Lucas Barbosa,RBB,Atacante,7,9.87,0.16,6.26,24,6.7,True,True,MIR,1.307,valor_bom,5.931,4.18,1.0,52.6,neutro,5.05,0.6,28.2,0.982,1.394,1.188,0.8,0.225,0.543,
107744,Praxedes,RBB,Meia,6,4.0,0.0,0.0,0,0.0,False,True,MIR,-2.917,armadilha_forte,0.0,0.0,0.0,53.2,neutro,2.18,0.6,28.2,0.982,1.394,1.188,0.8,0.225,0.543,
111246,Alix Vinicius,RBB,Zagueiro,7,5.08,0.17,2.81,19,2.2,True,True,MIR,-0.047,neutro,2.773,1.7,1.0,60.9,neutro,3.02,0.75,28.2,0.982,1.394,1.188,0.8,0.225,0.543,
122897,Guzmán Rodríguez,RBB,Zagueiro,6,5.58,-0.89,1.5,2,0.0,True,True,MIR,-0.711,armadilha_leve,2.449,1.5,0.25,60.9,neutro,3.26,0.75,28.2,0.982,1.394,1.188,0.8,0.225,0.543,
110715,Andrés Hurtado,RBB,Lateral,6,5.23,0.0,3.35,16,0.0,False,True,MIR,0.011,neutro,3.453,2.23,1.0,60.2,favoravel,3.19,0.75,28.2,0.982,1.394,1.188,0.8,0.225,0.543,
103014,Laquintana,VIT,Atacante,6,4.0,0.0,0.0,0,0.0,False,True,CHA,-3.224,armadilha_forte,0.0,0.0,0.0,65.4,neutro,2.32,0.75,50.0,1.0,1.2,1.117,0.713,0.325,0.585,
108133,Isidro Pitta,RBB,Atacante,7,4.88,-0.26,3.27,24,-0.3,True,True,MIR,0.15,neutro,3.098,1.19,1.0,52.6,neutro,2.87,0.6,28.2,0.982,1.394,1.188,0.8,0.225,0.543,
103295,Eric Ramires,RBB,Meia,6,2.16,-0.14,0.62,18,0.5,True,True,MIR,-0.119,neutro,0.756,0.62,1.0,53.2,neutro,1.83,0.6,28.2,0.982,1.394,1.188,0.8,0.225,0.543,
111760,Fabinho,RBB,Meia,7,2.85,0.08,1.29,11,4.1,True,True,MIR,-0.297,neutro,1.194,1.29,1.0,53.2,neutro,2.35,0.6,28.2,0.982,1.394,1.188,0.8,0.225,0.543,
72605,Vitor Hugo,CAM,Zagueiro,6,5.88,-0.35,3.15,14,-0.9,True,False,CAP,-0.201,neutro,2.981,1.44,1.0,20.0,desfavoravel,2.74,0.05,-40.5,0.9,0.844,1.563,2.1,0.6,0.239,
122394,Gustavinho,RBB,Meia,6,5.32,0.0,2.46,18,0.0,False,True,MIR,0.157,neutro,2.962,1.63,1.0,53.2,neutro,2.81,0.6,28.2,0.982,1.394,1.188,0.8,0.225,0.543,
140906,Davi Gomes,RBB,Atacante,5,5.19,0.0,4.25,2,0.0,False,True,MIR,-0.3,neutro,2.916,4.25,0.25,52.6,neutro,3.38,0.6,28.2,0.982,1.394,1.188,0.8,0.225,0.543,
132580,Vinicinho,RBB,Atacante,6,3.92,0.0,2.23,14,0.0,False,True,MIR,-0.079,neutro,2.358,2.23,1.0,52.6,neutro,2.62,0.6,28.2,0.982,1.394,1.188,0.8,0.225,0.543,
138021,Palacios,RBB,Zagueiro,6,3.0,0.0,0.0,0,0.0,False,True,MIR,-2.089,armadilha_forte,0.0,0.0,0.0,60.9,neutro,2.27,0.75,28.2,0.982,1.394,1.188,0.8,0.225,0.543,
113157,Nathan Mendes,VIT,Lateral,5,7.52,0.0,5.02,12,0.0,False,True,CHA,0.766,valor_bom,5.085,3.35,1.0,72.9,favoravel,4.51,0.825,50.0,1.0,1.2,1.117,0.713,0.325,0.585,
39656,Alan Franco,CAM,Meia,7,4.58,0.0,1.95,20,0.0,False,False,CAP,-0.591,armadilha_leve,2.046,1.7,1.0,37.8,desfavoravel,2.58,0.2,-40.5,0.9,0.844,1.563,2.1,0.6,0.239,
98909,Cuello,CAM,Atacante,7,9.91,-1.13,6.64,23,7.2,True,False,CAP,1.646,valor_oculto,6.202,4.47,1.0,36.7,desfavoravel,4.84,0.2,-40.5,0.9,0.844,1.563,2.1,0.6,0.239,
122755,Lucas Cunha,RBB,Zagueiro,6,3.0,0.0,0.0,0,0.0,False,True,MIR,-2.089,armadilha_forte,0.0,0.0,0.0,60.9,neutro,2.27,0.75,28.2,0.982,1.394,1.188,0.8,0.225,0.543,
68920,Dudu,CAM,Atacante,6,5.77,-0.32,2.24,17,1.2,True,False,CAP,-1.409,armadilha_leve,2.35,1.3,1.0,36.7,desfavoravel,2.77,0.2,-40.5,0.9,0.844,1.563,2.1,0.6,0.239,
72460,Bernard,CAM,Meia,7,5.51,0.9,3.1,23,8.2,True,False,CAP,0.572,valor_bom,3.356,1.8,1.0,37.8,desfavoravel,3.92,0.2,-40.5,0.9,0.844,1.563,2.1,0.6,0.239,
118774,Alexsander,CAM,Meia,6,5.78,0.35,2.48,8,4.4,True,False,CAP,0.322,neutro,3.287,2.48,1.0,37.8,desfavoravel,3.05,0.2,-40.5,0.9,0.844,1.563,2.1,0.6,0.239,
132274,Ignacio Sosa,RBB,Meia,6,4.44,1.03,1.91,16,8.0,True,True,MIR,-0.506,armadilha_leve,2.036,1.6,1.0,53.2,neutro,2.4,0.6,28.2,0.982,1.394,1.188,0.8,0.225,0.543,
124239,Henry Mosquera,RBB,Atacante,6,5.11,-0.28,3.3,20,0.9,True,True,MIR,-0.013,neutro,3.095,2.3,1.0,52.6,neutro,3.03,0.6,28.2,0.982,1.394,1.188,0.8,0.225,0.543,
92087,Lyanco,CAM,Zagueiro,7,7.8,0.0,3.04,9,0.0,False,False,CAP,-0.327,neutro,3.54,2.04,1.0,20.0,desfavoravel,2.73,0.05,-40.5,0.9,0.844,1.563,2.1,0.6,0.239,
105068,Reinier,CAM,Meia,5,7.03,0.0,4.18,19,0.0,False,False,CAP,0.831,valor_bom,4.154,2.6,1.0,37.8,desfavoravel,4.79,0.2,-40.5,0.9,0.844,1.563,2.1,0.6,0.239,
91607,R. Rústico,SAN,Atacante,7,7.01,1.88,2.72,20,15.6,True,True,FLA,-0.793,armadilha_leve,3.355,2.32,1.0,31.2,neutro,2.75,0.1,-11.9,1.185,0.675,1.018,0.487,0.95,0.235,
115674,Gabriel Delfim,CAM,Goleiro,7,2.09,-0.63,1.15,4,-1.0,True,False,CAP,1.454,valor_bom,2.684,1.15,0.5,20.8,desfavoravel,2.84,0.05,-40.5,0.9,0.844,1.563,2.1,0.6,0.239,
103767,Gabriel Menino,SAN,Meia,6,8.53,-1.39,4.99,10,0.9,True,True,FLA,0.754,valor_bom,4.591,4.49,1.0,31.9,neutro,3.36,0.1,-11.9,1.185,0.675,1.018,0.487,0.95,0.235,
107554,Natanael,CAM,Lateral,7,9.54,0.45,5.18,18,11.9,True,False,CAP,0.008,neutro,5.181,4.12,1.0,19.6,desfavoravel,4.8,0.05,-40.5,0.9,0.844,1.563,2.1,0.6,0.239,
87999,Gustavo Scarpa,CAM,Meia,5,6.41,0.0,2.88,13,0.0,False,False,CAP,0.051,neutro,3.342,2.11,1.0,37.8,desfavoravel,3.02,0.2,-40.5,0.9,0.844,1.563,2.1,0.6,0.239,
78248,Gustavo Henrique,COR,Zagueiro,7,9.46,1.04,4.33,22,12.2,True,False,INT,0.002,neutro,4.27,2.6,1.0,50.8,neutro,3.38,0.9,2.6,0.772,1.75,1.12,1.244,0.0,0.267,
100084,Igor Gomes,CAM,Meia,6,4.51,0.0,1.86,9,0.0,False,False,CAP,-0.522,armadilha_leve,2.061,0.75,1.0,37.8,desfavoravel,2.41,0.2,-40.5,0.9,0.844,1.563,2.1,0.6,0.239,
85048,Memphis Depay,COR,Atacante,7,8.73,-0.37,2.3,11,2.6,True,False,INT,-1.522,armadilha_forte,3.413,1.57,1.0,37.6,neutro,2.87,0.55,2.6,0.772,1.75,1.12,1.244,0.0,0.267,
40990,Dorival Júnior,SAO,Técnico,7,9.78,0.34,4.66,20,8.15,True,False,CRU,-2.133,armadilha_forte,4.891,4.66,1.0,39.0,desfavoravel,3.91,0.55,-38.1,0.844,0.72,1.333,1.12,0.65,0.222,
101002,Júnior Santos,BOT,Atacante,6,3.86,-0.47,1.78,14,-0.6,True,True,VAS,-0.402,neutro,2.072,1.21,1.0,52.5,neutro,2.93,0.85,29.5,0.546,0.996,1.747,0.922,0.425,0.379,
98720,Angileri,COR,Lateral,6,5.32,0.0,4.09,10,0.0,False,False,INT,0.51,valor_bom,3.898,2.59,1.0,50.2,neutro,3.21,0.9,2.6,0.772,1.75,1.12,1.244,0.0,0.267,
117632,Garro,COR,Meia,7,10.36,1.08,4.79,25,7.4,True,False,INT,0.113,neutro,4.621,3.19,1.0,38.8,neutro,3.43,0.55,2.6,0.772,1.75,1.12,1.244,0.0,0.267,
97642,Félix Torres,INT,Zagueiro,6,5.18,0.0,3.75,19,0.0,False,True,COR,0.719,valor_bom,3.435,2.8,1.0,46.3,neutro,3.46,0.45,-2.6,1.12,1.244,0.772,1.75,0.3,0.443,
78435,Vitinho,COR,Atacante,6,5.06,0.0,2.13,7,0.0,False,False,INT,-0.924,armadilha_leve,2.371,2.13,0.875,37.6,neutro,2.49,0.55,2.6,0.772,1.75,1.12,1.244,0.0,0.267,
122990,Patrick,RBB,Meia,6,4.0,0.0,0.0,0,0.0,False,True,MIR,-2.917,armadilha_forte,0.0,0.0,0.0,53.2,neutro,2.18,0.6,28.2,0.982,1.394,1.188,0.8,0.225,0.543,
100842,Ruan,CAM,Zagueiro,5,6.2,0.0,3.7,20,0.0,False,False,CAP,0.681,valor_bom,3.815,2.5,1.0,20.0,desfavoravel,4.19,0.05,-40.5,0.9,0.844,1.563,2.1,0.6,0.239,
92440,André Ramalho,COR,Zagueiro,5,5.73,0.0,2.55,6,0.0,False,False,INT,-0.565,armadilha_leve,2.628,1.55,0.75,50.8,neutro,2.84,0.9,2.6,0.772,1.75,1.12,1.244,0.0,0.267,
98225,Pedro Raul,COR,Atacante,6,2.87,-0.42,1.17,14,-0.4,True,False,INT,-0.743,armadilha_leve,1.089,0.6,1.0,37.6,neutro,1.81,0.55,2.6,0.772,1.75,1.12,1.244,0.0,0.267,
104084,Carlos Miguel,PAL,Goleiro,7,9.1,0.38,5.39,27,10.2,True,True,BAH,0.524,valor_bom,5.159,3.35,1.0,48.2,neutro,4.32,0.15,24.5,0.834,0.533,1.433,1.12,0.675,0.581,
117910,Breno Bidon,COR,Meia,7,8.23,0.53,3.51,25,3.7,True,False,INT,-0.386,neutro,3.651,2.91,1.0,38.8,neutro,2.99,0.55,2.6,0.772,1.75,1.12,1.244,0.0,0.267,
77485,Carrillo,COR,Meia,6,4.35,0.0,1.53,20,0.0,False,False,INT,-0.831,armadilha_leve,1.746,1.28,1.0,38.8,neutro,2.12,0.55,2.6,0.772,1.75,1.12,1.244,0.0,0.267,
95799,Artur,SAO,Atacante,7,8.65,0.05,5.04,22,3.3,True,False,CRU,0.602,valor_bom,5.014,3.27,1.0,38.2,desfavoravel,3.9,0.55,-38.1,0.844,0.72,1.333,1.12,0.65,0.222,
125488,João Pedro,COR,Zagueiro,6,6.91,0.0,4.12,5,0.0,False,False,INT,0.734,valor_bom,4.11,2.32,0.625,50.8,neutro,3.62,0.9,2.6,0.772,1.75,1.12,1.244,0.0,0.267,
95556,Raniele,COR,Meia,7,8.19,-0.04,4.57,22,6.7,True,False,INT,0.696,valor_bom,4.443,4.12,1.0,38.8,neutro,3.35,0.55,2.6,0.772,1.75,1.12,1.244,0.0,0.267,
102340,Cacá,VIT,Zagueiro,7,5.31,0.38,2.5,19,3.1,True,True,CHA,-0.441,neutro,2.555,1.24,1.0,73.6,neutro,3.69,0.825,50.0,1.0,1.2,1.117,0.713,0.325,0.585,
101574,Hugo Souza,COR,Goleiro,7,8.41,-0.94,4.09,23,0.9,True,False,INT,-0.197,neutro,4.165,2.35,1.0,51.1,neutro,3.33,0.9,2.6,0.772,1.75,1.12,1.244,0.0,0.267,
96342,Charles,COR,Meia,6,4.49,0.0,2.25,4,0.0,False,False,INT,-0.22,neutro,2.275,2.25,0.5,38.8,neutro,2.74,0.55,2.6,0.772,1.75,1.12,1.244,0.0,0.267,
132553,Jemmes,FLU,Zagueiro,6,6.22,0.0,3.26,18,0.0,False,True,CFC,0.307,neutro,3.52,2.48,1.0,52.2,neutro,3.35,0.3,33.4,1.273,1.244,1.362,1.693,0.675,0.614,
122396,Ryan,COR,Meia,6,3.0,0.0,0.0,0,0.0,False,False,INT,-2.051,armadilha_forte,0.0,0.0,0.0,38.8,neutro,2.01,0.55,2.6,0.772,1.75,1.12,1.244,0.0,0.267,
121824,Kayke,COR,Atacante,5,3.64,0.0,1.65,6,0.0,False,False,INT,-0.065,neutro,2.183,1.65,0.75,37.6,neutro,2.5,0.55,2.6,0.772,1.75,1.12,1.244,0.0,0.267,
42500,Fagner,CRU,Lateral,7,5.63,-0.63,3.81,20,0.0,True,True,SAO,0.148,neutro,3.767,2.51,1.0,75.1,favoravel,3.37,0.825,38.1,1.333,1.12,0.844,0.72,0.6,0.516,
84558,Lucas Romero,CRU,Meia,7,8.51,0.0,4.89,19,0.0,False,True,SAO,0.847,valor_bom,4.654,3.57,1.0,57.2,neutro,3.68,0.325,38.1,1.333,1.12,0.844,0.72,0.6,0.516,
131753,Felipe Longo,COR,Goleiro,6,2.0,0.0,0.0,0,0.0,False,False,INT,-0.929,armadilha_leve,0.0,0.0,0.0,51.1,neutro,2.15,0.9,2.6,0.772,1.75,1.12,1.244,0.0,0.267,
89275,William,CRU,Lateral,6,8.01,-0.94,3.92,13,2.1,True,True,SAO,-0.323,neutro,4.401,3.23,1.0,75.1,neutro,3.64,0.825,38.1,1.333,1.12,0.844,0.72,0.6,0.516,
145744,André,COR,Meia,6,6.01,-0.14,3.89,17,1.0,True,False,INT,1.091,valor_bom,3.955,2.42,1.0,38.8,neutro,3.13,0.55,2.6,0.772,1.75,1.12,1.244,0.0,0.267,
45125,Tite,BOT,Técnico,7,8.52,-0.77,3.72,7,3.18,True,True,VAS,-1.951,armadilha_forte,4.329,3.72,0.875,53.3,neutro,3.56,0.85,29.5,0.546,0.996,1.747,0.922,0.425,0.379,
127242,Bahia,COR,Meia,6,2.0,0.0,0.0,0,0.0,False,False,INT,-0.934,armadilha_leve,0.0,0.0,0.0,38.8,neutro,2.01,0.55,2.6,0.772,1.75,1.12,1.244,0.0,0.267,
96610,Matheus Pereira,CRU,Meia,7,14.51,-0.79,7.46,25,9.0,True,True,SAO,1.625,valor_oculto,6.644,4.86,1.0,57.2,neutro,4.48,0.325,38.1,1.333,1.12,0.844,0.72,0.6,0.516,
79701,Lucas Silva,CRU,Meia,6,3.22,0.0,0.36,17,0.0,False,True,SAO,-1.472,armadilha_leve,0.585,0.36,1.0,57.2,neutro,1.8,0.325,38.1,1.333,1.12,0.844,0.72,0.6,0.516,
105047,João Marcelo,CRU,Zagueiro,2,3.77,-0.1,2.14,13,0.5,True,True,SAO,0.234,neutro,2.348,1.45,1.0,75.9,favoravel,3.17,0.825,38.1,1.333,1.12,0.844,0.72,0.6,0.516,
111690,Matheus Cunha,INT,Goleiro,7,4.12,0.0,3.18,16,0.0,False,True,COR,0.627,valor_bom,3.27,0.99,1.0,46.7,neutro,3.17,0.45,-2.6,1.12,1.244,0.772,1.75,0.3,0.443,
141995,Dieguinho,COR,Meia,6,3.19,0.0,1.43,15,0.0,False,False,INT,-0.48,neutro,1.302,1.1,1.0,38.8,neutro,1.92,0.55,2.6,0.772,1.75,1.12,1.244,0.0,0.267,
88479,Walace,VIT,Meia,5,2.99,0.0,1.23,6,0.0,False,True,CHA,-0.515,armadilha_leve,1.135,1.23,0.75,66.4,neutro,2.33,0.75,50.0,1.0,1.2,1.117,0.713,0.325,0.585,
133543,Gui Negão,COR,Atacante,6,3.62,-1.09,2.01,10,1.7,True,False,INT,0.059,neutro,2.264,1.21,1.0,37.6,neutro,2.35,0.55,2.6,0.772,1.75,1.12,1.244,0.0,0.267,
124912,Jonathan Jesus,CRU,Zagueiro,7,7.06,1.03,4.39,17,8.9,True,True,SAO,0.904,valor_bom,4.298,3.86,1.0,75.9,favoravel,3.88,0.825,38.1,1.333,1.12,0.844,0.72,0.6,0.516,
100742,Matheus Henrique,CRU,Meia,7,4.6,-0.44,2.1,25,0.0,True,True,SAO,-0.472,neutro,2.145,1.9,1.0,57.2,neutro,2.49,0.325,38.1,1.333,1.12,0.844,0.72,0.6,0.516,
132264,Arroyo,CRU,Atacante,7,8.42,2.88,4.27,23,22.5,True,True,SAO,-0.042,neutro,4.444,2.23,1.0,56.1,neutro,3.39,0.325,38.1,1.333,1.12,0.844,0.72,0.6,0.516,
113158,Marquinhos,CRU,Atacante,6,3.54,0.0,0.45,2,0.0,False,True,SAO,-1.719,armadilha_forte,0.847,0.45,0.25,56.1,neutro,2.44,0.325,38.1,1.333,1.12,0.844,0.72,0.6,0.516,
131967,Villarreal,CRU,Atacante,6,7.96,0.0,4.98,14,0.0,False,True,SAO,0.848,valor_bom,4.967,2.91,1.0,56.1,neutro,3.73,0.325,38.1,1.333,1.12,0.844,0.72,0.6,0.516,
117404,Otávio,CRU,Goleiro,7,4.46,0.21,3.77,15,8.3,True,True,SAO,0.81,valor_bom,3.659,3.44,1.0,75.8,favoravel,3.33,0.825,38.1,1.333,1.12,0.844,0.72,0.6,0.516,
114405,Sinisterra,CRU,Atacante,5,5.85,0.0,3.27,8,0.0,False,True,SAO,-0.706,armadilha_leve,2.926,2.27,1.0,56.1,neutro,2.83,0.325,38.1,1.333,1.12,0.844,0.72,0.6,0.516,
80061,Saúl,FLA,Meia,6,6.43,0.57,2.41,8,4.7,True,False,SAN,-0.081,neutro,3.252,1.79,1.0,64.9,neutro,3.05,0.725,11.9,1.018,0.487,1.185,0.675,1.0,0.504,
93478,Wanderson,CRU,Atacante,6,3.98,0.0,1.95,18,0.0,False,True,SAO,-0.407,neutro,2.145,1.06,1.0,56.1,neutro,2.48,0.325,38.1,1.333,1.12,0.844,0.72,0.6,0.516,
137543,Tevis,CRU,Atacante,6,2.0,0.0,0.0,0,0.0,False,True,SAO,-1.111,armadilha_leve,0.0,0.0,0.0,56.1,neutro,2.21,0.325,38.1,1.333,1.12,0.844,0.72,0.6,0.516,
84816,Varela,FLA,Lateral,6,8.35,0.81,4.38,20,7.4,True,False,SAN,-0.215,neutro,4.609,2.53,1.0,63.9,neutro,3.49,0.6,11.9,1.018,0.487,1.185,0.675,1.0,0.504,
82627,Luiz Araújo,FLA,Atacante,6,7.28,0.36,3.12,15,3.5,True,False,SAN,-0.409,neutro,3.754,1.72,1.0,63.3,neutro,3.33,0.725,11.9,1.018,0.487,1.185,0.675,1.0,0.504,
146807,Rayan Lelis,CRU,Atacante,6,2.0,0.0,0.0,0,0.0,False,True,SAO,-1.111,armadilha_leve,0.0,0.0,0.0,56.1,neutro,2.21,0.325,38.1,1.333,1.12,0.844,0.72,0.6,0.516,
83528,Léo Pereira,FLA,Zagueiro,7,8.97,-1.1,4.86,21,1.5,True,False,SAN,0.634,valor_bom,4.651,2.62,1.0,64.6,neutro,3.61,0.6,11.9,1.018,0.487,1.185,0.675,1.0,0.504,
69783,Danilo,FLA,Zagueiro,6,4.85,0.0,1.4,9,0.0,False,False,SAN,-0.87,armadilha_leve,2.005,1.07,1.0,64.6,neutro,2.69,0.6,11.9,1.018,0.487,1.185,0.675,1.0,0.504,
84735,Jorginho,FLA,Meia,7,9.05,0.83,3.98,21,6.5,True,False,SAN,-0.232,neutro,4.011,2.79,1.0,64.9,neutro,3.61,0.725,11.9,1.018,0.487,1.185,0.675,1.0,0.504,
137542,Kaique Kenji,CRU,Atacante,6,2.61,0.0,1.25,11,0.0,False,True,SAO,-0.412,neutro,1.122,0.52,1.0,56.1,neutro,2.03,0.325,38.1,1.333,1.12,0.844,0.72,0.6,0.516,
143600,Kauã Moraes,CRU,Lateral,6,6.81,0.0,4.83,10,0.0,False,True,SAO,0.152,neutro,4.309,2.53,1.0,75.1,favoravel,4.03,0.825,38.1,1.333,1.12,0.844,0.72,0.6,0.516,
90285,Bruno Henrique,FLA,Atacante,6,5.19,-1.44,2.8,19,-0.3,True,False,SAN,-0.535,armadilha_leve,2.736,1.17,1.0,63.3,neutro,3.66,0.725,11.9,1.018,0.487,1.185,0.675,1.0,0.504,
96870,Emerson Royal,FLA,Lateral,7,7.96,0.0,5.63,12,0.0,False,False,SAN,1.017,valor_bom,5.451,3.46,1.0,63.9,neutro,4.04,0.6,11.9,1.018,0.487,1.185,0.675,1.0,0.504,
98873,Samuel Lino,FLA,Atacante,7,12.45,0.0,8.64,25,0.0,False,False,SAN,2.793,valor_oculto,7.744,4.36,1.0,63.3,neutro,5.58,0.725,11.9,1.018,0.487,1.185,0.675,1.0,0.504,
91473,Erick Pulgar,FLA,Meia,7,6.4,0.0,2.94,16,0.0,False,False,SAN,0.032,neutro,3.324,2.63,1.0,64.9,neutro,3.31,0.725,11.9,1.018,0.487,1.185,0.675,1.0,0.504,
122660,Japa,MIR,Meia,6,5.51,0.0,3.71,8,0.0,False,False,RBB,1.307,valor_bom,3.902,3.08,1.0,49.5,neutro,3.4,0.45,-28.2,1.188,0.8,0.982,1.394,0.675,0.198,
97867,Léo Ortiz,FLA,Zagueiro,7,8.31,-0.5,4.12,22,1.7,True,False,SAN,0.199,neutro,4.116,2.48,1.0,64.6,neutro,3.72,0.6,11.9,1.018,0.487,1.185,0.675,1.0,0.504,
109096,Plata,FLA,Atacante,6,11.14,-0.33,6.87,15,7.2,True,False,SAN,1.201,valor_bom,6.2,5.14,1.0,63.3,neutro,4.33,0.725,11.9,1.018,0.487,1.185,0.675,1.0,0.504,
110506,Abel Ferreira,PAL,Técnico,7,12.06,-0.31,6.78,28,7.9,True,True,BAH,0.353,neutro,6.759,6.78,1.0,53.3,neutro,4.93,0.425,24.5,0.834,0.533,1.433,1.12,0.675,0.581,
87863,Arrascaeta,FLA,Meia,7,13.75,0.33,5.37,19,6.7,True,False,SAN,-0.402,neutro,4.992,3.53,1.0,64.9,neutro,3.8,0.725,11.9,1.018,0.487,1.185,0.675,1.0,0.504,
96652,Allan,COR,Meia,7,3.12,0.0,1.74,20,0.0,False,False,INT,-0.085,neutro,1.547,1.49,1.0,38.8,neutro,2.03,0.55,2.6,0.772,1.75,1.12,1.244,0.0,0.267,
122318,Dyogo Alves,FLA,Goleiro,6,3.0,0.0,0.0,0,0.0,False,False,SAN,-1.707,armadilha_forte,0.0,0.0,0.0,64.6,neutro,2.31,0.6,11.9,1.018,0.487,1.185,0.675,1.0,0.504,
88393,Ayrton Lucas,FLA,Lateral,5,8.18,-0.76,5.03,17,0.5,True,False,SAN,0.45,neutro,5.079,2.85,1.0,63.9,neutro,4.23,0.6,11.9,1.018,0.487,1.185,0.675,1.0,0.504,
86757,Everton,SAN,Atacante,6,6.07,0.0,2.07,11,0.0,False,True,FLA,-0.375,neutro,3.28,1.62,1.0,31.2,neutro,2.75,0.1,-11.9,1.185,0.675,1.018,0.487,0.95,0.235,
62977,Ganso,FLU,Meia,7,4.24,0.89,1.61,19,6.2,True,True,CFC,-0.663,armadilha_leve,1.811,1.35,1.0,89.6,neutro,3.14,0.75,33.4,1.273,1.244,1.362,1.693,0.675,0.614,
115914,Evertton Araújo,FLA,Meia,5,2.59,0.0,1.17,18,0.0,False,False,SAN,-0.102,neutro,1.137,0.89,1.0,64.9,neutro,2.58,0.725,11.9,1.018,0.487,1.185,0.675,1.0,0.504,
122320,Daniel Sales,FLA,Lateral,6,2.0,0.0,0.0,0,0.0,False,False,SAN,-1.304,armadilha_leve,0.0,0.0,0.0,63.9,neutro,2.3,0.6,11.9,1.018,0.487,1.185,0.675,1.0,0.504,
73384,Samuel Xavier,FLU,Lateral,6,7.1,-0.2,3.38,16,0.7,True,True,CFC,-0.411,neutro,3.981,2.82,1.0,51.6,neutro,3.66,0.3,33.4,1.273,1.244,1.362,1.693,0.675,0.614,
143295,Joshua,FLA,Meia,6,2.6,0.0,-0.3,1,0.0,False,False,SAN,-0.415,neutro,0.912,0.0,0.125,64.9,neutro,2.67,0.725,11.9,1.018,0.487,1.185,0.675,1.0,0.504,
78445,Renê,FLU,Lateral,7,9.68,-1.49,6.18,19,4.2,True,True,CFC,0.835,valor_bom,5.884,5.02,1.0,51.6,neutro,4.76,0.3,33.4,1.273,1.244,1.362,1.693,0.675,0.614,
78117,Everaldo,BAH,Atacante,6,4.97,-0.58,3.05,18,-2.8,True,False,PAL,-0.164,neutro,2.906,1.27,1.0,29.0,desfavoravel,2.56,0.05,-24.5,1.433,1.12,0.834,0.533,0.7,0.18,
130189,Léo Nannetti,FLA,Goleiro,6,2.0,0.0,0.0,0,0.0,False,False,SAN,-0.929,armadilha_leve,0.0,0.0,0.0,64.6,neutro,2.31,0.6,11.9,1.018,0.487,1.185,0.675,1.0,0.504,
140492,João Victor,FLA,Zagueiro,6,4.34,0.0,6.5,1,0.0,False,False,SAN,0.802,valor_bom,3.11,3.5,0.125,64.6,neutro,4.08,0.6,11.9,1.018,0.487,1.185,0.675,1.0,0.504,
87228,Guilherme Arana,FLU,Lateral,6,7.88,0.0,3.55,16,0.0,False,True,CFC,-0.648,armadilha_leve,4.094,2.61,1.0,51.6,neutro,3.79,0.3,33.4,1.273,1.244,1.362,1.693,0.675,0.614,
78855,Thiago Santos,CFC,Zagueiro,7,4.56,0.26,3.25,19,3.5,True,False,FLU,0.635,valor_bom,3.083,2.46,1.0,24.1,desfavoravel,2.62,0.25,-33.4,1.362,1.693,1.273,1.244,0.375,0.144,
87258,Soteldo,FLU,Atacante,7,4.53,0.0,2.12,19,0.0,False,True,CFC,-0.694,armadilha_leve,2.257,1.59,1.0,87.7,neutro,3.44,0.75,33.4,1.273,1.244,1.362,1.693,0.675,0.614,
101319,Guga,FLU,Lateral,7,6.36,0.0,3.47,15,0.0,False,True,CFC,-0.575,armadilha_leve,3.535,2.2,1.0,51.6,neutro,3.26,0.3,33.4,1.273,1.244,1.362,1.693,0.675,0.614,
145705,Douglas Telles,FLA,Atacante,6,2.0,0.0,0.0,0,0.0,False,False,SAN,-1.111,armadilha_leve,0.0,0.0,0.0,63.3,neutro,2.3,0.725,11.9,1.018,0.487,1.185,0.675,1.0,0.504,
122573,Wallace Yan,RBB,Atacante,7,2.92,0.0,1.24,9,0.0,False,True,MIR,-0.779,armadilha_leve,1.102,0.68,1.0,52.6,neutro,2.9,0.6,28.2,0.982,1.394,1.188,0.8,0.225,0.543,
89493,Igor Rabello,FLU,Zagueiro,6,7.78,0.0,5.43,3,0.0,False,True,CFC,0.826,valor_bom,4.465,4.43,0.375,52.2,neutro,4.35,0.3,33.4,1.273,1.244,1.362,1.693,0.675,0.614,
102137,Vitor Eudes,FLU,Goleiro,6,2.0,0.0,0.0,0,0.0,False,True,CFC,-0.929,armadilha_leve,0.0,0.0,0.0,52.5,neutro,2.17,0.3,33.4,1.273,1.244,1.362,1.693,0.675,0.614,
101478,Marcelo Pitaluga,FLU,Goleiro,6,3.0,0.0,0.0,0,0.0,False,True,CFC,-1.707,armadilha_forte,0.0,0.0,0.0,52.5,neutro,2.17,0.3,33.4,1.273,1.244,1.362,1.693,0.675,0.614,
82463,Otávio,FLU,Meia,6,3.64,0.0,1.34,7,0.0,False,True,CFC,-0.146,neutro,1.845,1.34,0.875,89.6,neutro,3.21,0.75,33.4,1.273,1.244,1.362,1.693,0.675,0.614,
103523,Ignácio,FLU,Zagueiro,6,7.19,0.0,4.64,13,0.0,False,True,CFC,1.022,valor_bom,4.436,3.26,1.0,52.2,neutro,4.19,0.3,33.4,1.273,1.244,1.362,1.693,0.675,0.614,
102928,Canobbio,FLU,Atacante,3,9.81,-1.02,6.72,20,-1.2,True,True,CFC,1.697,valor_oculto,6.212,3.97,1.0,87.7,favoravel,5.08,0.75,33.4,1.273,1.244,1.362,1.693,0.675,0.614,
116447,Hércules,FLU,Meia,7,6.4,-0.29,3.38,23,0.7,True,True,CFC,0.355,neutro,3.564,2.73,1.0,89.6,favoravel,3.99,0.75,33.4,1.273,1.244,1.362,1.693,0.675,0.614,
96340,Lima,SAN,Meia,6,2.99,-0.7,-0.35,4,-0.6,True,True,FLA,-1.245,armadilha_leve,0.592,0.0,0.5,31.9,neutro,1.87,0.1,-11.9,1.185,0.675,1.018,0.487,0.95,0.235,
113034,Freytes,FLU,Zagueiro,6,4.55,0.0,2.49,18,0.0,False,True,CFC,-0.02,neutro,2.55,1.82,1.0,52.2,neutro,3.13,0.3,33.4,1.273,1.244,1.362,1.693,0.675,0.614,
100987,Nonato,FLU,Meia,3,5.35,-0.45,2.55,15,1.3,True,True,CFC,0.307,neutro,3.087,1.88,1.0,89.6,favoravel,4.01,0.75,33.4,1.273,1.244,1.362,1.693,0.675,0.614,
110759,John Kennedy,FLU,Atacante,5,10.92,0.0,7.3,17,0.0,False,True,CFC,1.729,valor_oculto,6.546,2.77,1.0,87.7,favoravel,4.38,0.75,33.4,1.273,1.244,1.362,1.693,0.675,0.614,
86485,Keno,CFC,Atacante,5,3.09,0.0,0.61,7,0.0,False,False,FLU,-1.362,armadilha_leve,0.79,0.61,0.875,39.6,desfavoravel,1.79,0.325,-33.4,1.362,1.693,1.273,1.244,0.375,0.144,
79631,Cano,FLU,Atacante,5,4.31,0.0,2.28,8,0.0,False,True,CFC,-0.299,neutro,2.431,1.28,1.0,87.7,neutro,2.92,0.75,33.4,1.273,1.244,1.362,1.693,0.675,0.614,
127932,Júlio Fidelis,FLU,Lateral,6,4.17,-0.98,4.38,4,1.1,True,True,CFC,-0.014,neutro,2.819,3.63,0.5,51.6,neutro,4.02,0.3,33.4,1.273,1.244,1.362,1.693,0.675,0.614,
87342,Kannemann,GRE,Zagueiro,6,3.82,0.0,0.73,4,0.0,False,False,REM,-0.19,neutro,2.034,0.73,0.5,53.3,neutro,3.19,0.825,-23.8,1.12,1.032,0.875,1.191,0.25,0.299,
140484,Riquelme Felipe,FLU,Atacante,6,3.22,-0.33,1.43,6,0.2,True,True,CFC,-1.016,armadilha_leve,1.154,0.6,0.75,87.7,neutro,2.81,0.75,33.4,1.273,1.244,1.362,1.693,0.675,0.614,
89273,João Pedro,GRE,Lateral,6,3.25,0.52,1.0,7,3.4,True,False,REM,-0.792,armadilha_leve,1.554,0.57,0.875,52.7,neutro,2.28,0.825,-23.8,1.12,1.032,0.875,1.191,0.25,0.299,
63013,Marcos Rocha,GRE,Lateral,6,6.39,0.44,1.94,5,6.5,True,False,REM,-1.266,armadilha_leve,2.997,1.34,0.625,52.7,neutro,3.13,0.825,-23.8,1.12,1.032,0.875,1.191,0.25,0.299,
72018,Tiago Volpi,RBB,Goleiro,2,9.35,-0.58,5.47,19,3.2,True,True,MIR,0.447,neutro,5.147,3.26,1.0,61.0,favoravel,3.69,0.75,28.2,0.982,1.394,1.188,0.8,0.225,0.543,
97145,Villasanti,GRE,Meia,7,7.11,-1.35,4.46,7,5.6,True,False,REM,0.941,valor_bom,4.264,3.75,0.875,54.0,neutro,5.51,0.825,-23.8,1.12,1.032,0.875,1.191,0.25,0.299,
102318,Caio Paulista,GRE,Lateral,6,5.54,0.0,3.08,9,0.0,False,False,REM,-0.316,neutro,3.352,2.41,1.0,52.7,neutro,2.98,0.825,-23.8,1.12,1.032,0.875,1.191,0.25,0.299,
105563,Carlos Vinícius,GRE,Atacante,7,12.04,-0.45,4.46,25,-0.1,True,False,REM,-1.213,armadilha_leve,4.577,1.38,1.0,51.8,neutro,3.75,0.825,-23.8,1.12,1.032,0.875,1.191,0.25,0.299,
112616,Gabriel Grando,GRE,Goleiro,6,3.77,0.0,0.3,1,0.0,False,False,REM,0.663,valor_bom,3.101,0.3,0.125,53.5,neutro,3.58,0.825,-23.8,1.12,1.032,0.875,1.191,0.25,0.299,
111309,Gustavo Martins,GRE,Zagueiro,3,7.11,0.58,3.94,17,7.9,True,False,REM,0.504,valor_bom,3.992,1.94,1.0,53.3,neutro,3.57,0.825,-23.8,1.12,1.032,0.875,1.191,0.25,0.299,
91908,Pavón,GRE,Atacante,7,6.29,0.09,4.24,23,2.4,True,False,REM,0.988,valor_bom,4.421,2.89,1.0,51.8,neutro,3.58,0.825,-23.8,1.12,1.032,0.875,1.191,0.25,0.299,
70944,Bruno Henrique,INT,Meia,7,3.69,-1.49,2.2,25,-1.1,True,True,COR,0.319,neutro,2.221,1.6,1.0,47.6,neutro,3.83,0.25,-2.6,1.12,1.244,0.772,1.75,0.3,0.443,
87887,Balbuena,GRE,Zagueiro,6,7.57,0.59,4.45,8,8.0,True,False,REM,0.674,valor_bom,4.277,3.33,1.0,53.3,neutro,3.4,0.825,-23.8,1.12,1.032,0.875,1.191,0.25,0.299,
89883,Dodi,GRE,Meia,5,2.3,0.0,-0.01,8,0.0,False,False,REM,-0.596,armadilha_leve,0.527,0.0,1.0,54.0,neutro,1.74,0.825,-23.8,1.12,1.032,0.875,1.191,0.25,0.299,
104994,Wagner Leonardo,GRE,Zagueiro,7,5.23,0.0,2.5,10,0.0,False,False,REM,-0.363,neutro,2.583,1.9,1.0,53.3,neutro,2.65,0.825,-23.8,1.12,1.032,0.875,1.191,0.25,0.299,
91706,Marlon,GRE,Lateral,5,8.13,0.0,4.68,10,0.0,False,False,REM,0.252,neutro,4.903,3.28,1.0,52.7,neutro,3.91,0.825,-23.8,1.12,1.032,0.875,1.191,0.25,0.299,
132071,Serna,FLU,Atacante,7,7.83,0.91,4.12,26,13.9,True,True,CFC,0.056,neutro,4.314,2.31,1.0,87.7,favoravel,4.21,0.75,33.4,1.273,1.244,1.362,1.693,0.675,0.614,
63289,Edenílson,BOT,Meia,6,5.55,-0.29,2.73,18,0.0,True,True,VAS,0.27,neutro,3.149,1.34,1.0,54.4,neutro,3.28,0.85,29.5,0.546,0.996,1.747,0.922,0.425,0.379,
90532,Arthur Melo,SAN,Meia,6,7.22,-0.73,3.01,13,0.2,True,True,FLA,-0.243,neutro,3.423,3.01,1.0,31.9,neutro,2.83,0.1,-11.9,1.185,0.675,1.018,0.487,0.95,0.235,
72951,Mercado,INT,Zagueiro,7,6.01,0.13,3.6,18,3.2,True,True,COR,0.696,valor_bom,3.755,2.6,1.0,46.3,neutro,3.45,0.45,-2.6,1.12,1.244,0.772,1.75,0.3,0.443,
116067,Thiago Beltrame,GRE,Goleiro,6,2.08,0.0,0.7,1,0.0,False,False,REM,1.886,valor_oculto,3.145,0.7,0.125,53.5,neutro,3.6,0.825,-23.8,1.12,1.032,0.875,1.191,0.25,0.299,
118238,Ronald,GRE,Meia,6,3.0,0.0,0.0,0,0.0,False,False,REM,-2.051,armadilha_forte,0.0,0.0,0.0,54.0,neutro,2.19,0.825,-23.8,1.12,1.032,0.875,1.191,0.25,0.299,
88136,Ivan,REM,Goleiro,6,7.58,0.0,10.2,1,0.0,False,True,GRE,0.843,valor_bom,5.026,5.2,0.125,65.8,favoravel,4.64,0.95,23.8,0.875,1.191,1.12,1.032,0.0,0.417,
105175,Khellven,PAL,Lateral,6,5.76,-0.73,3.34,20,5.0,True,True,BAH,-0.354,neutro,3.431,2.04,1.0,47.3,neutro,2.97,0.15,24.5,0.834,0.533,1.433,1.12,0.675,0.581,
101960,Vitinho,INT,Atacante,7,7.57,0.03,4.7,27,4.3,True,True,COR,0.756,valor_bom,4.756,3.55,1.0,46.6,neutro,4.05,0.25,-2.6,1.12,1.244,0.772,1.75,0.3,0.443,
130889,Riquelme,GRE,Meia,6,2.42,0.0,-1.45,2,0.0,False,False,REM,-0.69,armadilha_leve,0.56,0.0,0.25,54.0,neutro,2.28,0.825,-23.8,1.12,1.032,0.875,1.191,0.25,0.299,
92182,Juninho,INT,Zagueiro,6,4.97,0.0,2.77,9,0.0,False,True,COR,-0.04,neutro,2.73,1.77,1.0,46.3,neutro,3.08,0.45,-2.6,1.12,1.244,0.772,1.75,0.3,0.443,
107989,Carbonero,INT,Atacante,7,8.32,-1.69,5.17,27,1.4,True,True,COR,0.882,valor_bom,5.118,2.36,1.0,46.6,neutro,4.33,0.25,-2.6,1.12,1.244,0.772,1.75,0.3,0.443,
106202,Bruno Gomes,INT,Meia,7,6.47,-0.19,3.71,27,2.5,True,True,COR,0.633,valor_bom,3.798,3.71,1.0,47.6,neutro,3.65,0.25,-2.6,1.12,1.244,0.772,1.75,0.3,0.443,
142004,Amuzu,GRE,Atacante,7,6.7,-0.02,3.66,22,1.6,True,False,REM,0.215,neutro,4.002,2.61,1.0,51.8,neutro,3.27,0.825,-23.8,1.12,1.032,0.875,1.191,0.25,0.299,
92981,Ronaldo,INT,Meia,6,3.37,0.0,1.92,12,0.0,False,True,COR,-0.273,neutro,1.577,1.5,1.0,47.6,neutro,2.14,0.25,-2.6,1.12,1.244,0.772,1.75,0.3,0.443,
111683,Anthoni,INT,Goleiro,6,3.71,-0.92,2.45,11,-1.0,True,True,COR,0.487,neutro,2.872,1.54,1.0,46.7,neutro,3.1,0.45,-2.6,1.12,1.244,0.772,1.75,0.3,0.443,
68872,Marcelo Lomba,PAL,Goleiro,6,7.08,0.0,8.9,1,0.0,False,True,BAH,0.873,valor_bom,4.882,3.9,0.125,48.2,neutro,4.38,0.15,24.5,0.834,0.533,1.433,1.12,0.675,0.581,
71684,Gustavo Gómez,PAL,Zagueiro,7,10.67,-0.45,5.45,25,7.4,True,True,BAH,0.696,valor_bom,5.124,2.69,1.0,47.9,neutro,5.3,0.15,24.5,0.834,0.533,1.433,1.12,0.675,0.581,
110510,Aguirre,INT,Lateral,6,5.73,-1.0,4.09,19,2.0,True,True,COR,0.331,neutro,3.962,2.56,1.0,45.7,neutro,3.19,0.45,-2.6,1.12,1.244,0.772,1.75,0.3,0.443,
93790,Marlon Freitas,PAL,Meia,7,6.3,0.81,2.68,26,7.3,True,True,BAH,-0.335,neutro,3.012,2.1,1.0,54.4,neutro,3.38,0.425,24.5,0.834,0.533,1.433,1.12,0.675,0.581,
102130,Piquerez,PAL,Lateral,2,10.92,-0.17,6.36,14,5.2,True,True,BAH,0.442,neutro,5.932,3.43,1.0,47.3,neutro,4.79,0.15,24.5,0.834,0.533,1.433,1.12,0.675,0.581,
97653,Murilo,PAL,Zagueiro,7,8.11,0.0,3.87,23,0.0,False,True,BAH,0.041,neutro,3.93,2.09,1.0,47.9,neutro,3.98,0.15,24.5,0.834,0.533,1.433,1.12,0.675,0.581,
71631,Weverton,GRE,Goleiro,7,10.2,2.72,5.26,24,21.6,True,False,REM,0.135,neutro,5.04,3.8,1.0,53.5,neutro,3.89,0.825,-23.8,1.12,1.032,0.875,1.191,0.25,0.299,
86711,Richard,CFC,Meia,6,4.0,0.0,0.0,0,0.0,False,False,FLU,-2.917,armadilha_forte,0.0,0.0,0.0,40.9,neutro,2.04,0.325,-33.4,1.362,1.693,1.273,1.244,0.375,0.144,
104085,Bruno Fuchs,PAL,Zagueiro,6,8.31,0.0,4.61,8,0.0,False,True,BAH,0.497,neutro,4.357,2.74,1.0,47.9,neutro,3.39,0.15,24.5,0.834,0.533,1.433,1.12,0.675,0.581,
92811,Bruno Rodrigues,CRU,Atacante,6,4.72,0.0,2.4,15,0.0,False,True,SAO,-0.565,armadilha_leve,2.463,1.2,1.0,56.1,neutro,2.75,0.325,38.1,1.333,1.12,0.844,0.72,0.6,0.516,
105647,Maurício,PAL,Meia,6,7.29,-0.43,4.56,24,3.2,True,True,BAH,1.096,valor_bom,4.443,2.89,1.0,54.4,neutro,3.44,0.425,24.5,0.834,0.533,1.433,1.12,0.675,0.581,
143488,Raykkonen,INT,Atacante,6,2.63,0.0,0.5,1,0.0,False,True,COR,-0.729,armadilha_leve,0.897,0.5,0.125,46.6,neutro,2.45,0.25,-2.6,1.12,1.244,0.772,1.75,0.3,0.443,
111466,Victor Gabriel,INT,Zagueiro,3,3.51,0.0,2.16,16,0.0,False,True,COR,-0.097,neutro,1.93,1.6,1.0,46.3,neutro,2.77,0.45,-2.6,1.12,1.244,0.772,1.75,0.3,0.443,
89637,Thiago Maia,INT,Meia,6,4.1,-0.62,2.04,13,2.3,True,True,COR,-0.124,neutro,2.134,1.27,1.0,47.6,neutro,2.39,0.25,-2.6,1.12,1.244,0.772,1.75,0.3,0.443,
113103,Flaco López,PAL,Atacante,7,13.42,-0.03,6.85,25,5.5,True,True,BAH,0.735,valor_bom,6.388,3.69,1.0,53.9,neutro,4.22,0.425,24.5,0.834,0.533,1.433,1.12,0.675,0.581,
84674,Lucas Evangelista,PAL,Meia,6,4.28,0.3,1.31,23,3.7,True,True,BAH,-1.028,armadilha_leve,1.562,1.09,1.0,54.4,neutro,2.2,0.425,24.5,0.834,0.533,1.433,1.12,0.675,0.581,
108683,Emiliano Martínez,PAL,Meia,6,3.84,0.0,2.06,13,0.0,False,True,BAH,0.097,neutro,2.147,2.06,1.0,54.4,neutro,2.46,0.425,24.5,0.834,0.533,1.433,1.12,0.675,0.581,
112863,Ramón Sosa,PAL,Atacante,6,5.52,-0.35,3.16,20,0.4,True,True,BAH,-0.412,neutro,2.995,1.06,1.0,53.9,neutro,2.83,0.425,24.5,0.834,0.533,1.433,1.12,0.675,0.581,
124526,Giay,PAL,Lateral,7,7.4,0.08,4.89,23,5.9,True,True,BAH,0.674,valor_bom,4.965,3.59,1.0,47.3,neutro,3.96,0.15,24.5,0.834,0.533,1.433,1.12,0.675,0.581,
111832,Jefté,PAL,Lateral,5,4.16,0.0,2.47,7,0.0,False,True,BAH,-0.733,armadilha_leve,2.24,0.9,0.875,47.3,neutro,2.53,0.15,24.5,0.834,0.533,1.433,1.12,0.675,0.581,
133679,Benedetti,PAL,Zagueiro,6,5.42,0.0,4.85,2,0.0,False,True,BAH,0.201,neutro,3.119,1.85,0.25,47.9,neutro,3.43,0.15,24.5,0.834,0.533,1.433,1.12,0.675,0.581,
70592,Felipe Anderson,PAL,Meia,6,6.38,-0.08,3.32,21,2.9,True,True,BAH,0.324,neutro,3.533,2.61,1.0,54.4,neutro,3.08,0.425,24.5,0.834,0.533,1.433,1.12,0.675,0.581,
99818,Paulinho,PAL,Atacante,5,10.37,0.0,3.42,6,0.0,False,True,BAH,-1.021,armadilha_leve,4.29,0.75,0.75,53.9,neutro,3.62,0.425,24.5,0.834,0.533,1.433,1.12,0.675,0.581,
73318,Daniel Borges,MIR,Lateral,6,6.47,1.33,4.62,6,8.5,True,False,RBB,0.036,neutro,4.07,3.62,0.75,46.6,neutro,4.54,0.55,-28.2,1.188,0.8,0.982,1.394,0.675,0.198,
101405,Wallisson,MIR,Meia,6,4.8,-0.16,2.74,18,3.5,True,False,RBB,0.005,neutro,2.601,2.74,1.0,49.5,neutro,2.62,0.45,-28.2,1.188,0.8,0.982,1.394,0.675,0.198,
136156,Larson,PAL,Meia,6,1.34,0.0,0.05,6,0.0,False,True,BAH,0.876,valor_bom,0.629,0.05,0.75,54.4,neutro,1.97,0.425,24.5,0.834,0.533,1.433,1.12,0.675,0.581,
79066,Alex Muralha,MIR,Goleiro,6,4.99,0.0,4.35,2,0.0,False,False,RBB,0.534,valor_bom,3.631,4.35,0.25,47.5,neutro,3.67,0.55,-28.2,1.188,0.8,0.982,1.394,0.675,0.198,
90917,Carlos Eduardo,MIR,Atacante,6,4.42,-0.3,2.63,15,0.0,True,False,RBB,-0.146,neutro,2.613,1.76,1.0,47.6,neutro,3.2,0.45,-28.2,1.188,0.8,0.982,1.394,0.675,0.198,
97460,João Victor,MIR,Zagueiro,7,5.72,0.67,3.08,24,8.0,True,False,RBB,-0.122,neutro,2.981,2.12,1.0,47.2,neutro,3.53,0.55,-28.2,1.188,0.8,0.982,1.394,0.675,0.198,
104027,Rafael Guanaes,MIR,Técnico,7,8.11,0.62,4.62,25,10.62,True,False,RBB,-0.368,neutro,4.679,4.62,1.0,48.6,neutro,4.47,0.45,-28.2,1.188,0.8,0.982,1.394,0.675,0.198,
81005,André Luis,MIR,Atacante,6,3.17,0.0,1.01,13,0.0,False,False,RBB,-1.186,armadilha_leve,0.986,0.39,1.0,47.6,neutro,1.87,0.45,-28.2,1.188,0.8,0.982,1.394,0.675,0.198,
99228,De la Cruz,FLA,Meia,6,4.3,-0.11,0.75,11,0.0,True,False,SAN,-1.264,armadilha_leve,1.397,0.75,1.0,64.9,neutro,2.26,0.725,11.9,1.018,0.487,1.185,0.675,1.0,0.504,
82775,Lucas Ramon,SAO,Lateral,7,10.01,-0.85,5.04,20,6.2,True,False,CRU,-0.298,neutro,5.081,3.79,1.0,29.7,desfavoravel,4.24,0.25,-38.1,0.844,0.72,1.333,1.12,0.65,0.222,
97321,Alesson,MIR,Atacante,7,8.05,0.0,4.54,22,0.0,False,False,RBB,0.389,neutro,4.647,3.86,1.0,47.6,neutro,4.01,0.45,-28.2,1.188,0.8,0.982,1.394,0.675,0.198,
87742,Neto Moura,MIR,Meia,6,3.7,-0.18,1.84,15,3.0,True,False,RBB,0.008,neutro,1.996,1.84,1.0,49.5,neutro,2.65,0.45,-28.2,1.188,0.8,0.982,1.394,0.675,0.198,
72279,Thomazella,MIR,Goleiro,6,0.83,0.0,-1.35,2,0.0,False,False,RBB,3.183,valor_oculto,3.025,0.0,0.25,47.5,neutro,3.4,0.55,-28.2,1.188,0.8,0.982,1.394,0.675,0.198,
83257,Gabriel,SAN,Atacante,7,10.16,-0.41,5.69,18,12.6,True,True,FLA,0.583,valor_bom,5.46,0.86,1.0,31.2,neutro,3.68,0.1,-11.9,1.185,0.675,1.018,0.487,0.95,0.235,
97520,Shaylon,MIR,Meia,6,3.98,-0.37,1.87,18,3.0,True,False,RBB,-0.214,neutro,1.998,1.31,1.0,49.5,neutro,2.8,0.45,-28.2,1.188,0.8,0.982,1.394,0.675,0.198,
78478,Willian Arão,SAN,Meia,7,6.21,0.0,3.42,19,0.0,False,True,FLA,0.53,valor_bom,3.619,3.16,1.0,31.9,neutro,3.32,0.1,-11.9,1.185,0.675,1.018,0.487,0.95,0.235,
84042,Tiquinho Soares,BOT,Atacante,6,4.69,0.0,1.5,8,0.0,False,True,VAS,-1.094,armadilha_leve,2.041,1.5,1.0,52.5,neutro,2.4,0.85,29.5,0.546,0.996,1.747,0.922,0.425,0.379,
84847,Luan Peres,SAN,Zagueiro,6,4.69,-0.61,3.15,20,0.2,True,True,FLA,0.476,neutro,3.017,2.1,1.0,35.7,neutro,2.67,0.0,-11.9,1.185,0.675,1.018,0.487,0.95,0.235,
104204,Edson Carioca,MIR,Atacante,7,5.13,-1.25,3.15,16,5.1,True,False,RBB,-0.201,neutro,2.961,2.15,1.0,47.6,neutro,3.54,0.45,-28.2,1.188,0.8,0.982,1.394,0.675,0.198,
105903,Aldo Filho,MIR,Meia,5,3.8,0.0,2.09,15,0.0,False,False,RBB,0.145,neutro,2.159,1.76,1.0,49.5,neutro,2.64,0.45,-28.2,1.188,0.8,0.982,1.394,0.675,0.198,
102256,Rollheiser,SAN,Meia,7,7.66,0.0,3.58,20,0.0,False,True,FLA,-0.036,neutro,3.727,2.08,1.0,31.9,neutro,2.98,0.1,-11.9,1.185,0.675,1.018,0.487,0.95,0.235,
101708,Felipe Jonatan,CFC,Lateral,5,4.31,0.0,2.08,17,0.0,False,False,FLU,-0.418,neutro,2.585,1.55,1.0,23.6,desfavoravel,3.08,0.25,-33.4,1.362,1.693,1.273,1.244,0.375,0.144,
98384,Negueba,MIR,Atacante,5,8.57,0.0,5.23,8,0.0,False,False,RBB,0.731,valor_bom,5.086,4.23,1.0,47.6,neutro,3.72,0.45,-28.2,1.188,0.8,0.982,1.394,0.675,0.198,
91866,Zé Ivaldo,REM,Zagueiro,6,5.52,0.0,2.49,9,0.0,False,True,GRE,-0.516,armadilha_leve,2.582,2.16,1.0,65.7,neutro,2.81,0.95,23.8,0.875,1.191,1.12,1.032,0.0,0.417,
102975,Escobar,SAN,Lateral,7,10.08,0.02,6.51,19,4.7,True,True,FLA,0.976,valor_bom,6.117,5.3,1.0,35.1,neutro,4.63,0.0,-11.9,1.185,0.675,1.018,0.487,0.95,0.235,
95466,Igor Vinícius,SAN,Lateral,6,9.65,0.0,6.39,18,0.0,False,True,FLA,1.015,valor_bom,6.018,5.11,1.0,35.1,neutro,4.37,0.0,-11.9,1.185,0.675,1.018,0.487,0.95,0.235,
77777,João Schmidt,SAN,Meia,6,4.96,0.0,2.08,14,0.0,False,True,FLA,-0.7,armadilha_leve,2.155,2.08,1.0,31.9,neutro,2.28,0.1,-11.9,1.185,0.675,1.018,0.487,0.95,0.235,
126977,Fernando Seabra,CFC,Técnico,7,7.39,-0.45,5.06,27,1.58,True,False,FLU,1.711,valor_oculto,5.015,5.06,1.0,40.5,neutro,3.69,0.325,-33.4,1.362,1.693,1.273,1.244,0.375,0.144,
113690,Diógenes,SAN,Goleiro,7,4.77,-0.23,5.1,3,4.2,True,True,FLA,0.883,valor_bom,3.901,3.43,0.375,36.1,neutro,3.88,0.0,-11.9,1.185,0.675,1.018,0.487,0.95,0.235,
117403,Renato Marques,CFC,Atacante,6,2.73,0.0,0.74,7,0.0,False,False,FLU,-0.902,armadilha_leve,0.85,0.74,0.875,39.6,desfavoravel,1.81,0.325,-33.4,1.362,1.693,1.273,1.244,0.375,0.144,
63008,Rafael Tolói,SAO,Zagueiro,2,8.49,0.75,5.19,8,10.1,True,False,CRU,0.793,valor_bom,4.647,4.07,1.0,30.2,desfavoravel,3.63,0.25,-38.1,0.844,0.72,1.333,1.12,0.65,0.222,
89840,Calleri,SAO,Atacante,7,11.69,0.77,5.2,23,9.1,True,False,CRU,-0.374,neutro,5.134,2.2,1.0,38.2,desfavoravel,3.86,0.55,-38.1,0.844,0.72,1.333,1.12,0.65,0.222,
85403,Danielzinho,SAO,Meia,7,5.64,-0.46,2.37,24,-0.6,True,False,CRU,-0.251,neutro,2.801,1.95,1.0,39.3,desfavoravel,3.04,0.55,-38.1,0.844,0.72,1.333,1.12,0.65,0.222,
118775,Lautaro Díaz,SAN,Atacante,6,5.26,0.0,2.28,8,0.0,False,True,FLA,-0.98,armadilha_leve,2.431,1.28,1.0,31.2,neutro,2.36,0.1,-11.9,1.185,0.675,1.018,0.487,0.95,0.235,
87470,Thaciano,SAN,Meia,6,5.28,-0.29,2.0,17,0.0,True,True,FLA,-0.988,armadilha_leve,2.092,1.41,1.0,31.9,neutro,2.39,0.1,-11.9,1.185,0.675,1.018,0.487,0.95,0.235,
70164,Lucas Moura,SAO,Meia,6,7.5,0.0,2.32,8,0.0,False,False,CRU,-0.663,armadilha_leve,3.207,1.07,1.0,39.3,desfavoravel,2.79,0.55,-38.1,0.844,0.72,1.333,1.12,0.65,0.222,
106028,Coronel,SAO,Goleiro,6,6.15,0.0,4.5,1,0.0,False,False,CRU,0.754,valor_bom,4.393,4.5,0.125,30.8,desfavoravel,3.95,0.25,-38.1,0.844,0.72,1.333,1.12,0.65,0.222,
104075,Sabino,SAO,Zagueiro,7,6.96,-0.3,3.84,20,4.7,True,False,CRU,0.471,neutro,3.915,2.79,1.0,30.2,desfavoravel,3.79,0.25,-38.1,0.844,0.72,1.333,1.12,0.65,0.222,
91573,Arboleda,SAO,Zagueiro,7,8.96,0.26,4.21,14,7.0,True,False,CRU,0.042,neutro,4.171,3.35,1.0,30.2,desfavoravel,3.44,0.25,-38.1,0.844,0.72,1.333,1.12,0.65,0.222,
77656,Cédric Soares,SAO,Lateral,6,3.73,0.0,0.94,8,0.0,False,False,CRU,-1.315,armadilha_leve,1.49,0.94,1.0,29.7,desfavoravel,2.4,0.25,-38.1,0.844,0.72,1.333,1.12,0.65,0.222,
101290,Ferreira,SAO,Atacante,6,6.23,-1.37,3.61,22,0.5,True,False,CRU,0.427,neutro,3.965,2.16,1.0,38.2,desfavoravel,3.79,0.55,-38.1,0.844,0.72,1.333,1.12,0.65,0.222,
80570,Wendell,SAO,Lateral,6,8.27,0.0,4.28,18,0.0,False,False,CRU,-0.244,neutro,4.558,2.78,1.0,29.7,desfavoravel,4.18,0.25,-38.1,0.844,0.72,1.333,1.12,0.65,0.222,
106294,Marcos Antônio,SAO,Meia,7,5.86,-1.24,2.9,20,-0.1,True,False,CRU,0.214,neutro,3.241,2.4,1.0,39.3,desfavoravel,3.19,0.55,-38.1,0.844,0.72,1.333,1.12,0.65,0.222,
81845,Alisson,FLU,Meia,6,3.52,0.0,0.96,8,0.0,False,True,CFC,-1.164,armadilha_leve,1.012,0.33,1.0,89.6,neutro,2.34,0.75,33.4,1.273,1.244,1.362,1.693,0.675,0.614,
105300,Ferraresi,BOT,Zagueiro,7,6.8,0.27,3.73,22,6.2,True,True,VAS,0.433,neutro,3.83,3.05,1.0,52.1,neutro,3.58,0.575,29.5,0.546,0.996,1.747,0.922,0.425,0.379,
131617,André Silva,SAO,Atacante,6,3.18,-0.55,0.48,16,-0.3,True,False,CRU,-1.653,armadilha_forte,0.636,0.48,1.0,38.2,desfavoravel,2.17,0.55,-38.1,0.844,0.72,1.333,1.12,0.65,0.222,
140542,Ryan Francisco,SAO,Atacante,6,4.35,0.0,-0.3,1,0.0,False,False,CRU,-0.551,armadilha_leve,2.262,0.0,0.125,38.2,desfavoravel,3.01,0.55,-38.1,0.844,0.72,1.333,1.12,0.65,0.222,
86410,Victor Luis,MIR,Lateral,6,3.65,0.0,1.2,7,0.0,False,False,RBB,-1.046,armadilha_leve,1.648,0.77,0.875,46.6,neutro,2.25,0.55,-28.2,1.188,0.8,0.982,1.394,0.675,0.198,
71123,Thiago Mendes,VAS,Meia,7,7.2,-1.05,4.25,23,2.3,True,False,BOT,0.825,valor_bom,4.21,2.95,1.0,75.8,favoravel_visitante,4.72,0.95,-29.5,1.747,0.922,0.546,0.996,0.7,0.338,
72391,Fernando Diniz,COR,Técnico,7,8.86,0.03,5.35,21,4.95,True,False,INT,0.473,neutro,5.383,5.35,1.0,38.5,neutro,3.78,0.55,2.6,0.772,1.75,1.12,1.244,0.0,0.267,
113359,Pablo Maia,SAO,Meia,6,4.44,0.0,1.85,18,0.0,False,False,CRU,-0.575,armadilha_leve,1.985,1.57,1.0,39.3,desfavoravel,2.54,0.55,-38.1,0.844,0.72,1.333,1.12,0.65,0.222,
93716,Paulo Henrique,VAS,Lateral,7,7.81,0.74,3.24,19,7.4,True,False,BOT,-0.966,armadilha_leve,3.815,2.4,1.0,41.6,neutro,3.38,0.25,-29.5,1.747,0.922,0.546,0.996,0.7,0.338,
141868,Vini Lira,SAN,Lateral,5,3.79,0.0,2.42,4,0.0,False,True,FLA,-0.518,armadilha_leve,2.166,2.42,0.5,35.1,neutro,2.65,0.0,-11.9,1.185,0.675,1.018,0.487,0.95,0.235,
97095,Carlos Cuesta,VAS,Zagueiro,7,4.47,0.0,1.51,15,0.0,False,False,BOT,-0.753,armadilha_leve,1.919,0.78,1.0,42.2,neutro,2.76,0.25,-29.5,1.747,0.922,0.546,0.996,0.7,0.338,
81091,Jair,VAS,Meia,6,5.2,-0.61,2.08,5,0.5,True,False,BOT,-0.782,armadilha_leve,2.208,2.08,0.625,75.8,neutro,3.1,0.95,-29.5,1.747,0.922,0.546,0.996,0.7,0.338,
95936,Daniel Fuzato,VAS,Goleiro,6,1.59,0.0,-1.0,0,0.0,False,False,BOT,-0.532,armadilha_leve,0.0,0.0,0.0,42.6,neutro,2.06,0.25,-29.5,1.747,0.922,0.546,0.996,0.7,0.338,
107873,Bobadilla,SAO,Meia,5,8.06,0.0,3.94,16,0.0,False,False,CRU,0.144,neutro,3.991,3.31,1.0,39.3,desfavoravel,3.38,0.55,-38.1,0.844,0.72,1.333,1.12,0.65,0.222,
86686,Tchê Tchê,VAS,Meia,6,4.97,0.0,2.95,19,0.0,False,False,BOT,0.099,neutro,2.754,2.42,1.0,75.8,favoravel_visitante,3.81,0.95,-29.5,1.747,0.922,0.546,0.996,0.7,0.338,
118563,Rodriguinho,RBB,Meia,7,5.87,-0.26,3.63,15,3.5,True,True,MIR,0.949,valor_bom,3.791,2.96,1.0,53.2,neutro,3.51,0.6,28.2,0.982,1.394,1.188,0.8,0.225,0.543,
105584,Lucas Piton,VAS,Lateral,6,4.81,0.0,2.34,18,0.0,False,False,BOT,-0.588,armadilha_leve,2.746,1.9,1.0,41.6,neutro,2.77,0.25,-29.5,1.747,0.922,0.546,0.996,0.7,0.338,
117330,Robert Renan,VAS,Zagueiro,7,6.26,0.64,3.11,25,9.5,True,False,BOT,0.079,neutro,3.351,2.51,1.0,42.2,neutro,3.78,0.25,-29.5,1.747,0.922,0.546,0.996,0.7,0.338,
117818,Young,SAO,Goleiro,6,3.0,0.0,0.0,0,0.0,False,False,CRU,-1.707,armadilha_forte,0.0,0.0,0.0,30.8,desfavoravel,1.92,0.25,-38.1,0.844,0.72,1.333,1.12,0.65,0.222,
141609,Lucca,SAO,Atacante,6,2.05,0.0,0.23,4,0.0,False,False,CRU,-0.255,neutro,0.708,0.23,0.5,38.2,desfavoravel,2.17,0.55,-38.1,0.844,0.72,1.333,1.12,0.65,0.222,
116706,Andrés Gómez,VAS,Atacante,3,13.07,1.27,7.22,23,14.7,True,False,BOT,1.155,valor_bom,6.632,4.83,1.0,72.1,favoravel_visitante,5.2,0.95,-29.5,1.747,0.922,0.546,0.996,0.7,0.338,
99213,Puma Rodríguez,VAS,Lateral,6,6.92,0.0,4.16,17,0.0,False,False,BOT,-0.295,neutro,3.999,2.1,1.0,41.6,neutro,3.32,0.25,-29.5,1.747,0.922,0.546,0.996,0.7,0.338,
90309,David,VAS,Atacante,6,3.95,-0.98,2.07,21,0.0,True,False,BOT,-0.296,neutro,2.211,0.69,1.0,72.1,neutro,2.73,0.95,-29.5,1.747,0.922,0.546,0.996,0.7,0.338,
90588,Caíque,VIT,Meia,7,4.77,0.11,2.62,21,3.0,True,True,CHA,-0.073,neutro,2.528,2.62,1.0,66.4,neutro,3.23,0.75,50.0,1.0,1.2,1.117,0.713,0.325,0.585,
142279,Nuno Moreira,VAS,Meia,6,5.2,0.0,2.06,18,0.0,False,False,BOT,-0.887,armadilha_leve,2.13,1.5,1.0,75.8,neutro,2.73,0.95,-29.5,1.747,0.922,0.546,0.996,0.7,0.338,
42222,Osvaldo,VIT,Atacante,6,4.07,0.0,0.4,2,0.0,False,True,CHA,-0.48,neutro,2.146,0.4,0.25,65.4,neutro,3.16,0.75,50.0,1.0,1.2,1.117,0.713,0.325,0.585,
104118,Lucas Arcanjo,VIT,Goleiro,7,8.62,-1.28,5.74,22,-0.4,True,True,CHA,0.855,valor_bom,5.377,3.92,1.0,73.5,favoravel,4.8,0.825,50.0,1.0,1.2,1.117,0.713,0.325,0.585,
111682,Adson,VAS,Meia,6,6.21,0.0,3.49,14,0.0,False,False,BOT,0.651,valor_bom,3.709,3.49,1.0,75.8,favoravel_visitante,3.57,0.95,-29.5,1.747,0.922,0.546,0.996,0.7,0.338,
115141,Lucas Freitas,VAS,Zagueiro,6,6.03,0.0,4.67,3,0.0,False,False,BOT,1.31,valor_bom,4.258,1.67,0.375,42.2,neutro,3.81,0.25,-29.5,1.747,0.922,0.546,0.996,0.7,0.338,
97645,Thiago Couto,VIT,Goleiro,6,3.0,0.0,0.0,0,0.0,False,True,CHA,-1.707,armadilha_forte,0.0,0.0,0.0,73.5,neutro,2.42,0.825,50.0,1.0,1.2,1.117,0.713,0.325,0.585,
118752,Mateus Carvalho,VAS,Meia,5,4.0,0.0,0.0,0,0.0,False,False,BOT,-2.917,armadilha_forte,0.0,0.0,0.0,75.8,neutro,2.44,0.95,-29.5,1.747,0.922,0.546,0.996,0.7,0.338,
96793,Camutanga,VIT,Zagueiro,5,6.71,0.0,3.95,7,0.0,False,True,CHA,0.722,valor_bom,4.032,2.66,0.875,73.6,favoravel,3.58,0.825,50.0,1.0,1.2,1.117,0.713,0.325,0.585,
111879,Mateus Silva,VIT,Lateral,7,6.3,-1.14,5.26,7,0.8,True,True,CHA,0.552,valor_bom,4.406,3.69,0.875,72.9,favoravel,3.74,0.825,50.0,1.0,1.2,1.117,0.713,0.325,0.585,
92180,Jair Ventura,VIT,Técnico,7,8.57,-0.12,5.3,25,5.42,True,True,CHA,0.368,neutro,5.194,5.3,1.0,64.6,favoravel,4.46,0.75,50.0,1.0,1.2,1.117,0.713,0.325,0.585,
99440,Baralhas,VIT,Meia,5,9.25,0.0,5.24,15,0.0,False,True,CHA,0.808,valor_bom,4.841,3.91,1.0,66.4,favoravel,4.53,0.75,50.0,1.0,1.2,1.117,0.713,0.325,0.585,
101597,Ramon,VIT,Lateral,5,8.07,0.0,4.81,17,0.0,False,True,CHA,0.312,neutro,4.929,3.05,1.0,72.9,favoravel,4.3,0.825,50.0,1.0,1.2,1.117,0.713,0.325,0.585,
122485,Barros,VAS,Meia,6,8.61,0.0,4.64,18,0.0,False,False,BOT,0.562,valor_bom,4.472,3.81,1.0,75.8,favoravel_visitante,3.84,0.95,-29.5,1.747,0.922,0.546,0.996,0.7,0.338,
116461,Jamerson,VIT,Lateral,7,6.82,-0.91,4.8,14,5.1,True,True,CHA,0.242,neutro,4.385,3.73,1.0,72.9,favoravel,3.88,0.825,50.0,1.0,1.2,1.117,0.713,0.325,0.585,
90031,Mendoza,CAP,Atacante,7,8.11,0.64,4.27,25,6.3,True,True,CAM,0.082,neutro,4.433,2.47,1.0,55.8,neutro,3.57,0.15,40.5,1.563,2.1,0.9,0.844,0.6,0.482,
92273,Odair Hellmann,CAP,Técnico,7,9.18,0.36,5.96,25,6.96,True,True,CAM,1.294,valor_bom,5.841,5.96,1.0,55.8,neutro,4.59,0.15,40.5,1.563,2.1,0.9,0.844,0.6,0.482,
90703,Matheuzinho,VIT,Meia,6,6.75,1.01,3.6,23,9.8,True,True,CHA,0.395,neutro,3.727,2.73,1.0,66.4,favoravel,3.71,0.75,50.0,1.0,1.2,1.117,0.713,0.325,0.585,
80129,Jadson,CAP,Meia,7,5.07,-0.08,3.54,20,1.0,True,True,CAM,0.61,valor_bom,3.182,3.29,1.0,57.1,neutro,3.29,0.15,40.5,1.563,2.1,0.9,0.844,0.6,0.482,
105518,Renan Peixoto,CAP,Atacante,6,2.67,0.0,0.8,9,0.0,False,True,CAM,-0.811,armadilha_leve,0.869,0.8,1.0,55.8,neutro,1.91,0.15,40.5,1.563,2.1,0.9,0.844,0.6,0.482,
104330,Dudu,VIT,Meia,5,5.01,0.0,3.95,2,0.0,False,True,CHA,-0.107,neutro,2.62,1.45,0.25,66.4,neutro,3.4,0.75,50.0,1.0,1.2,1.117,0.713,0.325,0.585,
110668,Esquivel,CAP,Lateral,7,8.6,1.7,5.22,16,13.5,True,True,CAM,0.426,neutro,5.207,2.97,1.0,63.3,favoravel,4.62,0.7,40.5,1.563,2.1,0.9,0.844,0.6,0.482,
110698,Mycael,CAP,Goleiro,7,8.57,0.9,6.67,3,7.8,True,True,CAM,0.527,valor_bom,5.004,5.0,0.375,64.1,favoravel,4.38,0.7,40.5,1.563,2.1,0.9,0.844,0.6,0.482,
130620,Edenílson,VIT,Meia,6,2.96,0.0,1.42,11,0.0,False,True,CHA,-0.304,neutro,1.27,1.42,1.0,66.4,neutro,2.2,0.75,50.0,1.0,1.2,1.117,0.713,0.325,0.585,
124834,Ruan Assis,CFC,Atacante,6,1.0,0.0,0.0,0,0.0,False,False,FLU,0.566,valor_bom,0.0,0.0,0.0,39.6,desfavoravel,2.02,0.325,-33.4,1.362,1.693,1.273,1.244,0.375,0.144,
123869,Aguirre,CAP,Zagueiro,3,5.15,0.05,3.26,22,-0.1,True,True,CAM,0.329,neutro,3.107,2.31,1.0,64.0,favoravel,3.53,0.7,40.5,1.563,2.1,0.9,0.844,0.6,0.482,
92696,Renato Kayzer,VIT,Atacante,6,5.81,-0.2,2.61,17,0.0,True,True,CHA,-1.106,armadilha_leve,2.601,0.9,1.0,65.4,neutro,2.8,0.75,50.0,1.0,1.2,1.117,0.713,0.325,0.585,
85626,Léo,CAP,Zagueiro,6,6.77,0.0,4.9,2,0.0,False,True,CAM,0.983,valor_bom,4.263,3.4,0.25,64.0,favoravel,4.15,0.7,40.5,1.563,2.1,0.9,0.844,0.6,0.482,
112017,Felipinho,CAP,Meia,6,4.79,0.0,2.99,8,0.0,False,True,CAM,0.063,neutro,2.639,2.99,1.0,57.1,neutro,2.96,0.15,40.5,1.563,2.1,0.9,0.844,0.6,0.482,
123101,Leozinho,CAP,Atacante,6,5.76,-0.05,4.98,14,2.4,True,True,CAM,0.892,valor_bom,4.108,2.69,1.0,55.8,neutro,4.17,0.15,40.5,1.563,2.1,0.9,0.844,0.6,0.482,
113113,Benavídez,CAP,Lateral,5,9.33,0.0,5.4,19,0.0,False,True,CAM,0.284,neutro,5.335,2.93,1.0,63.3,favoravel,4.24,0.7,40.5,1.563,2.1,0.9,0.844,0.6,0.482,
115266,Renan Viana,CAP,Atacante,6,2.0,0.0,0.0,0,0.0,False,True,CAM,-1.111,armadilha_leve,0.0,0.0,0.0,55.8,neutro,2.21,0.15,40.5,1.563,2.1,0.9,0.844,0.6,0.482,
145387,Rúben Ismael,VIT,Meia,6,4.0,0.0,0.0,0,0.0,False,True,CHA,-2.917,armadilha_forte,0.0,0.0,0.0,66.4,neutro,2.33,0.75,50.0,1.0,1.2,1.117,0.713,0.325,0.585,
120433,Léo Derik,CAP,Lateral,6,5.81,0.0,3.65,9,0.0,False,True,CAM,-0.104,neutro,3.654,2.65,1.0,63.3,neutro,3.21,0.7,40.5,1.563,2.1,0.9,0.844,0.6,0.482,
122316,Batata,CAP,Lateral,6,1.0,0.0,0.0,0,0.0,False,True,CAM,0.371,neutro,0.0,0.0,0.0,63.3,favoravel,2.3,0.7,40.5,1.563,2.1,0.9,0.844,0.6,0.482,
125746,Dudu,CAP,Meia,6,2.34,0.13,1.59,17,2.3,True,True,CAM,0.56,valor_bom,1.421,1.3,1.0,57.1,neutro,2.17,0.15,40.5,1.563,2.1,0.9,0.844,0.6,0.482,
127970,Felipe Chiqueti,CAP,Meia,6,2.07,0.0,1.35,7,0.0,False,True,CAM,0.586,valor_bom,1.197,1.35,0.875,57.1,neutro,2.16,0.15,40.5,1.563,2.1,0.9,0.844,0.6,0.482,
128431,João Cruz,CAP,Meia,7,6.55,0.0,4.18,19,0.0,False,True,CAM,1.07,valor_bom,4.154,2.6,1.0,57.1,neutro,3.38,0.15,40.5,1.563,2.1,0.9,0.844,0.6,0.482,
63354,Rodrigo Moledo,CFC,Zagueiro,7,5.73,-0.49,3.7,6,1.5,True,False,FLU,0.045,neutro,3.12,2.2,0.75,24.1,desfavoravel,2.8,0.25,-33.4,1.362,1.693,1.273,1.244,0.375,0.144,
143193,Viveros,CAP,Atacante,7,12.78,0.0,8.96,23,0.0,False,True,CAM,2.927,valor_oculto,7.923,3.09,1.0,55.8,neutro,4.9,0.15,40.5,1.563,2.1,0.9,0.844,0.6,0.482,
125926,Zapelli,CAP,Meia,6,4.14,-0.07,1.39,17,1.5,True,True,CAM,-0.769,armadilha_leve,1.677,1.1,1.0,57.1,neutro,2.42,0.15,40.5,1.563,2.1,0.9,0.844,0.6,0.482,
131832,Portilla,CAP,Meia,6,3.35,0.0,1.42,17,0.0,False,True,CAM,-0.62,armadilha_leve,1.306,1.42,1.0,57.1,neutro,2.12,0.15,40.5,1.563,2.1,0.9,0.844,0.6,0.482,
143532,Carlos Eduardo,CAP,Goleiro,6,1.0,0.0,0.0,0,0.0,False,True,CAM,0.167,neutro,0.0,0.0,0.0,64.1,favoravel,2.31,0.7,40.5,1.563,2.1,0.9,0.844,0.6,0.482,
90302,Pedro Rocha,CFC,Atacante,7,7.0,-1.88,4.65,26,0.4,True,False,FLU,0.993,valor_bom,4.719,2.0,1.0,39.6,desfavoravel,3.38,0.325,-33.4,1.362,1.693,1.273,1.244,0.375,0.144,
84339,Bruno Melo,CFC,Lateral,7,5.03,-0.04,2.96,25,0.5,True,False,FLU,-0.261,neutro,3.129,1.8,1.0,23.6,desfavoravel,2.65,0.25,-33.4,1.362,1.693,1.273,1.244,0.375,0.144,
84626,Josué,CFC,Meia,7,5.82,0.17,3.95,24,2.5,True,False,FLU,1.239,valor_bom,3.986,1.87,1.0,40.9,neutro,3.29,0.325,-33.4,1.362,1.693,1.273,1.244,0.375,0.144,
71227,Maicon,CFC,Zagueiro,2,3.7,0.0,1.79,15,0.0,False,False,FLU,-0.022,neutro,2.102,0.99,1.0,24.1,desfavoravel,2.14,0.25,-33.4,1.362,1.693,1.273,1.244,0.375,0.144,
110708,Pedro Rangel,CFC,Goleiro,6,7.48,0.0,4.67,17,0.0,False,False,FLU,0.462,neutro,4.577,2.91,1.0,24.7,desfavoravel,3.98,0.25,-33.4,1.362,1.693,1.273,1.244,0.375,0.144,
82628,Tinga,CFC,Lateral,5,5.53,0.0,3.59,16,0.0,False,False,FLU,0.018,neutro,3.613,2.59,1.0,23.6,desfavoravel,3.17,0.25,-33.4,1.362,1.693,1.273,1.244,0.375,0.144,
145609,Élan Ricardo,CAP,Meia,6,3.0,0.0,0.0,0,0.0,False,True,CAM,-2.051,armadilha_forte,0.0,0.0,0.0,57.1,neutro,2.22,0.15,40.5,1.563,2.1,0.9,0.844,0.6,0.482,
128427,Alejandro García,CAP,Meia,6,4.0,0.0,0.0,0,0.0,False,True,CAM,-2.917,armadilha_forte,0.0,0.0,0.0,57.1,neutro,2.22,0.15,40.5,1.563,2.1,0.9,0.844,0.6,0.482,
147202,João Bezerra,INT,Atacante,6,1.19,0.0,0.6,2,0.0,False,True,COR,1.335,valor_bom,0.877,0.6,0.25,46.6,neutro,2.35,0.25,-2.6,1.12,1.244,0.772,1.75,0.3,0.443,
109127,Tiago Cóser,CFC,Zagueiro,7,3.61,0.26,2.72,23,1.7,True,False,FLU,0.408,neutro,2.397,1.15,1.0,24.1,desfavoravel,2.3,0.25,-33.4,1.362,1.693,1.273,1.244,0.375,0.144,
125803,Pedro Morisco,CFC,Goleiro,7,7.56,-0.27,4.39,11,2.8,True,False,FLU,0.262,neutro,4.386,4.39,1.0,24.7,desfavoravel,3.21,0.25,-33.4,1.362,1.693,1.273,1.244,0.375,0.144,
141754,Gabriel Bontempo,SAN,Meia,7,4.91,-0.64,3.66,22,0.4,True,True,FLA,0.864,valor_bom,3.294,3.21,1.0,31.9,neutro,3.45,0.1,-11.9,1.185,0.675,1.018,0.487,0.95,0.235,
97878,Jacy,CFC,Zagueiro,2,5.43,0.0,3.99,23,0.0,False,False,FLU,0.857,valor_bom,3.653,3.21,1.0,24.1,desfavoravel,3.16,0.25,-33.4,1.362,1.693,1.273,1.244,0.375,0.144,
104811,Sebastián Gómez,CFC,Meia,7,4.16,-0.59,2.81,23,1.2,True,False,FLU,0.558,valor_bom,2.675,2.59,1.0,40.9,neutro,3.13,0.325,-33.4,1.362,1.693,1.273,1.244,0.375,0.144,
130842,Matheus Soares,CAP,Goleiro,6,1.0,0.0,0.0,0,0.0,False,True,CAM,0.167,neutro,0.0,0.0,0.0,64.1,favoravel,2.31,0.7,40.5,1.563,2.1,0.9,0.844,0.6,0.482,
112576,Vini Paulista,CFC,Meia,6,3.58,-0.45,2.29,24,0.8,True,False,FLU,0.502,valor_bom,2.289,2.29,1.0,40.9,neutro,2.62,0.325,-33.4,1.362,1.693,1.273,1.244,0.375,0.144,
97795,Marcelinho,REM,Lateral,7,6.23,0.17,5.07,23,4.3,True,True,GRE,0.969,valor_bom,4.706,3.72,1.0,65.0,favoravel,4.7,0.95,23.8,0.875,1.191,1.12,1.032,0.0,0.417,
117930,Lavega,CFC,Atacante,7,5.24,0.09,3.31,25,3.5,True,False,FLU,-0.049,neutro,3.134,1.31,1.0,39.6,desfavoravel,2.73,0.325,-33.4,1.362,1.693,1.273,1.244,0.375,0.144,
141337,Lucas Taverna,CFC,Lateral,5,2.69,0.0,1.95,4,0.0,False,False,FLU,0.362,neutro,2.009,1.2,0.5,23.6,desfavoravel,2.45,0.25,-33.4,1.362,1.693,1.273,1.244,0.375,0.144,
82730,Marcelo Rangel,REM,Goleiro,7,5.4,-1.03,3.87,27,0.6,True,True,GRE,0.486,neutro,3.774,3.5,1.0,65.8,favoravel,4.19,0.95,23.8,0.875,1.191,1.12,1.032,0.0,0.417,
107985,Terán,CAP,Zagueiro,7,6.98,0.0,4.09,13,0.0,False,True,CAM,0.686,valor_bom,4.095,2.94,1.0,64.0,favoravel,3.82,0.7,40.5,1.563,2.1,0.9,0.844,0.6,0.482,
123648,Lucas Ronier,CFC,Atacante,5,10.77,0.0,6.7,18,0.0,False,False,FLU,1.276,valor_bom,6.159,5.42,1.0,39.6,desfavoravel,3.87,0.325,-33.4,1.362,1.693,1.273,1.244,0.375,0.144,
104257,João Lucas,REM,Lateral,5,4.59,0.0,2.82,6,0.0,False,True,GRE,0.266,neutro,3.299,2.82,0.75,65.0,favoravel,3.28,0.95,23.8,0.875,1.191,1.12,1.032,0.0,0.417,
130283,Matheus Dias,CFC,Meia,6,1.0,0.0,0.0,0,0.0,False,False,FLU,0.639,valor_bom,0.0,0.0,0.0,40.9,neutro,2.04,0.325,-33.4,1.362,1.693,1.273,1.244,0.375,0.144,
102911,Zé Ricardo,REM,Meia,7,4.75,0.43,3.02,26,3.5,True,True,GRE,0.371,neutro,2.848,2.64,1.0,43.8,neutro,3.13,0.525,23.8,0.875,1.191,1.12,1.032,0.0,0.417,
145782,Tassano,REM,Zagueiro,6,3.0,0.0,0.0,0,0.0,False,True,GRE,-2.089,armadilha_forte,0.0,0.0,0.0,65.7,neutro,2.33,0.95,23.8,0.875,1.191,1.12,1.032,0.0,0.417,
115840,Benassi,CFC,Goleiro,6,1.0,0.0,0.0,0,0.0,False,False,FLU,0.167,neutro,0.0,0.0,0.0,24.7,desfavoravel,1.85,0.25,-33.4,1.362,1.693,1.273,1.244,0.375,0.144,
131279,Thiago Azaf,CFC,Atacante,6,1.0,0.0,0.0,0,0.0,False,False,FLU,0.566,valor_bom,0.0,0.0,0.0,39.6,desfavoravel,2.02,0.325,-33.4,1.362,1.693,1.273,1.244,0.375,0.144,
143455,PH Gama,REM,Meia,6,2.0,0.0,0.0,0,0.0,False,True,GRE,-0.934,armadilha_leve,0.0,0.0,0.0,43.8,neutro,2.07,0.525,23.8,0.875,1.191,1.12,1.032,0.0,0.417,
141385,João Victor,REM,Goleiro,6,1.0,0.0,0.0,0,0.0,False,True,GRE,0.167,neutro,0.0,0.0,0.0,65.8,favoravel,2.33,0.95,23.8,0.875,1.191,1.12,1.032,0.0,0.417,
83074,Ygor Vinhas,REM,Goleiro,6,3.0,0.0,0.0,0,0.0,False,True,GRE,-1.707,armadilha_forte,0.0,0.0,0.0,65.8,neutro,2.33,0.95,23.8,0.875,1.191,1.12,1.032,0.0,0.417,
71043,Léo Vieira,BAH,Goleiro,5,6.82,0.0,5.02,16,0.0,False,False,PAL,0.892,valor_bom,4.807,4.39,1.0,33.9,desfavoravel,3.36,0.125,-24.5,1.433,1.12,0.834,0.533,0.7,0.18,
107700,Eduardo Melo,REM,Atacante,6,2.13,0.0,1.4,1,0.0,False,True,GRE,0.015,neutro,0.997,1.4,0.125,42.8,neutro,2.45,0.525,23.8,0.875,1.191,1.12,1.032,0.0,0.417,
68822,Rafael Santos,CHA,Goleiro,6,4.94,0.0,3.75,4,0.0,False,False,VIT,0.483,neutro,3.551,3.75,0.5,49.6,neutro,3.26,0.825,-50.0,1.117,0.713,1.0,1.2,0.45,0.171,
68938,Giovanni Augusto,CHA,Meia,7,5.3,0.76,3.75,18,5.5,True,False,VIT,0.624,valor_bom,3.3,2.08,1.0,29.4,desfavoravel,3.14,0.25,-50.0,1.117,0.713,1.0,1.2,0.45,0.171,
98224,Jáderson,REM,Meia,6,2.35,-0.09,0.78,12,0.0,True,True,GRE,-0.162,neutro,0.893,0.78,1.0,43.8,neutro,1.79,0.525,23.8,0.875,1.191,1.12,1.032,0.0,0.417,
95332,Marcinho,CHA,Atacante,7,5.09,-0.76,4.22,25,2.7,True,False,VIT,0.951,valor_bom,3.823,2.22,1.0,28.9,desfavoravel,3.56,0.25,-50.0,1.117,0.713,1.0,1.2,0.45,0.171,
83048,Rafael Thyere,CHA,Zagueiro,6,2.75,0.0,-0.1,3,0.0,False,False,VIT,-0.585,armadilha_leve,1.041,0.0,0.375,49.4,neutro,2.37,0.825,-50.0,1.117,0.713,1.0,1.2,0.45,0.171,
97432,Victor Caetano,CHA,Zagueiro,6,3.16,0.0,1.48,8,0.0,False,False,VIT,-0.392,neutro,1.475,1.48,1.0,49.4,neutro,2.11,0.825,-50.0,1.117,0.713,1.0,1.2,0.45,0.171,
141386,Marcos Alexandre,REM,Goleiro,6,1.0,0.0,0.0,0,0.0,False,True,GRE,0.167,neutro,0.0,0.0,0.0,65.8,favoravel,2.33,0.95,23.8,0.875,1.191,1.12,1.032,0.0,0.417,
104470,Everton,CHA,Lateral,5,3.89,0.0,1.93,20,0.0,False,False,VIT,-0.861,armadilha_leve,1.961,1.38,1.0,48.8,neutro,2.88,0.825,-50.0,1.117,0.713,1.0,1.2,0.45,0.171,
102906,Anderson,CHA,Goleiro,7,6.72,1.37,3.72,13,9.9,True,False,VIT,0.16,neutro,3.971,3.34,1.0,49.6,neutro,4.42,0.825,-50.0,1.117,0.713,1.0,1.2,0.45,0.171,
104519,Camilo,CHA,Meia,7,4.53,-0.47,2.9,22,-0.3,True,False,VIT,0.373,neutro,2.737,2.9,1.0,29.4,desfavoravel,2.88,0.25,-50.0,1.117,0.713,1.0,1.2,0.45,0.171,
141406,Andrey Fernandes,VAS,Atacante,6,1.41,0.0,1.7,1,0.0,False,False,BOT,1.139,valor_bom,1.03,1.7,0.125,72.1,favoravel_visitante,2.81,0.95,-29.5,1.747,0.922,0.546,0.996,0.7,0.338,
130414,Robert,CHA,Meia,5,3.51,0.0,3.0,1,0.0,False,False,VIT,-0.798,armadilha_leve,1.278,3.0,0.125,29.4,desfavoravel,2.43,0.25,-50.0,1.117,0.713,1.0,1.2,0.45,0.171,
111279,Mancha,CHA,Lateral,6,3.0,0.0,0.0,0,0.0,False,False,VIT,-2.492,armadilha_forte,0.0,0.0,0.0,48.8,neutro,2.13,0.825,-50.0,1.117,0.713,1.0,1.2,0.45,0.171,
116066,Rubens,CHA,Atacante,6,2.38,0.0,1.24,10,0.0,False,False,VIT,-0.156,neutro,1.11,0.44,1.0,28.9,desfavoravel,1.73,0.25,-50.0,1.117,0.713,1.0,1.2,0.45,0.171,
121870,Gustavo Talles,CHA,Lateral,6,2.0,0.0,0.0,0,0.0,False,False,VIT,-1.304,armadilha_leve,0.0,0.0,0.0,48.8,neutro,2.13,0.825,-50.0,1.117,0.713,1.0,1.2,0.45,0.171,
97900,Vitão,FLA,Zagueiro,6,6.62,0.0,2.37,9,0.0,False,False,SAN,-0.287,neutro,3.186,1.04,1.0,64.6,neutro,3.07,0.6,11.9,1.018,0.487,1.185,0.675,1.0,0.504,
109336,Rafael Carvalheira,CHA,Meia,5,5.7,0.0,2.72,14,0.0,False,False,VIT,0.276,neutro,3.219,2.01,1.0,29.4,desfavoravel,2.71,0.25,-50.0,1.117,0.713,1.0,1.2,0.45,0.171,
130843,Arthur Dias,CAP,Zagueiro,7,6.19,0.44,3.64,23,6.2,True,True,CAM,0.618,valor_bom,3.76,2.73,1.0,64.0,favoravel,3.58,0.7,40.5,1.563,2.1,0.9,0.844,0.6,0.482,
89837,Lucho Acosta,FLU,Meia,6,10.38,0.62,4.79,22,6.5,True,True,CFC,0.083,neutro,4.604,2.74,1.0,89.6,favoravel,4.26,0.75,33.4,1.273,1.244,1.362,1.693,0.675,0.614,
107453,João Paulo,CHA,Zagueiro,6,4.5,0.0,3.13,6,0.0,False,False,VIT,0.414,neutro,2.876,1.3,0.75,49.4,neutro,2.94,0.825,-50.0,1.117,0.713,1.0,1.2,0.45,0.171,
130806,Kauan,CHA,Zagueiro,7,1.57,-0.17,1.27,7,1.4,True,False,VIT,1.088,valor_bom,1.376,0.84,0.875,49.4,neutro,2.59,0.825,-50.0,1.117,0.713,1.0,1.2,0.45,0.171,
110426,Bernabei,INT,Lateral,7,8.83,-0.65,5.84,24,-1.4,True,True,COR,0.917,valor_bom,5.676,3.88,1.0,45.7,neutro,4.19,0.45,-2.6,1.12,1.244,0.772,1.75,0.3,0.443,
99552,Rossi,FLA,Goleiro,7,8.43,0.57,4.85,26,4.2,True,False,SAN,0.324,neutro,4.739,2.73,1.0,64.6,neutro,4.08,0.6,11.9,1.018,0.487,1.185,0.675,1.0,0.504,
89274,Andreas Pereira,PAL,Meia,7,11.73,0.39,4.71,27,5.3,True,True,BAH,-0.399,neutro,4.569,2.67,1.0,54.4,neutro,3.63,0.425,24.5,0.834,0.533,1.433,1.12,0.675,0.581,
80287,Luciano,SAO,Atacante,7,13.05,-0.68,5.59,22,6.8,True,False,CRU,-0.425,neutro,5.417,2.45,1.0,38.2,desfavoravel,4.3,0.55,-38.1,0.844,0.72,1.333,1.12,0.65,0.222,
140438,David,CHA,Meia,6,1.03,-0.05,0.65,9,0.0,True,False,VIT,1.717,valor_oculto,0.844,0.65,1.0,29.4,desfavoravel,2.2,0.25,-50.0,1.117,0.713,1.0,1.2,0.45,0.171,
78850,Reinaldo,MIR,Lateral,7,8.94,0.97,3.52,22,9.5,True,False,RBB,-1.279,armadilha_leve,3.963,2.07,1.0,46.6,neutro,3.94,0.55,-28.2,1.188,0.8,0.982,1.394,0.675,0.198,
39148,Hulk,FLU,Atacante,7,14.05,1.54,6.95,20,18.3,True,True,CFC,0.544,valor_bom,6.377,3.15,1.0,87.7,favoravel,5.01,0.75,33.4,1.273,1.244,1.362,1.693,0.675,0.614,
68708,Eduardo,MIR,Meia,7,8.37,2.63,4.12,20,18.3,True,False,RBB,0.176,neutro,4.112,2.62,1.0,49.5,neutro,5.28,0.45,-28.2,1.188,0.8,0.982,1.394,0.675,0.198,
122781,Caballero,SAN,Atacante,6,3.47,-0.28,1.69,7,0.0,True,True,FLA,-1.071,armadilha_leve,1.294,1.69,0.875,31.2,neutro,1.93,0.1,-11.9,1.185,0.675,1.018,0.487,0.95,0.235,
141776,Gustavo Henrique,SAN,Meia,7,3.73,-0.3,3.29,14,1.4,True,True,FLA,1.232,valor_bom,2.925,3.29,1.0,31.9,neutro,2.6,0.1,-11.9,1.185,0.675,1.018,0.487,0.95,0.235,
133673,Mateus Xavier,SAN,Atacante,6,2.33,0.0,1.2,1,0.0,False,True,FLA,-0.27,neutro,0.975,1.2,0.125,31.2,neutro,2.31,0.1,-11.9,1.185,0.675,1.018,0.487,0.95,0.235,
126471,Barreal,SAN,Meia,5,10.11,0.0,5.37,19,0.0,False,True,FLA,0.698,valor_bom,4.992,4.05,1.0,31.9,neutro,3.89,0.1,-11.9,1.185,0.675,1.018,0.487,0.95,0.235,
103445,Kaio Jorge,CRU,Atacante,7,10.93,0.62,4.76,21,6.2,True,True,SAO,-0.541,armadilha_leve,4.81,1.86,1.0,56.1,neutro,3.52,0.325,38.1,1.333,1.12,0.844,0.72,0.6,0.516,
89368,Braithwaite,GRE,Atacante,6,5.04,-0.27,0.46,17,0.2,True,False,REM,-2.519,armadilha_forte,1.139,0.46,1.0,51.8,neutro,1.99,0.825,-23.8,1.12,1.032,0.875,1.191,0.25,0.299,
100652,Yuri Alberto,COR,Atacante,5,10.58,0.0,4.1,17,0.0,False,False,INT,-0.992,armadilha_leve,4.37,2.1,1.0,37.6,neutro,3.31,0.55,2.6,0.772,1.75,1.12,1.244,0.0,0.267,
144423,Nicolas Pontes,CRU,Lateral,6,1.0,0.0,0.0,0,0.0,False,True,SAO,0.371,neutro,0.0,0.0,0.0,75.1,favoravel,2.43,0.825,38.1,1.333,1.12,0.844,0.72,0.6,0.516,
146991,Rhuan Gabriel,CRU,Meia,6,1.39,0.0,1.2,1,0.0,False,True,SAO,1.398,valor_bom,1.078,1.2,0.125,57.2,neutro,2.66,0.325,38.1,1.333,1.12,0.844,0.72,0.6,0.516,
108713,Galeano,REM,Atacante,7,4.71,0.26,1.83,16,3.6,True,True,GRE,-1.056,armadilha_leve,2.081,1.83,1.0,42.8,neutro,2.32,0.525,23.8,0.875,1.191,1.12,1.032,0.0,0.417,
142130,Marcelo Eráclito,CRU,Goleiro,6,1.0,0.0,0.0,0,0.0,False,True,SAO,0.167,neutro,0.0,0.0,0.0,75.8,favoravel,2.44,0.825,38.1,1.333,1.12,0.844,0.72,0.6,0.516,
106104,Enamorado,GRE,Atacante,6,6.74,0.29,3.19,22,3.5,True,False,REM,-0.257,neutro,3.657,2.51,1.0,51.8,neutro,3.11,0.825,-23.8,1.12,1.032,0.875,1.191,0.25,0.299,
101908,Willian Machado,MIR,Zagueiro,7,6.11,1.23,3.46,21,8.9,True,False,RBB,0.503,valor_bom,3.637,2.65,1.0,47.2,neutro,4.07,0.55,-28.2,1.188,0.8,0.982,1.394,0.675,0.198,
115025,Miguelito,SAN,Meia,6,5.19,0.0,4.05,10,0.0,False,True,FLA,0.648,valor_bom,3.267,2.55,1.0,31.9,neutro,2.75,0.1,-11.9,1.185,0.675,1.018,0.487,0.95,0.235,
114802,Vitor Roque,PAL,Atacante,7,15.3,-0.57,6.32,16,9.9,True,True,BAH,-0.46,neutro,5.861,3.82,1.0,53.9,neutro,3.85,0.425,24.5,0.834,0.533,1.433,1.12,0.675,0.581,
94583,Pedro,FLA,Atacante,7,16.24,0.83,8.3,26,9.9,True,False,SAN,1.461,valor_bom,7.51,2.61,1.0,63.3,neutro,4.72,0.725,11.9,1.018,0.487,1.185,0.675,1.0,0.504,
51772,Everton Ribeiro,BAH,Meia,6,7.84,-0.16,3.96,18,0.0,True,False,PAL,0.252,neutro,4.001,2.85,1.0,29.5,desfavoravel,3.03,0.05,-24.5,1.433,1.12,0.834,0.533,0.7,0.18,
115986,Denilson,MIR,Meia,7,4.89,0.37,3.07,17,3.0,True,False,RBB,0.24,neutro,2.82,2.78,1.0,49.5,neutro,3.33,0.45,-28.2,1.188,0.8,0.982,1.394,0.675,0.198,
145400,Cauê,RBB,Lateral,6,4.23,0.0,3.47,3,0.0,False,True,MIR,0.927,valor_bom,3.607,2.47,0.375,60.2,favoravel,3.69,0.75,28.2,0.982,1.394,1.188,0.8,0.225,0.543,
118655,Saldivia,VAS,Zagueiro,6,7.37,1.54,3.71,12,16.5,True,False,BOT,0.245,neutro,3.867,2.79,1.0,42.2,neutro,3.12,0.25,-29.5,1.747,0.922,0.546,0.996,0.7,0.338,
132412,Román Gómez,BAH,Lateral,6,7.82,0.0,5.01,12,0.0,False,False,PAL,0.616,valor_bom,5.079,4.01,1.0,32.8,desfavoravel,3.98,0.125,-24.5,1.433,1.12,0.834,0.533,0.7,0.18,
128433,Johan Rojas,VAS,Meia,6,4.07,0.29,1.71,17,3.8,True,False,BOT,-0.422,neutro,1.895,1.42,1.0,75.8,neutro,2.65,0.95,-29.5,1.747,0.922,0.546,0.996,0.7,0.338,
114040,Minda,CAM,Atacante,6,7.2,0.26,3.61,16,4.0,True,False,CAP,0.023,neutro,4.054,1.98,1.0,36.7,desfavoravel,3.45,0.2,-40.5,0.9,0.844,1.563,2.1,0.6,0.239,
90061,Bruno Pacheco,CHA,Lateral,7,7.34,-0.42,4.91,17,7.0,True,False,VIT,0.744,valor_bom,4.997,3.5,1.0,48.8,neutro,4.57,0.825,-50.0,1.117,0.713,1.0,1.2,0.45,0.171,
133696,Wallace Davi,BOT,Meia,6,4.0,0.0,0.0,0,0.0,False,True,VAS,-2.917,armadilha_forte,0.0,0.0,0.0,54.4,neutro,2.19,0.85,29.5,0.546,0.996,1.747,0.922,0.425,0.379,
126182,Paulinho,INT,Meia,7,3.95,0.04,1.93,21,2.0,True,True,COR,-0.149,neutro,2.029,1.93,1.0,47.6,neutro,2.59,0.25,-2.6,1.12,1.244,0.772,1.75,0.3,0.443,
141131,Vitão,CAM,Zagueiro,7,5.22,-0.54,5.18,5,4.7,True,False,CAP,0.958,valor_bom,3.645,3.38,0.625,20.0,desfavoravel,3.37,0.05,-40.5,0.9,0.844,1.563,2.1,0.6,0.239,
86292,Bolasie,CHA,Atacante,6,3.81,0.04,2.1,19,-0.3,True,False,VIT,-0.136,neutro,2.243,1.15,1.0,28.9,desfavoravel,2.72,0.25,-50.0,1.117,0.713,1.0,1.2,0.45,0.171,
130280,Phillipe Gabriel,VAS,Goleiro,6,1.0,0.0,0.0,0,0.0,False,False,BOT,0.167,neutro,0.0,0.0,0.0,42.6,neutro,2.06,0.25,-29.5,1.747,0.922,0.546,0.996,0.7,0.338,
126120,Marcelinho,RBB,Meia,6,3.16,0.0,2.18,5,0.0,False,True,MIR,-0.195,neutro,1.493,1.18,0.625,53.2,neutro,2.44,0.6,28.2,0.982,1.394,1.188,0.8,0.225,0.543,
147090,Kauã Pascini,CAM,Lateral,6,3.91,-0.38,3.35,9,0.9,True,False,CAP,0.091,neutro,2.733,2.35,1.0,19.6,desfavoravel,2.64,0.05,-40.5,0.9,0.844,1.563,2.1,0.6,0.239,
94154,Maycon,CAM,Meia,6,4.81,-0.17,2.2,16,-0.1,True,False,CAP,-0.502,armadilha_leve,2.229,1.58,1.0,37.8,desfavoravel,2.82,0.2,-40.5,0.9,0.844,1.563,2.1,0.6,0.239,
130048,Noriega,GRE,Zagueiro,3,7.14,0.72,3.71,20,4.9,True,False,REM,0.282,neutro,3.822,2.56,1.0,53.3,neutro,3.05,0.825,-23.8,1.12,1.032,0.875,1.191,0.25,0.299,
131516,JP Chermont,CFC,Lateral,5,5.05,0.0,3.58,16,0.0,False,False,FLU,0.324,neutro,3.606,2.08,1.0,23.6,desfavoravel,2.94,0.25,-33.4,1.362,1.693,1.273,1.244,0.375,0.144,
94514,Lucas Oliveira,MIR,Zagueiro,6,4.78,0.0,2.87,10,0.0,False,False,RBB,0.14,neutro,2.788,1.97,1.0,47.2,neutro,2.92,0.55,-28.2,1.188,0.8,0.982,1.394,0.675,0.198,
70666,Marllon,REM,Zagueiro,7,5.87,0.69,2.79,25,8.0,True,True,GRE,-0.463,neutro,2.765,1.87,1.0,65.7,neutro,3.78,0.95,23.8,0.875,1.191,1.12,1.032,0.0,0.417,
106302,Preciado,CAM,Lateral,6,7.65,0.0,4.38,11,0.0,False,False,CAP,0.243,neutro,4.718,3.11,1.0,19.6,desfavoravel,3.32,0.05,-40.5,0.9,0.844,1.563,2.1,0.6,0.239,
103183,Andrew,FLA,Goleiro,6,3.0,0.0,0.0,0,0.0,False,False,SAN,-1.707,armadilha_forte,0.0,0.0,0.0,64.6,neutro,2.31,0.6,11.9,1.018,0.487,1.185,0.675,1.0,0.504,
106708,Igor Formiga,MIR,Lateral,7,9.88,1.18,5.99,22,16.2,True,False,RBB,0.622,valor_bom,5.775,4.13,1.0,46.6,neutro,5.45,0.55,-28.2,1.188,0.8,0.982,1.394,0.675,0.198,
69208,Gabriel Paulista,COR,Zagueiro,7,8.25,0.0,4.13,19,0.0,False,False,INT,0.228,neutro,4.122,2.71,1.0,50.8,neutro,3.31,0.9,2.6,0.772,1.75,1.12,1.244,0.0,0.267,
93988,Breno Lopes,CFC,Atacante,6,8.7,0.0,5.02,23,0.0,False,False,FLU,0.563,valor_bom,5.0,2.02,1.0,39.6,desfavoravel,3.5,0.325,-33.4,1.362,1.693,1.273,1.244,0.375,0.144,
123689,Milans,COR,Lateral,6,7.2,0.0,4.26,7,0.0,False,False,INT,0.506,valor_bom,4.752,2.97,0.875,50.2,neutro,3.69,0.9,2.6,0.772,1.75,1.12,1.244,0.0,0.267,
89256,Gerson,CRU,Meia,7,8.4,-1.11,4.63,24,2.4,True,True,SAO,0.68,valor_bom,4.496,4.0,1.0,57.2,neutro,3.58,0.325,38.1,1.333,1.12,0.844,0.72,0.6,0.516,
71536,Luiz Gustavo,CAP,Meia,7,5.84,-0.72,3.42,19,1.5,True,True,CAM,0.734,valor_bom,3.619,2.89,1.0,57.1,neutro,3.11,0.15,40.5,1.563,2.1,0.9,0.844,0.6,0.482,
100342,Léo Andrade,REM,Zagueiro,6,4.79,0.0,2.95,4,0.0,False,True,GRE,0.117,neutro,2.774,2.95,0.5,65.7,favoravel,3.26,0.95,23.8,0.875,1.191,1.12,1.032,0.0,0.417,
105157,Villagra,INT,Meia,7,5.16,0.0,1.99,20,0.0,False,True,COR,-0.936,armadilha_leve,2.075,1.99,1.0,47.6,neutro,3.15,0.25,-2.6,1.12,1.244,0.772,1.75,0.3,0.443,
95362,Cassierra,CAM,Atacante,7,6.61,1.56,2.5,21,11.2,True,False,CAP,-0.818,armadilha_leve,3.174,1.12,1.0,36.7,desfavoravel,4.17,0.2,-40.5,0.9,0.844,1.563,2.1,0.6,0.239,
86859,José Welison,REM,Meia,3,3.74,-0.23,2.62,23,2.9,True,True,GRE,0.698,valor_bom,2.534,2.62,1.0,43.8,neutro,2.97,0.525,23.8,0.875,1.191,1.12,1.032,0.0,0.417,
116034,Victor Hugo,CAM,Meia,5,6.4,0.0,3.55,20,0.0,False,False,CAP,0.544,valor_bom,3.705,2.3,1.0,37.8,desfavoravel,2.99,0.2,-40.5,0.9,0.844,1.563,2.1,0.6,0.239,
147883,João Vitor,VAS,Atacante,6,3.49,0.0,3.13,4,0.0,False,False,BOT,-0.594,armadilha_leve,1.674,3.13,0.5,72.1,neutro,2.82,0.95,-29.5,1.747,0.922,0.546,0.996,0.7,0.338,
141873,Jacaré,COR,Lateral,6,2.0,0.0,0.0,0,0.0,False,False,INT,-1.304,armadilha_leve,0.0,0.0,0.0,50.2,neutro,2.14,0.9,2.6,0.772,1.75,1.12,1.244,0.0,0.267,
105089,Tetê,GRE,Atacante,6,9.12,0.0,3.64,20,0.0,False,False,REM,-0.902,armadilha_leve,4.012,2.84,1.0,51.8,neutro,3.72,0.825,-23.8,1.12,1.032,0.875,1.191,0.25,0.299,
113125,Picco,REM,Meia,7,6.15,-0.07,3.43,25,2.1,True,True,GRE,0.524,valor_bom,3.591,3.03,1.0,43.8,neutro,4.15,0.525,23.8,0.875,1.191,1.12,1.032,0.0,0.417,
110633,Gustavo,CFC,Meia,6,3.3,0.0,0.9,4,0.0,False,False,FLU,-0.975,armadilha_leve,1.009,0.9,0.5,40.9,neutro,2.17,0.325,-33.4,1.362,1.693,1.273,1.244,0.375,0.144,
103388,Emmanuel Martínez,VIT,Meia,7,6.33,0.38,3.32,19,4.3,True,True,CHA,0.371,neutro,3.549,3.32,1.0,66.4,favoravel,3.55,0.75,50.0,1.0,1.2,1.117,0.713,0.325,0.585,
146374,Gilberto Junior,CAP,Lateral,6,6.01,-0.13,4.2,7,1.7,True,True,CAM,0.099,neutro,3.911,3.34,0.875,63.3,favoravel,3.43,0.7,40.5,1.563,2.1,0.9,0.844,0.6,0.482,
142265,Dell,BAH,Atacante,6,1.82,0.0,0.65,4,0.0,False,False,PAL,0.252,neutro,0.848,0.65,0.5,29.0,desfavoravel,1.96,0.05,-24.5,1.433,1.12,0.834,0.533,0.7,0.18,
68952,Marinho,VIT,Atacante,6,4.6,0.0,2.02,12,0.0,False,True,CHA,-0.762,armadilha_leve,2.245,2.02,1.0,65.4,neutro,2.62,0.75,50.0,1.0,1.2,1.117,0.713,0.325,0.585,
87552,Vitor Bueno,REM,Meia,7,6.96,-1.43,3.9,21,2.2,True,True,GRE,0.595,valor_bom,3.953,2.23,1.0,43.8,neutro,3.32,0.525,23.8,0.875,1.191,1.12,1.032,0.0,0.417,
105842,Edu,VIT,Zagueiro,5,4.13,0.0,1.5,1,0.0,False,True,CHA,0.247,neutro,2.554,1.5,0.125,73.6,favoravel,3.55,0.825,50.0,1.0,1.2,1.117,0.713,0.325,0.585,
107859,Fintelman,VIT,Goleiro,6,2.0,0.0,0.0,0,0.0,False,True,CHA,-0.929,armadilha_leve,0.0,0.0,0.0,73.5,neutro,2.42,0.825,50.0,1.0,1.2,1.117,0.713,0.325,0.585,
146623,Luis Pacheco,PAL,Meia,6,1.72,0.0,-0.08,4,0.0,False,True,BAH,0.363,neutro,0.682,0.0,0.5,54.4,neutro,2.17,0.425,24.5,0.834,0.533,1.433,1.12,0.675,0.581,
99789,Brenner,VAS,Atacante,5,6.94,0.0,2.9,14,0.0,False,False,BOT,-0.381,neutro,3.643,2.33,1.0,72.1,neutro,3.28,0.95,-29.5,1.747,0.922,0.546,0.996,0.7,0.338,
97906,Riccieli,VIT,Zagueiro,6,4.85,0.0,3.5,2,0.0,False,True,CHA,0.175,neutro,2.849,2.0,0.25,73.6,favoravel,3.59,0.825,50.0,1.0,1.2,1.117,0.713,0.325,0.585,
140496,Tiaguinho,GRE,Meia,6,0.93,0.0,0.0,1,0.0,False,False,REM,2.049,valor_oculto,0.945,0.0,0.125,54.0,neutro,2.56,0.825,-23.8,1.12,1.032,0.875,1.191,0.25,0.299,
110598,Marino Hinestroza,VAS,Atacante,7,5.66,0.63,1.74,14,5.9,True,False,BOT,-1.739,armadilha_forte,2.046,1.74,1.0,72.1,neutro,2.6,0.95,-29.5,1.747,0.922,0.546,0.996,0.7,0.338,
147088,Cissé,CAM,Meia,6,2.41,0.0,1.93,15,0.0,False,False,CAP,0.758,valor_bom,1.628,1.6,1.0,37.8,desfavoravel,2.48,0.2,-40.5,0.9,0.844,1.563,2.1,0.6,0.239,
145436,Belé,PAL,Atacante,6,3.0,0.0,0.0,0,0.0,False,True,BAH,-2.301,armadilha_forte,0.0,0.0,0.0,53.9,neutro,2.19,0.425,24.5,0.834,0.533,1.433,1.12,0.675,0.581,
145404,Arthur,PAL,Lateral,2,4.96,-0.81,4.29,19,5.0,True,True,BAH,1.01,valor_bom,4.103,3.03,1.0,47.3,neutro,3.27,0.15,24.5,0.834,0.533,1.433,1.12,0.675,0.581,
90370,Matheus Pereira,COR,Meia,6,2.87,-0.08,0.84,19,0.0,True,False,INT,-0.704,armadilha_leve,0.906,0.84,1.0,38.8,neutro,1.74,0.55,2.6,0.772,1.75,1.12,1.244,0.0,0.267,
141551,Índio,CAM,Meia,6,1.0,0.0,0.0,0,0.0,False,False,CAP,0.639,valor_bom,0.0,0.0,0.0,37.8,desfavoravel,2.0,0.2,-40.5,0.9,0.844,1.563,2.1,0.6,0.239,
107075,Yuri Sena,VIT,Goleiro,6,1.0,0.0,0.0,0,0.0,False,True,CHA,0.167,neutro,0.0,0.0,0.0,73.5,favoravel,2.42,0.825,50.0,1.0,1.2,1.117,0.713,0.325,0.585,
141628,Pablo Lúcio,FLA,Meia,6,2.0,0.0,0.0,0,0.0,False,False,SAN,-0.934,armadilha_leve,0.0,0.0,0.0,64.9,neutro,2.32,0.725,11.9,1.018,0.487,1.185,0.675,1.0,0.504,
104134,Fabri,VIT,Atacante,6,5.12,0.0,2.49,9,0.0,False,True,CHA,-0.752,armadilha_leve,2.534,1.93,1.0,65.4,neutro,2.74,0.75,50.0,1.0,1.2,1.117,0.713,0.325,0.585,
94930,Lucas Paquetá,FLA,Meia,6,14.75,0.0,6.5,17,0.0,False,False,SAN,0.336,neutro,5.73,5.32,1.0,64.9,neutro,4.13,0.725,11.9,1.018,0.487,1.185,0.675,1.0,0.504,
101729,Fabinho,CFC,Atacante,7,2.09,-0.99,1.41,11,0.0,True,False,FLU,0.353,neutro,1.215,0.23,1.0,39.6,desfavoravel,1.89,0.325,-33.4,1.362,1.693,1.273,1.244,0.375,0.144,
145036,Fernando Pradella,SAN,Atacante,6,0.82,0.0,0.0,1,0.0,False,True,FLA,2.054,valor_oculto,0.841,0.0,0.125,31.2,neutro,2.24,0.1,-11.9,1.185,0.675,1.018,0.487,0.95,0.235,
118844,Kaio César,COR,Atacante,7,10.04,-0.31,5.87,16,5.8,True,False,INT,0.76,valor_bom,5.561,4.25,1.0,37.6,neutro,3.85,0.55,2.6,0.772,1.75,1.12,1.244,0.0,0.267,
144255,João Alencar,SAN,Zagueiro,6,1.0,0.0,0.0,0,0.0,False,True,FLA,0.218,neutro,0.0,0.0,0.0,35.7,neutro,1.98,0.0,-11.9,1.185,0.675,1.018,0.487,0.95,0.235,
142638,João Victor,INT,Atacante,6,0.63,0.0,-0.8,1,0.0,False,True,COR,2.395,valor_oculto,0.753,0.0,0.125,46.6,neutro,2.38,0.25,-2.6,1.12,1.244,0.772,1.75,0.3,0.443,
101393,Eduardo Doma,CHA,Zagueiro,7,4.06,0.55,2.25,24,3.0,True,False,VIT,0.051,neutro,2.359,1.75,1.0,49.4,neutro,3.27,0.825,-50.0,1.117,0.713,1.0,1.2,0.45,0.171,
130906,Riquelme,CAP,Meia,6,1.53,0.0,1.06,5,0.0,False,True,CAM,1.155,valor_bom,1.062,1.06,0.625,57.1,neutro,2.28,0.15,40.5,1.563,2.1,0.9,0.844,0.6,0.482,
141615,Pedro Ferreira,SAO,Meia,6,1.25,0.0,0.87,3,0.0,False,False,CRU,1.541,valor_oculto,1.01,0.87,0.375,39.3,desfavoravel,2.24,0.55,-38.1,0.844,0.72,1.333,1.12,0.65,0.222,
146632,Alisson,INT,Lateral,6,1.0,0.0,0.0,0,0.0,False,True,COR,0.371,neutro,0.0,0.0,0.0,45.7,neutro,2.09,0.45,-2.6,1.12,1.244,0.772,1.75,0.3,0.443,
124270,Allex,INT,Meia,6,2.25,0.14,1.25,11,1.3,True,True,COR,0.33,neutro,1.171,1.25,1.0,47.6,neutro,2.3,0.25,-2.6,1.12,1.244,0.772,1.75,0.3,0.443,
130698,Kadu,BOT,Lateral,6,1.0,0.0,0.0,0,0.0,False,True,VAS,0.371,neutro,0.0,0.0,0.0,51.4,neutro,2.16,0.575,29.5,0.546,0.996,1.747,0.922,0.425,0.379,
83433,Patrick,REM,Meia,6,5.31,0.0,3.73,23,0.0,False,True,GRE,0.696,valor_bom,3.358,3.73,1.0,43.8,neutro,4.05,0.525,23.8,0.875,1.191,1.12,1.032,0.0,0.417,
142086,Kauan Toledo,BOT,Atacante,6,2.55,0.28,1.99,8,2.4,True,True,VAS,0.109,neutro,1.468,1.99,1.0,52.5,neutro,2.26,0.85,29.5,0.546,0.996,1.747,0.922,0.425,0.379,
123738,Herrera,RBB,Atacante,6,4.79,0.0,2.6,21,2.9,True,True,MIR,-0.443,neutro,2.595,2.22,1.0,52.6,neutro,3.02,0.6,28.2,0.982,1.394,1.188,0.8,0.225,0.543,
147782,Arthur Novaes,BOT,Meia,6,1.0,0.0,0.0,0,0.0,False,True,VAS,0.639,valor_bom,0.0,0.0,0.0,54.4,neutro,2.19,0.85,29.5,0.546,0.996,1.747,0.922,0.425,0.379,
147788,Arthur Izaque,BOT,Atacante,6,1.0,0.0,0.0,0,0.0,False,True,VAS,0.566,valor_bom,0.0,0.0,0.0,52.5,neutro,2.17,0.85,29.5,0.546,0.996,1.747,0.922,0.425,0.379,
108131,Garcez,CHA,Atacante,7,5.18,-0.59,3.8,13,5.6,True,False,VIT,0.255,neutro,3.336,2.57,1.0,28.9,desfavoravel,3.09,0.25,-50.0,1.117,0.713,1.0,1.2,0.45,0.171,
141991,Tico,REM,Atacante,6,0.94,-0.16,0.25,2,0.0,True,True,GRE,1.745,valor_oculto,0.807,0.25,0.25,42.8,neutro,2.27,0.525,23.8,0.875,1.191,1.12,1.032,0.0,0.417,
148109,Filipe Lima,REM,Atacante,6,1.0,0.0,0.0,0,0.0,False,True,GRE,0.566,valor_bom,0.0,0.0,0.0,42.8,neutro,2.06,0.525,23.8,0.875,1.191,1.12,1.032,0.0,0.417,
130438,Diego,INT,Goleiro,6,1.0,0.0,0.0,0,0.0,False,True,COR,0.167,neutro,0.0,0.0,0.0,46.7,neutro,2.1,0.45,-2.6,1.12,1.244,0.772,1.75,0.3,0.443,
82407,Chico Kim,MIR,Meia,7,3.89,0.25,1.95,7,5.7,True,False,RBB,0.034,neutro,2.13,1.95,0.875,49.5,neutro,3.07,0.45,-28.2,1.188,0.8,0.982,1.394,0.675,0.198,
112939,Catarozzi,REM,Meia,6,5.41,0.0,0.9,1,0.0,False,True,GRE,1.146,valor_bom,3.738,0.9,0.125,43.8,neutro,3.78,0.525,23.8,0.875,1.191,1.12,1.032,0.0,0.417,
141126,Pedro Cobra,CAM,Goleiro,6,1.0,0.0,0.0,0,0.0,False,False,CAP,0.167,neutro,0.0,0.0,0.0,20.8,desfavoravel,1.8,0.05,-40.5,0.9,0.844,1.563,2.1,0.6,0.239,
148103,Rafael Soares,REM,Meia,6,1.0,0.0,0.0,0,0.0,False,True,GRE,0.639,valor_bom,0.0,0.0,0.0,43.8,neutro,2.07,0.525,23.8,0.875,1.191,1.12,1.032,0.0,0.417,
101715,Alerrandro,INT,Atacante,6,6.18,0.0,3.45,21,0.0,False,True,COR,0.321,neutro,3.862,1.59,1.0,46.6,neutro,3.53,0.25,-2.6,1.12,1.244,0.772,1.75,0.3,0.443,
99815,Arias,PAL,Meia,7,13.53,-0.24,6.92,22,3.3,True,True,BAH,1.236,valor_bom,6.166,5.33,1.0,54.4,neutro,4.31,0.425,24.5,0.834,0.533,1.433,1.12,0.675,0.581,
146410,Marquinhos,BOT,Meia,6,0.85,0.0,0.0,1,0.0,False,True,VAS,2.213,valor_oculto,0.945,0.0,0.125,54.4,neutro,2.56,0.85,29.5,0.546,0.996,1.747,0.922,0.425,0.379,
116065,Cuiabano,VAS,Lateral,7,13.16,1.04,7.58,16,12.8,True,False,BOT,0.796,valor_bom,6.781,5.58,1.0,41.6,neutro,4.87,0.25,-29.5,1.747,0.922,0.546,0.996,0.7,0.338,
147546,Roger,GRE,Meia,6,1.5,0.0,1.2,2,0.0,False,False,REM,1.239,valor_bom,1.09,1.2,0.25,54.0,neutro,2.53,0.825,-23.8,1.12,1.032,0.875,1.191,0.25,0.299,
143463,Wesley Natã,FLU,Atacante,6,0.8,0.0,-0.3,1,0.0,False,True,CFC,2.056,valor_oculto,0.808,0.0,0.125,87.7,favoravel,2.88,0.75,33.4,1.273,1.244,1.362,1.693,0.675,0.614,
148152,Ararat,CFC,Meia,6,4.0,0.0,0.0,0,0.0,False,False,FLU,-2.917,armadilha_forte,0.0,0.0,0.0,40.9,neutro,2.04,0.325,-33.4,1.362,1.693,1.273,1.244,0.375,0.144,
108162,Nardoni,GRE,Meia,6,6.05,0.0,1.89,16,0.0,False,False,REM,-0.721,armadilha_leve,2.624,1.58,1.0,54.0,neutro,3.16,0.825,-23.8,1.12,1.032,0.875,1.191,0.25,0.299,
110144,Spinelli,VAS,Atacante,6,5.59,0.0,2.95,16,0.0,False,False,BOT,-0.675,armadilha_leve,2.827,2.45,1.0,72.1,neutro,2.94,0.95,-29.5,1.747,0.922,0.546,0.996,0.7,0.338,
148124,Vinicius,CHA,Zagueiro,6,1.63,0.0,0.1,2,0.0,False,False,VIT,0.787,valor_bom,1.195,0.1,0.25,49.4,neutro,2.53,0.825,-50.0,1.117,0.713,1.0,1.2,0.45,0.171,
148215,Djhordney,SAO,Meia,6,1.57,0.24,1.08,6,3.9,True,False,CRU,1.105,valor_bom,1.07,1.08,0.75,39.3,desfavoravel,2.0,0.55,-38.1,0.844,0.72,1.333,1.12,0.65,0.222,
131964,Jhoan Hernández,BOT,Lateral,6,3.69,0.0,0.0,1,0.0,False,True,VAS,-0.874,armadilha_leve,1.813,0.0,0.125,51.4,neutro,2.94,0.575,29.5,0.546,0.996,1.747,0.922,0.425,0.379,
127969,Matheus Reis,FLU,Atacante,5,1.0,0.0,0.0,0,0.0,False,True,CFC,0.566,valor_bom,0.0,0.0,0.0,87.7,favoravel,2.58,0.75,33.4,1.273,1.244,1.362,1.693,0.675,0.614,
97911,Lucas Silva,VIT,Atacante,6,2.85,0.05,0.5,4,2.5,True,True,CHA,-1.101,armadilha_leve,0.798,0.5,0.5,65.4,neutro,2.35,0.75,50.0,1.0,1.2,1.117,0.713,0.325,0.585,
145563,João Ananias,SAN,Zagueiro,6,3.43,0.0,2.5,6,0.0,False,True,FLA,-0.061,neutro,1.911,2.0,0.75,35.7,neutro,3.18,0.0,-11.9,1.185,0.675,1.018,0.487,0.95,0.235,
109987,Medina,BOT,Meia,7,7.29,0.94,3.65,17,8.0,True,True,VAS,0.221,neutro,3.792,3.36,1.0,54.4,neutro,4.09,0.85,29.5,0.546,0.996,1.747,0.922,0.425,0.379,
148206,Nadson,SAN,Atacante,6,1.0,0.0,0.0,0,0.0,False,True,FLA,0.566,valor_bom,0.0,0.0,0.0,31.2,neutro,1.92,0.1,-11.9,1.185,0.675,1.018,0.487,0.95,0.235,
97899,Matheus Bahia,INT,Lateral,6,6.67,0.62,4.13,18,2.1,True,True,COR,-0.18,neutro,3.985,2.91,1.0,45.7,neutro,3.9,0.45,-2.6,1.12,1.244,0.772,1.75,0.3,0.443,
104666,Moisés,SAN,Atacante,6,4.78,0.0,2.35,13,0.0,False,True,FLA,-0.639,armadilha_leve,2.439,0.73,1.0,31.2,neutro,2.36,0.1,-11.9,1.185,0.675,1.018,0.487,0.95,0.235,
130393,Luiz Gustavo,BAH,Zagueiro,6,1.0,0.0,0.0,0,0.0,False,False,PAL,0.218,neutro,0.0,0.0,0.0,33.3,desfavoravel,1.95,0.125,-24.5,1.433,1.12,0.834,0.533,0.7,0.18,
124386,Kainã,CHA,Goleiro,6,1.0,0.0,0.0,0,0.0,False,False,VIT,0.167,neutro,0.0,0.0,0.0,49.6,neutro,2.14,0.825,-50.0,1.117,0.713,1.0,1.2,0.45,0.171,
126189,Tomás Pérez,CAM,Meia,6,3.99,0.0,1.66,14,0.0,False,False,CAP,-0.37,neutro,1.888,1.66,1.0,37.8,desfavoravel,2.24,0.2,-40.5,0.9,0.844,1.563,2.1,0.6,0.239,
146430,Justino,BOT,Zagueiro,6,3.34,0.0,2.75,10,0.0,False,True,VAS,0.341,neutro,2.181,1.85,1.0,52.1,neutro,2.89,0.575,29.5,0.546,0.996,1.747,0.922,0.425,0.379,
104036,Labyad,COR,Meia,5,4.52,0.0,2.05,11,0.0,False,False,INT,-0.409,neutro,2.15,0.69,1.0,38.8,neutro,2.31,0.55,2.6,0.772,1.75,1.12,1.244,0.0,0.267,
101807,Oliva,SAN,Meia,7,6.35,0.03,3.4,18,1.9,True,True,FLA,0.447,neutro,3.613,2.29,1.0,31.9,neutro,2.99,0.1,-11.9,1.185,0.675,1.018,0.487,0.95,0.235,
141400,Huguinho,BOT,Meia,7,4.3,-0.38,2.79,10,0.2,True,True,VAS,0.309,neutro,2.567,2.29,1.0,54.4,neutro,2.93,0.85,29.5,0.546,0.996,1.747,0.922,0.425,0.379,
93371,Rodrigo Rodrigues,CFC,Atacante,6,3.28,0.0,-0.9,1,0.0,False,False,FLU,-1.614,armadilha_forte,0.741,0.0,0.125,39.6,desfavoravel,2.29,0.325,-33.4,1.362,1.693,1.273,1.244,0.375,0.144,
92747,Eduardo Domínguez,CAM,Técnico,7,10.11,-0.45,5.4,23,5.12,True,False,CAP,-1.097,armadilha_leve,5.418,5.4,1.0,37.6,desfavoravel,4.42,0.2,-40.5,0.9,0.844,1.563,2.1,0.6,0.239,
139200,Pedro Kauã,INT,Zagueiro,6,1.0,0.0,0.0,0,0.0,False,True,COR,0.218,neutro,0.0,0.0,0.0,46.3,neutro,2.1,0.45,-2.6,1.12,1.244,0.772,1.75,0.3,0.443,
105048,Jajá,REM,Atacante,5,6.44,0.0,5.27,22,0.0,False,True,GRE,1.899,valor_oculto,5.183,2.5,1.0,42.8,neutro,4.08,0.525,23.8,0.875,1.191,1.12,1.032,0.0,0.417,
93368,Lucas Veríssimo,SAN,Zagueiro,7,9.24,0.46,4.39,14,8.2,True,True,FLA,0.093,neutro,4.286,2.96,1.0,35.7,neutro,3.95,0.0,-11.9,1.185,0.675,1.018,0.487,0.95,0.235,
133671,Gustavo Reis,RBB,Goleiro,6,1.0,0.0,0.0,0,0.0,False,True,MIR,0.167,neutro,0.0,0.0,0.0,61.0,favoravel,2.27,0.75,28.2,0.982,1.394,1.188,0.8,0.225,0.543,
142261,Jeferson,GRE,Atacante,6,1.0,0.0,0.0,0,0.0,False,False,REM,0.566,valor_bom,0.0,0.0,0.0,51.8,neutro,2.16,0.825,-23.8,1.12,1.032,0.875,1.191,0.25,0.299,
41929,Renato Gaúcho,GRE,Técnico,7,10.09,0.3,5.27,15,7.97,True,False,REM,-1.29,armadilha_leve,5.339,5.27,1.0,52.9,neutro,3.95,0.825,-23.8,1.12,1.032,0.875,1.191,0.25,0.299,
142275,Luiz Felipe,FLA,Meia,6,1.0,0.0,0.0,0,0.0,False,False,SAN,0.639,valor_bom,0.0,0.0,0.0,64.9,neutro,2.32,0.725,11.9,1.018,0.487,1.185,0.675,1.0,0.504,
124219,Millán,FLU,Zagueiro,7,3.62,-0.87,1.22,7,-0.3,True,True,CFC,-0.088,neutro,2.002,0.79,0.875,52.2,neutro,2.47,0.3,33.4,1.273,1.244,1.362,1.693,0.675,0.614,
147875,Daniel Silva,FLA,Zagueiro,6,1.0,0.0,0.0,0,0.0,False,False,SAN,0.218,neutro,0.0,0.0,0.0,64.6,neutro,2.31,0.6,11.9,1.018,0.487,1.185,0.675,1.0,0.504,
100804,Tchamba,REM,Zagueiro,7,4.48,-0.11,2.7,20,1.2,True,True,GRE,0.203,neutro,2.696,2.15,1.0,65.7,favoravel,3.69,0.95,23.8,0.875,1.191,1.12,1.032,0.0,0.417,
88963,Leonardo Jardim,FLA,Técnico,7,13.1,-0.11,7.37,24,7.02,True,False,SAN,0.499,neutro,7.199,7.37,1.0,63.2,neutro,4.83,0.725,11.9,1.018,0.487,1.185,0.675,1.0,0.504,
143465,Keven Samuel,FLU,Atacante,6,1.0,0.0,0.0,0,0.0,False,True,CFC,0.566,valor_bom,0.0,0.0,0.0,87.7,favoravel,2.58,0.75,33.4,1.273,1.244,1.362,1.693,0.675,0.614,
115537,Marcos Victor,BAH,Zagueiro,7,5.05,1.17,3.77,6,8.4,True,False,PAL,0.436,neutro,3.15,3.27,0.75,33.3,desfavoravel,3.62,0.125,-24.5,1.433,1.12,0.834,0.533,0.7,0.18,
147545,Jefinho,GRE,Meia,6,1.46,0.0,1.5,1,0.0,False,False,REM,1.331,valor_bom,1.112,1.5,0.125,54.0,neutro,2.64,0.825,-23.8,1.12,1.032,0.875,1.191,0.25,0.299,
124424,Rodrigo Castillo,FLU,Atacante,6,7.09,-0.81,3.9,15,1.5,True,True,CFC,0.351,neutro,4.263,1.43,1.0,87.7,favoravel,4.1,0.75,33.4,1.273,1.244,1.362,1.693,0.675,0.614,
93834,Keiller,CFC,Goleiro,6,4.0,0.0,0.0,0,0.0,False,False,FLU,-2.31,armadilha_forte,0.0,0.0,0.0,24.7,desfavoravel,1.85,0.25,-33.4,1.362,1.693,1.273,1.244,0.375,0.144,
142260,Bernardo Zortea,GRE,Meia,6,1.72,0.0,1.17,4,0.0,False,False,REM,0.924,valor_bom,1.099,1.17,0.5,54.0,neutro,2.36,0.825,-23.8,1.12,1.032,0.875,1.191,0.25,0.299,
121823,Kauê,COR,Goleiro,6,5.21,0.0,4.98,4,0.0,False,False,INT,0.739,valor_bom,3.961,3.73,0.5,51.1,neutro,3.66,0.9,2.6,0.772,1.75,1.12,1.244,0.0,0.267,
129661,Wendel,BAH,Meia,6,1.0,0.0,0.0,0,0.0,False,False,PAL,0.639,valor_bom,0.0,0.0,0.0,29.5,desfavoravel,1.9,0.05,-24.5,1.433,1.12,0.834,0.533,0.7,0.18,
81720,Lingard,COR,Atacante,6,3.67,-0.29,1.62,17,0.2,True,False,INT,-0.425,neutro,1.928,1.33,1.0,37.6,neutro,2.19,0.55,2.6,0.772,1.75,1.12,1.244,0.0,0.267,
133690,Bruno Lopes,VAS,Atacante,6,1.57,0.0,1.7,1,0.0,False,False,BOT,0.873,valor_bom,1.03,1.7,0.125,72.1,favoravel_visitante,2.81,0.95,-29.5,1.747,0.922,0.546,0.996,0.7,0.338,
141184,Walace Falcão,VAS,Zagueiro,6,1.0,0.0,0.0,0,0.0,False,False,BOT,0.218,neutro,0.0,0.0,0.0,42.2,neutro,2.05,0.25,-29.5,1.747,0.922,0.546,0.996,0.7,0.338,
95131,Gabriel Taliari,REM,Atacante,7,8.88,0.5,4.77,16,6.8,True,True,GRE,0.262,neutro,4.828,2.77,1.0,42.8,neutro,3.62,0.525,23.8,0.875,1.191,1.12,1.032,0.0,0.417,
141594,Pedro Gabriel,GRE,Lateral,7,5.78,1.69,3.3,15,10.4,True,False,REM,-0.374,neutro,3.425,1.97,1.0,52.7,neutro,2.88,0.825,-23.8,1.12,1.032,0.875,1.191,0.25,0.299,
140726,David Martins,BAH,Meia,6,0.65,0.0,-0.1,3,0.0,False,False,PAL,2.389,valor_oculto,0.746,0.0,0.375,29.5,desfavoravel,2.0,0.05,-24.5,1.433,1.12,0.834,0.533,0.7,0.18,
141752,Caio Valle,BOT,Meia,6,1.0,0.0,0.0,0,0.0,False,True,VAS,0.639,valor_bom,0.0,0.0,0.0,54.4,neutro,2.19,0.85,29.5,0.546,0.996,1.747,0.922,0.425,0.379,
143153,Tarzia,VIT,Atacante,7,4.29,0.33,3.06,21,5.6,True,True,CHA,0.365,neutro,2.928,2.06,1.0,65.4,favoravel,2.92,0.75,50.0,1.0,1.2,1.117,0.713,0.325,0.585,
147268,Anderson Pato,VIT,Atacante,5,3.12,0.0,1.38,4,0.0,False,True,CHA,-0.999,armadilha_leve,1.091,1.38,0.5,65.4,neutro,2.48,0.75,50.0,1.0,1.2,1.117,0.713,0.325,0.585,
84268,Georgemy,MIR,Goleiro,6,3.0,0.0,0.0,0,0.0,False,False,RBB,-1.707,armadilha_forte,0.0,0.0,0.0,47.5,neutro,2.11,0.55,-28.2,1.188,0.8,0.982,1.394,0.675,0.198,
142257,Luis Eduardo,GRE,Zagueiro,6,1.45,0.0,-0.3,2,0.0,False,False,REM,0.924,valor_bom,1.115,0.0,0.25,53.3,neutro,2.54,0.825,-23.8,1.12,1.032,0.875,1.191,0.25,0.299,
148125,Ryan Augusto,RBB,Lateral,6,3.55,0.0,3.17,6,0.0,False,True,MIR,0.143,neutro,2.524,2.67,0.75,60.2,favoravel,2.92,0.75,28.2,0.982,1.394,1.188,0.8,0.225,0.543,
107256,Zé Vitor,VIT,Meia,7,6.64,0.61,4.79,17,7.1,True,True,CHA,1.58,valor_oculto,4.567,4.5,1.0,66.4,favoravel,3.64,0.75,50.0,1.0,1.2,1.117,0.713,0.325,0.585,
143252,Gean,VIT,Lateral,6,1.0,0.0,0.0,0,0.0,False,True,CHA,0.371,neutro,0.0,0.0,0.0,72.9,favoravel,2.41,0.825,50.0,1.0,1.2,1.117,0.713,0.325,0.585,
42411,Cuca,SAN,Técnico,7,10.22,-0.21,6.17,19,5.58,True,True,FLA,0.27,neutro,5.962,6.17,1.0,32.1,neutro,4.57,0.1,-11.9,1.185,0.675,1.018,0.487,0.95,0.235,
147192,Claudinho,CAP,Lateral,5,7.84,0.0,7.52,6,0.0,False,True,CAM,1.993,valor_oculto,6.184,5.19,0.75,63.3,favoravel,4.84,0.7,40.5,1.563,2.1,0.9,0.844,0.6,0.482,
127273,Artur Jorge,CRU,Técnico,7,11.85,0.32,6.46,20,8.13,True,True,SAO,-0.071,neutro,6.524,6.46,1.0,55.8,neutro,4.39,0.325,38.1,1.333,1.12,0.844,0.72,0.6,0.516,
145659,Nicolas,SAO,Lateral,5,2.79,0.0,5.0,1,0.0,False,False,CRU,0.702,valor_bom,2.368,2.0,0.125,29.7,desfavoravel,2.96,0.25,-38.1,0.844,0.72,1.333,1.12,0.65,0.222,
103347,Matheus Alexandre,REM,Lateral,6,4.19,0.0,1.92,11,0.0,False,True,GRE,-0.24,neutro,2.652,1.1,1.0,65.0,neutro,2.85,0.95,23.8,0.875,1.191,1.12,1.032,0.0,0.417,
110605,Vinícius Balieiro,CHA,Meia,5,3.62,0.0,1.84,5,0.0,False,False,VIT,0.234,neutro,2.115,1.84,0.625,29.4,desfavoravel,2.47,0.25,-50.0,1.117,0.713,1.0,1.2,0.45,0.171,
102877,Gabriel Poveda,REM,Atacante,3,1.97,-0.71,0.43,15,-2.8,True,True,GRE,-0.273,neutro,0.61,0.43,1.0,42.8,neutro,2.05,0.525,23.8,0.875,1.191,1.12,1.032,0.0,0.417,
149715,Rafael Gonzaga,SAN,Lateral,6,2.79,0.0,2.4,1,0.0,False,True,FLA,0.34,neutro,2.079,2.4,0.125,35.1,neutro,2.88,0.0,-11.9,1.185,0.675,1.018,0.487,0.95,0.235,
121811,Da Silva,CHA,Meia,6,3.0,0.0,0.0,0,0.0,False,False,VIT,-2.051,armadilha_forte,0.0,0.0,0.0,29.4,desfavoravel,1.9,0.25,-50.0,1.117,0.713,1.0,1.2,0.45,0.171,
130209,Renê,VIT,Atacante,7,9.78,-1.53,7.24,19,7.8,True,True,CHA,2.161,valor_oculto,6.559,3.19,1.0,65.4,favoravel,4.46,0.75,50.0,1.0,1.2,1.117,0.713,0.325,0.585,
94034,Kevin Ramírez,CHA,Atacante,6,4.21,0.0,3.18,5,0.0,False,False,VIT,0.277,neutro,2.812,2.18,0.625,28.9,desfavoravel,2.84,0.25,-50.0,1.117,0.713,1.0,1.2,0.45,0.171,
101820,Mayk,REM,Lateral,5,5.75,0.0,3.27,14,0.0,False,True,GRE,-0.373,neutro,3.411,2.27,1.0,65.0,neutro,3.55,0.95,23.8,0.875,1.191,1.12,1.032,0.0,0.417,
97905,Matheus Aurélio,CHA,Goleiro,6,2.61,0.0,1.7,2,0.0,False,False,VIT,1.416,valor_bom,3.101,1.7,0.25,49.6,neutro,3.45,0.825,-50.0,1.117,0.713,1.0,1.2,0.45,0.171,
123016,David Braga,REM,Meia,6,2.88,0.0,1.05,11,0.0,False,True,GRE,-0.514,armadilha_leve,1.055,1.05,1.0,43.8,neutro,2.05,0.525,23.8,0.875,1.191,1.12,1.032,0.0,0.417,
148717,Tetê,SAO,Atacante,6,0.63,0.0,-0.32,5,0.0,False,False,CRU,2.011,valor_oculto,0.459,0.0,0.625,38.2,desfavoravel,1.79,0.55,-38.1,0.844,0.72,1.333,1.12,0.65,0.222,
123005,Sidney,BAH,Meia,6,1.0,0.0,0.0,0,0.0,False,False,PAL,0.639,valor_bom,0.0,0.0,0.0,29.5,desfavoravel,1.9,0.05,-24.5,1.433,1.12,0.834,0.533,0.7,0.18,
130282,Anthony,BOT,Zagueiro,6,3.0,0.0,0.0,0,0.0,False,True,VAS,-2.089,armadilha_forte,0.0,0.0,0.0,52.1,neutro,2.17,0.575,29.5,0.546,0.996,1.747,0.922,0.425,0.379,
147089,Cauã Soares,CAM,Atacante,6,1.39,0.0,0.73,6,0.0,False,False,CAP,0.944,valor_bom,0.854,0.73,0.75,36.7,desfavoravel,1.87,0.2,-40.5,0.9,0.844,1.563,2.1,0.6,0.239,
124264,Kauan Jesus,INT,Goleiro,6,1.0,0.0,0.0,0,0.0,False,True,COR,0.167,neutro,0.0,0.0,0.0,46.7,neutro,2.1,0.45,-2.6,1.12,1.244,0.772,1.75,0.3,0.443,
130309,Rodrigo Falcão,SAN,Goleiro,6,1.0,0.0,0.0,0,0.0,False,True,FLA,0.167,neutro,0.0,0.0,0.0,36.1,neutro,1.98,0.0,-11.9,1.185,0.675,1.018,0.487,0.95,0.235,
149991,David,CFC,Atacante,6,0.92,0.0,0.0,1,0.0,False,False,FLU,1.832,valor_oculto,0.841,0.0,0.125,39.6,desfavoravel,2.34,0.325,-33.4,1.362,1.693,1.273,1.244,0.375,0.144,
149993,Iago Machado,COR,Zagueiro,6,1.11,0.22,0.6,2,1.2,True,False,INT,1.644,valor_oculto,1.295,0.6,0.25,50.8,neutro,2.6,0.9,2.6,0.772,1.75,1.12,1.244,0.0,0.267,
130399,Igor Felisberto,SAO,Lateral,6,1.0,0.0,0.0,0,0.0,False,False,CRU,0.371,neutro,0.0,0.0,0.0,29.7,desfavoravel,1.91,0.25,-38.1,0.844,0.72,1.333,1.12,0.65,0.222,
146701,Benjamin Arhin,INT,Meia,6,1.73,0.0,-0.3,1,0.0,False,True,COR,0.658,valor_bom,0.912,0.0,0.125,47.6,neutro,2.47,0.25,-2.6,1.12,1.244,0.772,1.75,0.3,0.443,
150197,Osorio,SAO,Zagueiro,6,1.38,0.0,1.33,6,0.0,False,False,CRU,1.385,valor_bom,1.41,0.5,0.75,30.2,desfavoravel,2.67,0.25,-38.1,0.844,0.72,1.333,1.12,0.65,0.222,
141405,Avellar,VAS,Lateral,6,2.8,0.0,3.45,2,0.0,False,False,BOT,0.632,valor_bom,2.321,3.45,0.25,41.6,neutro,2.98,0.25,-29.5,1.747,0.922,0.546,0.996,0.7,0.338,
149994,Jhuan Nunes,RBB,Atacante,6,1.54,0.0,1.15,2,0.0,False,True,MIR,0.866,valor_bom,0.987,1.15,0.25,52.6,neutro,2.62,0.6,28.2,0.982,1.394,1.188,0.8,0.225,0.543,
130233,Iuri,BAH,Goleiro,6,1.0,0.0,0.0,0,0.0,False,False,PAL,0.167,neutro,0.0,0.0,0.0,33.9,desfavoravel,1.95,0.125,-24.5,1.433,1.12,0.834,0.533,0.7,0.18,
145660,Luiz Felipe,INT,Lateral,6,1.65,0.0,1.45,2,0.0,False,True,COR,1.619,valor_oculto,1.921,1.45,0.25,45.7,neutro,2.83,0.45,-2.6,1.12,1.244,0.772,1.75,0.3,0.443,
85465,Alex Santana,COR,Meia,6,4.02,0.0,0.8,1,0.0,False,False,INT,-0.079,neutro,2.122,0.8,0.125,38.8,neutro,2.95,0.55,2.6,0.772,1.75,1.12,1.244,0.0,0.267,
143255,Kauan Vitor,VIT,Lateral,6,1.0,0.0,0.0,0,0.0,False,True,CHA,0.371,neutro,0.0,0.0,0.0,72.9,favoravel,2.41,0.825,50.0,1.0,1.2,1.117,0.713,0.325,0.585,
150757,Samuel Pierri,SAN,Meia,6,1.88,0.0,0.45,2,0.0,False,True,FLA,0.488,neutro,0.94,0.45,0.25,31.9,neutro,2.21,0.1,-11.9,1.185,0.675,1.018,0.487,0.95,0.235,
141795,Kauan Coutinho,VIT,Zagueiro,6,1.0,0.0,0.0,0,0.0,False,True,CHA,0.218,neutro,0.0,0.0,0.0,73.6,favoravel,2.42,0.825,50.0,1.0,1.2,1.117,0.713,0.325,0.585,
142868,Johnny,FLA,Lateral,6,0.89,0.0,0.0,1,0.0,False,False,SAN,2.88,valor_oculto,1.813,0.0,0.125,63.9,neutro,3.09,0.6,11.9,1.018,0.487,1.185,0.675,1.0,0.504,
150180,Ramon Rique,VAS,Meia,6,4.31,1.69,3.08,8,9.5,True,False,BOT,0.459,neutro,2.684,1.21,1.0,75.8,favoravel_visitante,2.91,0.95,-29.5,1.747,0.922,0.546,0.996,0.7,0.338,
143253,Wendell,VIT,Meia,6,2.0,0.0,0.0,0,0.0,False,True,CHA,-0.934,armadilha_leve,0.0,0.0,0.0,66.4,neutro,2.33,0.75,50.0,1.0,1.2,1.117,0.713,0.325,0.585,
150826,Nícollas,COR,Atacante,6,1.0,0.0,0.0,0,0.0,False,False,INT,0.566,valor_bom,0.0,0.0,0.0,37.6,neutro,2.0,0.55,2.6,0.772,1.75,1.12,1.244,0.0,0.267,
150825,Breno,RBB,Zagueiro,6,2.8,0.0,3.35,2,0.0,False,True,MIR,0.367,neutro,1.845,1.85,0.25,60.9,favoravel,2.97,0.75,28.2,0.982,1.394,1.188,0.8,0.225,0.543,
132750,João Pedro,SAN,Goleiro,6,1.0,0.0,0.0,0,0.0,False,True,FLA,0.167,neutro,0.0,0.0,0.0,36.1,neutro,1.98,0.0,-11.9,1.185,0.675,1.018,0.487,0.95,0.235,
141382,Gustavo Santana,SAO,Atacante,6,3.6,0.0,3.6,4,0.0,False,False,CRU,0.935,valor_bom,2.922,1.6,0.5,38.2,desfavoravel,3.04,0.55,-38.1,0.844,0.72,1.333,1.12,0.65,0.222,
147792,Koné,PAL,Zagueiro,6,2.0,0.0,0.0,0,0.0,False,True,BAH,-1.132,armadilha_leve,0.0,0.0,0.0,47.9,neutro,2.12,0.15,24.5,0.834,0.533,1.433,1.12,0.675,0.581,
144898,Vitinho,CAP,Lateral,6,1.0,0.0,0.0,0,0.0,False,True,CAM,0.371,neutro,0.0,0.0,0.0,63.3,favoravel,2.3,0.7,40.5,1.563,2.1,0.9,0.844,0.6,0.482,
150952,Arthur Monteiro,CAP,Lateral,6,1.0,0.0,0.0,0,0.0,False,True,CAM,0.371,neutro,0.0,0.0,0.0,63.3,favoravel,2.3,0.7,40.5,1.563,2.1,0.9,0.844,0.6,0.482,
150959,Davizinho,SAN,Lateral,6,2.01,0.0,1.62,4,0.0,False,True,FLA,1.066,valor_bom,1.899,0.87,0.5,35.1,neutro,2.52,0.0,-11.9,1.185,0.675,1.018,0.487,0.95,0.235,
147877,Cauan Farias,VIT,Zagueiro,6,1.0,0.0,0.0,0,0.0,False,True,CHA,0.218,neutro,0.0,0.0,0.0,73.6,favoravel,2.42,0.825,50.0,1.0,1.2,1.117,0.713,0.325,0.585,
148092,Vitor Ramon,GRE,Lateral,6,1.0,0.0,0.2,1,0.0,False,False,REM,2.674,valor_oculto,1.835,0.2,0.125,52.7,neutro,2.97,0.825,-23.8,1.12,1.032,0.875,1.191,0.25,0.299,
129665,Pablo,VAS,Goleiro,6,1.0,0.0,0.0,0,0.0,False,False,BOT,0.167,neutro,0.0,0.0,0.0,42.6,neutro,2.06,0.25,-29.5,1.747,0.922,0.546,0.996,0.7,0.338,
131454,Athos,GRE,Zagueiro,6,1.0,0.0,0.0,0,0.0,False,False,REM,0.218,neutro,0.0,0.0,0.0,53.3,neutro,2.18,0.825,-23.8,1.12,1.032,0.875,1.191,0.25,0.299,
