atleta_id,nome,clube,posicao,status_id,preco,variacao,media,jogos,pontos_rodada,entrou_em_campo,mandante,adversario,residuo_z,armadilha_label,media_bayesiana,pb_media,confiabilidade,score_confronto_100,condicao_mando,pontos_esperados,oportunidade_confronto,vantagem_mando,time_momentum_of,time_momentum_def,adv_momentum_of,adv_momentum_def,forma_score_time,prob_vitoria,prob_gols
144889,Victor Gabriel,PAL,Meia,6,1.0,0.0,0.0,0,0.0,False,False,GRE,0.496,neutro,0.0,0.0,0.0,55.1,neutro,2.39,0.6,0.4,1.034,1.286,0.743,1.189,0.675,0.453,0.481
151003,Eduardo,PAL,Atacante,6,1.0,0.0,0.0,0,0.0,False,False,GRE,0.521,valor_bom,0.0,0.0,0.0,56.4,neutro,2.41,0.6,0.4,1.034,1.286,0.743,1.189,0.675,0.453,0.481
144255,João Alencar,SAN,Zagueiro,6,1.0,0.0,0.0,0,0.0,False,False,REM,0.173,neutro,0.0,0.0,0.0,71.6,favoravel_visitante,2.65,0.775,0.2,1.333,0.533,0.871,1.08,0.925,0.369,0.497
141125,Robert,CAM,Goleiro,6,1.0,0.0,0.0,0,0.0,False,True,CHA,0.204,neutro,0.0,0.0,0.0,82.0,favoravel,2.82,0.85,54.0,1.189,0.671,1.486,0.9,0.675,0.646,
145413,Rafael Coutinho,PAL,Meia,6,1.0,0.0,0.0,0,0.0,False,False,GRE,0.496,neutro,0.0,0.0,0.0,55.1,neutro,2.39,0.6,0.4,1.034,1.286,0.743,1.189,0.675,0.453,0.481
147544,Gabriel Menegon,GRE,Goleiro,6,1.81,0.0,0.0,1,0.0,False,True,PAL,2.636,valor_oculto,3.555,0.0,0.125,35.4,neutro,3.88,0.05,-0.4,0.743,1.189,1.034,1.286,0.2,0.269,0.481
97101,Gabriel Rojas,CRU,Lateral,7,6.06,0.15,2.89,7,2.1,True,False,VIT,-0.644,armadilha_leve,3.252,2.46,0.875,55.7,neutro,3.14,0.775,-28.2,1.246,1.108,1.0,0.831,0.5,0.365,
130279,Lukas Zuccarello,VAS,Meia,6,2.32,0.0,1.3,1,0.0,False,True,CFC,0.186,neutro,1.153,1.3,0.125,52.2,neutro,2.85,0.425,2.6,1.076,1.268,1.459,1.279,0.5,0.597,
141536,Yuri Alves,RBB,Meia,6,1.55,0.0,1.05,4,0.0,False,False,FLA,1.018,valor_bom,1.106,1.05,0.5,20.3,desfavoravel,2.0,0.1,-35.9,0.975,1.255,0.917,0.736,0.35,0.132,0.571
145703,Kaio Nóbrega,FLA,Meia,6,1.0,0.0,0.0,0,0.0,False,True,RBB,0.496,neutro,0.0,0.0,0.0,55.7,neutro,2.4,0.2,35.9,0.917,0.736,0.975,1.255,0.9,0.666,0.571
147736,Pepê Fermino,SAN,Meia,6,1.0,0.0,0.0,0,0.0,False,False,REM,0.496,neutro,0.0,0.0,0.0,66.1,neutro,2.56,0.75,0.2,1.333,0.533,0.871,1.08,0.925,0.369,0.497
130307,Wallace,GRE,Zagueiro,7,5.07,0.25,3.08,6,3.2,True,True,PAL,0.009,neutro,2.821,2.08,0.75,35.9,neutro,3.37,0.05,-0.4,0.743,1.189,1.034,1.286,0.2,0.269,0.481
148126,Weimar Palacios,RBB,Zagueiro,6,1.0,0.0,0.0,0,0.0,False,False,FLA,0.173,neutro,0.0,0.0,0.0,27.4,desfavoravel,1.95,0.0,-35.9,0.975,1.255,0.917,0.736,0.35,0.132,0.571
150995,Sayago,FLA,Meia,6,2.0,0.0,0.0,0,0.0,False,True,RBB,-0.87,armadilha_leve,0.0,0.0,0.0,55.7,neutro,2.4,0.2,35.9,0.917,0.736,0.975,1.255,0.9,0.666,0.571
114208,Alejo Véliz,BAH,Atacante,7,7.19,-0.91,5.96,8,3.5,True,False,CAP,1.856,valor_oculto,5.398,2.33,1.0,62.3,neutro,4.62,0.2,-15.4,1.671,1.309,1.449,2.09,0.95,0.277,0.505
146663,Kauan Lima,PAL,Goleiro,6,1.0,0.0,0.0,0,0.0,False,False,GRE,0.204,neutro,0.0,0.0,0.0,48.8,neutro,2.29,0.3,0.4,1.034,1.286,0.743,1.189,0.675,0.453,0.481
106907,Rafael Lacerda,CHA,Técnico,7,8.22,-0.35,5.14,8,3.67,True,False,CAM,0.437,neutro,5.151,5.14,1.0,44.5,neutro,3.73,0.65,-54.0,1.486,0.9,1.189,0.671,0.45,0.139,
151120,Jorge Rivaldo,CAP,Atacante,6,3.52,0.0,0.17,3,0.0,False,True,BAH,-1.64,armadilha_forte,0.831,0.17,0.375,60.3,neutro,2.58,0.425,15.4,1.449,2.09,1.671,1.309,0.45,0.448,0.505
51413,Walter,MIR,Goleiro,5,5.06,0.0,2.69,20,0.0,False,True,BOT,-0.19,neutro,2.833,2.44,1.0,55.2,neutro,3.26,0.275,11.7,1.045,0.9,0.411,1.015,0.525,0.414,0.495
37715,Thiago Silva,FLU,Zagueiro,7,6.83,0.0,3.1,3,0.0,False,False,COR,0.391,neutro,3.809,2.1,0.375,65.3,neutro,4.49,0.95,-12.1,1.317,1.389,0.771,1.676,0.6,0.257,0.389
98617,Maripán,INT,Zagueiro,7,4.03,-0.22,2.19,8,0.0,True,False,SAO,0.116,neutro,2.408,1.44,1.0,42.3,neutro,2.8,0.35,-30.8,1.26,1.234,0.839,0.867,0.425,0.245,0.456
107203,Max,CHA,Meia,5,4.39,0.0,1.85,2,0.0,False,False,CAM,-0.251,neutro,2.139,1.85,0.25,44.5,neutro,3.34,0.65,-54.0,1.486,0.9,1.189,0.671,0.45,0.139,
94214,Léo Duarte,CAM,Zagueiro,6,5.0,0.0,0.0,0,0.0,False,True,CHA,-3.42,armadilha_forte,0.0,0.0,0.0,82.4,neutro,2.82,0.85,54.0,1.189,0.671,1.486,0.9,0.675,0.646,
120681,Marco Moreno,BAH,Zagueiro,6,4.0,0.0,0.0,0,0.0,False,False,CAP,-2.824,armadilha_forte,0.0,0.0,0.0,40.0,neutro,2.15,0.125,-15.4,1.671,1.309,1.449,2.09,0.95,0.277,0.505
108946,Victor Sá,SAO,Atacante,6,5.51,-0.57,3.06,5,4.5,True,True,INT,-0.635,armadilha_leve,2.743,2.06,0.625,51.4,neutro,3.14,0.425,30.8,0.839,0.867,1.26,1.234,0.5,0.482,0.456
103626,Ocampo,CFC,Atacante,5,4.51,0.0,1.1,3,0.0,False,False,VAS,-0.733,armadilha_leve,2.151,1.1,0.375,68.9,neutro,3.36,0.875,-2.6,1.459,1.279,1.076,1.268,0.55,0.172,
102310,Matheus Felipe,REM,Zagueiro,3,3.85,-0.29,2.03,3,0.7,True,True,SAN,0.303,neutro,2.463,1.03,0.375,36.7,neutro,3.06,0.1,-0.2,0.871,1.08,1.333,0.533,0.05,0.349,0.497
141763,Fabiano Souza,VIT,Lateral,6,3.85,0.0,0.23,3,0.0,False,True,CRU,-1.424,armadilha_leve,1.329,0.23,0.375,58.0,neutro,3.69,0.4,28.2,1.0,0.831,1.246,1.108,0.5,0.331,
151294,Juan Ferreira,CHA,Meia,6,1.0,0.0,0.0,0,0.0,False,False,CAM,0.496,neutro,0.0,0.0,0.0,44.5,neutro,2.22,0.65,-54.0,1.486,0.9,1.189,0.671,0.45,0.139,
105901,Edson Fernando,REM,Meia,6,1.76,0.0,-1.05,2,0.0,False,True,SAN,0.256,neutro,0.697,0.0,0.25,37.6,neutro,2.27,0.7,-0.2,0.871,1.08,1.333,0.533,0.05,0.349,0.497
117061,Gabriel Knesowitsch,MIR,Zagueiro,6,1.41,-0.05,-0.2,6,0.2,True,True,BOT,0.502,valor_bom,0.764,0.0,0.75,55.7,neutro,1.99,0.275,11.7,1.045,0.9,0.411,1.015,0.525,0.414,0.495
124369,Léo Aragão,CRU,Goleiro,6,2.0,0.0,0.0,0,0.0,False,False,VIT,-0.925,armadilha_leve,0.0,0.0,0.0,55.6,neutro,2.4,0.775,-28.2,1.246,1.108,1.0,0.831,0.5,0.365,
99267,Pochettino,VIT,Meia,6,5.0,0.38,2.3,8,3.0,True,True,CRU,-0.47,neutro,2.256,2.3,1.0,61.7,neutro,2.62,0.825,28.2,1.0,0.831,1.246,1.108,0.5,0.331,
91130,Fernandinho,MIR,Atacante,7,3.53,-0.15,1.79,7,-0.1,True,True,BOT,-0.906,armadilha_leve,1.411,1.79,0.875,61.4,neutro,2.38,0.825,11.7,1.045,0.9,0.411,1.015,0.525,0.414,0.495
106199,Gabriel Pec,CRU,Atacante,5,7.94,0.0,4.1,1,0.0,False,False,VIT,0.685,valor_bom,4.754,4.1,0.125,30.3,desfavoravel,4.45,0.1,-28.2,1.246,1.108,1.0,0.831,0.5,0.365,
103967,Bruno Santos,MIR,Atacante,7,6.57,1.53,4.45,8,15.5,True,True,BOT,1.2,valor_bom,4.643,2.45,1.0,61.4,favoravel,3.15,0.825,11.7,1.045,0.9,0.411,1.015,0.525,0.414,0.495
112985,Peralta,CRU,Meia,5,4.0,0.0,0.0,0,0.0,False,False,VIT,-2.59,armadilha_forte,0.0,0.0,0.0,29.4,desfavoravel,1.98,0.1,-28.2,1.246,1.108,1.0,0.831,0.5,0.365,
123445,Dantas,CAP,Zagueiro,7,5.1,0.0,2.92,4,0.0,False,True,BAH,-0.126,neutro,2.724,1.67,0.5,37.8,neutro,3.08,0.15,15.4,1.449,2.09,1.671,1.309,0.45,0.448,0.505
113558,Bruninho,RBB,Meia,6,4.0,0.0,0.0,0,0.0,False,False,FLA,-2.59,armadilha_forte,0.0,0.0,0.0,20.3,desfavoravel,1.84,0.1,-35.9,0.975,1.255,0.917,0.736,0.35,0.132,0.571
101995,Brítez,VIT,Zagueiro,6,4.53,-1.18,2.61,7,-0.8,True,True,CRU,0.064,neutro,2.618,1.75,0.875,58.2,neutro,3.46,0.4,28.2,1.0,0.831,1.246,1.108,0.5,0.331,
109114,Matheus Nascimento,GRE,Atacante,6,4.01,0.01,1.2,1,1.2,True,True,PAL,-0.045,neutro,2.395,1.2,0.125,25.1,neutro,3.13,0.05,-0.4,0.743,1.189,1.034,1.286,0.2,0.269,0.481
103562,Guido Herrera,BAH,Goleiro,6,6.0,0.0,0.0,0,0.0,False,False,CAP,-3.284,armadilha_forte,0.0,0.0,0.0,39.5,desfavoravel,2.14,0.125,-15.4,1.671,1.309,1.449,2.09,0.95,0.277,0.505
98333,Gabriel Batista,BOT,Goleiro,7,5.89,0.48,5.35,4,8.1,True,False,MIR,1.175,valor_bom,4.645,4.1,0.5,51.0,neutro,4.21,0.675,-11.7,0.411,1.015,1.045,0.9,0.275,0.303,0.495
128177,Pedro Emanuel,VAS,Técnico,7,10.04,0.47,5.26,7,6.78,True,True,CFC,-1.423,armadilha_leve,5.29,5.26,0.875,51.9,neutro,4.42,0.425,2.6,1.076,1.268,1.459,1.279,0.5,0.597,
126996,Paulinho,VAS,Lateral,6,4.0,0.0,0.0,0,0.0,False,True,CFC,-3.135,armadilha_forte,0.0,0.0,0.0,42.0,neutro,2.18,0.2,2.6,1.076,1.268,1.459,1.279,0.5,0.597,
124483,Lucas Monzón,BOT,Zagueiro,7,3.15,-1.04,1.37,4,-0.8,True,False,MIR,-0.435,neutro,1.448,0.62,0.5,51.5,neutro,2.63,0.675,-11.7,0.411,1.015,1.045,0.9,0.275,0.303,0.495
99034,Elias,MIR,Lateral,6,3.41,0.0,1.8,1,0.0,False,True,BOT,-0.541,armadilha_leve,1.747,1.8,0.125,55.4,neutro,3.22,0.275,11.7,1.045,0.9,0.411,1.015,0.525,0.414,0.495
146833,Cléber Lucas,BOT,Goleiro,6,1.0,0.0,0.0,0,0.0,False,False,MIR,0.204,neutro,0.0,0.0,0.0,51.0,neutro,2.33,0.675,-11.7,0.411,1.015,1.045,0.9,0.275,0.303,0.495
122321,Lorran,FLA,Meia,6,8.0,0.0,5.93,3,0.0,False,True,RBB,1.015,valor_bom,4.608,4.26,0.375,55.7,neutro,4.42,0.2,35.9,0.917,0.736,0.975,1.255,0.9,0.666,0.571
122121,Túlio Eduardo,CHA,Atacante,7,5.87,-0.15,3.8,6,0.1,True,False,CAM,-0.413,neutro,3.083,1.13,0.75,45.2,neutro,2.79,0.65,-54.0,1.486,0.9,1.189,0.671,0.45,0.139,
151405,Victor Hugo,BOT,Meia,6,1.0,0.0,0.0,0,0.0,False,False,MIR,0.496,neutro,0.0,0.0,0.0,41.5,neutro,2.17,0.95,-11.7,0.411,1.015,1.045,0.9,0.275,0.303,0.495
101352,Bruno Matias,CHA,Meia,6,3.11,0.12,2.07,8,1.2,True,False,CAM,0.011,neutro,1.602,2.07,1.0,44.5,neutro,2.12,0.65,-54.0,1.486,0.9,1.189,0.671,0.45,0.139,
151404,Lucas Emanuel,BOT,Atacante,6,1.45,0.0,1.4,1,0.0,False,False,MIR,1.146,valor_bom,1.115,1.4,0.125,42.2,neutro,2.68,0.95,-11.7,0.411,1.015,1.045,0.9,0.275,0.303,0.495
151406,Herick,BOT,Zagueiro,6,1.0,0.0,0.0,0,0.0,False,False,MIR,0.173,neutro,0.0,0.0,0.0,51.5,neutro,2.33,0.675,-11.7,0.411,1.015,1.045,0.9,0.275,0.303,0.495
91204,Warleson,BOT,Goleiro,6,6.12,0.0,5.67,3,0.0,False,False,MIR,1.106,valor_bom,4.669,4.0,0.375,51.0,neutro,4.39,0.675,-11.7,0.411,1.015,1.045,0.9,0.275,0.303,0.495
91626,Paulinho,BOT,Lateral,6,3.83,-0.57,-0.15,2,0.0,True,False,MIR,-1.367,armadilha_leve,1.363,0.0,0.25,51.0,neutro,2.83,0.675,-11.7,0.411,1.015,1.045,0.9,0.275,0.303,0.495
151436,Miguel Bilong,PAL,Atacante,6,2.0,0.0,0.0,0,0.0,False,False,GRE,-1.082,armadilha_leve,0.0,0.0,0.0,56.4,neutro,2.41,0.6,0.4,1.034,1.286,0.743,1.189,0.675,0.453,0.481
118806,Buta,SAO,Lateral,5,5.94,0.0,4.0,1,0.0,False,True,INT,-0.138,neutro,3.617,4.0,0.125,61.1,neutro,4.3,0.475,30.8,0.839,0.867,1.26,1.234,0.5,0.482,0.456
97450,Gustavo Mosquito,MIR,Atacante,2,4.99,-0.88,3.12,6,2.7,True,True,BOT,-0.244,neutro,2.791,1.79,0.75,61.4,neutro,3.37,0.825,11.7,1.045,0.9,0.411,1.015,0.525,0.414,0.495
150841,Fabricio Prado,INT,Atacante,6,1.0,0.0,0.0,0,0.0,False,False,SAO,0.521,valor_bom,0.0,0.0,0.0,33.2,desfavoravel,2.04,0.25,-30.8,1.26,1.234,0.839,0.867,0.425,0.245,0.456
150842,Gabriel Vinicius,INT,Meia,6,1.0,0.0,0.0,0,0.0,False,False,SAO,0.496,neutro,0.0,0.0,0.0,32.4,desfavoravel,2.03,0.25,-30.8,1.26,1.234,0.839,0.867,0.425,0.245,0.456
141339,Paulo Roberto,CFC,Atacante,7,5.18,0.0,4.65,6,0.0,False,False,VAS,0.472,neutro,3.447,1.15,0.75,68.9,neutro,3.52,0.875,-2.6,1.459,1.279,1.076,1.268,0.55,0.172,
146624,Heittor,PAL,Atacante,6,1.15,0.0,0.53,3,0.0,False,False,GRE,1.424,valor_bom,0.929,0.53,0.375,56.4,neutro,2.57,0.6,0.4,1.034,1.286,0.743,1.189,0.675,0.453,0.481
146964,Filipe Sirio,INT,Goleiro,6,1.0,0.0,0.0,0,0.0,False,False,SAO,0.204,neutro,0.0,0.0,0.0,41.8,neutro,2.18,0.35,-30.8,1.26,1.234,0.839,0.867,0.425,0.245,0.456
131762,Isac,SAO,Zagueiro,6,1.0,0.0,0.0,0,0.0,False,True,INT,0.173,neutro,0.0,0.0,0.0,61.2,favoravel,2.49,0.475,30.8,0.839,0.867,1.26,1.234,0.5,0.482,0.456
147468,Wellington,CHA,Goleiro,6,1.0,0.0,0.0,0,0.0,False,False,CAM,0.204,neutro,0.0,0.0,0.0,30.2,desfavoravel,2.0,0.05,-54.0,1.486,0.9,1.189,0.671,0.45,0.139,
144424,Vitor Lamounier,CRU,Goleiro,6,2.0,0.0,0.0,0,0.0,False,False,VIT,-0.925,armadilha_leve,0.0,0.0,0.0,55.6,neutro,2.4,0.775,-28.2,1.246,1.108,1.0,0.831,0.5,0.365,
109097,Jovane Cabral,GRE,Atacante,7,7.62,0.01,3.6,4,4.0,True,True,PAL,0.406,neutro,4.424,2.35,0.5,25.1,neutro,4.14,0.05,-0.4,0.743,1.189,1.034,1.286,0.2,0.269,0.481
122670,Diego Caito,GRE,Lateral,6,6.68,0.84,4.55,6,7.1,True,True,PAL,-0.102,neutro,3.99,3.55,0.75,34.8,neutro,4.12,0.05,-0.4,0.743,1.189,1.034,1.286,0.2,0.269,0.481
95541,Gustavo Cazonatti,MIR,Meia,5,3.42,0.0,2.33,6,0.0,False,True,BOT,-0.179,neutro,1.647,2.33,0.75,60.3,neutro,2.56,0.825,11.7,1.045,0.9,0.411,1.015,0.525,0.414,0.495
151412,Kássio,CHA,Atacante,6,1.49,0.0,1.5,1,0.0,False,False,CAM,1.096,valor_bom,1.126,1.5,0.125,45.2,neutro,2.73,0.65,-54.0,1.486,0.9,1.189,0.671,0.45,0.139,
106950,Fernando,CHA,Lateral,6,3.94,-0.41,2.3,7,-1.0,True,False,CAM,-0.694,armadilha_leve,2.002,1.87,0.875,29.5,desfavoravel,2.77,0.05,-54.0,1.486,0.9,1.189,0.671,0.45,0.139,
93637,Bruno Tubarão,CHA,Lateral,5,3.17,0.0,1.1,1,0.0,False,False,CAM,-0.407,neutro,1.67,1.1,0.125,29.5,desfavoravel,3.11,0.05,-54.0,1.486,0.9,1.189,0.671,0.45,0.139,
151440,Gutte,CAM,Meia,6,1.0,0.0,0.0,0,0.0,False,True,CHA,0.496,neutro,0.0,0.0,0.0,77.3,favoravel,2.74,0.825,54.0,1.189,0.671,1.486,0.9,0.675,0.646,
117314,Thiago Borbas,CAM,Atacante,5,5.75,0.0,4.3,3,0.0,False,True,CHA,-0.42,neutro,3.023,1.63,0.375,80.2,neutro,3.95,0.825,54.0,1.189,0.671,1.486,0.9,0.675,0.646,
109461,Calebe,INT,Meia,5,4.65,0.0,0.83,3,0.0,False,False,SAO,-0.778,armadilha_leve,1.835,0.83,0.375,32.4,desfavoravel,2.68,0.25,-30.8,1.26,1.234,0.839,0.867,0.425,0.245,0.456
144976,Domingos Andrade,BOT,Meia,6,5.04,0.0,1.5,1,0.0,False,False,MIR,-0.643,armadilha_leve,2.132,1.5,0.125,41.5,neutro,3.21,0.95,-11.7,0.411,1.015,1.045,0.9,0.275,0.303,0.495
141160,Zé Lucas,CRU,Meia,6,5.12,-0.11,2.35,6,1.0,True,False,VIT,-0.519,armadilha_leve,2.271,2.35,0.75,29.4,desfavoravel,2.5,0.1,-28.2,1.246,1.108,1.0,0.831,0.5,0.365,
107093,Luciano Juba,BAH,Lateral,7,11.65,-0.21,7.19,23,9.2,True,False,CAP,1.099,valor_bom,6.683,3.71,1.0,39.0,desfavoravel,5.07,0.125,-15.4,1.671,1.309,1.449,2.09,0.95,0.277,0.505
114801,Danilo Pereira,BOT,Atacante,7,5.61,-0.17,3.47,6,2.9,True,False,MIR,-0.442,neutro,2.941,2.64,0.75,42.2,neutro,2.98,0.95,-11.7,0.411,1.015,1.045,0.9,0.275,0.303,0.495
151292,Felipe Morais,CRU,Meia,6,4.28,0.0,4.7,3,0.0,False,False,VIT,0.729,valor_bom,2.89,3.03,0.375,29.4,desfavoravel,3.19,0.1,-28.2,1.246,1.108,1.0,0.831,0.5,0.365,
141344,Vitor Tissi,CFC,Meia,6,1.26,0.0,0.9,6,0.0,False,False,VAS,1.337,valor_bom,1.034,0.9,0.75,68.5,neutro,2.44,0.875,-2.6,1.459,1.279,1.076,1.268,0.55,0.172,
114323,Colidio,VAS,Atacante,7,10.59,1.83,7.24,5,12.5,True,True,CFC,0.946,valor_bom,5.76,4.04,0.625,54.4,neutro,5.69,0.425,2.6,1.076,1.268,1.459,1.279,0.5,0.597,
106313,Domingos Duarte,SAO,Zagueiro,7,8.38,0.0,6.12,4,0.0,False,True,INT,0.964,valor_bom,4.756,5.37,0.5,61.2,favoravel,4.38,0.475,30.8,0.839,0.867,1.26,1.234,0.5,0.482,0.456
127871,Vargas,CAP,Atacante,6,7.22,0.0,3.86,5,0.0,False,True,BAH,0.64,valor_bom,4.46,1.26,0.625,60.3,favoravel,4.06,0.425,15.4,1.449,2.09,1.671,1.309,0.45,0.448,0.505
100596,Krovinovic,GRE,Meia,7,4.71,0.04,2.14,5,2.8,True,True,PAL,-0.391,neutro,2.184,2.14,0.625,24.3,neutro,2.78,0.05,-0.4,0.743,1.189,1.034,1.286,0.2,0.269,0.481
147878,Alejandro,VIT,Meia,6,2.0,0.0,0.0,0,0.0,False,True,CRU,-0.87,armadilha_leve,0.0,0.0,0.0,61.7,neutro,2.5,0.825,28.2,1.0,0.831,1.246,1.108,0.5,0.331,
123795,Lucho Rodríguez,CRU,Atacante,6,7.48,0.32,3.27,4,4.7,True,False,VIT,0.33,neutro,4.314,0.77,0.5,30.3,desfavoravel,3.81,0.1,-28.2,1.246,1.108,1.0,0.831,0.5,0.365,
102255,Santiago Sosa,VAS,Meia,7,7.49,-1.32,4.12,5,0.9,True,True,CFC,0.614,valor_bom,4.115,4.12,0.625,52.2,neutro,3.56,0.425,2.6,1.076,1.268,1.459,1.279,0.5,0.597,
142764,Franco Rossi,CHA,Atacante,6,3.91,0.0,2.4,4,0.0,False,False,CAM,0.164,neutro,2.496,2.4,0.5,45.2,neutro,3.07,0.65,-54.0,1.486,0.9,1.189,0.671,0.45,0.139,
147201,João Kempes,INT,Meia,6,2.0,0.0,0.0,0,0.0,False,False,SAO,-0.87,armadilha_leve,0.0,0.0,0.0,32.4,desfavoravel,2.03,0.25,-30.8,1.26,1.234,0.839,0.867,0.425,0.245,0.456
77510,Fred,CAM,Meia,7,7.97,0.36,2.63,3,5.8,True,True,CHA,-0.065,neutro,3.708,2.63,0.375,77.3,neutro,4.72,0.825,54.0,1.189,0.671,1.486,0.9,0.675,0.646,
130121,João Costa,CRU,Atacante,6,3.85,0.57,1.48,6,3.5,True,False,VIT,-0.309,neutro,2.088,1.48,0.75,30.3,desfavoravel,2.42,0.1,-28.2,1.246,1.108,1.0,0.831,0.5,0.365,
73476,Marcão,FLU,Técnico,7,12.13,-0.82,7.46,5,5.83,True,False,COR,1.179,valor_bom,6.885,7.46,0.625,49.1,neutro,5.36,0.3,-12.1,1.317,1.389,0.771,1.676,0.6,0.257,0.389
151492,Marquinhos,RBB,Lateral,6,1.0,0.0,0.0,0,0.0,False,False,FLA,0.567,valor_bom,0.0,0.0,0.0,26.0,desfavoravel,1.93,0.0,-35.9,0.975,1.255,0.917,0.736,0.35,0.132,0.571
130444,Rodrigo,CHA,Atacante,6,1.0,0.0,0.0,0,0.0,False,False,CAM,0.521,valor_bom,0.0,0.0,0.0,45.2,neutro,2.23,0.65,-54.0,1.486,0.9,1.189,0.671,0.45,0.139,
104649,Heitor,CHA,Lateral,5,8.3,0.0,7.05,4,0.0,False,False,CAM,1.327,valor_bom,5.834,5.05,0.5,29.5,desfavoravel,4.58,0.05,-54.0,1.486,0.9,1.189,0.671,0.45,0.139,
101237,Eliasson,INT,Atacante,6,3.01,-0.47,0.13,4,0.0,True,False,SAO,-1.253,armadilha_leve,0.763,0.13,0.5,33.2,desfavoravel,2.02,0.25,-30.8,1.26,1.234,0.839,0.867,0.425,0.245,0.456
86777,Danilo Barbosa,GRE,Meia,6,4.61,0.0,0.73,3,0.0,False,True,PAL,-0.788,armadilha_leve,1.807,0.73,0.375,24.3,neutro,2.54,0.05,-0.4,0.743,1.189,1.034,1.286,0.2,0.269,0.481
87747,Yago Felipe,CHA,Meia,7,8.16,-0.82,5.7,5,1.0,True,False,CAM,1.095,valor_bom,4.723,4.7,0.625,44.5,neutro,3.63,0.65,-54.0,1.486,0.9,1.189,0.671,0.45,0.139,
85035,Sanabria,INT,Atacante,6,3.88,-0.61,-0.23,3,-0.1,True,False,SAO,-0.718,armadilha_leve,1.788,0.0,0.375,33.2,desfavoravel,2.66,0.25,-30.8,1.26,1.234,0.839,0.867,0.425,0.245,0.456
86864,Marlon,REM,Lateral,7,5.72,-0.52,3.86,5,2.3,True,True,SAN,0.068,neutro,3.681,3.86,0.625,35.6,neutro,4.15,0.1,-0.2,0.871,1.08,1.333,0.533,0.05,0.349,0.497
124961,Castaño,CAM,Meia,7,5.07,-0.17,1.25,4,2.7,True,True,CHA,-0.952,armadilha_leve,1.891,1.25,0.5,77.3,neutro,3.47,0.825,54.0,1.189,0.671,1.486,0.9,0.675,0.646,
106843,Borrero,CHA,Meia,6,3.99,-0.05,1.5,3,1.5,True,False,CAM,-0.139,neutro,2.017,1.5,0.375,44.5,neutro,2.94,0.65,-54.0,1.486,0.9,1.189,0.671,0.45,0.139,
107300,Alex Bruno,VIT,Atacante,6,4.03,0.0,1.3,1,0.0,False,True,CRU,-0.046,neutro,2.406,1.3,0.125,62.1,neutro,3.67,0.825,28.2,1.0,0.831,1.246,1.108,0.5,0.331,
151600,Miguel Carvalho,CHA,Meia,6,4.52,-0.4,2.4,3,1.2,True,False,CAM,-0.181,neutro,2.263,2.4,0.375,44.5,neutro,3.15,0.65,-54.0,1.486,0.9,1.189,0.671,0.45,0.139,
146814,Josmar,FLA,Atacante,6,2.0,0.0,0.0,0,0.0,False,True,RBB,-1.082,armadilha_leve,0.0,0.0,0.0,58.3,neutro,2.44,0.2,35.9,0.917,0.736,0.975,1.255,0.9,0.666,0.571
145781,Bruno André,VAS,Zagueiro,6,1.0,0.0,0.0,0,0.0,False,True,CFC,0.173,neutro,0.0,0.0,0.0,42.8,neutro,2.2,0.2,2.6,1.076,1.268,1.459,1.279,0.5,0.597,
151632,Lemos,CAM,Zagueiro,6,1.0,0.0,0.0,0,0.0,False,True,CHA,0.173,neutro,0.0,0.0,0.0,82.4,favoravel,2.82,0.85,54.0,1.189,0.671,1.486,0.9,0.675,0.646,
151289,Kelvin,CRU,Zagueiro,6,1.0,0.0,0.0,0,0.0,False,False,VIT,0.173,neutro,0.0,0.0,0.0,56.0,neutro,2.4,0.775,-28.2,1.246,1.108,1.0,0.831,0.5,0.365,
151742,André Lucas,PAL,Lateral,6,1.0,0.0,0.0,0,0.0,False,False,GRE,0.567,valor_bom,0.0,0.0,0.0,48.7,neutro,2.29,0.3,0.4,1.034,1.286,0.743,1.189,0.675,0.453,0.481
140908,Bruno Bertinato,PAL,Goleiro,6,3.0,0.0,0.0,0,0.0,False,False,GRE,-1.726,armadilha_forte,0.0,0.0,0.0,48.8,neutro,2.29,0.3,0.4,1.034,1.286,0.743,1.189,0.675,0.453,0.481
130252,Euder,VAS,Meia,6,1.0,0.0,0.0,0,0.0,False,True,CFC,0.496,neutro,0.0,0.0,0.0,52.2,neutro,2.34,0.425,2.6,1.076,1.268,1.459,1.279,0.5,0.597,
140167,Luizinho,COR,Atacante,6,1.0,0.0,0.0,0,0.0,False,True,FLU,0.521,valor_bom,0.0,0.0,0.0,46.3,neutro,2.25,0.625,12.1,0.771,1.676,1.317,1.389,0.0,0.442,0.389
138941,Bruno Duarte,VAS,Atacante,7,7.39,0.91,4.6,2,6.2,True,True,CFC,0.979,valor_bom,4.788,2.1,0.25,54.4,neutro,5.04,0.425,2.6,1.076,1.268,1.459,1.279,0.5,0.597,
141335,Lucas Crepaldi,CFC,Atacante,6,1.0,0.0,0.0,0,0.0,False,False,VAS,0.521,valor_bom,0.0,0.0,0.0,68.9,neutro,2.61,0.875,-2.6,1.459,1.279,1.076,1.268,0.55,0.172,
123433,Rosivan,CHA,Meia,6,2.0,0.0,0.0,0,0.0,False,False,CAM,-0.87,armadilha_leve,0.0,0.0,0.0,44.5,neutro,2.22,0.65,-54.0,1.486,0.9,1.189,0.671,0.45,0.139,
108602,Valencia,FLA,Atacante,6,5.91,0.0,1.5,1,0.0,False,True,RBB,-1.273,armadilha_leve,2.429,1.5,0.125,58.3,neutro,3.63,0.2,35.9,0.917,0.736,0.975,1.255,0.9,0.666,0.571
73992,Rodinei,SAN,Lateral,7,6.71,-0.29,1.3,1,1.3,True,False,REM,-0.922,armadilha_leve,3.317,1.3,0.125,71.9,neutro,4.31,0.775,0.2,1.333,0.533,0.871,1.08,0.925,0.369,0.497
150251,Joaquín Freitas,FLA,Atacante,6,4.91,1.08,3.1,2,5.5,True,True,RBB,-0.364,neutro,2.656,0.6,0.25,58.3,neutro,3.61,0.2,35.9,0.917,0.736,0.975,1.255,0.9,0.666,0.571
151825,Gabriel Ibson,CFC,Zagueiro,6,1.0,0.0,0.0,0,0.0,False,False,VAS,0.173,neutro,0.0,0.0,0.0,63.9,neutro,2.53,0.85,-2.6,1.459,1.279,1.076,1.268,0.55,0.172,
111412,Arthur Chaves,BOT,Zagueiro,6,6.0,0.0,0.0,0,0.0,False,False,MIR,-3.924,armadilha_forte,0.0,0.0,0.0,51.5,neutro,2.33,0.675,-11.7,0.411,1.015,1.045,0.9,0.275,0.303,0.495
141954,Khensane,CFC,Meia,6,1.0,0.0,0.0,0,0.0,False,False,VAS,0.496,neutro,0.0,0.0,0.0,68.5,neutro,2.6,0.875,-2.6,1.459,1.279,1.076,1.268,0.55,0.172,
122390,Rodrigo Gelado,CFC,Lateral,6,2.0,0.0,0.0,0,0.0,False,False,VAS,-1.071,armadilha_leve,0.0,0.0,0.0,63.9,neutro,2.53,0.85,-2.6,1.459,1.279,1.076,1.268,0.55,0.172,
124552,Lescano,VAS,Meia,2,7.36,0.36,3.0,1,3.0,True,True,CFC,0.513,valor_bom,3.989,3.0,0.125,52.2,neutro,4.42,0.425,2.6,1.076,1.268,1.459,1.279,0.5,0.597,
149807,Wanderson,VIT,Lateral,6,1.0,0.0,0.0,0,0.0,False,True,CRU,0.567,valor_bom,0.0,0.0,0.0,58.0,neutro,2.44,0.4,28.2,1.0,0.831,1.246,1.108,0.5,0.331,
148439,Darlan Dutra,VIT,Zagueiro,6,1.0,0.0,0.0,0,0.0,False,True,CRU,0.173,neutro,0.0,0.0,0.0,58.2,neutro,2.44,0.4,28.2,1.0,0.831,1.246,1.108,0.5,0.331,
99520,Ziyech,BOT,Meia,6,10.0,0.0,0.0,0,0.0,False,False,MIR,-5.246,armadilha_forte,0.0,0.0,0.0,41.5,neutro,2.17,0.95,-11.7,0.411,1.015,1.045,0.9,0.275,0.303,0.495
98974,Viña,CRU,Lateral,6,5.0,0.0,0.0,0,0.0,False,False,VIT,-3.872,armadilha_forte,0.0,0.0,0.0,55.7,neutro,2.4,0.775,-28.2,1.246,1.108,1.0,0.831,0.5,0.365,
127628,Lautaro López,BAH,Meia,6,4.0,0.0,0.0,0,0.0,False,False,CAP,-2.59,armadilha_forte,0.0,0.0,0.0,61.8,neutro,2.5,0.2,-15.4,1.671,1.309,1.449,2.09,0.95,0.277,0.505
132553,Jemmes,FLU,Zagueiro,6,6.22,0.13,3.26,18,1.5,True,False,COR,0.29,neutro,3.511,2.48,1.0,65.3,neutro,3.28,0.95,-12.1,1.317,1.389,0.771,1.676,0.6,0.257,0.389
109573,Martinelli,FLU,Meia,7,5.89,0.0,2.43,18,0.0,False,False,COR,-0.097,neutro,2.948,1.87,1.0,49.3,neutro,3.05,0.3,-12.1,1.317,1.389,0.771,1.676,0.6,0.257,0.389
130525,Pedro Lima,SAO,Lateral,6,4.0,0.0,0.0,0,0.0,False,True,INT,-3.135,armadilha_forte,0.0,0.0,0.0,61.1,neutro,2.49,0.475,30.8,0.839,0.867,1.26,1.234,0.5,0.482,0.456
104387,Gabriel Pereira,VAS,Zagueiro,6,5.0,0.0,0.0,0,0.0,False,True,CFC,-3.42,armadilha_forte,0.0,0.0,0.0,42.8,neutro,2.2,0.2,2.6,1.076,1.268,1.459,1.279,0.5,0.597,
146985,Yago Melo,COR,Zagueiro,6,1.0,0.0,0.0,0,0.0,False,True,FLU,0.173,neutro,0.0,0.0,0.0,40.0,neutro,2.15,0.275,12.1,0.771,1.676,1.317,1.389,0.0,0.442,0.389
131454,Athos,GRE,Zagueiro,6,1.0,0.0,0.0,0,0.0,False,True,PAL,0.173,neutro,0.0,0.0,0.0,35.9,neutro,2.09,0.05,-0.4,0.743,1.189,1.034,1.286,0.2,0.269,0.481
80076,Zé Roberto,MIR,Atacante,6,4.0,0.0,0.0,0,0.0,False,True,BOT,-3.102,armadilha_forte,0.0,0.0,0.0,61.4,neutro,2.49,0.825,11.7,1.045,0.9,0.411,1.015,0.525,0.414,0.495
105531,Matheus Bidu,COR,Lateral,7,11.72,-1.58,7.31,20,1.0,True,True,FLU,1.115,valor_bom,6.715,5.11,1.0,39.1,neutro,4.46,0.275,12.1,0.771,1.676,1.317,1.389,0.0,0.442,0.389
130443,Luciano,CHA,Zagueiro,6,1.0,0.0,0.0,0,0.0,False,False,CAM,0.173,neutro,0.0,0.0,0.0,30.8,desfavoravel,2.01,0.05,-54.0,1.486,0.9,1.189,0.671,0.45,0.139,
151347,Ruan Sales,FLU,Meia,6,2.0,0.0,0.0,0,0.0,False,False,COR,-0.87,armadilha_leve,0.0,0.0,0.0,49.3,neutro,2.3,0.3,-12.1,1.317,1.389,0.771,1.676,0.6,0.257,0.389
117909,Wesley,CRU,Atacante,6,7.08,-0.62,2.44,5,1.5,True,False,VIT,0.009,neutro,3.914,0.84,0.625,30.3,desfavoravel,3.47,0.1,-28.2,1.246,1.108,1.0,0.831,0.5,0.365,
106593,Villalba,CRU,Zagueiro,6,6.47,0.0,2.87,14,0.0,False,False,VIT,-0.071,neutro,3.308,1.51,1.0,56.0,neutro,3.01,0.775,-28.2,1.246,1.108,1.0,0.831,0.5,0.365,
68685,Alan Patrick,INT,Meia,7,7.27,0.45,3.87,22,3.4,True,False,SAO,0.484,neutro,3.935,2.73,1.0,32.4,desfavoravel,3.23,0.25,-30.8,1.26,1.234,0.839,0.867,0.425,0.245,0.456
103056,Gabriel Brazão,SAN,Goleiro,7,5.21,-0.31,2.81,22,0.6,True,False,REM,-0.184,neutro,2.911,1.67,1.0,71.2,neutro,3.65,0.775,0.2,1.333,0.533,0.871,1.08,0.925,0.369,0.497
97810,Erick,VIT,Atacante,7,8.18,0.63,4.12,22,5.4,True,True,CRU,0.013,neutro,4.311,1.89,1.0,62.1,favoravel,3.29,0.825,28.2,1.0,0.831,1.246,1.108,0.5,0.331,
68928,Rafael,SAO,Goleiro,7,7.48,0.0,3.23,25,0.0,False,True,INT,-0.503,armadilha_leve,3.488,2.23,1.0,60.7,neutro,4.0,0.475,30.8,0.839,0.867,1.26,1.234,0.5,0.482,0.456
69012,Santos,CAP,Goleiro,6,7.97,0.0,4.21,22,0.0,False,True,BAH,0.048,neutro,4.232,2.62,1.0,37.3,neutro,4.17,0.15,15.4,1.449,2.09,1.671,1.309,0.45,0.448,0.505
72294,Everson,CAM,Goleiro,5,9.67,0.0,4.58,23,0.0,False,True,CHA,-0.175,neutro,4.506,3.06,1.0,82.0,neutro,3.86,0.85,54.0,1.189,0.671,1.486,0.9,0.675,0.646,
87008,Léo Jardim,VAS,Goleiro,7,6.38,0.29,2.75,25,5.5,True,True,CFC,-0.462,neutro,3.124,2.35,1.0,42.3,neutro,3.26,0.2,2.6,1.076,1.268,1.459,1.279,0.5,0.597,
100898,Vitinho,BOT,Lateral,7,10.0,0.57,4.94,21,10.0,True,False,MIR,-0.324,neutro,5.019,3.75,1.0,51.0,neutro,4.43,0.675,-11.7,0.411,1.015,1.045,0.9,0.275,0.303,0.495
96591,Renan Lodi,CAM,Lateral,7,9.75,0.0,5.18,22,0.0,False,True,CHA,-0.025,neutro,5.192,3.68,1.0,83.2,neutro,4.46,0.85,54.0,1.189,0.671,1.486,0.9,0.675,0.646,
101727,Matheuzinho,COR,Lateral,7,10.44,0.06,6.12,21,3.8,True,True,FLU,0.537,valor_bom,5.873,4.36,1.0,39.1,neutro,4.06,0.275,12.1,0.771,1.676,1.317,1.389,0.0,0.442,0.389
99274,Alexander Barboza,PAL,Zagueiro,7,10.33,0.0,5.21,16,0.0,False,False,GRE,0.44,neutro,4.832,3.46,1.0,49.2,neutro,4.26,0.3,0.4,1.034,1.286,0.743,1.189,0.675,0.453,0.481
37656,Fábio,FLU,Goleiro,7,9.21,-0.55,4.51,26,4.8,True,False,COR,-0.097,neutro,4.459,3.55,1.0,64.9,neutro,4.09,0.95,-12.1,1.317,1.389,0.771,1.676,0.6,0.257,0.389
101254,Alef Manga,REM,Atacante,7,7.33,-0.03,4.09,27,0.6,True,True,SAN,0.332,neutro,4.26,2.05,1.0,38.4,neutro,3.57,0.7,-0.2,0.871,1.08,1.333,0.533,0.05,0.349,0.497
63007,Neymar,SAN,Meia,5,18.9,0.0,9.78,12,0.0,False,False,REM,1.863,valor_oculto,7.513,6.45,1.0,66.1,neutro,5.45,0.75,0.2,1.333,0.533,0.871,1.08,0.925,0.369,0.497
90768,Fabrício Bruno,CRU,Zagueiro,7,5.25,-0.53,1.89,23,-2.8,True,False,VIT,-0.997,armadilha_leve,2.08,1.37,1.0,56.0,neutro,2.48,0.775,-28.2,1.246,1.108,1.0,0.831,0.5,0.365,
91101,Ronaldo,BAH,Goleiro,7,7.51,-1.11,4.99,17,1.6,True,False,CAP,0.703,valor_bom,4.767,3.23,1.0,39.5,desfavoravel,4.44,0.125,-15.4,1.671,1.309,1.449,2.09,0.95,0.277,0.505
105436,Carrascal,FLA,Meia,7,10.11,-0.41,6.05,19,0.0,True,True,RBB,1.357,valor_bom,5.476,3.68,1.0,55.7,neutro,3.91,0.2,35.9,0.917,0.736,0.975,1.255,0.9,0.666,0.571
104758,Enzo Díaz,SAO,Lateral,6,9.04,0.0,3.9,13,0.0,False,True,INT,-0.689,armadilha_leve,4.405,3.28,1.0,61.1,neutro,4.24,0.475,30.8,0.839,0.867,1.26,1.234,0.5,0.482,0.456
105949,Rochet,INT,Goleiro,5,6.28,0.0,3.33,11,0.0,False,False,SAO,0.157,neutro,3.736,1.97,1.0,41.8,neutro,2.87,0.35,-30.8,1.26,1.234,0.839,0.867,0.425,0.245,0.456
68899,Philippe Coutinho,SAN,Meia,6,13.21,0.0,8.23,3,0.0,False,False,REM,0.236,neutro,5.235,6.56,0.375,66.1,neutro,4.86,0.75,0.2,1.333,0.533,0.871,1.08,0.925,0.369,0.497
61987,Alex Sandro,FLA,Lateral,6,7.89,-0.31,3.31,16,0.0,True,True,RBB,-0.742,armadilha_leve,3.949,2.19,1.0,73.2,neutro,3.04,0.6,35.9,0.917,0.736,0.975,1.255,0.9,0.666,0.571
109401,Erick Pulga,BAH,Atacante,7,8.49,0.87,4.67,25,8.6,True,False,CAP,0.392,neutro,4.71,3.31,1.0,62.3,neutro,3.98,0.2,-15.4,1.671,1.309,1.449,2.09,0.95,0.277,0.505
42234,Cássio,CRU,Goleiro,6,6.89,0.0,1.32,5,0.0,False,False,VIT,-0.623,armadilha_leve,3.15,1.32,0.625,55.6,neutro,3.38,0.775,-28.2,1.246,1.108,1.0,0.831,0.5,0.365,
113397,Cristian Olivera,BAH,Atacante,3,8.1,1.03,4.1,20,9.3,True,False,CAP,0.046,neutro,4.31,3.2,1.0,62.3,neutro,3.61,0.2,-15.4,1.671,1.309,1.449,2.09,0.95,0.277,0.505
91772,David Duarte,BAH,Zagueiro,7,5.84,-0.03,3.9,19,0.6,True,False,CAP,1.009,valor_bom,3.952,2.48,1.0,40.0,neutro,3.33,0.125,-15.4,1.671,1.309,1.449,2.09,0.95,0.277,0.505
85425,João Paulo,SAN,Goleiro,6,6.94,0.0,-0.35,2,0.0,False,False,REM,-0.437,neutro,3.365,0.0,0.25,71.2,neutro,4.16,0.775,0.2,1.333,0.533,0.871,1.08,0.925,0.369,0.497
80313,Gilberto,CAP,Lateral,7,7.36,0.0,4.74,13,0.0,False,True,BAH,0.672,valor_bom,4.925,3.66,1.0,36.8,neutro,3.8,0.15,15.4,1.449,2.09,1.671,1.309,0.45,0.448,0.505
68996,Willian José,BAH,Atacante,6,7.0,0.0,2.33,21,0.0,False,False,CAP,-1.094,armadilha_leve,3.021,0.71,1.0,62.3,neutro,3.22,0.2,-15.4,1.671,1.309,1.449,2.09,0.95,0.277,0.505
98517,Jean Lucas,BAH,Meia,6,10.32,1.1,5.62,22,10.2,True,False,CAP,0.982,valor_bom,5.218,4.03,1.0,61.8,neutro,3.94,0.2,-15.4,1.671,1.309,1.449,2.09,0.95,0.277,0.505
106822,Rodrigo Nestor,BAH,Meia,7,5.8,-1.11,3.91,19,2.6,True,False,CAP,1.186,valor_bom,3.97,2.86,1.0,61.8,neutro,4.74,0.2,-15.4,1.671,1.309,1.449,2.09,0.95,0.277,0.505
98484,Kanu,BAH,Zagueiro,6,3.22,-0.46,0.75,4,0.5,True,False,CAP,-0.744,armadilha_leve,1.241,0.0,0.5,40.0,neutro,2.36,0.125,-15.4,1.671,1.309,1.449,2.09,0.95,0.277,0.505
104783,Acevedo,BAH,Meia,7,7.51,0.28,5.13,24,4.1,True,False,CAP,1.528,valor_oculto,4.876,4.71,1.0,61.8,neutro,3.78,0.2,-15.4,1.671,1.309,1.449,2.09,0.95,0.277,0.505
80196,Yago Pikachu,REM,Meia,7,4.72,-0.04,2.29,26,0.7,True,True,SAN,-0.291,neutro,2.271,1.52,1.0,37.6,neutro,2.97,0.7,-0.2,0.871,1.08,1.333,0.533,0.05,0.349,0.497
123717,Zé Guilherme,BAH,Lateral,6,4.29,0.0,2.88,5,0.0,False,False,CAP,0.584,valor_bom,3.304,2.28,0.625,39.0,desfavoravel,2.98,0.125,-15.4,1.671,1.309,1.449,2.09,0.95,0.277,0.505
107173,Michel Araújo,BAH,Meia,6,2.37,0.0,0.98,18,0.0,False,False,CAP,-0.017,neutro,1.027,0.7,1.0,61.8,neutro,2.24,0.2,-15.4,1.671,1.309,1.449,2.09,0.95,0.277,0.505
101314,Ademir,BAH,Atacante,7,5.3,-0.27,2.29,24,1.3,True,False,CAP,-1.003,armadilha_leve,2.354,1.75,1.0,62.3,neutro,3.51,0.2,-15.4,1.671,1.309,1.449,2.09,0.95,0.277,0.505
136955,Sanabria,BAH,Atacante,6,5.44,0.0,2.69,14,0.0,False,False,CAP,-0.728,armadilha_leve,2.637,1.19,1.0,62.3,neutro,2.79,0.2,-15.4,1.671,1.309,1.449,2.09,0.95,0.277,0.505
98022,Erick,BAH,Meia,7,7.71,0.0,4.59,19,0.0,False,False,CAP,0.931,valor_bom,4.448,3.54,1.0,61.8,neutro,4.44,0.2,-15.4,1.671,1.309,1.449,2.09,0.95,0.277,0.505
106323,Caio Alexandre,BAH,Meia,6,3.85,0.39,1.06,16,3.0,True,False,CAP,-0.738,armadilha_leve,1.444,1.06,1.0,61.8,neutro,2.48,0.2,-15.4,1.671,1.309,1.449,2.09,0.95,0.277,0.505
111829,Kayky,INT,Atacante,5,3.63,0.0,1.27,6,0.0,False,False,SAO,-1.312,armadilha_leve,1.161,1.27,0.75,33.2,desfavoravel,1.99,0.25,-30.8,1.26,1.234,0.839,0.867,0.425,0.245,0.456
97868,Iago,SAO,Lateral,6,6.04,-1.22,4.43,9,4.5,True,True,INT,0.291,neutro,4.025,3.1,1.0,61.1,favoravel,2.97,0.475,30.8,0.839,0.867,1.26,1.234,0.5,0.482,0.456
129663,Ruan Pablo,BAH,Atacante,6,1.44,0.0,0.17,3,0.0,False,False,CAP,0.799,valor_bom,0.831,0.17,0.375,62.3,neutro,2.68,0.2,-15.4,1.671,1.309,1.449,2.09,0.95,0.277,0.505
97341,Rogério Ceni,BAH,Técnico,7,10.59,-0.1,5.78,26,6.2,True,False,CAP,-0.039,neutro,5.955,5.78,1.0,61.3,neutro,4.7,0.2,-15.4,1.671,1.309,1.449,2.09,0.95,0.277,0.505
122994,Victor Nascimento,BAH,Goleiro,6,1.0,0.0,0.0,0,0.0,False,False,CAP,0.204,neutro,0.0,0.0,0.0,39.5,desfavoravel,2.14,0.125,-15.4,1.671,1.309,1.449,2.09,0.95,0.277,0.505
97468,Marçal,BOT,Lateral,6,7.03,0.0,3.33,7,0.0,False,False,MIR,-0.918,armadilha_leve,3.458,2.04,0.875,51.0,neutro,3.58,0.675,-11.7,0.411,1.015,1.045,0.9,0.275,0.303,0.495
72493,Alex Telles,BOT,Lateral,7,9.66,1.25,4.25,20,9.0,True,False,MIR,-0.783,armadilha_leve,4.529,2.05,1.0,51.0,neutro,4.71,0.675,-11.7,0.411,1.015,1.045,0.9,0.275,0.303,0.495
123360,Cauly,SAO,Meia,6,6.41,0.22,2.95,15,4.7,True,True,INT,0.15,neutro,3.354,2.62,1.0,49.9,neutro,2.9,0.425,30.8,0.839,0.867,1.26,1.234,0.5,0.482,0.456
107231,Danilo,BOT,Meia,7,13.57,-0.41,7.35,18,2.9,True,False,MIR,1.508,valor_oculto,6.354,4.85,1.0,41.5,neutro,4.66,0.95,-11.7,0.411,1.015,1.045,0.9,0.275,0.303,0.495
145379,Kauê Furquim,BAH,Atacante,6,2.24,0.0,1.28,5,0.0,False,False,CAP,0.093,neutro,1.156,1.28,0.625,62.3,neutro,2.56,0.2,-15.4,1.671,1.309,1.449,2.09,0.95,0.277,0.505
98672,Savarino,FLU,Meia,6,8.98,0.68,4.46,19,5.3,True,False,COR,0.362,neutro,4.357,3.14,1.0,49.3,neutro,3.69,0.3,-12.1,1.317,1.389,0.771,1.676,0.6,0.257,0.389
141419,Fredi Lippert,BAH,Zagueiro,6,2.0,0.0,0.0,0,0.0,False,False,CAP,-1.153,armadilha_leve,0.0,0.0,0.0,40.0,neutro,2.15,0.125,-15.4,1.671,1.309,1.449,2.09,0.95,0.277,0.505
95799,Artur,SAO,Atacante,7,8.6,-1.14,5.12,21,2.0,True,True,INT,0.77,valor_bom,5.041,3.26,1.0,51.4,neutro,3.62,0.425,30.8,0.839,0.867,1.26,1.234,0.5,0.482,0.456
91158,Kaio,BOT,Zagueiro,5,7.0,0.0,0.0,0,0.0,False,False,MIR,-4.361,armadilha_forte,0.0,0.0,0.0,51.5,neutro,2.33,0.675,-11.7,0.411,1.015,1.045,0.9,0.275,0.303,0.495
142890,Montoro,BOT,Meia,7,7.14,0.48,2.73,21,5.6,True,False,MIR,-0.461,neutro,3.111,2.02,1.0,41.5,neutro,2.86,0.95,-11.7,0.411,1.015,1.045,0.9,0.275,0.303,0.495
111831,Matheus Martins,BOT,Atacante,6,6.69,0.0,4.13,18,0.0,False,False,MIR,0.759,valor_bom,4.347,2.35,1.0,42.2,neutro,3.96,0.95,-11.7,0.411,1.015,1.045,0.9,0.275,0.303,0.495
129930,Cristhian Loor,BOT,Goleiro,6,2.0,0.0,0.0,0,0.0,False,False,MIR,-0.925,armadilha_leve,0.0,0.0,0.0,51.0,neutro,2.33,0.675,-11.7,0.411,1.015,1.045,0.9,0.275,0.303,0.495
124481,Mateo Ponte,BOT,Lateral,6,5.38,-1.03,3.31,10,1.5,True,False,MIR,-0.028,neutro,3.425,2.21,1.0,51.0,neutro,3.02,0.675,-11.7,0.411,1.015,1.045,0.9,0.275,0.303,0.495
143072,Gabriel Abdias,BOT,Lateral,6,3.0,0.0,0.0,0,0.0,False,False,MIR,-2.233,armadilha_forte,0.0,0.0,0.0,51.0,neutro,2.33,0.675,-11.7,0.411,1.015,1.045,0.9,0.275,0.303,0.495
69140,Allan,BOT,Meia,6,4.5,0.0,2.05,11,0.0,False,False,MIR,-0.344,neutro,2.118,2.05,1.0,41.5,neutro,2.32,0.95,-11.7,0.411,1.015,1.045,0.9,0.275,0.303,0.495
104693,Newton,SAO,Meia,6,4.54,0.43,2.05,10,3.2,True,True,INT,-0.364,neutro,2.122,2.05,1.0,49.9,neutro,2.42,0.425,30.8,0.839,0.867,1.26,1.234,0.5,0.482,0.456
70360,Eduardo Sasha,RBB,Atacante,5,3.91,0.0,0.98,18,0.0,False,False,FLA,-1.161,armadilha_leve,1.461,0.98,1.0,21.1,desfavoravel,1.75,0.1,-35.9,0.975,1.255,0.917,0.736,0.35,0.132,0.571
94968,Juninho Capixaba,RBB,Lateral,3,12.69,-0.17,7.0,23,5.1,True,False,FLA,0.611,valor_bom,6.542,4.74,1.0,26.0,desfavoravel,4.2,0.0,-35.9,0.975,1.255,0.917,0.736,0.35,0.132,0.571
39850,Vagner Mancini,RBB,Técnico,7,8.34,-0.22,5.39,25,3.88,True,False,FLA,0.826,valor_bom,5.335,5.39,1.0,20.8,desfavoravel,3.83,0.1,-35.9,0.975,1.255,0.917,0.736,0.35,0.132,0.571
146375,Kadir,BOT,Atacante,6,4.15,-0.08,2.04,12,1.7,True,False,MIR,-0.35,neutro,2.242,1.62,1.0,42.2,neutro,2.6,0.95,-11.7,0.411,1.015,1.045,0.9,0.275,0.303,0.495
103295,Eric Ramires,RBB,Meia,7,2.3,0.1,0.63,17,1.3,True,False,FLA,-0.232,neutro,0.791,0.63,1.0,20.3,desfavoravel,1.4,0.1,-35.9,0.975,1.255,0.917,0.736,0.35,0.132,0.571
107908,Hugo,COR,Lateral,6,4.0,0.0,0.0,0,0.0,False,True,FLU,-3.135,armadilha_forte,0.0,0.0,0.0,39.1,neutro,2.14,0.275,12.1,0.771,1.676,1.317,1.389,0.0,0.442,0.389
142877,Villalba,BOT,Atacante,6,4.07,-0.33,1.65,13,1.5,True,False,MIR,-0.609,armadilha_leve,1.991,1.03,1.0,42.2,neutro,2.19,0.95,-11.7,0.411,1.015,1.045,0.9,0.275,0.303,0.495
78605,Gabriel,RBB,Meia,6,5.28,0.13,3.08,18,3.0,True,False,FLA,0.051,neutro,2.813,2.52,1.0,20.3,desfavoravel,2.43,0.1,-35.9,0.975,1.255,0.917,0.736,0.35,0.132,0.571
94067,Matheus Fernandes,RBB,Meia,6,4.54,-0.86,2.78,14,1.5,True,False,FLA,0.183,neutro,2.573,2.42,1.0,20.3,desfavoravel,2.3,0.1,-35.9,0.975,1.255,0.917,0.736,0.35,0.132,0.571
93882,Cleiton,RBB,Goleiro,6,6.19,0.0,2.56,7,0.0,False,False,FLA,-0.047,neutro,3.484,1.13,0.875,26.9,desfavoravel,2.95,0.0,-35.9,0.975,1.255,0.917,0.736,0.35,0.132,0.571
100848,Luan Cândido,VIT,Lateral,7,5.46,-0.73,3.45,16,-0.1,True,True,CRU,-0.001,neutro,3.49,1.89,1.0,58.0,neutro,3.88,0.4,28.2,1.0,0.831,1.246,1.108,0.5,0.331,
110715,Andrés Hurtado,RBB,Lateral,6,5.23,-0.33,3.35,16,1.2,True,False,FLA,0.066,neutro,3.423,2.23,1.0,26.0,desfavoravel,2.74,0.0,-35.9,0.975,1.255,0.917,0.736,0.35,0.132,0.571
103014,Laquintana,VIT,Atacante,6,4.0,0.0,0.0,0,0.0,False,True,CRU,-3.102,armadilha_forte,0.0,0.0,0.0,62.1,neutro,2.5,0.825,28.2,1.0,0.831,1.246,1.108,0.5,0.331,
100695,Fernando,RBB,Atacante,7,5.57,0.05,5.17,12,2.6,True,False,FLA,1.091,valor_bom,4.12,2.75,1.0,21.1,desfavoravel,2.76,0.1,-35.9,0.975,1.255,0.917,0.736,0.35,0.132,0.571
112886,Lucas Barbosa,RBB,Atacante,7,9.71,-1.16,6.24,23,5.0,True,False,FLA,1.409,valor_bom,5.878,4.07,1.0,21.1,desfavoravel,5.43,0.1,-35.9,0.975,1.255,0.917,0.736,0.35,0.132,0.571
108133,Isidro Pitta,RBB,Atacante,7,5.14,0.2,3.43,23,0.8,True,False,FLA,0.184,neutro,3.202,1.26,1.0,21.1,desfavoravel,2.63,0.1,-35.9,0.975,1.255,0.917,0.736,0.35,0.132,0.571
104588,Fabrício,RBB,Goleiro,6,2.0,0.0,0.0,0,0.0,False,False,FLA,-0.925,armadilha_leve,0.0,0.0,0.0,26.9,desfavoravel,1.94,0.0,-35.9,0.975,1.255,0.917,0.736,0.35,0.132,0.571
105213,Sant'Anna,RBB,Lateral,7,8.39,-0.61,5.77,11,1.5,True,False,FLA,0.939,valor_bom,5.541,3.22,1.0,26.0,desfavoravel,3.84,0.0,-35.9,0.975,1.255,0.917,0.736,0.35,0.132,0.571
107744,Praxedes,RBB,Meia,6,4.0,0.0,0.0,0,0.0,False,False,FLA,-2.59,armadilha_forte,0.0,0.0,0.0,20.3,desfavoravel,1.84,0.1,-35.9,0.975,1.255,0.917,0.736,0.35,0.132,0.571
122897,Guzmán Rodríguez,RBB,Zagueiro,6,6.47,0.93,3.0,1,3.0,True,False,FLA,0.724,valor_bom,3.955,3.0,0.125,27.4,desfavoravel,3.98,0.0,-35.9,0.975,1.255,0.917,0.736,0.35,0.132,0.571
110750,Gustavo Marques,RBB,Zagueiro,7,7.38,-0.24,4.65,22,3.7,True,False,FLA,1.014,valor_bom,4.497,3.29,1.0,27.4,desfavoravel,3.44,0.0,-35.9,0.975,1.255,0.917,0.736,0.35,0.132,0.571
106434,Eduardo Santos,RBB,Zagueiro,6,3.6,-1.0,1.05,4,0.0,True,False,FLA,-0.903,armadilha_leve,1.341,1.05,0.5,27.4,desfavoravel,2.23,0.0,-35.9,0.975,1.255,0.917,0.736,0.35,0.132,0.571
107236,Vanderlan,RBB,Lateral,5,4.41,0.0,-0.3,1,0.0,False,False,FLA,0.297,neutro,3.139,0.0,0.125,26.0,desfavoravel,3.52,0.0,-35.9,0.975,1.255,0.917,0.736,0.35,0.132,0.571
111246,Alix Vinicius,RBB,Zagueiro,7,4.91,0.0,2.84,18,0.0,False,False,FLA,0.039,neutro,2.774,1.67,1.0,27.4,desfavoravel,2.66,0.0,-35.9,0.975,1.255,0.917,0.736,0.35,0.132,0.571
111760,Fabinho,RBB,Meia,7,2.77,0.42,1.01,10,4.5,True,False,FLA,-0.349,neutro,1.065,1.01,1.0,20.3,desfavoravel,1.92,0.1,-35.9,0.975,1.255,0.917,0.736,0.35,0.132,0.571
113157,Nathan Mendes,VIT,Lateral,5,7.52,0.0,5.02,12,0.0,False,True,CRU,0.808,valor_bom,5.103,3.35,1.0,58.0,neutro,4.31,0.4,28.2,1.0,0.831,1.246,1.108,0.5,0.331,
72605,Vitor Hugo,CAM,Zagueiro,2,6.23,-0.16,3.46,13,0.0,True,True,CHA,0.51,valor_bom,3.694,1.61,1.0,82.4,favoravel,3.1,0.85,54.0,1.189,0.671,1.486,0.9,0.675,0.646,
122755,Lucas Cunha,RBB,Zagueiro,6,3.0,0.0,0.0,0,0.0,False,False,FLA,-2.094,armadilha_forte,0.0,0.0,0.0,27.4,desfavoravel,1.95,0.0,-35.9,0.975,1.255,0.917,0.736,0.35,0.132,0.571
122394,Gustavinho,RBB,Meia,6,5.32,0.0,2.46,18,0.0,False,False,FLA,-0.491,neutro,2.383,1.63,1.0,20.3,desfavoravel,2.21,0.1,-35.9,0.975,1.255,0.917,0.736,0.35,0.132,0.571
132274,Ignacio Sosa,RBB,Meia,6,3.41,0.0,1.5,15,0.0,False,False,FLA,-0.503,armadilha_leve,1.373,1.5,1.0,20.3,desfavoravel,1.7,0.1,-35.9,0.975,1.255,0.917,0.736,0.35,0.132,0.571
124239,Henry Mosquera,RBB,Atacante,7,5.39,0.0,3.43,19,0.0,False,False,FLA,-0.017,neutro,3.168,2.38,1.0,21.1,desfavoravel,2.67,0.1,-35.9,0.975,1.255,0.917,0.736,0.35,0.132,0.571
132580,Vinicinho,RBB,Atacante,6,3.92,0.0,2.23,14,0.0,False,False,FLA,-0.038,neutro,2.344,2.23,1.0,21.1,desfavoravel,2.13,0.1,-35.9,0.975,1.255,0.917,0.736,0.35,0.132,0.571
140906,Davi Gomes,RBB,Atacante,5,5.19,0.0,4.25,2,0.0,False,False,FLA,-0.253,neutro,2.886,4.25,0.25,21.1,desfavoravel,3.19,0.1,-35.9,0.975,1.255,0.917,0.736,0.35,0.132,0.571
98909,Cuello,CAM,Atacante,7,11.04,2.25,6.61,22,16.2,True,True,CHA,1.278,valor_bom,6.137,4.34,1.0,80.2,favoravel,5.41,0.825,54.0,1.189,0.671,1.486,0.9,0.675,0.646,
39656,Alan Franco,CAM,Meia,6,4.58,0.24,1.95,20,1.9,True,True,CHA,-0.506,armadilha_leve,2.025,1.7,1.0,77.3,neutro,2.94,0.825,54.0,1.189,0.671,1.486,0.9,0.675,0.646,
72460,Bernard,CAM,Meia,7,4.61,-0.1,2.87,22,1.7,True,True,CHA,0.287,neutro,2.694,1.73,1.0,77.3,favoravel,3.79,0.825,54.0,1.189,0.671,1.486,0.9,0.675,0.646,
68920,Dudu,CAM,Atacante,6,6.09,0.0,2.31,16,0.0,False,True,CHA,-0.449,neutro,3.152,1.31,1.0,80.2,neutro,2.94,0.825,54.0,1.189,0.671,1.486,0.9,0.675,0.646,
138021,Palacios,RBB,Zagueiro,6,3.0,0.0,0.0,0,0.0,False,False,FLA,-2.094,armadilha_forte,0.0,0.0,0.0,27.4,desfavoravel,1.95,0.0,-35.9,0.975,1.255,0.917,0.736,0.35,0.132,0.571
87999,Gustavo Scarpa,CAM,Meia,6,6.41,0.08,2.88,13,2.7,True,True,CHA,0.144,neutro,3.349,2.11,1.0,77.3,favoravel,3.33,0.825,54.0,1.189,0.671,1.486,0.9,0.675,0.646,
107554,Natanael,CAM,Lateral,7,9.09,0.88,4.79,17,9.5,True,True,CHA,-0.082,neutro,4.93,3.67,1.0,83.2,neutro,4.7,0.85,54.0,1.189,0.671,1.486,0.9,0.675,0.646,
105068,Reinier,CAM,Meia,7,7.03,2.59,4.18,19,17.2,True,True,CHA,0.856,valor_bom,4.16,2.6,1.0,77.3,favoravel,4.67,0.825,54.0,1.189,0.671,1.486,0.9,0.675,0.646,
40990,Dorival Júnior,SAO,Técnico,7,9.44,-0.59,4.48,19,5.47,True,True,INT,-2.405,armadilha_forte,4.728,4.48,1.0,49.7,neutro,3.73,0.425,30.8,0.839,0.867,1.26,1.234,0.5,0.482,0.456
115674,Gabriel Delfim,CAM,Goleiro,7,2.72,-0.03,1.87,3,1.6,True,True,CHA,1.166,valor_bom,2.83,1.87,0.375,82.0,favoravel,3.9,0.85,54.0,1.189,0.671,1.486,0.9,0.675,0.646,
92087,Lyanco,CAM,Zagueiro,2,7.8,0.0,3.04,9,0.0,False,True,CHA,-0.338,neutro,3.527,2.04,1.0,82.4,neutro,3.06,0.85,54.0,1.189,0.671,1.486,0.9,0.675,0.646,
91607,R. Rústico,SAN,Atacante,6,5.13,0.36,2.04,19,2.9,True,False,REM,-1.105,armadilha_leve,2.19,2.04,1.0,66.8,neutro,2.53,0.75,0.2,1.333,0.533,0.871,1.08,0.925,0.369,0.497
78248,Gustavo Henrique,COR,Zagueiro,7,8.42,0.0,3.95,21,0.0,False,True,FLU,0.001,neutro,3.984,2.43,1.0,40.0,neutro,3.18,0.275,12.1,0.771,1.676,1.317,1.389,0.0,0.442,0.389
100842,Ruan,CAM,Zagueiro,5,6.2,0.0,3.7,20,0.0,False,True,CHA,0.663,valor_bom,3.807,2.5,1.0,82.4,favoravel,4.7,0.85,54.0,1.189,0.671,1.486,0.9,0.675,0.646,
100084,Igor Gomes,CAM,Meia,6,4.51,-0.62,1.86,9,1.1,True,True,CHA,-0.463,neutro,2.025,0.75,1.0,77.3,neutro,2.77,0.825,54.0,1.189,0.671,1.486,0.9,0.675,0.646,
85048,Memphis Depay,COR,Atacante,7,9.1,0.0,2.27,10,0.0,False,True,FLU,-1.518,armadilha_forte,3.41,1.47,1.0,46.3,neutro,2.97,0.625,12.1,0.771,1.676,1.317,1.389,0.0,0.442,0.389
95556,Raniele,COR,Meia,6,8.23,0.83,4.47,21,7.0,True,True,FLU,0.643,valor_bom,4.371,3.99,1.0,45.0,neutro,3.4,0.625,12.1,0.771,1.676,1.317,1.389,0.0,0.442,0.389
101002,Júnior Santos,BOT,Atacante,6,4.33,0.2,1.96,13,1.9,True,False,MIR,-0.561,armadilha_leve,2.183,1.34,1.0,42.2,neutro,2.45,0.95,-11.7,0.411,1.015,1.045,0.9,0.275,0.303,0.495
118774,Alexsander,CAM,Meia,6,5.43,0.0,2.2,7,0.0,False,True,CHA,0.465,neutro,3.22,2.2,0.875,77.3,favoravel,3.35,0.825,54.0,1.189,0.671,1.486,0.9,0.675,0.646,
122990,Patrick,RBB,Meia,6,4.0,0.0,0.0,0,0.0,False,False,FLA,-2.59,armadilha_forte,0.0,0.0,0.0,20.3,desfavoravel,1.84,0.1,-35.9,0.975,1.255,0.917,0.736,0.35,0.132,0.571
103767,Gabriel Menino,SAN,Meia,6,9.92,0.0,5.45,9,0.0,False,False,REM,0.622,valor_bom,4.821,4.89,1.0,66.1,neutro,3.74,0.75,0.2,1.333,0.533,0.871,1.08,0.925,0.369,0.497
101574,Hugo Souza,COR,Goleiro,7,9.35,0.73,4.24,22,7.1,True,True,FLU,-0.33,neutro,4.254,2.42,1.0,39.5,neutro,3.3,0.275,12.1,0.771,1.676,1.317,1.389,0.0,0.442,0.389
77485,Carrillo,COR,Meia,7,4.35,0.0,1.53,20,0.0,False,True,FLU,-0.728,armadilha_leve,1.725,1.28,1.0,45.0,neutro,2.18,0.625,12.1,0.771,1.676,1.317,1.389,0.0,0.442,0.389
117632,Garro,COR,Meia,7,9.28,-0.69,4.68,24,-1.6,True,True,FLU,0.482,neutro,4.538,3.01,1.0,45.0,neutro,3.47,0.625,12.1,0.771,1.676,1.317,1.389,0.0,0.442,0.389
92171,Arthur Cabral,BOT,Atacante,7,9.11,0.0,5.74,19,0.0,False,False,MIR,1.117,valor_bom,5.472,2.53,1.0,42.2,neutro,3.79,0.95,-11.7,0.411,1.015,1.045,0.9,0.275,0.303,0.495
96342,Charles,COR,Meia,6,4.49,0.96,2.25,4,5.9,True,True,FLU,-0.21,neutro,2.224,2.25,0.5,45.0,neutro,2.93,0.625,12.1,0.771,1.676,1.317,1.389,0.0,0.442,0.389
104084,Carlos Miguel,PAL,Goleiro,7,8.72,-0.28,5.2,26,7.6,True,False,GRE,0.542,valor_bom,4.987,3.28,1.0,48.8,neutro,4.2,0.3,0.4,1.034,1.286,0.743,1.189,0.675,0.453,0.481
97642,Félix Torres,INT,Zagueiro,6,5.18,0.0,3.75,19,0.0,False,False,SAO,0.683,valor_bom,3.417,2.8,1.0,42.3,neutro,3.22,0.35,-30.8,1.26,1.234,0.839,0.867,0.425,0.245,0.456
92440,André Ramalho,COR,Zagueiro,5,5.73,0.0,2.55,6,0.0,False,True,FLU,-0.609,armadilha_leve,2.593,1.55,0.75,40.0,neutro,2.79,0.275,12.1,0.771,1.676,1.317,1.389,0.0,0.442,0.389
78435,Vitinho,COR,Atacante,6,5.06,0.0,2.13,7,0.0,False,True,FLU,-0.854,armadilha_leve,2.351,2.13,0.875,46.3,neutro,2.62,0.625,12.1,0.771,1.676,1.317,1.389,0.0,0.442,0.389
117910,Breno Bidon,COR,Meia,7,7.7,-1.25,3.5,24,-1.3,True,True,FLU,-0.028,neutro,3.653,2.88,1.0,45.0,neutro,3.07,0.625,12.1,0.771,1.676,1.317,1.389,0.0,0.442,0.389
98720,Angileri,COR,Lateral,6,5.32,-0.81,4.09,10,1.5,True,True,FLU,0.529,valor_bom,3.859,2.59,1.0,39.1,neutro,3.11,0.275,12.1,0.771,1.676,1.317,1.389,0.0,0.442,0.389
98225,Pedro Raul,COR,Atacante,6,3.29,0.0,1.29,13,0.0,False,True,FLU,-0.948,armadilha_leve,1.21,0.67,1.0,46.3,neutro,1.97,0.625,12.1,0.771,1.676,1.317,1.389,0.0,0.442,0.389
102340,Cacá,VIT,Zagueiro,7,4.93,-0.41,2.47,18,-0.3,True,True,CRU,-0.287,neutro,2.518,1.14,1.0,58.2,neutro,3.6,0.4,28.2,1.0,0.831,1.246,1.108,0.5,0.331,
42500,Fagner,CRU,Lateral,7,6.26,-0.14,4.01,19,3.9,True,False,VIT,-0.008,neutro,3.879,2.64,1.0,55.7,neutro,3.26,0.775,-28.2,1.246,1.108,1.0,0.831,0.5,0.365,
142484,Barrera,BOT,Meia,5,4.93,0.0,2.46,11,0.0,False,False,MIR,-0.311,neutro,2.355,2.01,1.0,41.5,neutro,2.43,0.95,-11.7,0.411,1.015,1.045,0.9,0.275,0.303,0.495
122396,Ryan,COR,Meia,6,3.0,0.0,0.0,0,0.0,False,True,FLU,-1.839,armadilha_forte,0.0,0.0,0.0,45.0,neutro,2.23,0.625,12.1,0.771,1.676,1.317,1.389,0.0,0.442,0.389
84558,Lucas Romero,CRU,Meia,7,8.51,-1.37,4.89,19,3.0,True,False,VIT,0.892,valor_bom,4.66,3.57,1.0,29.4,desfavoravel,3.34,0.1,-28.2,1.246,1.108,1.0,0.831,0.5,0.365,
125488,João Pedro,COR,Zagueiro,6,6.91,-0.8,4.12,5,0.0,True,True,FLU,0.705,valor_bom,4.092,2.32,0.625,40.0,neutro,3.66,0.275,12.1,0.771,1.676,1.317,1.389,0.0,0.442,0.389
89275,William,CRU,Lateral,6,8.95,0.0,4.07,12,0.0,False,False,VIT,-0.5,neutro,4.533,3.32,1.0,55.7,neutro,3.55,0.775,-28.2,1.246,1.108,1.0,0.831,0.5,0.365,
121824,Kayke,COR,Atacante,5,3.64,0.0,1.65,6,0.0,False,True,FLU,-1.112,armadilha_leve,1.324,1.65,0.75,46.3,neutro,2.26,0.625,12.1,0.771,1.676,1.317,1.389,0.0,0.442,0.389
141995,Dieguinho,COR,Meia,6,3.19,-0.02,1.43,15,1.5,True,True,FLU,-0.387,neutro,1.327,1.1,1.0,45.0,neutro,2.0,0.625,12.1,0.771,1.676,1.317,1.389,0.0,0.442,0.389
96610,Matheus Pereira,CRU,Meia,7,15.3,0.3,7.4,24,14.7,True,False,VIT,1.402,valor_bom,6.578,4.9,1.0,29.4,desfavoravel,4.36,0.1,-28.2,1.246,1.108,1.0,0.831,0.5,0.365,
127242,Bahia,COR,Meia,6,2.0,0.0,0.0,0,0.0,False,True,FLU,-0.87,armadilha_leve,0.0,0.0,0.0,45.0,neutro,2.23,0.625,12.1,0.771,1.676,1.317,1.389,0.0,0.442,0.389
133543,Gui Negão,COR,Atacante,6,4.71,1.7,2.04,9,10.5,True,True,FLU,-0.712,armadilha_leve,2.278,1.15,1.0,46.3,neutro,2.45,0.625,12.1,0.771,1.676,1.317,1.389,0.0,0.442,0.389
111690,Matheus Cunha,INT,Goleiro,7,4.12,0.31,3.18,16,0.3,True,False,SAO,0.612,valor_bom,3.183,0.99,1.0,41.8,neutro,3.15,0.35,-30.8,1.26,1.234,0.839,0.867,0.425,0.245,0.456
132264,Arroyo,CRU,Atacante,7,5.54,0.06,3.44,22,2.7,True,False,VIT,-0.067,neutro,3.201,2.12,1.0,30.3,desfavoravel,2.47,0.1,-28.2,1.246,1.108,1.0,0.831,0.5,0.365,
145744,André,COR,Meia,6,6.15,0.0,4.07,16,0.0,False,True,FLU,1.155,valor_bom,4.084,2.51,1.0,45.0,neutro,3.27,0.625,12.1,0.771,1.676,1.317,1.389,0.0,0.442,0.389
131753,Felipe Longo,COR,Goleiro,6,2.0,0.0,0.0,0,0.0,False,True,FLU,-0.925,armadilha_leve,0.0,0.0,0.0,39.5,neutro,2.14,0.275,12.1,0.771,1.676,1.317,1.389,0.0,0.442,0.389
105047,João Marcelo,CRU,Zagueiro,7,3.87,-0.7,2.28,12,0.4,True,False,VIT,0.234,neutro,2.418,1.53,1.0,56.0,neutro,3.12,0.775,-28.2,1.246,1.108,1.0,0.831,0.5,0.365,
100742,Matheus Henrique,CRU,Meia,7,5.04,-0.14,2.19,24,2.7,True,False,VIT,-0.567,armadilha_leve,2.195,1.98,1.0,29.4,desfavoravel,2.22,0.1,-28.2,1.246,1.108,1.0,0.831,0.5,0.365,
124912,Jonathan Jesus,CRU,Zagueiro,5,6.03,0.0,4.11,16,0.0,False,False,VIT,1.098,valor_bom,4.098,3.55,1.0,56.0,neutro,3.67,0.775,-28.2,1.246,1.108,1.0,0.831,0.5,0.365,
79701,Lucas Silva,CRU,Meia,6,3.22,-0.06,0.36,17,0.0,True,False,VIT,-1.282,armadilha_leve,0.608,0.36,1.0,29.4,desfavoravel,1.44,0.1,-28.2,1.246,1.108,1.0,0.831,0.5,0.365,
69783,Danilo,FLA,Zagueiro,6,4.85,0.12,1.4,9,1.5,True,True,RBB,-0.908,armadilha_leve,1.977,1.07,1.0,72.9,neutro,2.76,0.6,35.9,0.917,0.736,0.975,1.255,0.9,0.666,0.571
93478,Wanderson,CRU,Atacante,6,3.98,0.0,1.95,18,0.0,False,False,VIT,-0.356,neutro,2.133,1.06,1.0,30.3,desfavoravel,2.2,0.1,-28.2,1.246,1.108,1.0,0.831,0.5,0.365,
117404,Otávio,CRU,Goleiro,7,4.25,0.46,3.45,14,8.4,True,False,VIT,0.706,valor_bom,3.355,3.09,1.0,55.6,neutro,3.03,0.775,-28.2,1.246,1.108,1.0,0.831,0.5,0.365,
88479,Walace,VIT,Meia,5,2.99,0.0,1.23,6,0.0,False,True,CRU,-0.406,neutro,1.175,1.23,0.75,61.7,neutro,2.4,0.825,28.2,1.0,0.831,1.246,1.108,0.5,0.331,
82627,Luiz Araújo,FLA,Atacante,2,6.92,0.0,3.09,14,0.0,False,True,RBB,-0.153,neutro,3.725,1.59,1.0,58.3,neutro,3.13,0.2,35.9,0.917,0.736,0.975,1.255,0.9,0.666,0.571
83528,Léo Pereira,FLA,Zagueiro,7,10.07,0.0,5.03,20,0.0,False,True,RBB,0.424,neutro,4.757,2.68,1.0,72.9,favoravel,3.44,0.6,35.9,0.917,0.736,0.975,1.255,0.9,0.666,0.571
131967,Villarreal,CRU,Atacante,6,7.96,0.0,4.98,14,0.0,False,False,VIT,0.897,valor_bom,4.927,2.91,1.0,30.3,desfavoravel,3.56,0.1,-28.2,1.246,1.108,1.0,0.831,0.5,0.365,
137543,Tevis,CRU,Atacante,6,2.0,0.0,0.0,0,0.0,False,False,VIT,-1.082,armadilha_leve,0.0,0.0,0.0,30.3,desfavoravel,2.0,0.1,-28.2,1.246,1.108,1.0,0.831,0.5,0.365,
113158,Marquinhos,CRU,Atacante,6,3.54,0.0,0.45,2,0.0,False,False,VIT,-1.501,armadilha_forte,0.953,0.45,0.25,30.3,desfavoravel,2.29,0.1,-28.2,1.246,1.108,1.0,0.831,0.5,0.365,
143600,Kauã Moraes,CRU,Lateral,6,6.81,0.0,4.83,10,0.0,False,False,VIT,0.164,neutro,4.27,2.53,1.0,55.7,neutro,3.99,0.775,-28.2,1.246,1.108,1.0,0.831,0.5,0.365,
114405,Sinisterra,CRU,Atacante,5,5.85,0.0,3.27,8,0.0,False,False,VIT,-0.626,armadilha_leve,2.907,2.27,1.0,30.3,desfavoravel,2.58,0.1,-28.2,1.246,1.108,1.0,0.831,0.5,0.365,
122660,Japa,MIR,Meia,6,5.51,0.0,3.71,8,0.0,False,True,BOT,1.261,valor_bom,3.911,3.08,1.0,60.3,favoravel,3.46,0.825,11.7,1.045,0.9,0.411,1.015,0.525,0.414,0.495
87863,Arrascaeta,FLA,Meia,7,13.42,-0.74,5.3,18,2.8,True,True,RBB,-0.177,neutro,4.935,3.36,1.0,55.7,neutro,3.48,0.2,35.9,0.917,0.736,0.975,1.255,0.9,0.666,0.571
88393,Ayrton Lucas,FLA,Lateral,7,8.94,-0.11,5.31,16,4.9,True,True,RBB,0.399,neutro,5.282,3.0,1.0,73.2,favoravel,4.44,0.6,35.9,0.917,0.736,0.975,1.255,0.9,0.666,0.571
137542,Kaique Kenji,CRU,Atacante,6,2.61,0.0,1.25,11,0.0,False,False,VIT,-0.306,neutro,1.178,0.52,1.0,30.3,desfavoravel,1.73,0.1,-28.2,1.246,1.108,1.0,0.831,0.5,0.365,
84816,Varela,FLA,Lateral,6,7.54,-0.01,4.22,19,1.0,True,True,RBB,0.1,neutro,4.518,2.59,1.0,73.2,favoravel,3.2,0.6,35.9,0.917,0.736,0.975,1.255,0.9,0.666,0.571
91473,Erick Pulgar,FLA,Meia,3,6.4,0.34,2.94,16,3.1,True,True,RBB,0.126,neutro,3.331,2.63,1.0,55.7,neutro,2.88,0.2,35.9,0.917,0.736,0.975,1.255,0.9,0.666,0.571
146807,Rayan Lelis,CRU,Atacante,6,2.0,0.0,0.0,0,0.0,False,False,VIT,-1.082,armadilha_leve,0.0,0.0,0.0,30.3,desfavoravel,2.0,0.1,-28.2,1.246,1.108,1.0,0.831,0.5,0.365,
90285,Bruno Henrique,FLA,Atacante,2,6.63,1.22,2.97,18,10.2,True,True,RBB,-0.238,neutro,3.544,1.25,1.0,58.3,neutro,3.72,0.2,35.9,0.917,0.736,0.975,1.255,0.9,0.666,0.571
97867,Léo Ortiz,FLA,Zagueiro,7,8.81,-0.26,4.24,21,4.5,True,True,RBB,0.127,neutro,4.194,2.53,1.0,72.9,favoravel,3.83,0.6,35.9,0.917,0.736,0.975,1.255,0.9,0.666,0.571
96870,Emerson Royal,FLA,Lateral,7,7.96,0.0,5.63,12,0.0,False,True,RBB,1.042,valor_bom,5.469,3.46,1.0,73.2,favoravel,4.08,0.6,35.9,0.917,0.736,0.975,1.255,0.9,0.666,0.571
84735,Jorginho,FLA,Meia,7,8.22,-0.68,3.85,20,-0.5,True,True,RBB,0.106,neutro,3.925,2.85,1.0,55.7,neutro,3.49,0.2,35.9,0.917,0.736,0.975,1.255,0.9,0.666,0.571
98873,Samuel Lino,FLA,Atacante,3,12.45,-1.01,8.64,25,8.8,True,True,RBB,2.863,valor_oculto,7.718,4.36,1.0,58.3,neutro,5.75,0.2,35.9,0.917,0.736,0.975,1.255,0.9,0.666,0.571
109096,Plata,FLA,Atacante,2,11.47,0.93,6.85,14,9.5,True,True,RBB,1.113,valor_bom,6.117,4.99,1.0,58.3,neutro,4.25,0.2,35.9,0.917,0.736,0.975,1.255,0.9,0.666,0.571
80061,Saúl,FLA,Meia,2,5.86,0.0,2.08,7,0.0,False,True,RBB,0.179,neutro,3.164,1.37,0.875,55.7,neutro,3.1,0.2,35.9,0.917,0.736,0.975,1.255,0.9,0.666,0.571
110506,Abel Ferreira,PAL,Técnico,7,12.37,0.44,6.74,27,9.91,True,False,GRE,0.367,neutro,6.691,6.74,1.0,54.7,neutro,4.59,0.6,0.4,1.034,1.286,0.743,1.189,0.675,0.453,0.481
96652,Allan,COR,Meia,7,3.12,0.0,1.74,20,0.0,False,True,FLU,-0.039,neutro,1.567,1.49,1.0,45.0,neutro,2.11,0.625,12.1,0.771,1.676,1.317,1.389,0.0,0.442,0.389
86757,Everton,SAN,Atacante,3,6.07,0.11,2.07,11,5.0,True,False,REM,-0.333,neutro,3.234,1.62,1.0,66.8,neutro,3.09,0.75,0.2,1.333,0.533,0.871,1.08,0.925,0.369,0.497
99228,De la Cruz,FLA,Meia,2,4.41,0.0,0.82,10,0.0,False,True,RBB,-1.113,armadilha_leve,1.438,0.82,1.0,55.7,neutro,2.01,0.2,35.9,0.917,0.736,0.975,1.255,0.9,0.666,0.571
115914,Evertton Araújo,FLA,Meia,5,2.59,0.0,1.17,18,0.0,False,True,RBB,-0.07,neutro,1.159,0.89,1.0,55.7,neutro,2.37,0.2,35.9,0.917,0.736,0.975,1.255,0.9,0.666,0.571
122573,Wallace Yan,RBB,Atacante,3,2.92,-1.35,1.24,9,0.0,True,False,FLA,-0.65,armadilha_leve,1.164,0.68,1.0,21.1,desfavoravel,3.05,0.1,-35.9,0.975,1.255,0.917,0.736,0.35,0.132,0.571
122320,Daniel Sales,FLA,Lateral,6,2.0,0.0,0.0,0,0.0,False,True,RBB,-1.071,armadilha_leve,0.0,0.0,0.0,73.2,neutro,2.68,0.6,35.9,0.917,0.736,0.975,1.255,0.9,0.666,0.571
122318,Dyogo Alves,FLA,Goleiro,6,3.0,0.0,0.0,0,0.0,False,True,RBB,-1.726,armadilha_forte,0.0,0.0,0.0,72.5,neutro,2.67,0.6,35.9,0.917,0.736,0.975,1.255,0.9,0.666,0.571
145705,Douglas Telles,FLA,Atacante,6,2.0,0.0,0.0,0,0.0,False,True,RBB,-1.082,armadilha_leve,0.0,0.0,0.0,58.3,neutro,2.44,0.2,35.9,0.917,0.736,0.975,1.255,0.9,0.666,0.571
130189,Léo Nannetti,FLA,Goleiro,6,2.0,0.0,0.0,0,0.0,False,True,RBB,-0.925,armadilha_leve,0.0,0.0,0.0,72.5,neutro,2.67,0.6,35.9,0.917,0.736,0.975,1.255,0.9,0.666,0.571
143295,Joshua,FLA,Meia,6,2.6,0.0,-0.3,1,0.0,False,True,RBB,-0.302,neutro,0.975,0.0,0.125,55.7,neutro,2.81,0.2,35.9,0.917,0.736,0.975,1.255,0.9,0.666,0.571
89493,Igor Rabello,FLU,Zagueiro,6,7.78,-0.28,5.43,3,3.0,True,False,COR,0.797,valor_bom,4.444,4.43,0.375,65.3,neutro,4.62,0.95,-12.1,1.317,1.389,0.771,1.676,0.6,0.257,0.389
73384,Samuel Xavier,FLU,Lateral,6,7.3,0.0,3.56,15,0.0,False,False,COR,-0.237,neutro,4.14,2.96,1.0,65.4,neutro,4.11,0.95,-12.1,1.317,1.389,0.771,1.676,0.6,0.257,0.389
62977,Ganso,FLU,Meia,7,3.35,-0.31,1.36,18,-0.3,True,False,COR,-0.557,armadilha_leve,1.291,1.36,1.0,49.3,neutro,2.65,0.3,-12.1,1.317,1.389,0.771,1.676,0.6,0.257,0.389
78855,Thiago Santos,CFC,Zagueiro,7,4.3,0.0,3.24,18,0.0,False,False,VAS,0.735,valor_bom,3.051,2.41,1.0,63.9,neutro,2.82,0.85,-2.6,1.459,1.279,1.076,1.268,0.55,0.172,
79631,Cano,FLU,Atacante,5,4.31,0.0,2.28,8,0.0,False,False,COR,-0.253,neutro,2.412,1.28,1.0,49.9,neutro,2.55,0.3,-12.1,1.317,1.389,0.771,1.676,0.6,0.257,0.389
78117,Everaldo,BAH,Atacante,6,5.55,0.18,3.39,17,0.0,True,False,CAP,-0.177,neutro,3.12,1.51,1.0,62.3,neutro,2.99,0.2,-15.4,1.671,1.309,1.449,2.09,0.95,0.277,0.505
78445,Renê,FLU,Lateral,7,11.17,0.0,6.29,18,0.0,False,False,COR,0.395,neutro,5.963,5.07,1.0,65.4,neutro,4.63,0.95,-12.1,1.317,1.389,0.771,1.676,0.6,0.257,0.389
102928,Canobbio,FLU,Atacante,6,10.83,-0.22,7.14,19,4.7,True,False,COR,1.757,valor_oculto,6.457,4.25,1.0,49.9,neutro,4.61,0.3,-12.1,1.317,1.389,0.771,1.676,0.6,0.257,0.389
87228,Guilherme Arana,FLU,Lateral,6,7.88,-0.23,3.55,16,4.7,True,False,COR,-0.547,armadilha_leve,4.109,2.61,1.0,65.4,neutro,3.91,0.95,-12.1,1.317,1.389,0.771,1.676,0.6,0.257,0.389
82463,Otávio,FLU,Meia,6,3.64,0.77,1.34,7,5.9,True,False,COR,-0.151,neutro,1.805,1.34,0.875,49.3,neutro,2.94,0.3,-12.1,1.317,1.389,0.771,1.676,0.6,0.257,0.389
86485,Keno,CFC,Atacante,5,3.09,0.0,0.61,7,0.0,False,False,VAS,-1.207,armadilha_leve,0.86,0.61,0.875,68.9,neutro,2.25,0.875,-2.6,1.459,1.279,1.076,1.268,0.55,0.172,
87258,Soteldo,FLU,Atacante,7,4.53,0.0,2.12,19,0.0,False,False,COR,-0.626,armadilha_leve,2.246,1.59,1.0,49.9,neutro,3.02,0.3,-12.1,1.317,1.389,0.771,1.676,0.6,0.257,0.389
113034,Freytes,FLU,Zagueiro,6,4.55,0.12,2.49,18,1.2,True,False,COR,-0.053,neutro,2.532,1.82,1.0,65.3,neutro,3.43,0.95,-12.1,1.317,1.389,0.771,1.676,0.6,0.257,0.389
96340,Lima,SAN,Meia,6,3.69,-0.63,-0.27,3,0.0,True,False,REM,-0.514,armadilha_leve,1.535,0.0,0.375,66.1,neutro,3.02,0.75,0.2,1.333,0.533,0.871,1.08,0.925,0.369,0.497
100987,Nonato,FLU,Meia,7,5.8,-0.12,2.64,14,4.0,True,False,COR,0.222,neutro,3.175,1.93,1.0,49.3,neutro,3.3,0.3,-12.1,1.317,1.389,0.771,1.676,0.6,0.257,0.389
127932,Júlio Fidelis,FLU,Lateral,6,5.15,1.83,5.47,3,10.2,True,False,COR,0.912,valor_bom,4.088,4.47,0.375,65.4,neutro,5.51,0.95,-12.1,1.317,1.389,0.771,1.676,0.6,0.257,0.389
103523,Ignácio,FLU,Zagueiro,5,7.19,0.0,4.64,13,0.0,False,False,COR,1.001,valor_bom,4.425,3.26,1.0,65.3,neutro,4.17,0.95,-12.1,1.317,1.389,0.771,1.676,0.6,0.257,0.389
102137,Vitor Eudes,FLU,Goleiro,6,2.0,0.0,0.0,0,0.0,False,False,COR,-0.925,armadilha_leve,0.0,0.0,0.0,64.9,neutro,2.55,0.95,-12.1,1.317,1.389,0.771,1.676,0.6,0.257,0.389
116447,Hércules,FLU,Meia,6,6.69,0.22,3.5,22,2.0,True,False,COR,0.399,neutro,3.663,2.82,1.0,49.3,neutro,3.35,0.3,-12.1,1.317,1.389,0.771,1.676,0.6,0.257,0.389
101478,Marcelo Pitaluga,FLU,Goleiro,6,3.0,0.0,0.0,0,0.0,False,False,COR,-1.726,armadilha_forte,0.0,0.0,0.0,64.9,neutro,2.55,0.95,-12.1,1.317,1.389,0.771,1.676,0.6,0.257,0.389
101319,Guga,FLU,Lateral,7,6.36,0.0,3.47,15,0.0,False,False,COR,-0.51,armadilha_leve,3.505,2.2,1.0,65.4,neutro,3.49,0.95,-12.1,1.317,1.389,0.771,1.676,0.6,0.257,0.389
72018,Tiago Volpi,RBB,Goleiro,7,9.93,0.84,5.6,18,6.8,True,False,FLA,0.415,neutro,5.198,3.27,1.0,26.9,desfavoravel,3.16,0.0,-35.9,0.975,1.255,0.917,0.736,0.35,0.132,0.571
110759,John Kennedy,FLU,Atacante,5,10.92,0.0,7.3,17,0.0,False,False,COR,1.796,valor_oculto,6.511,2.77,1.0,49.9,neutro,3.7,0.3,-12.1,1.317,1.389,0.771,1.676,0.6,0.257,0.389
132071,Serna,FLU,Atacante,7,6.92,0.78,3.73,25,8.0,True,False,COR,0.196,neutro,3.998,2.17,1.0,49.9,neutro,4.0,0.3,-12.1,1.317,1.389,0.771,1.676,0.6,0.257,0.389
87342,Kannemann,GRE,Zagueiro,6,3.82,-0.12,0.73,4,4.5,True,True,PAL,-0.253,neutro,1.994,0.73,0.5,35.9,neutro,3.22,0.05,-0.4,0.743,1.189,1.034,1.286,0.2,0.269,0.481
97145,Villasanti,GRE,Meia,7,8.46,3.47,4.27,6,18.2,True,True,PAL,0.328,neutro,4.18,3.44,0.75,24.3,neutro,4.99,0.05,-0.4,0.743,1.189,1.034,1.286,0.2,0.269,0.481
140484,Riquelme Felipe,FLU,Atacante,6,3.55,-0.63,1.68,5,1.3,True,False,COR,-1.053,armadilha_leve,1.31,0.68,0.625,49.9,neutro,2.61,0.3,-12.1,1.317,1.389,0.771,1.676,0.6,0.257,0.389
63289,Edenílson,BOT,Meia,6,5.84,0.0,2.89,17,0.0,False,False,MIR,0.331,neutro,3.281,1.42,1.0,41.5,neutro,3.21,0.95,-11.7,0.411,1.015,1.045,0.9,0.275,0.303,0.495
105563,Carlos Vinícius,GRE,Atacante,7,12.49,-0.21,4.65,24,1.4,True,True,PAL,-1.017,armadilha_leve,4.696,1.44,1.0,25.1,neutro,3.31,0.05,-0.4,0.743,1.189,1.034,1.286,0.2,0.269,0.481
87887,Balbuena,GRE,Zagueiro,6,6.98,0.0,3.94,7,0.0,False,True,PAL,0.578,valor_bom,4.012,3.08,0.875,35.9,neutro,3.3,0.05,-0.4,0.743,1.189,1.034,1.286,0.2,0.269,0.481
90532,Arthur Melo,SAN,Meia,6,7.95,0.22,3.24,12,4.2,True,False,REM,-0.201,neutro,3.589,3.24,1.0,66.1,neutro,3.23,0.75,0.2,1.333,0.533,0.871,1.08,0.925,0.369,0.497
63013,Marcos Rocha,GRE,Lateral,6,5.95,0.0,0.8,4,0.0,False,True,PAL,-1.304,armadilha_leve,2.646,0.8,0.5,34.8,neutro,3.01,0.05,-0.4,0.743,1.189,1.034,1.286,0.2,0.269,0.481
91908,Pavón,GRE,Atacante,7,6.2,0.0,4.32,22,0.0,False,True,PAL,1.161,valor_bom,4.457,2.91,1.0,25.1,neutro,3.31,0.05,-0.4,0.743,1.189,1.034,1.286,0.2,0.269,0.481
112616,Gabriel Grando,GRE,Goleiro,6,3.77,0.0,0.3,1,0.0,False,True,PAL,0.511,valor_bom,2.869,0.3,0.125,35.4,neutro,3.52,0.05,-0.4,0.743,1.189,1.034,1.286,0.2,0.269,0.481
89273,João Pedro,GRE,Lateral,6,2.73,0.0,0.6,6,0.0,False,True,PAL,-0.455,neutro,1.252,0.6,0.75,34.8,neutro,2.06,0.05,-0.4,0.743,1.189,1.034,1.286,0.2,0.269,0.481
89883,Dodi,GRE,Meia,5,2.3,0.0,-0.01,8,0.0,False,True,PAL,-0.51,armadilha_leve,0.562,0.0,1.0,24.3,neutro,1.34,0.05,-0.4,0.743,1.189,1.034,1.286,0.2,0.269,0.481
102318,Caio Paulista,GRE,Lateral,6,5.54,0.0,3.08,9,0.0,False,True,PAL,-0.265,neutro,3.31,2.41,1.0,34.8,neutro,2.81,0.05,-0.4,0.743,1.189,1.034,1.286,0.2,0.269,0.481
91706,Marlon,GRE,Lateral,5,8.13,0.0,4.68,10,0.0,False,True,PAL,0.314,neutro,4.923,3.28,1.0,34.8,neutro,3.79,0.05,-0.4,0.743,1.189,1.034,1.286,0.2,0.269,0.481
72951,Mercado,INT,Zagueiro,7,5.88,-0.2,3.62,17,1.7,True,False,SAO,0.76,valor_bom,3.765,2.56,1.0,42.3,neutro,3.47,0.35,-30.8,1.26,1.234,0.839,0.867,0.425,0.245,0.456
88136,Ivan,REM,Goleiro,6,7.58,0.0,10.2,1,0.0,False,True,SAN,0.853,valor_bom,4.949,5.2,0.125,36.2,neutro,4.65,0.1,-0.2,0.871,1.08,1.333,0.533,0.05,0.349,0.497
104994,Wagner Leonardo,GRE,Zagueiro,6,5.23,0.0,2.5,10,0.0,False,True,PAL,-0.402,neutro,2.556,1.9,1.0,35.9,neutro,2.47,0.05,-0.4,0.743,1.189,1.034,1.286,0.2,0.269,0.481
111309,Gustavo Martins,GRE,Zagueiro,7,6.53,0.0,3.69,16,0.0,False,True,PAL,0.53,valor_bom,3.818,1.75,1.0,35.9,neutro,3.42,0.05,-0.4,0.743,1.189,1.034,1.286,0.2,0.269,0.481
106202,Bruno Gomes,INT,Meia,7,6.66,-0.5,3.76,26,3.4,True,False,SAO,0.631,valor_bom,3.843,3.76,1.0,32.4,desfavoravel,3.46,0.25,-30.8,1.26,1.234,0.839,0.867,0.425,0.245,0.456
101960,Vitinho,INT,Atacante,7,7.54,-0.18,4.72,26,3.6,True,False,SAO,0.857,valor_bom,4.747,3.53,1.0,33.2,desfavoravel,4.23,0.25,-30.8,1.26,1.234,0.839,0.867,0.425,0.245,0.456
130889,Riquelme,GRE,Meia,6,2.42,0.0,-1.45,2,0.0,False,True,PAL,-0.563,armadilha_leve,0.617,0.0,0.25,24.3,neutro,2.02,0.05,-0.4,0.743,1.189,1.034,1.286,0.2,0.269,0.481
92182,Juninho,INT,Zagueiro,6,4.97,-0.63,2.77,9,0.0,True,False,SAO,-0.083,neutro,2.702,1.77,1.0,42.3,neutro,2.97,0.35,-30.8,1.26,1.234,0.839,0.867,0.425,0.245,0.456
86711,Richard,CFC,Meia,6,4.0,0.0,0.0,0,0.0,False,False,VAS,-2.59,armadilha_forte,0.0,0.0,0.0,68.5,neutro,2.6,0.875,-2.6,1.459,1.279,1.076,1.268,0.55,0.172,
116067,Thiago Beltrame,GRE,Goleiro,6,2.08,0.0,0.7,1,0.0,False,True,PAL,1.77,valor_oculto,2.913,0.7,0.125,35.4,neutro,3.54,0.05,-0.4,0.743,1.189,1.034,1.286,0.2,0.269,0.481
118238,Ronald,GRE,Meia,6,3.0,0.0,0.0,0,0.0,False,True,PAL,-1.839,armadilha_forte,0.0,0.0,0.0,24.3,neutro,1.9,0.05,-0.4,0.743,1.189,1.034,1.286,0.2,0.269,0.481
142004,Amuzu,GRE,Atacante,5,6.72,0.0,3.76,21,0.0,False,True,PAL,0.373,neutro,4.057,2.66,1.0,25.1,neutro,3.09,0.05,-0.4,0.743,1.189,1.034,1.286,0.2,0.269,0.481
111683,Anthoni,INT,Goleiro,6,4.63,0.0,2.79,10,0.0,False,False,SAO,0.143,neutro,2.968,1.79,1.0,41.8,neutro,3.33,0.35,-30.8,1.26,1.234,0.839,0.867,0.425,0.245,0.456
92981,Ronaldo,INT,Meia,6,3.37,-0.23,1.92,12,0.0,True,False,SAO,-0.19,neutro,1.606,1.5,1.0,32.4,desfavoravel,1.97,0.25,-30.8,1.26,1.234,0.839,0.867,0.425,0.245,0.456
107989,Carbonero,INT,Atacante,7,10.01,1.48,5.31,26,13.9,True,False,SAO,0.429,neutro,5.198,2.39,1.0,33.2,desfavoravel,4.12,0.25,-30.8,1.26,1.234,0.839,0.867,0.425,0.245,0.456
70944,Bruno Henrique,INT,Meia,7,5.18,0.43,2.34,24,10.0,True,False,SAO,-0.507,armadilha_leve,2.308,1.71,1.0,32.4,desfavoravel,3.25,0.25,-30.8,1.26,1.234,0.839,0.867,0.425,0.245,0.456
70592,Felipe Anderson,PAL,Meia,6,6.46,-0.25,3.34,20,3.0,True,False,GRE,0.378,neutro,3.561,2.59,1.0,55.1,neutro,3.12,0.6,0.4,1.034,1.286,0.743,1.189,0.675,0.453,0.481
71631,Weverton,GRE,Goleiro,7,7.48,-0.46,4.55,23,2.4,True,True,PAL,0.443,neutro,4.484,3.25,1.0,35.4,neutro,3.65,0.05,-0.4,0.743,1.189,1.034,1.286,0.2,0.269,0.481
89637,Thiago Maia,INT,Meia,7,4.72,0.0,2.02,12,0.0,False,False,SAO,-0.502,armadilha_leve,2.097,1.19,1.0,32.4,desfavoravel,2.21,0.25,-30.8,1.26,1.234,0.839,0.867,0.425,0.245,0.456
68872,Marcelo Lomba,PAL,Goleiro,6,7.08,0.0,8.9,1,0.0,False,False,GRE,0.883,valor_bom,4.805,3.9,0.125,48.8,neutro,4.75,0.3,0.4,1.034,1.286,0.743,1.189,0.675,0.453,0.481
84674,Lucas Evangelista,PAL,Meia,7,3.98,-0.31,1.2,22,1.3,True,False,GRE,-0.795,armadilha_leve,1.47,0.97,1.0,55.1,neutro,2.2,0.6,0.4,1.034,1.286,0.743,1.189,0.675,0.453,0.481
101405,Wallisson,MIR,Meia,7,4.96,-0.65,2.7,17,4.7,True,True,BOT,-0.099,neutro,2.544,2.7,1.0,60.3,neutro,2.73,0.825,11.7,1.045,0.9,0.411,1.015,0.525,0.414,0.495
71684,Gustavo Gómez,PAL,Zagueiro,7,11.12,0.18,5.37,24,10.7,True,False,GRE,0.482,neutro,5.046,2.62,1.0,49.2,neutro,5.11,0.3,0.4,1.034,1.286,0.743,1.189,0.675,0.453,0.481
97653,Murilo,PAL,Zagueiro,3,8.11,1.82,3.87,23,12.9,True,False,GRE,0.036,neutro,3.923,2.09,1.0,49.2,neutro,3.95,0.3,0.4,1.034,1.286,0.743,1.189,0.675,0.453,0.481
93790,Marlon Freitas,PAL,Meia,7,5.49,0.0,2.5,25,0.0,False,False,GRE,0.035,neutro,2.891,1.9,1.0,55.1,neutro,2.99,0.6,0.4,1.034,1.286,0.743,1.189,0.675,0.453,0.481
105175,Khellven,PAL,Lateral,6,6.49,0.97,3.25,19,11.0,True,False,GRE,-0.772,armadilha_leve,3.345,2.04,1.0,48.7,neutro,2.96,0.3,0.4,1.034,1.286,0.743,1.189,0.675,0.453,0.481
102130,Piquerez,PAL,Lateral,2,11.09,-0.01,6.45,13,5.5,True,False,GRE,0.447,neutro,5.984,3.53,1.0,48.7,neutro,4.84,0.3,0.4,1.034,1.286,0.743,1.189,0.675,0.453,0.481
104085,Bruno Fuchs,PAL,Zagueiro,6,8.31,-0.19,4.61,8,7.4,True,False,GRE,0.48,neutro,4.342,2.74,1.0,49.2,neutro,3.42,0.3,0.4,1.034,1.286,0.743,1.189,0.675,0.453,0.481
111466,Victor Gabriel,INT,Zagueiro,3,3.51,0.0,2.16,16,0.0,False,False,SAO,-0.107,neutro,1.936,1.6,1.0,42.3,neutro,2.85,0.35,-30.8,1.26,1.234,0.839,0.867,0.425,0.245,0.456
105647,Maurício,PAL,Meia,6,7.72,0.0,4.62,23,0.0,False,False,GRE,0.977,valor_bom,4.489,2.88,1.0,55.1,neutro,3.22,0.6,0.4,1.034,1.286,0.743,1.189,0.675,0.453,0.481
113103,Flaco López,PAL,Atacante,7,13.45,0.0,6.91,24,4.5,True,False,GRE,0.881,valor_bom,6.391,3.62,1.0,56.4,neutro,3.93,0.6,0.4,1.034,1.286,0.743,1.189,0.675,0.453,0.481
110510,Aguirre,INT,Lateral,6,6.73,0.0,4.21,18,0.0,False,False,SAO,-0.101,neutro,4.013,2.6,1.0,41.5,neutro,3.21,0.35,-30.8,1.26,1.234,0.839,0.867,0.425,0.245,0.456
115479,Paulo Pezzolano,INT,Técnico,7,7.66,0.11,4.83,27,4.84,True,False,SAO,0.492,neutro,4.906,4.83,1.0,32.7,desfavoravel,3.83,0.25,-30.8,1.26,1.234,0.839,0.867,0.425,0.245,0.456
143488,Raykkonen,INT,Atacante,6,2.63,0.0,0.5,1,0.0,False,False,SAO,-0.537,armadilha_leve,1.015,0.5,0.125,33.2,desfavoravel,2.48,0.25,-30.8,1.26,1.234,0.839,0.867,0.425,0.245,0.456
92811,Bruno Rodrigues,CRU,Atacante,6,4.72,0.0,2.4,15,0.0,False,False,VIT,-0.498,neutro,2.45,1.2,1.0,30.3,desfavoravel,2.37,0.1,-28.2,1.246,1.108,1.0,0.831,0.5,0.365,
133679,Benedetti,PAL,Zagueiro,6,5.42,0.0,4.85,2,0.0,False,False,GRE,0.133,neutro,3.071,1.85,0.25,49.2,neutro,3.69,0.3,0.4,1.034,1.286,0.743,1.189,0.675,0.453,0.481
124526,Giay,PAL,Lateral,7,7.32,-0.15,4.84,22,5.2,True,False,GRE,0.713,valor_bom,4.943,3.61,1.0,48.7,neutro,4.02,0.3,0.4,1.034,1.286,0.743,1.189,0.675,0.453,0.481
99818,Paulinho,PAL,Atacante,5,10.37,0.0,3.42,6,0.0,False,False,GRE,-0.938,armadilha_leve,4.229,0.75,0.75,56.4,neutro,3.75,0.6,0.4,1.034,1.286,0.743,1.189,0.675,0.453,0.481
79066,Alex Muralha,MIR,Goleiro,7,4.99,0.22,4.35,2,3.2,True,True,BOT,0.402,neutro,3.422,4.35,0.25,55.2,neutro,3.96,0.275,11.7,1.045,0.9,0.411,1.015,0.525,0.414,0.495
72279,Thomazella,MIR,Goleiro,6,0.83,0.0,-1.35,2,0.0,False,True,BOT,3.235,valor_oculto,2.929,0.0,0.25,55.2,neutro,3.53,0.275,11.7,1.045,0.9,0.411,1.015,0.525,0.414,0.495
73318,Daniel Borges,MIR,Lateral,6,5.14,0.0,3.84,5,0.0,False,True,BOT,0.423,neutro,3.673,3.24,0.625,55.4,neutro,4.35,0.275,11.7,1.045,0.9,0.411,1.015,0.525,0.414,0.495
82775,Lucas Ramon,SAO,Lateral,7,10.86,0.0,4.98,19,0.0,False,True,INT,-0.588,armadilha_leve,5.053,3.82,1.0,61.1,neutro,4.37,0.475,30.8,0.839,0.867,1.26,1.234,0.5,0.482,0.456
97460,João Victor,MIR,Zagueiro,7,5.05,0.0,2.87,23,0.0,False,True,BOT,0.003,neutro,2.807,2.0,1.0,55.7,neutro,4.03,0.275,11.7,1.045,0.9,0.411,1.015,0.525,0.414,0.495
108683,Emiliano Martínez,PAL,Meia,6,3.84,0.0,2.06,13,0.0,False,False,GRE,0.086,neutro,2.118,2.06,1.0,55.1,neutro,2.48,0.6,0.4,1.034,1.286,0.743,1.189,0.675,0.453,0.481
97321,Alesson,MIR,Atacante,3,8.05,-0.44,4.54,22,2.6,True,True,BOT,0.464,neutro,4.619,3.86,1.0,61.4,favoravel,3.98,0.825,11.7,1.045,0.9,0.411,1.015,0.525,0.414,0.495
140492,João Victor,FLA,Zagueiro,6,4.34,0.0,6.5,1,0.0,False,True,RBB,0.717,valor_bom,3.056,3.5,0.125,72.9,favoravel,4.64,0.6,35.9,0.917,0.736,0.975,1.255,0.9,0.666,0.571
112863,Ramón Sosa,PAL,Atacante,6,5.87,0.0,3.31,19,0.0,False,False,GRE,-0.413,neutro,3.083,1.1,1.0,56.4,neutro,2.67,0.6,0.4,1.034,1.286,0.743,1.189,0.675,0.453,0.481
111832,Jefté,PAL,Lateral,5,4.16,0.0,2.47,7,0.0,False,False,GRE,0.389,neutro,3.056,0.9,0.875,48.7,neutro,2.97,0.3,0.4,1.034,1.286,0.743,1.189,0.675,0.453,0.481
136156,Larson,PAL,Meia,6,1.34,-0.35,0.05,6,-1.3,True,False,GRE,0.779,valor_bom,0.67,0.05,0.75,55.1,neutro,2.07,0.6,0.4,1.034,1.286,0.743,1.189,0.675,0.453,0.481
104027,Rafael Guanaes,MIR,Técnico,7,7.49,-0.1,4.37,24,6.39,True,True,BOT,-0.273,neutro,4.568,4.37,1.0,59.8,neutro,4.08,0.825,11.7,1.045,0.9,0.411,1.015,0.525,0.414,0.495
87742,Neto Moura,MIR,Meia,6,3.88,0.0,1.76,14,0.0,False,True,BOT,-0.177,neutro,1.924,1.76,1.0,60.3,neutro,2.46,0.825,11.7,1.045,0.9,0.411,1.015,0.525,0.414,0.495
90917,Carlos Eduardo,MIR,Atacante,6,4.72,0.0,2.82,14,0.0,False,True,BOT,-0.153,neutro,2.72,1.89,1.0,61.4,neutro,3.2,0.825,11.7,1.045,0.9,0.411,1.015,0.525,0.414,0.495
81005,André Luis,MIR,Atacante,6,3.17,0.26,1.01,13,2.0,True,True,BOT,-1.058,armadilha_leve,1.036,0.39,1.0,61.4,neutro,2.09,0.825,11.7,1.045,0.9,0.411,1.015,0.525,0.414,0.495
97520,Shaylon,MIR,Meia,6,4.35,0.83,1.8,17,6.0,True,True,BOT,-0.477,neutro,1.932,1.21,1.0,60.3,neutro,2.71,0.825,11.7,1.045,0.9,0.411,1.015,0.525,0.414,0.495
105903,Aldo Filho,MIR,Meia,5,3.8,0.0,2.09,15,0.0,False,True,BOT,0.131,neutro,2.132,1.76,1.0,60.3,favoravel,2.73,0.825,11.7,1.045,0.9,0.411,1.015,0.525,0.414,0.495
101708,Felipe Jonatan,CFC,Lateral,5,4.31,0.0,2.08,17,0.0,False,False,VAS,-0.323,neutro,2.557,1.55,1.0,63.9,neutro,3.87,0.85,-2.6,1.459,1.279,1.076,1.268,0.55,0.172,
98384,Negueba,MIR,Atacante,5,8.57,0.0,5.23,8,0.0,False,True,BOT,0.772,valor_bom,5.033,4.23,1.0,61.4,favoravel,3.8,0.825,11.7,1.045,0.9,0.411,1.015,0.525,0.414,0.495
78478,Willian Arão,SAN,Meia,7,6.21,0.9,3.42,19,6.4,True,False,REM,0.57,valor_bom,3.625,3.16,1.0,66.1,neutro,3.76,0.75,0.2,1.333,0.533,0.871,1.08,0.925,0.369,0.497
87470,Thaciano,SAN,Meia,7,5.57,0.05,2.13,16,1.1,True,False,REM,-0.127,neutro,2.791,1.5,1.0,66.1,neutro,2.91,0.75,0.2,1.333,0.533,0.871,1.08,0.925,0.369,0.497
84847,Luan Peres,SAN,Zagueiro,6,5.3,0.19,3.31,19,4.2,True,False,REM,0.239,neutro,3.107,2.2,1.0,71.6,favoravel_visitante,3.08,0.775,0.2,1.333,0.533,0.871,1.08,0.925,0.369,0.497
104204,Edson Carioca,MIR,Atacante,6,6.38,2.24,3.02,15,15.8,True,True,BOT,0.031,neutro,3.651,1.95,1.0,61.4,favoravel,3.49,0.825,11.7,1.045,0.9,0.411,1.015,0.525,0.414,0.495
117403,Renato Marques,CFC,Atacante,6,2.73,0.0,0.74,7,0.0,False,False,VAS,-0.765,armadilha_leve,0.921,0.74,0.875,68.9,neutro,2.27,0.875,-2.6,1.459,1.279,1.076,1.268,0.55,0.172,
83257,Gabriel,SAN,Atacante,7,10.57,0.0,5.28,17,0.0,False,False,REM,0.156,neutro,5.138,0.93,1.0,66.8,neutro,3.57,0.75,0.2,1.333,0.533,0.871,1.08,0.925,0.369,0.497
77777,João Schmidt,SAN,Meia,6,4.96,0.93,2.08,14,6.4,True,False,REM,-0.603,armadilha_leve,2.128,2.08,1.0,66.1,neutro,2.47,0.75,0.2,1.333,0.533,0.871,1.08,0.925,0.369,0.497
95466,Igor Vinícius,SAN,Lateral,6,9.65,-0.57,6.39,18,2.4,True,False,REM,1.016,valor_bom,6.032,5.11,1.0,71.9,favoravel_visitante,4.65,0.775,0.2,1.333,0.533,0.871,1.08,0.925,0.369,0.497
141754,Gabriel Bontempo,SAN,Meia,7,5.55,0.26,3.82,21,4.8,True,False,REM,1.228,valor_bom,3.901,3.34,1.0,66.1,neutro,3.7,0.75,0.2,1.333,0.533,0.871,1.08,0.925,0.369,0.497
84042,Tiquinho Soares,BOT,Atacante,6,4.69,-0.59,1.5,8,-0.2,True,False,MIR,-1.025,armadilha_leve,2.022,1.5,1.0,42.2,neutro,2.29,0.95,-11.7,0.411,1.015,1.045,0.9,0.275,0.303,0.495
102256,Rollheiser,SAN,Meia,7,7.66,1.33,3.58,20,16.1,True,False,REM,0.083,neutro,3.732,2.08,1.0,66.1,neutro,3.55,0.75,0.2,1.333,0.533,0.871,1.08,0.925,0.369,0.497
102975,Escobar,SAN,Lateral,7,10.06,0.0,6.61,18,0.0,False,False,REM,1.045,valor_bom,6.184,5.33,1.0,71.9,favoravel_visitante,4.71,0.775,0.2,1.333,0.533,0.871,1.08,0.925,0.369,0.497
141868,Vini Lira,SAN,Lateral,5,3.79,0.0,2.42,4,0.0,False,False,REM,-0.612,armadilha_leve,1.967,2.42,0.5,71.9,neutro,3.18,0.775,0.2,1.333,0.533,0.871,1.08,0.925,0.369,0.497
91866,Zé Ivaldo,REM,Zagueiro,6,5.52,-0.15,2.49,9,2.3,True,True,SAN,-0.553,armadilha_leve,2.554,2.16,1.0,36.7,neutro,2.34,0.1,-0.2,0.871,1.08,1.333,0.533,0.05,0.349,0.497
80570,Wendell,SAO,Lateral,7,8.27,-0.39,4.28,18,4.7,True,True,INT,-0.168,neutro,4.571,2.78,1.0,61.1,neutro,4.33,0.475,30.8,0.839,0.867,1.26,1.234,0.5,0.482,0.456
63008,Rafael Tolói,SAO,Zagueiro,6,7.74,0.82,4.49,7,6.8,True,True,INT,0.595,valor_bom,4.268,3.63,0.875,61.2,favoravel,3.93,0.475,30.8,0.839,0.867,1.26,1.234,0.5,0.482,0.456
89840,Calleri,SAO,Atacante,7,10.92,0.0,5.02,22,0.0,False,True,INT,-0.175,neutro,4.971,2.25,1.0,51.4,neutro,3.6,0.425,30.8,0.839,0.867,1.26,1.234,0.5,0.482,0.456
118775,Lautaro Díaz,SAN,Atacante,6,5.26,0.0,2.28,8,0.0,False,False,REM,-0.904,armadilha_leve,2.412,1.28,1.0,66.8,neutro,2.74,0.75,0.2,1.333,0.533,0.871,1.08,0.925,0.369,0.497
113690,Diógenes,SAN,Goleiro,6,5.0,0.0,5.55,2,0.0,False,False,REM,0.626,valor_bom,3.662,3.05,0.25,71.2,favoravel_visitante,4.68,0.775,0.2,1.333,0.533,0.871,1.08,0.925,0.369,0.497
105300,Ferraresi,BOT,Zagueiro,7,6.53,-0.56,3.61,21,4.2,True,False,MIR,0.431,neutro,3.738,2.9,1.0,51.5,neutro,4.18,0.675,-11.7,0.411,1.015,1.045,0.9,0.275,0.303,0.495
70164,Lucas Moura,SAO,Meia,6,7.5,0.0,2.32,8,0.0,False,True,INT,-0.48,neutro,3.216,1.07,1.0,49.9,neutro,2.92,0.425,30.8,0.839,0.867,1.26,1.234,0.5,0.482,0.456
104075,Sabino,SAO,Zagueiro,7,7.26,0.0,3.79,19,0.0,False,True,INT,0.296,neutro,3.874,2.84,1.0,61.2,favoravel,4.02,0.475,30.8,0.839,0.867,1.26,1.234,0.5,0.482,0.456
77656,Cédric Soares,SAO,Lateral,6,3.73,0.0,0.94,8,0.0,False,True,INT,-1.31,armadilha_leve,1.34,0.94,1.0,61.1,neutro,2.91,0.475,30.8,0.839,0.867,1.26,1.234,0.5,0.482,0.456
126977,Fernando Seabra,CFC,Técnico,7,7.84,0.0,5.19,26,0.0,False,False,VAS,1.065,valor_bom,5.183,5.19,1.0,67.8,neutro,3.94,0.875,-2.6,1.459,1.279,1.076,1.268,0.55,0.172,
85403,Danielzinho,SAO,Meia,6,6.1,-0.17,2.5,23,2.0,True,True,INT,-0.237,neutro,2.916,2.07,1.0,49.9,neutro,2.93,0.425,30.8,0.839,0.867,1.26,1.234,0.5,0.482,0.456
101290,Ferreira,SAO,Atacante,6,7.6,1.28,3.76,21,10.5,True,True,INT,-0.054,neutro,4.057,2.24,1.0,51.4,neutro,3.54,0.425,30.8,0.839,0.867,1.26,1.234,0.5,0.482,0.456
106294,Marcos Antônio,SAO,Meia,7,7.1,0.0,3.06,19,0.0,False,True,INT,-0.128,neutro,3.372,2.53,1.0,49.9,neutro,3.06,0.425,30.8,0.839,0.867,1.26,1.234,0.5,0.482,0.456
91573,Arboleda,SAO,Zagueiro,7,8.7,-0.17,3.99,13,5.0,True,True,INT,-0.048,neutro,4.022,3.3,1.0,61.2,neutro,3.69,0.475,30.8,0.839,0.867,1.26,1.234,0.5,0.482,0.456
71123,Thiago Mendes,VAS,Meia,7,8.25,0.86,4.34,22,10.0,True,True,CFC,0.524,valor_bom,4.279,2.98,1.0,52.2,neutro,4.12,0.425,2.6,1.076,1.268,1.459,1.279,0.5,0.597,
107873,Bobadilla,SAO,Meia,5,8.06,0.0,3.94,16,0.0,False,True,INT,0.252,neutro,3.997,3.31,1.0,49.9,neutro,3.27,0.425,30.8,0.839,0.867,1.26,1.234,0.5,0.482,0.456
117818,Young,SAO,Goleiro,6,3.0,0.0,0.0,0,0.0,False,True,INT,-1.726,armadilha_forte,0.0,0.0,0.0,60.7,neutro,2.48,0.475,30.8,0.839,0.867,1.26,1.234,0.5,0.482,0.456
113359,Pablo Maia,SAO,Meia,3,4.44,0.36,1.85,18,3.4,True,True,INT,-0.498,neutro,1.961,1.57,1.0,49.9,neutro,2.46,0.425,30.8,0.839,0.867,1.26,1.234,0.5,0.482,0.456
106028,Coronel,SAO,Goleiro,6,6.15,1.15,4.5,1,4.5,True,True,INT,0.759,valor_bom,4.316,4.5,0.125,60.7,favoravel,4.67,0.475,30.8,0.839,0.867,1.26,1.234,0.5,0.482,0.456
141609,Lucca,SAO,Atacante,6,2.05,0.0,0.23,4,0.0,False,True,INT,-0.129,neutro,0.796,0.23,0.5,51.4,neutro,2.39,0.425,30.8,0.839,0.867,1.26,1.234,0.5,0.482,0.456
93716,Paulo Henrique,VAS,Lateral,7,7.07,-0.2,3.01,18,1.7,True,True,CFC,-0.658,armadilha_leve,3.692,2.29,1.0,42.0,neutro,3.16,0.2,2.6,1.076,1.268,1.459,1.279,0.5,0.597,
118563,Rodriguinho,RBB,Meia,6,6.13,0.0,3.64,14,0.0,False,False,FLA,0.835,valor_bom,3.812,2.93,1.0,20.3,desfavoravel,3.31,0.1,-35.9,0.975,1.255,0.917,0.736,0.35,0.132,0.571
131617,André Silva,SAO,Atacante,6,3.73,0.26,0.53,15,3.3,True,True,INT,-1.307,armadilha_leve,1.231,0.53,1.0,51.4,neutro,2.39,0.425,30.8,0.839,0.867,1.26,1.234,0.5,0.482,0.456
95936,Daniel Fuzato,VAS,Goleiro,6,1.59,0.0,-1.0,0,0.0,False,True,CFC,-0.516,armadilha_leve,0.0,0.0,0.0,42.3,neutro,2.19,0.2,2.6,1.076,1.268,1.459,1.279,0.5,0.597,
140542,Ryan Francisco,SAO,Atacante,6,4.35,0.0,-0.3,1,0.0,False,True,INT,-0.517,armadilha_leve,2.229,0.0,0.125,51.4,neutro,3.42,0.425,30.8,0.839,0.867,1.26,1.234,0.5,0.482,0.456
86686,Tchê Tchê,VAS,Meia,3,4.97,0.29,2.95,19,4.6,True,True,CFC,0.122,neutro,2.731,2.42,1.0,52.2,neutro,3.29,0.425,2.6,1.076,1.268,1.459,1.279,0.5,0.597,
97095,Carlos Cuesta,VAS,Zagueiro,7,4.47,-0.18,1.51,15,0.0,True,True,CFC,-0.785,armadilha_leve,1.898,0.78,1.0,42.8,neutro,2.58,0.2,2.6,1.076,1.268,1.459,1.279,0.5,0.597,
105584,Lucas Piton,VAS,Lateral,6,4.81,-0.74,2.34,18,-0.6,True,True,CFC,-0.494,neutro,2.718,1.9,1.0,42.0,neutro,2.58,0.2,2.6,1.076,1.268,1.459,1.279,0.5,0.597,
116706,Andrés Gómez,VAS,Atacante,7,11.8,0.19,6.88,22,5.3,True,True,CFC,1.289,valor_bom,6.335,4.97,1.0,54.4,neutro,4.54,0.425,2.6,1.076,1.268,1.459,1.279,0.5,0.597,
72391,Fernando Diniz,COR,Técnico,7,8.83,-0.1,5.37,20,4.14,True,True,FLU,0.24,neutro,5.355,5.37,1.0,44.9,neutro,3.85,0.625,12.1,0.771,1.676,1.317,1.389,0.0,0.442,0.389
111682,Adson,VAS,Meia,6,6.21,0.42,3.49,14,3.6,True,True,CFC,0.681,valor_bom,3.716,3.49,1.0,52.2,neutro,3.33,0.425,2.6,1.076,1.268,1.459,1.279,0.5,0.597,
117330,Robert Renan,VAS,Zagueiro,7,5.62,0.49,2.84,24,5.2,True,True,CFC,-0.318,neutro,2.786,2.34,1.0,42.8,neutro,3.18,0.2,2.6,1.076,1.268,1.459,1.279,0.5,0.597,
86410,Victor Luis,MIR,Lateral,6,3.65,0.0,1.2,7,0.0,False,True,BOT,-1.064,armadilha_leve,1.488,0.77,0.875,55.4,neutro,2.33,0.275,11.7,1.045,0.9,0.411,1.015,0.525,0.414,0.495
81091,Jair,VAS,Meia,2,5.81,-0.56,2.47,4,0.5,True,True,CFC,0.69,valor_bom,3.565,2.47,0.5,52.2,neutro,3.46,0.425,2.6,1.076,1.268,1.459,1.279,0.5,0.597,
99213,Puma Rodríguez,VAS,Lateral,6,6.92,-0.17,4.16,17,0.0,True,True,CFC,-0.249,neutro,3.971,2.1,1.0,42.0,neutro,3.02,0.2,2.6,1.076,1.268,1.459,1.279,0.5,0.597,
122485,Barros,VAS,Meia,6,8.61,0.0,4.64,18,0.0,False,True,CFC,0.636,valor_bom,4.478,3.81,1.0,52.2,neutro,3.38,0.425,2.6,1.076,1.268,1.459,1.279,0.5,0.597,
90309,David,VAS,Atacante,6,4.93,0.0,2.17,20,0.0,False,True,CFC,-0.862,armadilha_leve,2.277,0.72,1.0,54.4,neutro,2.42,0.425,2.6,1.076,1.268,1.459,1.279,0.5,0.597,
42222,Osvaldo,VIT,Atacante,6,4.07,0.0,0.4,2,0.0,False,True,CRU,-0.449,neutro,2.116,0.4,0.25,62.1,neutro,3.38,0.825,28.2,1.0,0.831,1.246,1.108,0.5,0.331,
92696,Renato Kayzer,VIT,Atacante,6,6.01,-0.19,2.77,16,0.2,True,True,CRU,-0.989,armadilha_leve,2.695,0.96,1.0,62.1,neutro,2.63,0.825,28.2,1.0,0.831,1.246,1.108,0.5,0.331,
90703,Matheuzinho,VIT,Meia,7,5.74,0.0,3.32,22,0.0,False,True,CRU,0.683,valor_bom,3.531,2.64,1.0,61.7,favoravel,3.28,0.825,28.2,1.0,0.831,1.246,1.108,0.5,0.331,
142279,Nuno Moreira,VAS,Meia,6,5.2,0.0,2.06,18,0.0,False,True,CFC,-0.761,armadilha_leve,2.107,1.5,1.0,52.2,neutro,2.33,0.425,2.6,1.076,1.268,1.459,1.279,0.5,0.597,
118752,Mateus Carvalho,VAS,Meia,5,4.0,0.0,0.0,0,0.0,False,True,CFC,-2.59,armadilha_forte,0.0,0.0,0.0,52.2,neutro,2.34,0.425,2.6,1.076,1.268,1.459,1.279,0.5,0.597,
115141,Lucas Freitas,VAS,Zagueiro,6,6.03,0.0,4.67,3,0.0,False,True,CFC,1.269,valor_bom,4.237,1.67,0.375,42.8,neutro,4.06,0.2,2.6,1.076,1.268,1.459,1.279,0.5,0.597,
104118,Lucas Arcanjo,VIT,Goleiro,7,9.9,-0.47,6.03,21,8.2,True,True,CRU,0.758,valor_bom,5.551,4.13,1.0,57.7,neutro,4.63,0.4,28.2,1.0,0.831,1.246,1.108,0.5,0.331,
92180,Jair Ventura,VIT,Técnico,7,8.69,-0.41,5.29,24,6.0,True,True,CRU,0.13,neutro,5.258,5.29,1.0,61.1,favoravel,4.15,0.825,28.2,1.0,0.831,1.246,1.108,0.5,0.331,
97645,Thiago Couto,VIT,Goleiro,6,3.0,0.0,0.0,0,0.0,False,True,CRU,-1.726,armadilha_forte,0.0,0.0,0.0,57.7,neutro,2.43,0.4,28.2,1.0,0.831,1.246,1.108,0.5,0.331,
90588,Caíque,VIT,Meia,2,4.66,-0.27,2.6,20,1.9,True,True,CRU,0.009,neutro,2.489,2.6,1.0,61.7,favoravel,2.94,0.825,28.2,1.0,0.831,1.246,1.108,0.5,0.331,
116461,Jamerson,VIT,Lateral,7,7.73,0.56,4.78,13,12.6,True,True,CRU,0.527,valor_bom,4.95,3.63,1.0,58.0,neutro,3.94,0.4,28.2,1.0,0.831,1.246,1.108,0.5,0.331,
96793,Camutanga,VIT,Zagueiro,5,6.71,0.0,3.95,7,0.0,False,True,CRU,0.696,valor_bom,4.016,2.66,0.875,58.2,neutro,3.5,0.4,28.2,1.0,0.831,1.246,1.108,0.5,0.331,
99440,Baralhas,VIT,Meia,5,9.25,0.0,5.24,15,0.0,False,True,CRU,0.868,valor_bom,4.848,3.91,1.0,61.7,favoravel,3.98,0.825,28.2,1.0,0.831,1.246,1.108,0.5,0.331,
80129,Jadson,CAP,Meia,7,5.15,0.0,3.67,19,0.0,False,True,BAH,0.637,valor_bom,3.238,3.41,1.0,59.0,neutro,3.11,0.425,15.4,1.449,2.09,1.671,1.309,0.45,0.448,0.505
101597,Ramon,VIT,Lateral,5,8.07,0.0,4.81,17,0.0,False,True,CRU,0.364,neutro,4.943,3.05,1.0,58.0,neutro,4.13,0.4,28.2,1.0,0.831,1.246,1.108,0.5,0.331,
145387,Rúben Ismael,VIT,Meia,6,4.0,0.0,0.0,0,0.0,False,True,CRU,-2.59,armadilha_forte,0.0,0.0,0.0,61.7,neutro,2.5,0.825,28.2,1.0,0.831,1.246,1.108,0.5,0.331,
130620,Edenílson,VIT,Meia,2,2.96,-0.26,1.42,11,0.2,True,True,CRU,-0.229,neutro,1.3,1.42,1.0,61.7,neutro,2.21,0.825,28.2,1.0,0.831,1.246,1.108,0.5,0.331,
85626,Léo,CAP,Zagueiro,6,6.77,0.0,4.9,2,0.0,False,True,BAH,0.946,valor_bom,4.24,3.4,0.25,37.8,neutro,4.14,0.15,15.4,1.449,2.09,1.671,1.309,0.45,0.448,0.505
104330,Dudu,VIT,Meia,5,5.01,0.0,3.95,2,0.0,False,True,CRU,-0.109,neutro,2.559,1.45,0.25,61.7,neutro,3.61,0.825,28.2,1.0,0.831,1.246,1.108,0.5,0.331,
111879,Mateus Silva,VIT,Lateral,7,7.44,-0.22,6.0,6,8.0,True,True,CRU,1.39,valor_bom,5.558,4.17,0.75,58.0,neutro,4.37,0.4,28.2,1.0,0.831,1.246,1.108,0.5,0.331,
110698,Mycael,CAP,Goleiro,7,7.67,0.0,6.1,2,0.0,False,True,BAH,0.544,valor_bom,4.655,3.6,0.25,37.3,neutro,4.36,0.15,15.4,1.449,2.09,1.671,1.309,0.45,0.448,0.505
90031,Mendoza,CAP,Atacante,7,7.47,0.0,4.19,24,0.0,False,True,BAH,0.382,neutro,4.351,2.32,1.0,60.3,favoravel,3.32,0.425,15.4,1.449,2.09,1.671,1.309,0.45,0.448,0.505
92273,Odair Hellmann,CAP,Técnico,7,8.82,0.0,5.92,24,0.0,False,True,BAH,1.379,valor_bom,5.73,5.92,1.0,58.5,neutro,4.42,0.425,15.4,1.449,2.09,1.671,1.309,0.45,0.448,0.505
105518,Renan Peixoto,CAP,Atacante,7,2.67,0.0,0.8,9,0.0,False,True,BAH,-0.688,armadilha_leve,0.931,0.8,1.0,60.3,neutro,2.03,0.425,15.4,1.449,2.09,1.671,1.309,0.45,0.448,0.505
107985,Terán,CAP,Zagueiro,6,6.98,0.0,4.09,13,0.0,False,True,BAH,0.667,valor_bom,4.084,2.94,1.0,37.8,neutro,3.73,0.15,15.4,1.449,2.09,1.671,1.309,0.45,0.448,0.505
110668,Esquivel,CAP,Lateral,7,6.9,0.0,4.67,15,0.0,False,True,BAH,0.138,neutro,4.287,2.67,1.0,36.8,neutro,4.04,0.15,15.4,1.449,2.09,1.671,1.309,0.45,0.448,0.505
123101,Leozinho,CAP,Atacante,2,5.81,0.0,5.18,13,0.0,False,True,BAH,1.021,valor_bom,4.176,2.72,1.0,60.3,favoravel,4.7,0.425,15.4,1.449,2.09,1.671,1.309,0.45,0.448,0.505
113113,Benavídez,CAP,Lateral,5,9.33,0.0,5.4,19,0.0,False,True,BAH,0.324,neutro,5.349,2.93,1.0,36.8,neutro,4.11,0.15,15.4,1.449,2.09,1.671,1.309,0.45,0.448,0.505
112017,Felipinho,CAP,Meia,6,4.79,0.0,2.99,8,0.0,False,True,BAH,0.068,neutro,2.601,2.99,1.0,59.0,neutro,2.98,0.425,15.4,1.449,2.09,1.671,1.309,0.45,0.448,0.505
115266,Renan Viana,CAP,Atacante,6,2.0,0.0,0.0,0,0.0,False,True,BAH,-1.082,armadilha_leve,0.0,0.0,0.0,60.3,neutro,2.47,0.425,15.4,1.449,2.09,1.671,1.309,0.45,0.448,0.505
122316,Batata,CAP,Lateral,6,1.0,0.0,0.0,0,0.0,False,True,BAH,0.567,valor_bom,0.0,0.0,0.0,36.8,neutro,2.1,0.15,15.4,1.449,2.09,1.671,1.309,0.45,0.448,0.505
143193,Viveros,CAP,Atacante,3,12.78,0.0,8.96,23,0.0,False,True,BAH,2.995,valor_oculto,7.896,3.09,1.0,60.3,favoravel,4.44,0.425,15.4,1.449,2.09,1.671,1.309,0.45,0.448,0.505
123869,Aguirre,CAP,Zagueiro,7,5.1,0.0,3.42,21,0.0,False,True,BAH,0.46,neutro,3.201,2.42,1.0,37.8,neutro,3.48,0.15,15.4,1.449,2.09,1.671,1.309,0.45,0.448,0.505
124834,Ruan Assis,CFC,Atacante,6,1.0,0.0,0.0,0,0.0,False,False,VAS,0.521,valor_bom,0.0,0.0,0.0,68.9,neutro,2.61,0.875,-2.6,1.459,1.279,1.076,1.268,0.55,0.172,
125926,Zapelli,CAP,Meia,6,4.21,0.0,1.38,16,0.0,False,True,BAH,-0.721,armadilha_leve,1.657,1.07,1.0,59.0,neutro,2.36,0.425,15.4,1.449,2.09,1.671,1.309,0.45,0.448,0.505
128427,Alejandro García,CAP,Meia,6,4.0,0.0,0.0,0,0.0,False,True,BAH,-2.59,armadilha_forte,0.0,0.0,0.0,59.0,neutro,2.45,0.425,15.4,1.449,2.09,1.671,1.309,0.45,0.448,0.505
127970,Felipe Chiqueti,CAP,Meia,6,2.07,0.0,1.35,7,0.0,False,True,BAH,0.549,valor_bom,1.235,1.35,0.875,59.0,neutro,2.27,0.425,15.4,1.449,2.09,1.671,1.309,0.45,0.448,0.505
125746,Dudu,CAP,Meia,2,2.21,0.0,1.55,16,0.0,False,True,BAH,0.612,valor_bom,1.411,1.24,1.0,59.0,neutro,2.22,0.425,15.4,1.449,2.09,1.671,1.309,0.45,0.448,0.505
128431,João Cruz,CAP,Meia,3,6.55,0.0,4.18,19,0.0,False,True,BAH,1.064,valor_bom,4.16,2.6,1.0,59.0,neutro,3.41,0.425,15.4,1.449,2.09,1.671,1.309,0.45,0.448,0.505
130842,Matheus Soares,CAP,Goleiro,6,1.0,0.0,0.0,0,0.0,False,True,BAH,0.204,neutro,0.0,0.0,0.0,37.3,neutro,2.11,0.15,15.4,1.449,2.09,1.671,1.309,0.45,0.448,0.505
131832,Portilla,CAP,Meia,6,3.35,0.0,1.42,17,0.0,False,True,BAH,-0.511,armadilha_leve,1.329,1.42,1.0,59.0,neutro,2.19,0.425,15.4,1.449,2.09,1.671,1.309,0.45,0.448,0.505
84339,Bruno Melo,CFC,Lateral,7,5.07,0.0,3.06,24,0.0,False,False,VAS,-0.111,neutro,3.187,1.85,1.0,63.9,neutro,3.27,0.85,-2.6,1.459,1.279,1.076,1.268,0.55,0.172,
143532,Carlos Eduardo,CAP,Goleiro,6,1.0,0.0,0.0,0,0.0,False,True,BAH,0.204,neutro,0.0,0.0,0.0,37.3,neutro,2.11,0.15,15.4,1.449,2.09,1.671,1.309,0.45,0.448,0.505
71227,Maicon,CFC,Zagueiro,6,3.7,0.0,1.79,15,0.0,False,False,VAS,-0.064,neutro,2.081,0.99,1.0,63.9,neutro,2.57,0.85,-2.6,1.459,1.279,1.076,1.268,0.55,0.172,
63354,Rodrigo Moledo,CFC,Zagueiro,6,6.22,0.0,4.14,5,0.0,False,False,VAS,1.014,valor_bom,4.1,2.34,0.625,63.9,neutro,3.93,0.85,-2.6,1.459,1.279,1.076,1.268,0.55,0.172,
145609,Élan Ricardo,CAP,Meia,6,3.0,0.0,0.0,0,0.0,False,True,BAH,-1.839,armadilha_forte,0.0,0.0,0.0,59.0,neutro,2.45,0.425,15.4,1.449,2.09,1.671,1.309,0.45,0.448,0.505
82628,Tinga,CFC,Lateral,5,5.53,0.0,3.59,16,0.0,False,False,VAS,0.067,neutro,3.583,2.59,1.0,63.9,neutro,3.59,0.85,-2.6,1.459,1.279,1.076,1.268,0.55,0.172,
97878,Jacy,CFC,Zagueiro,7,5.43,0.0,3.99,23,0.0,False,False,VAS,0.825,valor_bom,3.638,3.21,1.0,63.9,neutro,3.71,0.85,-2.6,1.459,1.279,1.076,1.268,0.55,0.172,
84626,Josué,CFC,Meia,7,5.65,0.0,4.01,23,0.0,False,False,VAS,1.341,valor_bom,4.036,1.84,1.0,68.5,neutro,3.56,0.875,-2.6,1.459,1.279,1.076,1.268,0.55,0.172,
110708,Pedro Rangel,CFC,Goleiro,6,7.48,0.0,4.67,17,0.0,False,False,VAS,0.505,valor_bom,4.549,2.91,1.0,63.5,neutro,4.23,0.85,-2.6,1.459,1.279,1.076,1.268,0.55,0.172,
90302,Pedro Rocha,CFC,Atacante,7,8.88,0.0,4.82,25,0.0,False,False,VAS,0.379,neutro,4.824,2.06,1.0,68.9,neutro,3.34,0.875,-2.6,1.459,1.279,1.076,1.268,0.55,0.172,
112576,Vini Paulista,CFC,Meia,6,4.03,0.0,2.35,23,0.0,False,False,VAS,0.194,neutro,2.314,2.35,1.0,68.5,neutro,2.91,0.875,-2.6,1.459,1.279,1.076,1.268,0.55,0.172,
147202,João Bezerra,INT,Atacante,6,1.19,0.0,0.6,2,0.0,False,False,SAO,1.421,valor_bom,0.983,0.6,0.25,33.2,desfavoravel,2.35,0.25,-30.8,1.26,1.234,0.839,0.867,0.425,0.245,0.456
104811,Sebastián Gómez,CFC,Meia,7,4.75,0.0,2.88,22,0.0,False,False,VAS,0.214,neutro,2.702,2.65,1.0,68.5,neutro,3.18,0.875,-2.6,1.459,1.279,1.076,1.268,0.55,0.172,
82730,Marcelo Rangel,REM,Goleiro,7,6.43,0.57,4.0,26,8.1,True,True,SAN,0.417,neutro,4.069,3.62,1.0,36.2,neutro,3.85,0.1,-0.2,0.871,1.08,1.333,0.533,0.05,0.349,0.497
125803,Pedro Morisco,CFC,Goleiro,7,7.83,0.0,4.55,10,0.0,False,False,VAS,0.285,neutro,4.436,4.55,1.0,63.5,neutro,3.56,0.85,-2.6,1.459,1.279,1.076,1.268,0.55,0.172,
81845,Alisson,FLU,Meia,6,3.52,0.0,0.96,8,0.0,False,False,COR,-0.328,neutro,1.586,0.33,1.0,49.3,neutro,2.18,0.3,-12.1,1.317,1.389,0.771,1.676,0.6,0.257,0.389
123648,Lucas Ronier,CFC,Atacante,5,10.77,0.0,6.7,18,0.0,False,False,VAS,1.353,valor_bom,6.126,5.42,1.0,68.9,neutro,3.6,0.875,-2.6,1.459,1.279,1.076,1.268,0.55,0.172,
141337,Lucas Taverna,CFC,Lateral,5,2.69,0.0,1.95,4,0.0,False,False,VAS,0.256,neutro,1.811,1.2,0.5,63.9,neutro,2.99,0.85,-2.6,1.459,1.279,1.076,1.268,0.55,0.172,
115840,Benassi,CFC,Goleiro,6,1.0,0.0,0.0,0,0.0,False,False,VAS,0.204,neutro,0.0,0.0,0.0,63.5,neutro,2.52,0.85,-2.6,1.459,1.279,1.076,1.268,0.55,0.172,
131279,Thiago Azaf,CFC,Atacante,6,1.0,0.0,0.0,0,0.0,False,False,VAS,0.521,valor_bom,0.0,0.0,0.0,68.9,neutro,2.61,0.875,-2.6,1.459,1.279,1.076,1.268,0.55,0.172,
117930,Lavega,CFC,Atacante,7,5.15,0.0,3.3,24,0.0,False,False,VAS,0.061,neutro,3.111,1.22,1.0,68.9,neutro,3.42,0.875,-2.6,1.459,1.279,1.076,1.268,0.55,0.172,
120433,Léo Derik,CAP,Lateral,6,5.81,0.0,3.65,9,0.0,False,True,BAH,-0.068,neutro,3.612,2.65,1.0,36.8,neutro,2.98,0.15,15.4,1.449,2.09,1.671,1.309,0.45,0.448,0.505
109127,Tiago Cóser,CFC,Zagueiro,7,3.35,0.0,2.77,22,0.0,False,False,VAS,0.616,valor_bom,2.428,1.13,1.0,63.9,neutro,2.53,0.85,-2.6,1.459,1.279,1.076,1.268,0.55,0.172,
97795,Marcelinho,REM,Lateral,7,6.06,0.0,5.1,22,0.0,False,True,SAN,1.077,valor_bom,4.692,3.69,1.0,35.6,neutro,4.06,0.1,-0.2,0.871,1.08,1.333,0.533,0.05,0.349,0.497
130283,Matheus Dias,CFC,Meia,6,1.0,0.0,0.0,0,0.0,False,False,VAS,0.496,neutro,0.0,0.0,0.0,68.5,neutro,2.6,0.875,-2.6,1.459,1.279,1.076,1.268,0.55,0.172,
83074,Ygor Vinhas,REM,Goleiro,6,3.0,0.0,0.0,0,0.0,False,True,SAN,-1.726,armadilha_forte,0.0,0.0,0.0,36.2,neutro,2.09,0.1,-0.2,0.871,1.08,1.333,0.533,0.05,0.349,0.497
68822,Rafael Santos,CHA,Goleiro,6,4.94,0.0,3.75,4,0.0,False,False,CAM,0.383,neutro,3.377,3.75,0.5,30.2,desfavoravel,2.78,0.05,-54.0,1.486,0.9,1.189,0.671,0.45,0.139,
71043,Léo Vieira,BAH,Goleiro,5,6.82,0.0,5.02,16,0.0,False,False,CAP,0.948,valor_bom,4.778,4.39,1.0,39.5,desfavoravel,3.13,0.125,-15.4,1.671,1.309,1.449,2.09,0.95,0.277,0.505
98224,Jáderson,REM,Meia,6,2.44,0.0,0.85,11,0.0,False,True,SAN,-0.155,neutro,0.97,0.85,1.0,37.6,neutro,1.73,0.7,-0.2,0.871,1.08,1.333,0.533,0.05,0.349,0.497
102911,Zé Ricardo,REM,Meia,7,4.32,-0.34,3.0,25,-0.1,True,True,SAN,0.605,valor_bom,2.809,2.6,1.0,37.6,neutro,3.03,0.7,-0.2,0.871,1.08,1.333,0.533,0.05,0.349,0.497
95332,Marcinho,CHA,Atacante,7,5.85,-1.47,4.28,24,8.5,True,False,CAM,0.576,valor_bom,3.846,2.2,1.0,45.2,neutro,3.54,0.65,-54.0,1.486,0.9,1.189,0.671,0.45,0.139,
141386,Marcos Alexandre,REM,Goleiro,6,1.0,0.0,0.0,0,0.0,False,True,SAN,0.204,neutro,0.0,0.0,0.0,36.2,neutro,2.09,0.1,-0.2,0.871,1.08,1.333,0.533,0.05,0.349,0.497
101393,Eduardo Doma,CHA,Zagueiro,7,3.51,-0.49,2.22,23,-1.6,True,False,CAM,0.01,neutro,2.031,1.7,1.0,30.8,desfavoravel,2.43,0.05,-54.0,1.486,0.9,1.189,0.671,0.45,0.139,
107700,Eduardo Melo,REM,Atacante,6,2.13,0.0,1.4,1,0.0,False,True,SAN,0.177,neutro,1.115,1.4,0.125,38.4,neutro,2.62,0.7,-0.2,0.871,1.08,1.333,0.533,0.05,0.349,0.497
104257,João Lucas,REM,Lateral,5,4.59,0.0,2.82,6,0.0,False,True,SAN,0.295,neutro,3.248,2.82,0.75,35.6,neutro,3.06,0.1,-0.2,0.871,1.08,1.333,0.533,0.05,0.349,0.497
102906,Anderson,CHA,Goleiro,7,5.35,-0.79,3.21,12,0.6,True,False,CAM,0.45,neutro,3.643,2.79,1.0,30.2,desfavoravel,2.49,0.05,-54.0,1.486,0.9,1.189,0.671,0.45,0.139,
145782,Tassano,REM,Zagueiro,6,3.0,0.0,0.0,0,0.0,False,True,SAN,-2.094,armadilha_forte,0.0,0.0,0.0,36.7,neutro,2.1,0.1,-0.2,0.871,1.08,1.333,0.533,0.05,0.349,0.497
68938,Giovanni Augusto,CHA,Meia,7,4.54,0.0,3.65,17,0.0,False,False,CAM,0.93,valor_bom,3.19,1.89,1.0,44.5,neutro,2.85,0.65,-54.0,1.486,0.9,1.189,0.671,0.45,0.139,
97432,Victor Caetano,CHA,Zagueiro,6,3.16,0.0,1.48,8,0.0,False,False,CAM,-0.4,neutro,1.483,1.48,1.0,30.8,desfavoravel,1.89,0.05,-54.0,1.486,0.9,1.189,0.671,0.45,0.139,
141385,João Victor,REM,Goleiro,6,1.0,0.0,0.0,0,0.0,False,True,SAN,0.204,neutro,0.0,0.0,0.0,36.2,neutro,2.09,0.1,-0.2,0.871,1.08,1.333,0.533,0.05,0.349,0.497
143455,PH Gama,REM,Meia,6,2.0,0.0,0.0,0,0.0,False,True,SAN,-0.87,armadilha_leve,0.0,0.0,0.0,37.6,neutro,2.11,0.7,-0.2,0.871,1.08,1.333,0.533,0.05,0.349,0.497
130806,Kauan,CHA,Zagueiro,7,1.74,0.71,1.25,6,3.2,True,False,CAM,0.845,valor_bom,1.385,0.75,0.75,30.8,desfavoravel,2.34,0.05,-54.0,1.486,0.9,1.189,0.671,0.45,0.139,
104470,Everton,CHA,Lateral,7,3.89,0.47,1.93,20,3.5,True,False,CAM,-0.804,armadilha_leve,1.876,1.38,1.0,29.5,desfavoravel,2.41,0.05,-54.0,1.486,0.9,1.189,0.671,0.45,0.139,
68708,Eduardo,MIR,Meia,7,5.74,-0.92,3.37,19,0.0,True,True,BOT,0.755,valor_bom,3.59,2.32,1.0,60.3,favoravel,3.18,0.825,11.7,1.045,0.9,0.411,1.015,0.525,0.414,0.495
83048,Rafael Thyere,CHA,Zagueiro,6,2.75,0.0,-0.1,3,0.0,False,False,CAM,-0.588,armadilha_leve,1.054,0.0,0.375,30.8,desfavoravel,2.24,0.05,-54.0,1.486,0.9,1.189,0.671,0.45,0.139,
107453,João Paulo,CHA,Zagueiro,3,4.5,-0.3,3.13,6,-1.0,False,False,CAM,0.357,neutro,2.842,1.3,0.75,30.8,desfavoravel,2.8,0.05,-54.0,1.486,0.9,1.189,0.671,0.45,0.139,
130843,Arthur Dias,CAP,Zagueiro,7,5.75,0.0,3.52,22,0.0,False,True,BAH,0.228,neutro,3.282,2.57,1.0,37.8,neutro,3.25,0.15,15.4,1.449,2.09,1.671,1.309,0.45,0.448,0.505
97900,Vitão,FLA,Zagueiro,6,6.62,0.0,2.37,9,0.0,False,True,RBB,-0.303,neutro,3.172,1.04,1.0,72.9,neutro,3.3,0.6,35.9,0.917,0.736,0.975,1.255,0.9,0.666,0.571
110426,Bernabei,INT,Lateral,7,9.48,-0.72,6.16,23,1.9,True,False,SAO,0.946,valor_bom,5.919,4.12,1.0,41.5,neutro,4.03,0.35,-30.8,1.26,1.234,0.839,0.867,0.425,0.245,0.456
104519,Camilo,CHA,Meia,7,5.0,-0.18,3.05,21,2.6,True,False,CAM,0.212,neutro,2.819,3.05,1.0,44.5,neutro,3.17,0.65,-54.0,1.486,0.9,1.189,0.671,0.45,0.139,
99552,Rossi,FLA,Goleiro,7,7.86,-1.07,4.88,25,-1.0,True,True,RBB,0.563,valor_bom,4.738,2.68,1.0,72.5,favoravel,4.09,0.6,35.9,0.917,0.736,0.975,1.255,0.9,0.666,0.571
89274,Andreas Pereira,PAL,Meia,7,11.34,-0.88,4.69,26,1.2,True,False,GRE,-0.114,neutro,4.554,2.57,1.0,55.1,neutro,3.33,0.6,0.4,1.034,1.286,0.743,1.189,0.675,0.453,0.481
141406,Andrey Fernandes,VAS,Atacante,6,1.41,0.0,1.7,1,0.0,False,True,CFC,1.253,valor_bom,1.148,1.7,0.125,54.4,neutro,2.89,0.425,2.6,1.076,1.268,1.459,1.279,0.5,0.597,
109336,Rafael Carvalheira,CHA,Meia,5,5.7,0.0,2.72,14,0.0,False,False,CAM,0.334,neutro,3.226,2.01,1.0,44.5,neutro,2.87,0.65,-54.0,1.486,0.9,1.189,0.671,0.45,0.139,
140438,David,CHA,Meia,6,1.08,0.0,0.73,8,0.0,False,False,CAM,1.493,valor_bom,0.932,0.73,1.0,44.5,neutro,2.27,0.65,-54.0,1.486,0.9,1.189,0.671,0.45,0.139,
89837,Lucho Acosta,FLU,Meia,6,9.76,-1.24,4.71,21,1.0,True,False,COR,0.337,neutro,4.545,2.81,1.0,49.3,neutro,3.52,0.3,-12.1,1.317,1.389,0.771,1.676,0.6,0.257,0.389
130414,Robert,CHA,Meia,5,3.51,0.0,3.0,1,0.0,False,False,CAM,-0.618,armadilha_leve,1.341,3.0,0.125,44.5,neutro,2.84,0.65,-54.0,1.486,0.9,1.189,0.671,0.45,0.139,
116066,Rubens,CHA,Atacante,6,2.38,-0.1,1.24,10,0.0,True,False,CAM,-0.058,neutro,1.169,0.44,1.0,45.2,neutro,1.93,0.65,-54.0,1.486,0.9,1.189,0.671,0.45,0.139,
121870,Gustavo Talles,CHA,Lateral,6,2.0,0.0,0.0,0,0.0,False,False,CAM,-1.071,armadilha_leve,0.0,0.0,0.0,29.5,desfavoravel,1.98,0.05,-54.0,1.486,0.9,1.189,0.671,0.45,0.139,
78850,Reinaldo,MIR,Lateral,7,7.97,-0.6,3.24,21,2.1,True,True,BOT,-0.971,armadilha_leve,3.788,1.86,1.0,55.4,neutro,3.93,0.275,11.7,1.045,0.9,0.411,1.015,0.525,0.414,0.495
80287,Luciano,SAO,Atacante,7,13.73,0.0,5.53,21,0.0,False,True,INT,-0.543,armadilha_leve,5.338,2.24,1.0,51.4,neutro,4.19,0.425,30.8,0.839,0.867,1.26,1.234,0.5,0.482,0.456
39148,Hulk,FLU,Atacante,7,12.51,0.0,6.35,19,0.0,False,False,COR,0.52,valor_bom,5.901,3.19,1.0,49.9,neutro,4.45,0.3,-12.1,1.317,1.389,0.771,1.676,0.6,0.257,0.389
141776,Gustavo Henrique,SAN,Meia,7,4.03,-0.74,3.43,13,3.4,True,False,REM,0.984,valor_bom,2.966,3.43,1.0,66.1,neutro,2.97,0.75,0.2,1.333,0.533,0.871,1.08,0.925,0.369,0.497
51772,Everton Ribeiro,BAH,Meia,6,8.0,-0.86,4.19,17,-0.5,True,False,CAP,0.478,neutro,4.165,3.01,1.0,61.8,neutro,3.12,0.2,-15.4,1.671,1.309,1.449,2.09,0.95,0.277,0.505
126471,Barreal,SAN,Meia,5,10.11,0.0,5.37,19,0.0,False,False,REM,0.777,valor_bom,4.997,4.05,1.0,66.1,neutro,4.21,0.75,0.2,1.333,0.533,0.871,1.08,0.925,0.369,0.497
114802,Vitor Roque,PAL,Atacante,7,15.87,1.52,6.08,15,14.0,True,False,GRE,-0.684,armadilha_leve,5.647,3.41,1.0,56.4,neutro,3.38,0.6,0.4,1.034,1.286,0.743,1.189,0.675,0.453,0.481
103445,Kaio Jorge,CRU,Atacante,7,10.31,-1.71,4.69,20,0.5,True,False,VIT,-0.273,neutro,4.732,1.89,1.0,30.3,desfavoravel,3.01,0.1,-28.2,1.246,1.108,1.0,0.831,0.5,0.365,
94583,Pedro,FLA,Atacante,7,15.41,-0.69,8.24,25,2.4,True,True,RBB,1.689,valor_oculto,7.415,2.64,1.0,58.3,neutro,4.79,0.2,35.9,0.917,0.736,0.975,1.255,0.9,0.666,0.571
115025,Miguelito,SAN,Meia,6,5.19,0.22,4.05,10,2.0,True,False,REM,0.609,valor_bom,3.233,2.55,1.0,66.1,neutro,3.08,0.75,0.2,1.333,0.533,0.871,1.08,0.925,0.369,0.497
89368,Braithwaite,GRE,Atacante,6,5.31,0.0,0.48,16,0.0,False,True,PAL,-2.528,armadilha_forte,1.168,0.48,1.0,25.1,neutro,1.66,0.05,-0.4,0.743,1.189,1.034,1.286,0.2,0.269,0.481
133673,Mateus Xavier,SAN,Atacante,6,2.33,0.0,1.2,1,0.0,False,False,REM,-0.096,neutro,1.093,1.2,0.125,66.8,neutro,3.05,0.75,0.2,1.333,0.533,0.871,1.08,0.925,0.369,0.497
100652,Yuri Alberto,COR,Atacante,5,10.58,0.0,4.1,17,0.0,False,True,FLU,-0.875,armadilha_leve,4.335,2.1,1.0,46.3,neutro,3.39,0.625,12.1,0.771,1.676,1.317,1.389,0.0,0.442,0.389
146991,Rhuan Gabriel,CRU,Meia,6,1.39,0.0,1.2,1,0.0,False,False,VIT,1.279,valor_bom,1.141,1.2,0.125,29.4,desfavoravel,2.49,0.1,-28.2,1.246,1.108,1.0,0.831,0.5,0.365,
122781,Caballero,SAN,Atacante,6,3.75,0.0,1.97,6,0.0,False,False,REM,0.042,neutro,2.298,1.97,0.75,66.8,neutro,2.98,0.75,0.2,1.333,0.533,0.871,1.08,0.925,0.369,0.497
142130,Marcelo Eráclito,CRU,Goleiro,6,1.0,0.0,0.0,0,0.0,False,False,VIT,0.204,neutro,0.0,0.0,0.0,55.6,neutro,2.4,0.775,-28.2,1.246,1.108,1.0,0.831,0.5,0.365,
101908,Willian Machado,MIR,Zagueiro,7,4.88,-0.08,3.19,20,-0.1,True,True,BOT,0.369,neutro,3.029,2.49,1.0,55.7,neutro,3.41,0.275,11.7,1.045,0.9,0.411,1.015,0.525,0.414,0.495
86292,Bolasie,CHA,Atacante,6,3.77,-1.12,2.23,18,-1.6,True,False,CAM,0.062,neutro,2.327,1.23,1.0,45.2,neutro,2.68,0.65,-54.0,1.486,0.9,1.189,0.671,0.45,0.139,
144423,Nicolas Pontes,CRU,Lateral,6,1.0,0.0,0.0,0,0.0,False,False,VIT,0.567,valor_bom,0.0,0.0,0.0,55.7,neutro,2.4,0.775,-28.2,1.246,1.108,1.0,0.831,0.5,0.365,
106104,Enamorado,GRE,Atacante,6,6.45,-0.18,3.18,21,0.7,True,True,PAL,-0.024,neutro,3.637,2.47,1.0,25.1,neutro,2.67,0.05,-0.4,0.743,1.189,1.034,1.286,0.2,0.269,0.481
94514,Lucas Oliveira,MIR,Zagueiro,6,4.78,-0.32,2.87,10,1.0,True,True,BOT,0.097,neutro,2.762,1.97,1.0,55.7,neutro,2.99,0.275,11.7,1.045,0.9,0.411,1.015,0.525,0.414,0.495
118655,Saldivia,VAS,Zagueiro,6,5.83,0.0,2.55,11,0.0,False,True,CFC,0.079,neutro,3.192,2.28,1.0,42.8,neutro,2.84,0.2,2.6,1.076,1.268,1.459,1.279,0.5,0.597,
128433,Johan Rojas,VAS,Meia,6,3.78,0.0,1.58,16,0.0,False,True,CFC,-0.269,neutro,1.79,1.27,1.0,52.2,neutro,2.25,0.425,2.6,1.076,1.268,1.459,1.279,0.5,0.597,
94154,Maycon,CAM,Meia,7,4.98,-0.33,2.35,15,0.0,True,True,CHA,-0.403,neutro,2.302,1.68,1.0,77.3,neutro,3.21,0.825,54.0,1.189,0.671,1.486,0.9,0.675,0.646,
126120,Marcelinho,RBB,Meia,6,3.16,0.0,2.18,5,0.0,False,False,FLA,-0.109,neutro,1.536,1.18,0.625,20.3,desfavoravel,2.12,0.1,-35.9,0.975,1.255,0.917,0.736,0.35,0.132,0.571
126182,Paulinho,INT,Meia,6,3.91,-0.14,1.93,20,1.4,True,False,SAO,-0.093,neutro,2.01,1.93,1.0,32.4,desfavoravel,2.32,0.25,-30.8,1.26,1.234,0.839,0.867,0.425,0.245,0.456
115986,Denilson,MIR,Meia,7,4.52,0.0,3.07,16,0.0,False,True,BOT,0.451,neutro,2.784,2.76,1.0,60.3,favoravel,4.06,0.825,11.7,1.045,0.9,0.411,1.015,0.525,0.414,0.495
108713,Galeano,REM,Atacante,6,4.45,-0.09,1.71,15,1.5,True,True,SAN,-0.883,armadilha_leve,2.0,1.71,1.0,38.4,neutro,2.23,0.7,-0.2,0.871,1.08,1.333,0.533,0.05,0.349,0.497
132412,Román Gómez,BAH,Lateral,7,7.82,-0.53,5.01,12,0.0,True,False,CAP,0.661,valor_bom,5.097,4.01,1.0,39.0,desfavoravel,4.19,0.125,-15.4,1.671,1.309,1.449,2.09,0.95,0.277,0.505
133696,Wallace Davi,BOT,Meia,6,4.0,0.0,0.0,0,0.0,False,False,MIR,-2.59,armadilha_forte,0.0,0.0,0.0,41.5,neutro,2.17,0.95,-11.7,0.411,1.015,1.045,0.9,0.275,0.303,0.495
141131,Vitão,CAM,Zagueiro,7,5.76,2.66,5.3,4,12.7,True,True,CHA,1.7,valor_oculto,4.483,3.05,0.5,82.4,favoravel,6.01,0.85,54.0,1.189,0.671,1.486,0.9,0.675,0.646,
90061,Bruno Pacheco,CHA,Lateral,7,7.76,1.06,4.78,16,10.9,True,False,CAM,0.488,neutro,4.929,3.28,1.0,29.5,desfavoravel,3.71,0.05,-54.0,1.486,0.9,1.189,0.671,0.45,0.139,
145400,Cauê,RBB,Lateral,7,4.23,0.0,3.47,3,0.0,False,False,FLA,0.915,valor_bom,3.542,2.47,0.375,26.0,desfavoravel,3.48,0.0,-35.9,0.975,1.255,0.917,0.736,0.35,0.132,0.571
103183,Andrew,FLA,Goleiro,6,3.0,0.0,0.0,0,0.0,False,True,RBB,-1.726,armadilha_forte,0.0,0.0,0.0,72.5,neutro,2.67,0.6,35.9,0.917,0.736,0.975,1.255,0.9,0.666,0.571
130048,Noriega,GRE,Zagueiro,7,6.42,-0.42,3.65,19,-1.2,True,True,PAL,0.526,valor_bom,3.776,2.6,1.0,35.9,neutro,3.11,0.05,-0.4,0.743,1.189,1.034,1.286,0.2,0.269,0.481
147090,Kauã Pascini,CAM,Lateral,6,4.29,0.07,3.66,8,3.0,True,True,CHA,0.956,valor_bom,3.615,2.54,1.0,83.2,favoravel,3.49,0.85,54.0,1.189,0.671,1.486,0.9,0.675,0.646,
130280,Phillipe Gabriel,VAS,Goleiro,6,1.0,0.0,0.0,0,0.0,False,True,CFC,0.204,neutro,0.0,0.0,0.0,42.3,neutro,2.19,0.2,2.6,1.076,1.268,1.459,1.279,0.5,0.597,
131516,JP Chermont,CFC,Lateral,7,5.05,0.0,3.58,16,0.0,False,False,VAS,0.367,neutro,3.576,2.08,1.0,63.9,neutro,3.18,0.85,-2.6,1.459,1.279,1.076,1.268,0.55,0.172,
70666,Marllon,REM,Zagueiro,7,5.18,0.0,2.57,24,0.0,False,True,SAN,-0.341,neutro,2.584,1.86,1.0,36.7,neutro,2.96,0.1,-0.2,0.871,1.08,1.333,0.533,0.05,0.349,0.497
106708,Igor Formiga,MIR,Lateral,7,8.7,-0.82,5.5,21,8.5,True,True,BOT,0.669,valor_bom,5.425,3.93,1.0,55.4,neutro,3.82,0.275,11.7,1.045,0.9,0.411,1.015,0.525,0.414,0.495
93988,Breno Lopes,CFC,Atacante,3,8.7,0.0,5.02,23,0.0,False,False,VAS,0.641,valor_bom,4.972,2.02,1.0,68.9,neutro,3.4,0.875,-2.6,1.459,1.279,1.076,1.268,0.55,0.172,
89256,Gerson,CRU,Meia,7,9.51,-0.1,4.73,23,10.4,True,False,VIT,0.448,neutro,4.571,4.08,1.0,29.4,desfavoravel,3.25,0.1,-28.2,1.246,1.108,1.0,0.831,0.5,0.365,
114040,Minda,CAM,Atacante,6,6.94,0.0,3.58,15,0.0,False,True,CHA,0.21,neutro,4.017,1.85,1.0,80.2,favoravel,4.46,0.825,54.0,1.189,0.671,1.486,0.9,0.675,0.646,
116034,Victor Hugo,CAM,Meia,5,6.4,0.0,3.55,20,0.0,False,True,CHA,0.587,valor_bom,3.711,2.3,1.0,77.3,favoravel,3.13,0.825,54.0,1.189,0.671,1.486,0.9,0.675,0.646,
106302,Preciado,CAM,Lateral,6,7.65,0.0,4.38,11,0.0,False,True,CHA,0.308,neutro,4.736,3.11,1.0,83.2,favoravel,3.82,0.85,54.0,1.189,0.671,1.486,0.9,0.675,0.646,
83433,Patrick,REM,Meia,7,5.31,-0.28,3.73,23,2.2,True,True,SAN,0.672,valor_bom,3.338,3.73,1.0,37.6,neutro,3.81,0.7,-0.2,0.871,1.08,1.333,0.533,0.05,0.349,0.497
69208,Gabriel Paulista,COR,Zagueiro,7,8.25,0.0,4.13,19,0.0,False,True,FLU,0.221,neutro,4.114,2.71,1.0,40.0,neutro,3.24,0.275,12.1,0.771,1.676,1.317,1.389,0.0,0.442,0.389
141873,Jacaré,COR,Lateral,6,2.0,0.0,0.0,0,0.0,False,True,FLU,-1.071,armadilha_leve,0.0,0.0,0.0,39.1,neutro,2.14,0.275,12.1,0.771,1.676,1.317,1.389,0.0,0.442,0.389
100342,Léo Andrade,REM,Zagueiro,6,4.79,0.0,2.95,4,0.0,False,True,SAN,0.057,neutro,2.734,2.95,0.5,36.7,neutro,3.08,0.1,-0.2,0.871,1.08,1.333,0.533,0.05,0.349,0.497
147883,João Vitor,VAS,Atacante,6,3.49,0.0,3.13,4,0.0,False,True,CFC,-0.42,neutro,1.763,3.13,0.5,54.4,neutro,2.83,0.425,2.6,1.076,1.268,1.459,1.279,0.5,0.597,
123689,Milans,COR,Lateral,6,7.2,-0.56,4.26,7,0.7,True,True,FLU,0.571,valor_bom,4.775,2.97,0.875,39.1,neutro,3.69,0.275,12.1,0.771,1.676,1.317,1.389,0.0,0.442,0.389
105157,Villagra,INT,Meia,3,5.16,0.47,1.99,20,3.5,True,False,SAO,-0.805,armadilha_leve,2.053,1.99,1.0,32.4,desfavoravel,2.92,0.25,-30.8,1.26,1.234,0.839,0.867,0.425,0.245,0.456
103388,Emmanuel Martínez,VIT,Meia,5,5.95,0.0,3.27,18,0.0,False,True,CRU,0.578,valor_bom,3.529,3.27,1.0,61.7,favoravel,3.2,0.825,28.2,1.0,0.831,1.246,1.108,0.5,0.331,
95362,Cassierra,CAM,Atacante,6,5.05,-0.21,2.06,20,0.0,True,True,CHA,-1.043,armadilha_leve,2.198,1.01,1.0,80.2,neutro,3.18,0.825,54.0,1.189,0.671,1.486,0.9,0.675,0.646,
71536,Luiz Gustavo,CAP,Meia,7,6.56,0.0,3.53,18,0.0,False,True,BAH,0.512,valor_bom,3.709,2.97,1.0,59.0,neutro,2.93,0.425,15.4,1.449,2.09,1.671,1.309,0.45,0.448,0.505
113125,Picco,REM,Meia,7,6.22,-0.58,3.49,24,2.0,True,True,SAN,0.591,valor_bom,3.646,3.07,1.0,37.6,neutro,4.83,0.7,-0.2,0.871,1.08,1.333,0.533,0.05,0.349,0.497
86859,José Welison,REM,Meia,6,3.97,0.71,2.61,22,4.7,True,True,SAN,0.465,neutro,2.504,2.61,1.0,37.6,neutro,2.75,0.7,-0.2,0.871,1.08,1.333,0.533,0.05,0.349,0.497
110633,Gustavo,CFC,Meia,6,3.3,0.0,0.9,4,0.0,False,False,VAS,-0.803,armadilha_leve,1.056,0.9,0.5,68.5,neutro,2.69,0.875,-2.6,1.459,1.279,1.076,1.268,0.55,0.172,
97906,Riccieli,VIT,Zagueiro,6,4.85,0.0,3.5,2,0.0,False,True,CRU,0.105,neutro,2.801,2.0,0.25,58.2,neutro,3.68,0.4,28.2,1.0,0.831,1.246,1.108,0.5,0.331,
146374,Gilberto Junior,CAP,Lateral,6,6.14,0.0,4.62,6,0.0,False,True,BAH,0.228,neutro,4.02,3.62,0.75,36.8,neutro,3.45,0.15,15.4,1.449,2.09,1.671,1.309,0.45,0.448,0.505
107859,Fintelman,VIT,Goleiro,6,2.0,0.0,0.0,0,0.0,False,True,CRU,-0.925,armadilha_leve,0.0,0.0,0.0,57.7,neutro,2.43,0.4,28.2,1.0,0.831,1.246,1.108,0.5,0.331,
142265,Dell,BAH,Atacante,6,1.82,0.0,0.65,4,0.0,False,False,CAP,0.361,neutro,0.936,0.65,0.5,62.3,neutro,2.54,0.2,-15.4,1.671,1.309,1.449,2.09,0.95,0.277,0.505
90370,Matheus Pereira,COR,Meia,6,2.95,-0.13,0.89,18,0.0,True,True,FLU,-0.627,armadilha_leve,0.965,0.89,1.0,45.0,neutro,1.84,0.625,12.1,0.771,1.676,1.317,1.389,0.0,0.442,0.389
105842,Edu,VIT,Zagueiro,5,4.13,0.0,1.5,1,0.0,False,True,CRU,0.166,neutro,2.501,1.5,0.125,58.2,neutro,3.67,0.4,28.2,1.0,0.831,1.246,1.108,0.5,0.331,
110598,Marino Hinestroza,VAS,Atacante,6,5.03,0.0,1.42,13,0.0,False,True,CFC,-1.478,armadilha_leve,1.848,1.42,1.0,54.4,neutro,2.36,0.425,2.6,1.076,1.268,1.459,1.279,0.5,0.597,
145404,Arthur,PAL,Lateral,2,5.77,1.73,4.25,18,11.9,True,False,GRE,0.468,neutro,4.041,3.08,1.0,48.7,neutro,3.28,0.3,0.4,1.034,1.286,0.743,1.189,0.675,0.453,0.481
140496,Tiaguinho,GRE,Meia,6,0.93,0.0,0.0,1,0.0,False,True,PAL,1.837,valor_oculto,1.008,0.0,0.125,24.3,neutro,2.34,0.05,-0.4,0.743,1.189,1.034,1.286,0.2,0.269,0.481
68952,Marinho,VIT,Atacante,6,4.6,-0.13,2.02,12,1.2,True,True,CRU,-0.696,armadilha_leve,2.23,2.02,1.0,62.1,neutro,2.61,0.825,28.2,1.0,0.831,1.246,1.108,0.5,0.331,
141628,Pablo Lúcio,FLA,Meia,6,2.0,0.0,0.0,0,0.0,False,True,RBB,-0.87,armadilha_leve,0.0,0.0,0.0,55.7,neutro,2.4,0.2,35.9,0.917,0.736,0.975,1.255,0.9,0.666,0.571
145436,Belé,PAL,Atacante,6,3.0,0.0,0.0,0,0.0,False,False,GRE,-2.22,armadilha_forte,0.0,0.0,0.0,56.4,neutro,2.41,0.6,0.4,1.034,1.286,0.743,1.189,0.675,0.453,0.481
146623,Luis Pacheco,PAL,Meia,6,1.72,-0.26,-0.08,4,-0.3,True,False,GRE,0.344,neutro,0.729,0.0,0.5,55.1,neutro,2.33,0.6,0.4,1.034,1.286,0.743,1.189,0.675,0.453,0.481
99789,Brenner,VAS,Atacante,6,6.94,0.0,2.9,14,0.0,False,True,CFC,-0.318,neutro,3.604,2.33,1.0,54.4,neutro,2.89,0.425,2.6,1.076,1.268,1.459,1.279,0.5,0.597,
87552,Vitor Bueno,REM,Meia,6,8.39,1.66,3.98,20,13.0,True,True,SAN,0.157,neutro,4.018,2.23,1.0,37.6,neutro,3.0,0.7,-0.2,0.871,1.08,1.333,0.533,0.05,0.349,0.497
147088,Cissé,CAM,Meia,6,2.41,-0.5,1.93,15,0.9,True,True,CHA,0.702,valor_bom,1.653,1.6,1.0,77.3,favoravel,2.79,0.825,54.0,1.189,0.671,1.486,0.9,0.675,0.646,
141551,Índio,CAM,Meia,6,1.0,0.0,0.0,0,0.0,False,True,CHA,0.496,neutro,0.0,0.0,0.0,77.3,favoravel,2.74,0.825,54.0,1.189,0.671,1.486,0.9,0.675,0.646,
107075,Yuri Sena,VIT,Goleiro,6,1.0,0.0,0.0,0,0.0,False,True,CRU,0.204,neutro,0.0,0.0,0.0,57.7,neutro,2.43,0.4,28.2,1.0,0.831,1.246,1.108,0.5,0.331,
130906,Riquelme,CAP,Meia,6,1.53,0.0,1.06,5,0.0,False,True,BAH,1.044,valor_bom,1.106,1.06,0.625,59.0,neutro,2.45,0.425,15.4,1.449,2.09,1.671,1.309,0.45,0.448,0.505
101729,Fabinho,CFC,Atacante,6,3.08,0.0,1.55,10,0.0,False,False,VAS,-0.582,armadilha_leve,1.341,0.25,1.0,68.9,neutro,2.32,0.875,-2.6,1.459,1.279,1.076,1.268,0.55,0.172,
94930,Lucas Paquetá,FLA,Meia,3,14.75,0.74,6.5,17,14.3,True,True,RBB,0.497,neutro,5.736,5.32,1.0,55.7,neutro,4.08,0.2,35.9,0.917,0.736,0.975,1.255,0.9,0.666,0.571
104134,Fabri,VIT,Atacante,6,5.12,0.0,2.49,9,0.0,False,True,CRU,-0.681,armadilha_leve,2.516,1.93,1.0,62.1,neutro,2.73,0.825,28.2,1.0,0.831,1.246,1.108,0.5,0.331,
146632,Alisson,INT,Lateral,6,1.0,0.0,0.0,0,0.0,False,False,SAO,0.567,valor_bom,0.0,0.0,0.0,41.5,neutro,2.17,0.35,-30.8,1.26,1.234,0.839,0.867,0.425,0.245,0.456
105089,Tetê,GRE,Atacante,7,9.12,0.73,3.64,20,7.0,True,True,PAL,-0.794,armadilha_leve,3.982,2.84,1.0,25.1,neutro,3.66,0.05,-0.4,0.743,1.189,1.034,1.286,0.2,0.269,0.481
150959,Davizinho,SAN,Lateral,6,2.01,0.0,1.62,4,0.0,False,False,REM,0.947,valor_bom,1.701,0.87,0.5,71.9,favoravel_visitante,3.05,0.775,0.2,1.333,0.533,0.871,1.08,0.925,0.369,0.497
124270,Allex,INT,Meia,6,2.11,0.0,1.24,10,0.0,False,False,SAO,0.455,neutro,1.193,1.24,1.0,32.4,desfavoravel,2.01,0.25,-30.8,1.26,1.234,0.839,0.867,0.425,0.245,0.456
142638,João Victor,INT,Atacante,6,0.63,-0.37,-0.8,1,-0.8,True,False,SAO,2.444,valor_oculto,0.87,0.0,0.125,33.2,desfavoravel,2.41,0.25,-30.8,1.26,1.234,0.839,0.867,0.425,0.245,0.456
118844,Kaio César,COR,Atacante,7,10.35,0.52,5.87,15,7.7,True,True,FLU,0.708,valor_bom,5.51,4.14,1.0,46.3,neutro,3.93,0.625,12.1,0.771,1.676,1.317,1.389,0.0,0.442,0.389
145036,Fernando Pradella,SAN,Atacante,6,0.82,0.0,0.0,1,0.0,False,False,REM,2.122,valor_oculto,0.959,0.0,0.125,66.8,neutro,2.98,0.75,0.2,1.333,0.533,0.871,1.08,0.925,0.369,0.497
111279,Mancha,CHA,Lateral,6,3.0,0.0,0.0,0,0.0,False,False,CAM,-2.233,armadilha_forte,0.0,0.0,0.0,29.5,desfavoravel,1.98,0.05,-54.0,1.486,0.9,1.189,0.671,0.45,0.139,
141615,Pedro Ferreira,SAO,Meia,6,1.25,0.0,0.87,3,0.0,False,True,INT,1.386,valor_bom,1.062,0.87,0.375,49.9,neutro,2.54,0.425,30.8,0.839,0.867,1.26,1.234,0.5,0.482,0.456
123738,Herrera,RBB,Atacante,6,4.79,-0.43,2.59,20,2.7,True,False,FLA,-0.384,neutro,2.577,2.19,1.0,21.1,desfavoravel,2.78,0.1,-35.9,0.975,1.255,0.917,0.736,0.35,0.132,0.571
147788,Arthur Izaque,BOT,Atacante,6,1.0,0.0,0.0,0,0.0,False,False,MIR,0.521,valor_bom,0.0,0.0,0.0,42.2,neutro,2.19,0.95,-11.7,0.411,1.015,1.045,0.9,0.275,0.303,0.495
142086,Kauan Toledo,BOT,Atacante,6,2.27,-0.26,1.93,7,0.5,True,False,MIR,0.466,neutro,1.476,1.93,0.875,42.2,neutro,2.14,0.95,-11.7,0.411,1.015,1.045,0.9,0.275,0.303,0.495
130698,Kadu,BOT,Lateral,6,1.0,0.0,0.0,0,0.0,False,False,MIR,0.567,valor_bom,0.0,0.0,0.0,51.0,neutro,2.33,0.675,-11.7,0.411,1.015,1.045,0.9,0.275,0.303,0.495
147782,Arthur Novaes,BOT,Meia,6,1.0,0.0,0.0,0,0.0,False,False,MIR,0.496,neutro,0.0,0.0,0.0,41.5,neutro,2.17,0.95,-11.7,0.411,1.015,1.045,0.9,0.275,0.303,0.495
112939,Catarozzi,REM,Meia,6,5.41,0.0,0.9,1,0.0,False,True,SAN,-0.923,armadilha_leve,2.066,0.9,0.125,37.6,neutro,3.12,0.7,-0.2,0.871,1.08,1.333,0.533,0.05,0.349,0.497
101715,Alerrandro,INT,Atacante,6,6.18,0.0,3.45,21,0.0,False,False,SAO,0.372,neutro,3.832,1.59,1.0,33.2,desfavoravel,3.12,0.25,-30.8,1.26,1.234,0.839,0.867,0.425,0.245,0.456
116065,Cuiabano,VAS,Lateral,7,12.12,0.11,7.23,15,5.2,True,True,CFC,0.772,valor_bom,6.533,5.3,1.0,42.0,neutro,4.41,0.2,2.6,1.076,1.268,1.459,1.279,0.5,0.597,
108131,Garcez,CHA,Atacante,7,5.77,1.56,3.65,12,11.3,True,False,CAM,-0.195,neutro,3.208,2.32,1.0,45.2,neutro,4.05,0.65,-54.0,1.486,0.9,1.189,0.671,0.45,0.139,
130438,Diego,INT,Goleiro,6,1.0,0.0,0.0,0,0.0,False,False,SAO,0.204,neutro,0.0,0.0,0.0,41.8,neutro,2.18,0.35,-30.8,1.26,1.234,0.839,0.867,0.425,0.245,0.456
141991,Tico,REM,Atacante,6,1.1,0.0,0.5,1,0.0,False,True,SAN,1.627,valor_oculto,1.015,0.5,0.125,38.4,neutro,2.57,0.7,-0.2,0.871,1.08,1.333,0.533,0.05,0.349,0.497
148103,Rafael Soares,REM,Meia,6,1.0,0.0,0.0,0,0.0,False,True,SAN,0.496,neutro,0.0,0.0,0.0,37.6,neutro,2.11,0.7,-0.2,0.871,1.08,1.333,0.533,0.05,0.349,0.497
148109,Filipe Lima,REM,Atacante,6,1.0,0.0,0.0,0,0.0,False,True,SAN,0.521,valor_bom,0.0,0.0,0.0,38.4,neutro,2.13,0.7,-0.2,0.871,1.08,1.333,0.533,0.05,0.349,0.497
127969,Matheus Reis,FLU,Atacante,5,1.0,0.0,0.0,0,0.0,False,False,COR,0.521,valor_bom,0.0,0.0,0.0,49.9,neutro,2.31,0.3,-12.1,1.317,1.389,0.771,1.676,0.6,0.257,0.389
147546,Roger,GRE,Meia,6,1.5,0.0,1.2,2,0.0,False,True,PAL,1.134,valor_bom,1.147,1.2,0.25,24.3,neutro,2.31,0.05,-0.4,0.743,1.189,1.034,1.286,0.2,0.269,0.481
141126,Pedro Cobra,CAM,Goleiro,6,1.0,0.0,0.0,0,0.0,False,True,CHA,0.204,neutro,0.0,0.0,0.0,82.0,favoravel,2.82,0.85,54.0,1.189,0.671,1.486,0.9,0.675,0.646,
82407,Chico Kim,MIR,Meia,6,3.64,1.15,1.32,6,6.2,True,True,BOT,-0.122,neutro,1.829,1.32,0.75,60.3,neutro,2.62,0.825,11.7,1.045,0.9,0.411,1.015,0.525,0.414,0.495
146410,Marquinhos,BOT,Meia,6,0.85,0.0,0.0,1,0.0,False,False,MIR,1.98,valor_oculto,1.008,0.0,0.125,41.5,neutro,2.61,0.95,-11.7,0.411,1.015,1.045,0.9,0.275,0.303,0.495
99815,Arias,PAL,Meia,7,13.77,-0.06,7.09,21,3.4,True,False,GRE,1.359,valor_bom,6.269,5.42,1.0,55.1,neutro,3.93,0.6,0.4,1.034,1.286,0.743,1.189,0.675,0.453,0.481
143463,Wesley Natã,FLU,Atacante,6,0.8,0.0,-0.3,1,0.0,False,False,COR,2.123,valor_oculto,0.926,0.0,0.125,49.9,neutro,2.7,0.3,-12.1,1.317,1.389,0.771,1.676,0.6,0.257,0.389
146430,Justino,BOT,Zagueiro,6,3.34,0.0,2.75,10,0.0,False,False,MIR,0.329,neutro,2.189,1.85,1.0,51.5,neutro,3.04,0.675,-11.7,0.411,1.015,1.045,0.9,0.275,0.303,0.495
148124,Vinicius,CHA,Zagueiro,5,1.63,0.0,0.1,2,0.0,False,False,CAM,0.764,valor_bom,1.21,0.1,0.25,30.8,desfavoravel,2.44,0.05,-54.0,1.486,0.9,1.189,0.671,0.45,0.139,
108162,Nardoni,GRE,Meia,6,6.05,0.17,1.89,16,2.5,True,True,PAL,-0.559,armadilha_leve,2.631,1.58,1.0,24.3,neutro,2.66,0.05,-0.4,0.743,1.189,1.034,1.286,0.2,0.269,0.481
148152,Ararat,CFC,Meia,6,4.0,0.0,0.0,0,0.0,False,False,VAS,-2.59,armadilha_forte,0.0,0.0,0.0,68.5,neutro,2.6,0.875,-2.6,1.459,1.279,1.076,1.268,0.55,0.172,
148206,Nadson,SAN,Atacante,6,1.0,0.0,0.0,0,0.0,False,False,REM,0.521,valor_bom,0.0,0.0,0.0,66.8,neutro,2.58,0.75,0.2,1.333,0.533,0.871,1.08,0.925,0.369,0.497
97911,Lucas Silva,VIT,Atacante,6,2.8,0.0,-0.17,3,0.0,False,True,CRU,-1.071,armadilha_leve,0.739,0.0,0.375,62.1,neutro,2.56,0.825,28.2,1.0,0.831,1.246,1.108,0.5,0.331,
145563,João Ananias,SAN,Zagueiro,7,3.43,0.0,2.5,6,0.0,False,False,REM,-0.067,neutro,1.921,2.0,0.75,71.6,neutro,3.81,0.775,0.2,1.333,0.533,0.871,1.08,0.925,0.369,0.497
110144,Spinelli,VAS,Atacante,6,5.59,0.0,2.95,16,0.0,False,True,CFC,-0.591,armadilha_leve,2.815,2.45,1.0,54.4,neutro,2.78,0.425,2.6,1.076,1.268,1.459,1.279,0.5,0.597,
93371,Rodrigo Rodrigues,CFC,Atacante,6,3.28,0.0,-0.9,1,0.0,False,False,VAS,-1.388,armadilha_leve,0.859,0.0,0.125,68.9,neutro,2.96,0.875,-2.6,1.459,1.279,1.076,1.268,0.55,0.172,
148215,Djhordney,SAO,Meia,7,1.33,0.69,0.52,5,4.7,True,True,INT,1.07,valor_bom,0.898,0.52,0.625,49.9,neutro,2.22,0.425,30.8,0.839,0.867,1.26,1.234,0.5,0.482,0.456
124386,Kainã,CHA,Goleiro,6,1.0,0.0,0.0,0,0.0,False,False,CAM,0.204,neutro,0.0,0.0,0.0,30.2,desfavoravel,2.0,0.05,-54.0,1.486,0.9,1.189,0.671,0.45,0.139,
109987,Medina,BOT,Meia,7,6.35,0.0,3.38,16,0.0,False,False,MIR,0.504,valor_bom,3.624,3.07,1.0,41.5,neutro,3.32,0.95,-11.7,0.411,1.015,1.045,0.9,0.275,0.303,0.495
131964,Jhoan Hernández,BOT,Lateral,6,3.69,0.0,0.0,1,0.0,False,False,MIR,-1.028,armadilha_leve,1.547,0.0,0.125,51.0,neutro,3.05,0.675,-11.7,0.411,1.015,1.045,0.9,0.275,0.303,0.495
105048,Jajá,REM,Atacante,6,6.44,0.16,5.27,22,1.5,True,True,SAN,1.923,valor_oculto,5.154,2.5,1.0,38.4,neutro,3.96,0.7,-0.2,0.871,1.08,1.333,0.533,0.05,0.349,0.497
104666,Moisés,SAN,Atacante,6,4.78,0.0,2.35,13,0.0,False,False,REM,-0.573,armadilha_leve,2.424,0.73,1.0,66.8,neutro,2.75,0.75,0.2,1.333,0.533,0.871,1.08,0.925,0.369,0.497
97899,Matheus Bahia,INT,Lateral,7,6.05,0.0,4.25,17,0.0,False,False,SAO,0.294,neutro,4.032,2.96,1.0,41.5,neutro,3.75,0.35,-30.8,1.26,1.234,0.839,0.867,0.425,0.245,0.456
130393,Luiz Gustavo,BAH,Zagueiro,6,1.0,0.0,0.0,0,0.0,False,False,CAP,0.173,neutro,0.0,0.0,0.0,40.0,neutro,2.15,0.125,-15.4,1.671,1.309,1.449,2.09,0.95,0.277,0.505
92747,Eduardo Domínguez,CAM,Técnico,7,10.56,0.77,5.41,22,8.0,True,True,CHA,-0.751,armadilha_leve,5.707,5.41,1.0,76.3,neutro,4.8,0.825,54.0,1.189,0.671,1.486,0.9,0.675,0.646,
126189,Tomás Pérez,CAM,Meia,6,3.99,0.0,1.66,14,0.0,False,True,CHA,-0.329,neutro,1.86,1.66,1.0,77.3,neutro,2.53,0.825,54.0,1.189,0.671,1.486,0.9,0.675,0.646,
143465,Keven Samuel,FLU,Atacante,6,1.0,0.0,0.0,0,0.0,False,False,COR,0.521,valor_bom,0.0,0.0,0.0,49.9,neutro,2.31,0.3,-12.1,1.317,1.389,0.771,1.676,0.6,0.257,0.389
133671,Gustavo Reis,RBB,Goleiro,6,1.0,0.0,0.0,0,0.0,False,False,FLA,0.204,neutro,0.0,0.0,0.0,26.9,desfavoravel,1.94,0.0,-35.9,0.975,1.255,0.917,0.736,0.35,0.132,0.571
104036,Labyad,COR,Meia,5,4.52,0.0,2.05,11,0.0,False,True,FLU,-0.357,neutro,2.118,0.69,1.0,45.0,neutro,2.36,0.625,12.1,0.771,1.676,1.317,1.389,0.0,0.442,0.389
139200,Pedro Kauã,INT,Zagueiro,6,1.0,0.0,0.0,0,0.0,False,False,SAO,0.173,neutro,0.0,0.0,0.0,42.3,neutro,2.19,0.35,-30.8,1.26,1.234,0.839,0.867,0.425,0.245,0.456
147545,Jefinho,GRE,Meia,6,1.46,0.0,1.5,1,0.0,False,True,PAL,1.223,valor_bom,1.175,1.5,0.125,24.3,neutro,2.43,0.05,-0.4,0.743,1.189,1.034,1.286,0.2,0.269,0.481
93368,Lucas Veríssimo,SAN,Zagueiro,6,8.78,0.0,4.1,13,0.0,False,False,REM,0.009,neutro,4.09,2.95,1.0,71.6,favoravel_visitante,4.19,0.775,0.2,1.333,0.533,0.871,1.08,0.925,0.369,0.497
142275,Luiz Felipe,FLA,Meia,6,1.0,0.0,0.0,0,0.0,False,True,RBB,0.496,neutro,0.0,0.0,0.0,55.7,neutro,2.4,0.2,35.9,0.917,0.736,0.975,1.255,0.9,0.666,0.571
88963,Leonardo Jardim,FLA,Técnico,7,13.21,-0.21,7.39,23,7.09,True,True,RBB,1.027,valor_bom,7.167,7.39,1.0,55.3,neutro,4.68,0.2,35.9,0.917,0.736,0.975,1.255,0.9,0.666,0.571
142261,Jeferson,GRE,Atacante,6,1.0,0.0,0.0,0,0.0,False,True,PAL,0.521,valor_bom,0.0,0.0,0.0,25.1,neutro,1.91,0.05,-0.4,0.743,1.189,1.034,1.286,0.2,0.269,0.481
101807,Oliva,SAN,Meia,7,6.32,-1.33,3.49,17,0.8,True,False,REM,0.597,valor_bom,3.689,2.31,1.0,66.1,neutro,3.19,0.75,0.2,1.333,0.533,0.871,1.08,0.925,0.369,0.497
147875,Daniel Silva,FLA,Zagueiro,6,1.0,0.0,0.0,0,0.0,False,True,RBB,0.173,neutro,0.0,0.0,0.0,72.9,favoravel,2.67,0.6,35.9,0.917,0.736,0.975,1.255,0.9,0.666,0.571
141400,Huguinho,BOT,Meia,7,4.68,-0.37,3.08,9,1.8,True,False,MIR,0.217,neutro,2.671,2.52,1.0,41.5,neutro,2.4,0.95,-11.7,0.411,1.015,1.045,0.9,0.275,0.303,0.495
124219,Millán,FLU,Zagueiro,7,4.49,0.0,1.47,6,0.0,False,False,COR,-0.511,armadilha_leve,2.131,0.97,0.75,65.3,neutro,2.89,0.95,-12.1,1.317,1.389,0.771,1.676,0.6,0.257,0.389
115537,Marcos Victor,BAH,Zagueiro,7,3.88,0.14,2.84,5,3.2,True,False,CAP,0.584,valor_bom,2.708,2.24,0.625,40.0,neutro,3.44,0.125,-15.4,1.671,1.309,1.449,2.09,0.95,0.277,0.505
93834,Keiller,CFC,Goleiro,6,4.0,0.0,0.0,0,0.0,False,False,VAS,-2.347,armadilha_forte,0.0,0.0,0.0,63.5,neutro,2.52,0.85,-2.6,1.459,1.279,1.076,1.268,0.55,0.172,
100804,Tchamba,REM,Zagueiro,7,4.59,-0.54,2.78,19,1.5,True,True,SAN,0.172,neutro,2.734,2.2,1.0,36.7,neutro,3.3,0.1,-0.2,0.871,1.08,1.333,0.533,0.05,0.349,0.497
147268,Anderson Pato,VIT,Atacante,5,3.12,0.0,1.38,4,0.0,False,True,CRU,-0.826,armadilha_leve,1.18,1.38,0.5,62.1,neutro,2.66,0.825,28.2,1.0,0.831,1.246,1.108,0.5,0.331,
124424,Rodrigo Castillo,FLU,Atacante,6,7.9,0.03,4.07,14,6.8,True,False,COR,0.183,neutro,4.348,1.43,1.0,49.9,neutro,3.95,0.3,-12.1,1.317,1.389,0.771,1.676,0.6,0.257,0.389
41929,Renato Gaúcho,GRE,Técnico,7,9.79,0.0,5.08,14,0.0,False,True,PAL,-1.506,armadilha_forte,5.166,5.08,1.0,24.7,neutro,3.39,0.05,-0.4,0.743,1.189,1.034,1.286,0.2,0.269,0.481
84268,Georgemy,MIR,Goleiro,6,3.0,0.0,0.0,0,0.0,False,True,BOT,-1.726,armadilha_forte,0.0,0.0,0.0,55.2,neutro,2.39,0.275,11.7,1.045,0.9,0.411,1.015,0.525,0.414,0.495
81720,Lingard,COR,Atacante,6,3.96,-0.03,1.71,16,1.7,True,True,FLU,-0.526,armadilha_leve,1.988,1.4,1.0,46.3,neutro,2.32,0.625,12.1,0.771,1.676,1.317,1.389,0.0,0.442,0.389
142260,Bernardo Zortea,GRE,Meia,6,1.72,0.0,1.17,4,0.0,False,True,PAL,0.849,valor_bom,1.146,1.17,0.5,24.3,neutro,2.08,0.05,-0.4,0.743,1.189,1.034,1.286,0.2,0.269,0.481
133690,Bruno Lopes,VAS,Atacante,6,1.57,0.0,1.7,1,0.0,False,True,CFC,0.999,valor_bom,1.148,1.7,0.125,54.4,neutro,2.89,0.425,2.6,1.076,1.268,1.459,1.279,0.5,0.597,
141594,Pedro Gabriel,GRE,Lateral,7,4.09,-0.55,2.79,14,-1.3,True,True,PAL,-0.329,neutro,2.409,1.58,1.0,34.8,neutro,2.07,0.05,-0.4,0.743,1.189,1.034,1.286,0.2,0.269,0.481
95131,Gabriel Taliari,REM,Atacante,7,8.38,-0.22,4.64,15,2.7,True,True,SAN,0.436,neutro,4.708,2.51,1.0,38.4,neutro,3.41,0.7,-0.2,0.871,1.08,1.333,0.533,0.05,0.349,0.497
129661,Wendel,BAH,Meia,6,1.0,0.0,0.0,0,0.0,False,False,CAP,0.496,neutro,0.0,0.0,0.0,61.8,neutro,2.5,0.2,-15.4,1.671,1.309,1.449,2.09,0.95,0.277,0.505
121823,Kauê,COR,Goleiro,6,5.21,0.0,4.98,4,0.0,False,True,FLU,0.649,valor_bom,3.787,3.73,0.5,39.5,neutro,3.65,0.275,12.1,0.771,1.676,1.317,1.389,0.0,0.442,0.389
140726,David Martins,BAH,Meia,6,0.65,0.0,-0.1,3,0.0,False,False,CAP,2.111,valor_oculto,0.798,0.0,0.375,61.8,neutro,2.58,0.2,-15.4,1.671,1.309,1.449,2.09,0.95,0.277,0.505
145659,Nicolas,SAO,Lateral,5,2.79,0.0,5.0,1,0.0,False,True,INT,0.497,neutro,2.103,2.0,0.125,61.1,favoravel,3.5,0.475,30.8,0.839,0.867,1.26,1.234,0.5,0.482,0.456
107256,Zé Vitor,VIT,Meia,7,6.03,-0.99,4.65,16,2.8,True,True,CRU,1.681,valor_oculto,4.471,4.34,1.0,61.7,favoravel,3.56,0.825,28.2,1.0,0.831,1.246,1.108,0.5,0.331,
110605,Vinícius Balieiro,CHA,Meia,5,3.62,0.0,1.84,5,0.0,False,False,CAM,0.182,neutro,2.068,1.84,0.625,44.5,neutro,2.72,0.65,-54.0,1.486,0.9,1.189,0.671,0.45,0.139,
148125,Ryan Augusto,RBB,Lateral,6,3.55,0.0,3.17,6,0.0,False,False,FLA,0.057,neutro,2.353,2.67,0.75,26.0,desfavoravel,2.36,0.0,-35.9,0.975,1.255,0.917,0.736,0.35,0.132,0.571
141752,Caio Valle,BOT,Meia,6,1.0,0.0,0.0,0,0.0,False,False,MIR,0.496,neutro,0.0,0.0,0.0,41.5,neutro,2.17,0.95,-11.7,0.411,1.015,1.045,0.9,0.275,0.303,0.495
147192,Claudinho,CAP,Lateral,5,7.84,0.0,7.52,6,0.0,False,True,BAH,1.98,valor_oculto,6.209,5.19,0.75,36.8,neutro,5.19,0.15,15.4,1.449,2.09,1.671,1.309,0.45,0.448,0.505
127273,Artur Jorge,CRU,Técnico,7,11.53,-0.41,6.37,19,5.15,True,False,VIT,0.361,neutro,6.416,6.37,1.0,29.7,desfavoravel,4.03,0.1,-28.2,1.246,1.108,1.0,0.831,0.5,0.365,
141184,Walace Falcão,VAS,Zagueiro,6,1.0,0.0,0.0,0,0.0,False,True,CFC,0.173,neutro,0.0,0.0,0.0,42.8,neutro,2.2,0.2,2.6,1.076,1.268,1.459,1.279,0.5,0.597,
143153,Tarzia,VIT,Atacante,7,3.96,0.09,2.93,20,3.4,True,True,CRU,0.539,valor_bom,2.82,1.88,1.0,62.1,favoravel,2.86,0.825,28.2,1.0,0.831,1.246,1.108,0.5,0.331,
42411,Cuca,SAN,Técnico,7,10.43,-0.05,6.2,18,6.6,True,False,REM,0.056,neutro,5.928,6.2,1.0,65.5,neutro,4.59,0.75,0.2,1.333,0.533,0.871,1.08,0.925,0.369,0.497
142257,Luis Eduardo,GRE,Zagueiro,6,1.45,0.0,-0.3,2,0.0,False,True,PAL,0.898,valor_bom,1.13,0.0,0.25,35.9,neutro,2.47,0.05,-0.4,0.743,1.189,1.034,1.286,0.2,0.269,0.481
130209,Renê,VIT,Atacante,7,11.31,0.99,7.21,18,20.3,True,True,CRU,1.628,valor_oculto,6.479,3.38,1.0,62.1,favoravel,3.9,0.825,28.2,1.0,0.831,1.246,1.108,0.5,0.331,
143252,Gean,VIT,Lateral,6,1.0,0.0,0.0,0,0.0,False,True,CRU,0.567,valor_bom,0.0,0.0,0.0,58.0,neutro,2.44,0.4,28.2,1.0,0.831,1.246,1.108,0.5,0.331,
123005,Sidney,BAH,Meia,6,1.0,0.0,0.0,0,0.0,False,False,CAP,0.496,neutro,0.0,0.0,0.0,61.8,neutro,2.5,0.2,-15.4,1.671,1.309,1.449,2.09,0.95,0.277,0.505
147850,Rodrigo Bellão,BOT,Técnico,7,10.1,-0.37,5.51,6,4.6,True,False,MIR,-1.161,armadilha_leve,5.4,5.51,0.75,41.5,neutro,4.17,0.95,-11.7,0.411,1.015,1.045,0.9,0.275,0.303,0.495
102877,Gabriel Poveda,REM,Atacante,6,2.68,0.11,0.66,14,1.5,True,True,SAN,-0.851,armadilha_leve,0.812,0.66,1.0,38.4,neutro,1.94,0.7,-0.2,0.871,1.08,1.333,0.533,0.05,0.349,0.497
149715,Rafael Gonzaga,SAN,Lateral,6,2.79,0.0,2.4,1,0.0,False,False,REM,0.152,neutro,1.814,2.4,0.125,71.9,favoravel_visitante,3.51,0.775,0.2,1.333,0.533,0.871,1.08,0.925,0.369,0.497
121811,Da Silva,CHA,Meia,6,3.0,0.0,0.0,0,0.0,False,False,CAM,-1.839,armadilha_forte,0.0,0.0,0.0,44.5,neutro,2.22,0.65,-54.0,1.486,0.9,1.189,0.671,0.45,0.139,
103347,Matheus Alexandre,REM,Lateral,6,4.19,0.0,1.92,11,0.0,False,True,SAN,-0.163,neutro,2.614,1.1,1.0,35.6,neutro,2.39,0.1,-0.2,0.871,1.08,1.333,0.533,0.05,0.349,0.497
97905,Matheus Aurélio,CHA,Goleiro,6,2.61,0.0,1.7,2,0.0,False,False,CAM,1.308,valor_bom,2.892,1.7,0.25,30.2,desfavoravel,3.16,0.05,-54.0,1.486,0.9,1.189,0.671,0.45,0.139,
101820,Mayk,REM,Lateral,6,5.75,0.0,3.27,14,0.0,False,True,SAN,-0.311,neutro,3.379,2.27,1.0,35.6,neutro,3.16,0.1,-0.2,0.871,1.08,1.333,0.533,0.05,0.349,0.497
141405,Avellar,VAS,Lateral,6,2.8,0.0,3.45,2,0.0,False,True,CFC,0.462,neutro,2.083,3.45,0.25,42.0,neutro,3.07,0.2,2.6,1.076,1.268,1.459,1.279,0.5,0.597,
149993,Iago Machado,COR,Zagueiro,6,0.89,-0.11,0.0,1,0.0,True,True,FLU,1.982,valor_oculto,1.322,0.0,0.125,40.0,neutro,2.76,0.275,12.1,0.771,1.676,1.317,1.389,0.0,0.442,0.389
94034,Kevin Ramírez,CHA,Atacante,6,4.21,0.0,3.18,5,0.0,False,False,CAM,0.305,neutro,2.789,2.18,0.625,45.2,neutro,2.96,0.65,-54.0,1.486,0.9,1.189,0.671,0.45,0.139,
130282,Anthony,BOT,Zagueiro,6,3.0,0.0,0.0,0,0.0,False,False,MIR,-2.094,armadilha_forte,0.0,0.0,0.0,51.5,neutro,2.33,0.675,-11.7,0.411,1.015,1.045,0.9,0.275,0.303,0.495
124264,Kauan Jesus,INT,Goleiro,6,1.0,0.0,0.0,0,0.0,False,False,SAO,0.204,neutro,0.0,0.0,0.0,41.8,neutro,2.18,0.35,-30.8,1.26,1.234,0.839,0.867,0.425,0.245,0.456
150197,Osorio,SAO,Zagueiro,3,1.38,-0.86,1.33,6,-3.6,True,True,INT,1.349,valor_bom,1.42,0.5,0.75,61.2,favoravel,3.39,0.475,30.8,0.839,0.867,1.26,1.234,0.5,0.482,0.456
147089,Cauã Soares,CAM,Atacante,6,1.39,0.0,0.73,6,0.0,False,True,CHA,1.007,valor_bom,0.93,0.73,0.75,80.2,favoravel,2.56,0.825,54.0,1.189,0.671,1.486,0.9,0.675,0.646,
148717,Tetê,SAO,Atacante,6,0.63,-0.02,-0.32,5,0.0,True,True,INT,2.023,valor_oculto,0.541,0.0,0.625,51.4,neutro,2.07,0.425,30.8,0.839,0.867,1.26,1.234,0.5,0.482,0.456
149991,David,CFC,Atacante,6,0.92,0.0,0.0,1,0.0,False,False,VAS,1.91,valor_oculto,0.959,0.0,0.125,68.9,neutro,3.01,0.875,-2.6,1.459,1.279,1.076,1.268,0.55,0.172,
123016,David Braga,REM,Meia,6,2.88,0.0,1.05,11,0.0,False,True,SAN,-0.421,neutro,1.085,1.05,1.0,37.6,neutro,1.9,0.7,-0.2,0.871,1.08,1.333,0.533,0.05,0.349,0.497
149994,Jhuan Nunes,RBB,Atacante,6,1.54,0.0,1.15,2,0.0,False,False,FLA,0.975,valor_bom,1.093,1.15,0.25,21.1,desfavoravel,2.27,0.1,-35.9,0.975,1.255,0.917,0.736,0.35,0.132,0.571
130309,Rodrigo Falcão,SAN,Goleiro,6,1.0,0.0,0.0,0,0.0,False,False,REM,0.204,neutro,0.0,0.0,0.0,71.2,favoravel_visitante,2.65,0.775,0.2,1.333,0.533,0.871,1.08,0.925,0.369,0.497
130233,Iuri,BAH,Goleiro,6,1.0,0.0,0.0,0,0.0,False,False,CAP,0.204,neutro,0.0,0.0,0.0,39.5,desfavoravel,2.14,0.125,-15.4,1.671,1.309,1.449,2.09,0.95,0.277,0.505
141795,Kauan Coutinho,VIT,Zagueiro,6,1.0,0.0,0.0,0,0.0,False,True,CRU,0.173,neutro,0.0,0.0,0.0,58.2,neutro,2.44,0.4,28.2,1.0,0.831,1.246,1.108,0.5,0.331,
85465,Alex Santana,COR,Meia,6,4.02,0.0,0.8,1,0.0,False,True,FLU,-0.114,neutro,2.054,0.8,0.125,45.0,neutro,3.22,0.625,12.1,0.771,1.676,1.317,1.389,0.0,0.442,0.389
130399,Igor Felisberto,SAO,Lateral,6,1.0,0.0,0.0,0,0.0,False,True,INT,0.567,valor_bom,0.0,0.0,0.0,61.1,favoravel,2.49,0.475,30.8,0.839,0.867,1.26,1.234,0.5,0.482,0.456
132750,João Pedro,SAN,Goleiro,6,1.0,0.0,0.0,0,0.0,False,False,REM,0.204,neutro,0.0,0.0,0.0,71.2,favoravel_visitante,2.65,0.775,0.2,1.333,0.533,0.871,1.08,0.925,0.369,0.497
143255,Kauan Vitor,VIT,Lateral,6,1.0,0.0,0.0,0,0.0,False,True,CRU,0.567,valor_bom,0.0,0.0,0.0,58.0,neutro,2.44,0.4,28.2,1.0,0.831,1.246,1.108,0.5,0.331,
146701,Benjamin Arhin,INT,Meia,6,1.73,0.0,-0.3,1,0.0,False,False,SAO,0.629,valor_bom,0.975,0.0,0.125,32.4,desfavoravel,2.45,0.25,-30.8,1.26,1.234,0.839,0.867,0.425,0.245,0.456
150757,Samuel Pierri,SAN,Meia,6,1.88,0.0,0.45,2,0.0,False,False,REM,0.476,neutro,0.997,0.45,0.25,66.1,neutro,2.87,0.75,0.2,1.333,0.533,0.871,1.08,0.925,0.369,0.497
150825,Breno,RBB,Zagueiro,6,2.8,0.0,3.35,2,0.0,False,False,FLA,0.36,neutro,1.86,1.85,0.25,27.4,desfavoravel,2.73,0.0,-35.9,0.975,1.255,0.917,0.736,0.35,0.132,0.571
143253,Wendell,VIT,Meia,6,2.0,0.0,0.0,0,0.0,False,True,CRU,-0.87,armadilha_leve,0.0,0.0,0.0,61.7,neutro,2.5,0.825,28.2,1.0,0.831,1.246,1.108,0.5,0.331,
150826,Nícollas,COR,Atacante,6,1.0,0.0,0.0,0,0.0,False,True,FLU,0.521,valor_bom,0.0,0.0,0.0,46.3,neutro,2.25,0.625,12.1,0.771,1.676,1.317,1.389,0.0,0.442,0.389
142868,Johnny,FLA,Lateral,6,0.89,0.0,0.0,1,0.0,False,True,RBB,2.644,valor_oculto,1.547,0.0,0.125,73.2,favoravel,3.39,0.6,35.9,0.917,0.736,0.975,1.255,0.9,0.666,0.571
129665,Pablo,VAS,Goleiro,6,1.0,0.0,0.0,0,0.0,False,True,CFC,0.204,neutro,0.0,0.0,0.0,42.3,neutro,2.19,0.2,2.6,1.076,1.268,1.459,1.279,0.5,0.597,
150180,Ramon Rique,VAS,Meia,6,2.62,0.0,2.16,7,0.0,False,True,CFC,0.452,neutro,1.613,0.73,0.875,52.2,neutro,2.35,0.425,2.6,1.076,1.268,1.459,1.279,0.5,0.597,
148092,Vitor Ramon,GRE,Lateral,6,1.0,0.0,0.2,1,0.0,False,True,PAL,2.443,valor_oculto,1.57,0.2,0.125,34.8,neutro,2.81,0.05,-0.4,0.743,1.189,1.034,1.286,0.2,0.269,0.481
150952,Arthur Monteiro,CAP,Lateral,6,1.0,0.0,0.0,0,0.0,False,True,BAH,0.567,valor_bom,0.0,0.0,0.0,36.8,neutro,2.1,0.15,15.4,1.449,2.09,1.671,1.309,0.45,0.448,0.505
147877,Cauan Farias,VIT,Zagueiro,6,1.0,0.0,0.0,0,0.0,False,True,CRU,0.173,neutro,0.0,0.0,0.0,58.2,neutro,2.44,0.4,28.2,1.0,0.831,1.246,1.108,0.5,0.331,
145660,Luiz Felipe,INT,Lateral,6,1.65,0.0,1.45,2,0.0,False,False,SAO,1.441,valor_bom,1.683,1.45,0.25,41.5,neutro,2.85,0.35,-30.8,1.26,1.234,0.839,0.867,0.425,0.245,0.456
147792,Koné,PAL,Zagueiro,6,2.0,0.0,0.0,0,0.0,False,False,GRE,-1.153,armadilha_leve,0.0,0.0,0.0,49.2,neutro,2.3,0.3,0.4,1.034,1.286,0.743,1.189,0.675,0.453,0.481
117926,Nicolás Fonseca,CFC,Meia,6,6.0,0.0,0.0,0,0.0,False,False,VAS,-3.724,armadilha_forte,0.0,0.0,0.0,68.5,neutro,2.6,0.875,-2.6,1.459,1.279,1.076,1.268,0.55,0.172,
141382,Gustavo Santana,SAO,Atacante,6,3.6,0.0,3.6,4,0.0,False,True,INT,-0.315,neutro,1.92,1.6,0.5,51.4,neutro,2.87,0.425,30.8,0.839,0.867,1.26,1.234,0.5,0.482,0.456
144898,Vitinho,CAP,Lateral,6,1.0,0.0,0.0,0,0.0,False,True,BAH,0.567,valor_bom,0.0,0.0,0.0,36.8,neutro,2.1,0.15,15.4,1.449,2.09,1.671,1.309,0.45,0.448,0.505
