atleta_id,nome,clube,posicao,status_id,preco,variacao,media,jogos,pontos_rodada,entrou_em_campo,mandante,adversario,residuo_z,armadilha_label,media_bayesiana,pb_media,confiabilidade,score_confronto_100,condicao_mando,pontos_esperados,oportunidade_confronto,vantagem_mando,time_momentum_of,time_momentum_def,adv_momentum_of,adv_momentum_def,forma_score_time,prob_vitoria,prob_gols
147544,Gabriel Menegon,GRE,Goleiro,6,1.81,0.0,0.0,1,0.0,False,True,VAS,2.524,valor_oculto,3.592,0.0,0.125,69.9,favoravel,3.72,0.75,52.8,0.926,1.061,0.741,1.125,0.35,0.287,
150995,Sayago,FLA,Meia,6,2.0,0.0,0.0,0,0.0,False,True,COR,-0.855,armadilha_leve,0.0,0.0,0.0,60.2,neutro,1.35,0.225,36.1,1.224,0.743,0.963,1.348,0.85,0.699,
141125,Robert,CAM,Goleiro,6,1.0,0.0,0.0,0,0.0,False,True,FLU,0.168,neutro,0.0,0.0,0.0,61.1,favoravel,1.37,0.25,33.4,1.094,0.833,1.3,1.137,0.55,0.459,
141536,Yuri Alves,RBB,Meia,6,1.55,0.0,1.05,4,0.0,False,False,BOT,0.927,valor_bom,1.073,1.05,0.5,48.7,neutro,1.79,0.9,-5.5,0.806,1.429,0.405,1.0,0.275,0.307,
145703,Kaio Nóbrega,FLA,Meia,6,1.0,0.0,0.0,0,0.0,False,True,COR,0.444,neutro,0.0,0.0,0.0,60.2,favoravel,1.35,0.225,36.1,1.224,0.743,0.963,1.348,0.85,0.699,
150959,Davizinho,SAN,Lateral,6,2.01,0.0,1.62,4,0.0,False,True,CRU,0.926,valor_bom,1.767,0.87,0.5,49.6,neutro,2.2,0.4,1.5,1.081,0.658,1.505,0.984,0.8,0.333,0.5
147736,Pepê Fermino,SAN,Meia,6,1.0,0.0,0.0,0,0.0,False,True,CRU,0.444,neutro,0.0,0.0,0.0,55.2,neutro,1.27,0.725,1.5,1.081,0.658,1.505,0.984,0.8,0.333,0.5
151003,Eduardo,PAL,Atacante,6,1.0,0.0,0.0,0,0.0,False,True,SAO,0.607,valor_bom,0.0,0.0,0.0,46.2,neutro,1.11,0.3,51.9,0.809,1.238,0.968,0.893,0.525,0.56,0.464
148126,Weimar Palacios,RBB,Zagueiro,6,1.0,0.0,0.0,0,0.0,False,False,BOT,0.19,neutro,0.0,0.0,0.0,50.9,neutro,1.19,0.375,-5.5,0.806,1.429,0.405,1.0,0.275,0.307,
144889,Victor Gabriel,PAL,Meia,6,1.0,0.0,0.0,0,0.0,False,True,SAO,0.444,neutro,0.0,0.0,0.0,46.1,neutro,1.11,0.3,51.9,0.809,1.238,0.968,0.893,0.525,0.56,0.464
144255,João Alencar,SAN,Zagueiro,6,1.0,0.0,0.0,0,0.0,False,True,CRU,0.19,neutro,0.0,0.0,0.0,48.4,neutro,1.15,0.4,1.5,1.081,0.658,1.505,0.984,0.8,0.333,0.5
130279,Lukas Zuccarello,VAS,Meia,6,2.32,0.0,1.3,1,0.0,False,False,GRE,0.122,neutro,1.108,1.3,0.125,33.7,desfavoravel,1.6,0.6,-52.8,0.741,1.125,0.926,1.061,0.3,0.408,
145413,Rafael Coutinho,PAL,Meia,6,1.0,0.0,0.0,0,0.0,False,True,SAO,0.444,neutro,0.0,0.0,0.0,46.1,neutro,1.11,0.3,51.9,0.809,1.238,0.968,0.893,0.525,0.56,0.464
107203,Max,CHA,Meia,5,4.39,0.0,1.85,2,0.0,False,True,INT,-0.189,neutro,2.165,1.85,0.25,55.1,neutro,2.89,0.55,0.0,1.481,0.9,0.929,1.071,0.575,0.253,0.509
108946,Victor Sá,SAO,Atacante,6,6.08,0.0,2.7,4,0.0,False,False,PAL,0.783,valor_bom,4.107,1.45,0.5,28.5,desfavoravel,3.28,0.15,-51.9,0.968,0.893,0.809,1.238,0.625,0.181,0.464
146663,Kauan Lima,PAL,Goleiro,6,1.0,0.0,0.0,0,0.0,False,True,SAO,0.168,neutro,0.0,0.0,0.0,64.8,favoravel,1.43,0.8,51.9,0.809,1.238,0.968,0.893,0.525,0.56,0.464
94214,Léo Duarte,CAM,Zagueiro,6,5.0,0.0,0.0,0,0.0,False,True,FLU,-3.238,armadilha_forte,0.0,0.0,0.0,61.5,neutro,1.38,0.25,33.4,1.094,0.833,1.3,1.137,0.55,0.459,
97101,Gabriel Rojas,CRU,Lateral,7,5.91,-0.81,3.02,6,-0.5,True,False,SAN,-0.419,neutro,3.306,2.52,0.75,59.4,neutro,3.09,0.6,-1.5,1.505,0.984,1.081,0.658,0.75,0.381,0.5
114208,Alejo Véliz,BAH,Atacante,7,8.1,0.69,6.31,7,10.7,True,True,REM,1.551,valor_oculto,5.51,2.17,0.875,82.2,favoravel,5.23,0.95,30.7,1.43,1.137,1.04,1.088,0.875,0.656,
151120,Jorge Rivaldo,CAP,Atacante,6,3.52,0.0,0.17,3,0.0,False,False,CFC,-1.618,armadilha_forte,0.776,0.17,0.375,60.2,neutro,1.82,0.8,-2.3,1.449,2.09,1.459,1.279,0.45,,
106907,Rafael Lacerda,CHA,Técnico,7,8.57,0.08,5.35,7,5.77,True,True,INT,0.05,neutro,5.111,5.35,0.875,54.4,neutro,3.24,0.55,0.0,1.481,0.9,0.929,1.071,0.575,0.253,0.509
37715,Thiago Silva,FLU,Zagueiro,6,6.83,0.0,3.1,3,0.0,False,False,CAM,0.353,neutro,3.718,2.1,0.375,41.6,neutro,3.88,0.2,-33.4,1.3,1.137,1.094,0.833,0.825,0.245,
102310,Matheus Felipe,REM,Zagueiro,6,4.14,0.0,2.7,2,0.0,False,False,BAH,0.483,neutro,2.723,1.2,0.25,30.1,desfavoravel,2.52,0.45,-30.7,1.04,1.088,1.43,1.137,0.125,0.14,
130443,Luciano,CHA,Zagueiro,6,1.0,0.0,0.0,0,0.0,False,True,INT,0.19,neutro,0.0,0.0,0.0,60.8,neutro,1.36,0.55,0.0,1.481,0.9,0.929,1.071,0.575,0.253,0.509
98617,Maripán,INT,Zagueiro,7,4.25,0.0,2.5,7,0.0,False,False,CHA,0.297,neutro,2.622,1.64,0.875,39.6,neutro,2.78,0.55,0.0,0.929,1.071,1.481,0.9,0.225,0.475,0.509
151294,Juan Ferreira,CHA,Meia,6,1.0,0.0,0.0,0,0.0,False,True,INT,0.444,neutro,0.0,0.0,0.0,55.1,neutro,1.27,0.55,0.0,1.481,0.9,0.929,1.071,0.575,0.253,0.509
130307,Wallace,GRE,Zagueiro,7,4.82,-0.67,3.06,5,1.2,True,True,VAS,0.254,neutro,2.856,1.86,0.625,70.3,favoravel,3.96,0.75,52.8,0.926,1.061,0.741,1.125,0.35,0.287,
120681,Marco Moreno,BAH,Zagueiro,6,4.0,0.0,0.0,0,0.0,False,True,REM,-2.669,armadilha_forte,0.0,0.0,0.0,70.4,neutro,1.53,0.55,30.7,1.43,1.137,1.04,1.088,0.875,0.656,
99267,Pochettino,VIT,Meia,6,4.62,-0.78,2.2,7,-0.3,True,False,MIR,-0.254,neutro,2.223,2.2,0.875,46.6,neutro,2.34,0.95,-38.4,0.624,0.843,0.897,1.3,0.45,0.21,
124369,Léo Aragão,CRU,Goleiro,6,2.0,0.0,0.0,0,0.0,False,False,SAN,-0.868,armadilha_leve,0.0,0.0,0.0,57.5,neutro,1.31,0.6,-1.5,1.505,0.984,1.081,0.658,0.75,0.381,0.5
106199,Gabriel Pec,CRU,Atacante,5,7.94,0.0,4.1,1,0.0,False,False,SAN,0.648,valor_bom,4.731,4.1,0.125,57.8,neutro,4.22,0.725,-1.5,1.505,0.984,1.081,0.658,0.75,0.381,0.5
123445,Dantas,CAP,Zagueiro,6,5.1,-1.28,2.92,4,-0.9,True,False,CFC,0.031,neutro,2.792,1.67,0.5,35.2,neutro,2.59,0.65,-2.3,1.449,2.09,1.459,1.279,0.45,,
101995,Brítez,VIT,Zagueiro,2,5.71,0.79,3.18,6,6.5,True,False,MIR,-0.112,neutro,2.922,2.18,0.75,35.7,desfavoravel,3.6,0.75,-38.4,0.624,0.843,0.897,1.3,0.45,0.21,
112985,Peralta,CRU,Meia,5,4.0,0.0,0.0,0,0.0,False,False,SAN,-2.492,armadilha_forte,0.0,0.0,0.0,58.8,neutro,1.33,0.725,-1.5,1.505,0.984,1.081,0.658,0.75,0.381,0.5
105901,Edson Fernando,REM,Meia,3,1.76,-0.86,-1.05,2,-1.8,True,False,BAH,0.184,neutro,0.657,0.0,0.25,33.5,desfavoravel,1.31,0.375,-30.7,1.04,1.088,1.43,1.137,0.125,0.14,
103626,Ocampo,CFC,Atacante,5,4.51,0.0,1.1,3,0.0,False,True,CAP,-0.674,armadilha_leve,2.153,1.1,0.375,62.3,neutro,2.64,0.55,2.3,1.459,1.279,1.449,2.09,0.55,,
109114,Matheus Nascimento,GRE,Atacante,6,4.0,0.0,0.0,0,0.0,False,True,VAS,-2.982,armadilha_forte,0.0,0.0,0.0,60.5,neutro,1.36,0.9,52.8,0.926,1.061,0.741,1.125,0.35,0.287,
117061,Gabriel Knesowitsch,MIR,Zagueiro,7,1.46,-0.14,-0.28,5,0.0,True,True,VIT,0.573,valor_bom,0.865,0.0,0.625,67.8,favoravel,1.58,0.9,38.4,0.897,1.3,0.624,0.843,0.475,0.532,
103562,Guido Herrera,BAH,Goleiro,6,6.0,0.0,0.0,0,0.0,False,True,REM,-3.032,armadilha_forte,0.0,0.0,0.0,70.1,neutro,1.52,0.55,30.7,1.43,1.137,1.04,1.088,0.875,0.656,
99034,Elias,MIR,Lateral,6,3.41,0.0,1.8,1,0.0,False,True,VIT,-0.398,neutro,1.836,1.8,0.125,69.6,neutro,2.64,0.9,38.4,0.897,1.3,0.624,0.843,0.475,0.532,
141763,Fabiano Souza,VIT,Lateral,6,3.85,0.0,0.23,3,0.0,False,False,MIR,-1.227,armadilha_leve,1.402,0.23,0.375,36.6,desfavoravel,3.47,0.75,-38.4,0.624,0.843,0.897,1.3,0.45,0.21,
122121,Túlio Eduardo,CHA,Atacante,7,6.02,-1.59,4.54,5,-1.9,True,True,INT,1.564,valor_oculto,4.706,1.34,0.625,53.8,neutro,3.84,0.55,0.0,1.481,0.9,0.929,1.071,0.575,0.253,0.509
128177,Pedro Emanuel,VAS,Técnico,7,9.57,-0.73,5.01,6,3.27,True,False,GRE,-1.142,armadilha_leve,5.132,5.01,0.75,33.5,desfavoravel,3.85,0.6,-52.8,0.741,1.125,0.926,1.061,0.3,0.408,
91130,Fernandinho,MIR,Atacante,6,3.68,-0.41,2.1,6,-0.6,True,True,VIT,0.218,neutro,2.356,2.1,0.75,64.8,favoravel,2.67,1.0,38.4,0.897,1.3,0.624,0.843,0.475,0.532,
103967,Bruno Santos,MIR,Atacante,7,5.04,1.62,2.87,7,10.6,True,True,VIT,-0.354,neutro,2.698,1.73,0.875,64.8,neutro,2.25,1.0,38.4,0.897,1.3,0.624,0.843,0.475,0.532,
146833,Cléber Lucas,BOT,Goleiro,6,1.0,0.0,0.0,0,0.0,False,True,RBB,0.168,neutro,0.0,0.0,0.0,46.4,neutro,1.12,0.55,5.5,0.405,1.0,0.806,1.429,0.2,0.416,
113558,Bruninho,RBB,Meia,6,4.0,0.0,0.0,0,0.0,False,False,BOT,-2.492,armadilha_forte,0.0,0.0,0.0,48.7,neutro,1.16,0.9,-5.5,0.806,1.429,0.405,1.0,0.275,0.307,
126996,Paulinho,VAS,Lateral,6,4.0,0.0,0.0,0,0.0,False,False,GRE,-2.889,armadilha_forte,0.0,0.0,0.0,29.9,desfavoravel,0.83,0.125,-52.8,0.741,1.125,0.926,1.061,0.3,0.408,
91204,Warleson,BOT,Goleiro,6,6.12,0.0,5.67,3,0.0,False,True,RBB,1.053,valor_bom,4.599,4.0,0.375,46.4,neutro,3.84,0.55,5.5,0.405,1.0,0.806,1.429,0.2,0.416,
151406,Herick,BOT,Zagueiro,6,1.0,0.0,0.0,0,0.0,False,True,RBB,0.19,neutro,0.0,0.0,0.0,46.9,neutro,1.13,0.55,5.5,0.405,1.0,0.806,1.429,0.2,0.416,
151404,Lucas Emanuel,BOT,Atacante,6,1.45,0.0,1.4,1,0.0,False,True,RBB,1.12,valor_bom,1.048,1.4,0.125,29.4,neutro,1.49,0.225,5.5,0.405,1.0,0.806,1.429,0.2,0.416,
118806,Buta,SAO,Lateral,5,5.94,0.0,4.0,1,0.0,False,False,PAL,-0.138,neutro,3.574,4.0,0.125,39.6,desfavoravel,3.22,0.125,-51.9,0.968,0.893,0.809,1.238,0.625,0.181,0.464
51413,Walter,MIR,Goleiro,5,5.06,0.0,2.69,20,0.0,False,True,VIT,-0.056,neutro,2.905,2.44,1.0,67.5,neutro,3.52,0.9,38.4,0.897,1.3,0.624,0.843,0.475,0.532,
151405,Victor Hugo,BOT,Meia,6,1.0,0.0,0.0,0,0.0,False,True,RBB,0.444,neutro,0.0,0.0,0.0,29.6,neutro,0.83,0.225,5.5,0.405,1.0,0.806,1.429,0.2,0.416,
98333,Gabriel Batista,BOT,Goleiro,7,5.41,2.55,4.43,3,11.5,True,True,RBB,1.018,valor_bom,4.261,2.76,0.375,46.4,neutro,3.64,0.55,5.5,0.405,1.0,0.806,1.429,0.2,0.416,
122321,Lorran,FLA,Meia,6,8.0,0.0,5.93,3,0.0,False,True,COR,1.011,valor_bom,4.584,4.26,0.375,60.2,favoravel,4.01,0.225,36.1,1.224,0.743,0.963,1.348,0.85,0.699,
91626,Paulinho,BOT,Lateral,5,4.4,0.0,-0.3,1,0.0,False,True,RBB,0.253,neutro,3.096,0.0,0.125,48.1,neutro,3.06,0.55,5.5,0.405,1.0,0.806,1.429,0.2,0.416,
97450,Gustavo Mosquito,MIR,Atacante,7,5.87,1.72,3.2,5,10.2,True,True,VIT,-0.732,armadilha_leve,2.799,1.6,0.625,64.8,neutro,3.3,1.0,38.4,0.897,1.3,0.624,0.843,0.475,0.532,
131762,Isac,SAO,Zagueiro,6,1.0,0.0,0.0,0,0.0,False,False,PAL,0.19,neutro,0.0,0.0,0.0,38.6,desfavoravel,0.98,0.125,-51.9,0.968,0.893,0.809,1.238,0.625,0.181,0.464
146624,Heittor,PAL,Atacante,6,1.15,0.0,0.53,3,0.0,False,True,SAO,1.414,valor_bom,0.874,0.53,0.375,46.2,neutro,1.65,0.3,51.9,0.809,1.238,0.968,0.893,0.525,0.56,0.464
141339,Paulo Roberto,CFC,Atacante,6,5.18,-0.58,4.65,6,1.5,True,True,CAP,0.494,neutro,3.449,1.15,0.75,62.3,neutro,3.19,0.55,2.3,1.459,1.279,1.449,2.09,0.55,,
150842,Gabriel Vinicius,INT,Meia,6,1.0,0.0,0.0,0,0.0,False,False,CHA,0.444,neutro,0.0,0.0,0.0,55.6,neutro,1.27,1.0,0.0,0.929,1.071,1.481,0.9,0.225,0.475,0.509
150841,Fabricio Prado,INT,Atacante,6,1.0,0.0,0.0,0,0.0,False,False,CHA,0.607,valor_bom,0.0,0.0,0.0,55.1,neutro,1.27,1.0,0.0,0.929,1.071,1.481,0.9,0.225,0.475,0.509
146964,Filipe Sirio,INT,Goleiro,6,1.0,0.0,0.0,0,0.0,False,False,CHA,0.168,neutro,0.0,0.0,0.0,39.0,neutro,0.99,0.55,0.0,0.929,1.071,1.481,0.9,0.225,0.475,0.509
151436,Miguel Bilong,PAL,Atacante,6,2.0,0.0,0.0,0,0.0,False,True,SAO,-0.981,armadilha_leve,0.0,0.0,0.0,46.2,neutro,1.11,0.3,51.9,0.809,1.238,0.968,0.893,0.525,0.56,0.464
151440,Gutte,CAM,Meia,6,1.0,0.0,0.0,0,0.0,False,True,FLU,0.444,neutro,0.0,0.0,0.0,56.9,neutro,1.3,0.55,33.4,1.094,0.833,1.3,1.137,0.55,0.459,
147468,Wellington,CHA,Goleiro,6,1.0,0.0,0.0,0,0.0,False,True,INT,0.168,neutro,0.0,0.0,0.0,60.4,neutro,1.36,0.55,0.0,1.481,0.9,0.929,1.071,0.575,0.253,0.509
144424,Vitor Lamounier,CRU,Goleiro,6,2.0,0.0,0.0,0,0.0,False,False,SAN,-0.868,armadilha_leve,0.0,0.0,0.0,57.5,neutro,1.31,0.6,-1.5,1.505,0.984,1.081,0.658,0.75,0.381,0.5
151412,Kássio,CHA,Atacante,6,1.49,0.0,1.5,1,0.0,False,True,INT,1.07,valor_bom,1.059,1.5,0.125,53.8,neutro,1.9,0.55,0.0,1.481,0.9,0.929,1.071,0.575,0.253,0.509
144976,Domingos Andrade,BOT,Meia,6,5.04,0.0,1.5,1,0.0,False,True,RBB,-0.558,armadilha_leve,2.161,1.5,0.125,29.6,neutro,2.18,0.225,5.5,0.405,1.0,0.806,1.429,0.2,0.416,
124483,Lucas Monzón,BOT,Zagueiro,7,4.19,0.64,2.1,3,4.7,True,True,RBB,0.255,neutro,2.557,1.1,0.375,46.9,neutro,2.65,0.55,5.5,0.405,1.0,0.806,1.429,0.2,0.416,
106950,Fernando,CHA,Lateral,6,4.35,-0.36,2.85,6,-0.2,True,True,INT,0.439,neutro,3.233,2.35,0.75,62.4,neutro,3.71,0.55,0.0,1.481,0.9,0.929,1.071,0.575,0.253,0.509
122670,Diego Caito,GRE,Lateral,7,5.84,-0.23,4.04,5,2.8,True,True,VAS,0.078,neutro,3.721,2.84,0.625,72.1,favoravel,4.11,0.75,52.8,0.926,1.061,0.741,1.125,0.35,0.287,
114801,Danilo Pereira,BOT,Atacante,7,5.78,0.23,3.58,5,4.0,True,True,RBB,-0.498,neutro,2.945,2.58,0.625,29.4,neutro,2.58,0.225,5.5,0.405,1.0,0.806,1.429,0.2,0.416,
117314,Thiago Borbas,CAM,Atacante,5,5.75,0.0,4.3,3,0.0,False,True,FLU,-0.38,neutro,3.026,1.63,0.375,56.4,neutro,3.06,0.55,33.4,1.094,0.833,1.3,1.137,0.55,0.459,
109461,Calebe,INT,Meia,6,4.65,0.0,0.83,3,0.0,False,False,CHA,-0.7,armadilha_leve,1.858,0.83,0.375,55.6,neutro,2.28,1.0,0.0,0.929,1.071,1.481,0.9,0.225,0.475,0.509
93637,Bruno Tubarão,CHA,Lateral,5,3.17,0.0,1.1,1,0.0,False,True,INT,-0.278,neutro,1.759,1.1,0.125,62.4,neutro,3.01,0.55,0.0,1.481,0.9,0.929,1.071,0.575,0.253,0.509
142764,Franco Rossi,CHA,Atacante,6,3.91,0.0,2.4,4,0.0,False,True,INT,0.208,neutro,2.498,2.4,0.5,53.8,neutro,2.68,0.55,0.0,1.481,0.9,0.929,1.071,0.575,0.253,0.509
95541,Gustavo Cazonatti,MIR,Meia,6,3.42,-0.5,2.33,6,0.0,True,True,VIT,-0.196,neutro,1.618,2.33,0.75,65.1,neutro,2.13,1.0,38.4,0.897,1.3,0.624,0.843,0.475,0.532,
127871,Vargas,CAP,Atacante,6,7.22,-1.17,3.86,5,-0.3,True,False,CFC,0.62,valor_bom,4.445,1.26,0.625,60.2,neutro,3.77,0.8,-2.3,1.449,2.09,1.459,1.279,0.45,,
141160,Zé Lucas,CRU,Meia,6,5.23,-1.46,2.62,5,0.0,True,False,SAN,-0.391,neutro,2.388,2.62,0.625,58.8,neutro,2.65,0.725,-1.5,1.505,0.984,1.081,0.658,0.75,0.381,0.5
109097,Jovane Cabral,GRE,Atacante,2,7.61,0.0,3.47,3,0.0,False,True,VAS,0.439,neutro,4.445,1.8,0.375,60.5,favoravel,4.2,0.9,52.8,0.926,1.061,0.741,1.125,0.35,0.287,
147878,Alejandro,VIT,Meia,6,2.0,0.0,0.0,0,0.0,False,False,MIR,-0.855,armadilha_leve,0.0,0.0,0.0,46.6,neutro,1.12,0.95,-38.4,0.624,0.843,0.897,1.3,0.45,0.21,
151292,Felipe Morais,CRU,Meia,6,4.28,0.0,4.7,3,0.0,False,False,SAN,0.756,valor_bom,2.913,3.03,0.375,58.8,neutro,3.03,0.725,-1.5,1.505,0.984,1.081,0.658,0.75,0.381,0.5
141344,Vitor Tissi,CFC,Meia,6,1.26,-0.19,0.9,6,0.5,True,True,CAP,1.234,valor_bom,1.005,0.9,0.75,63.8,neutro,1.97,0.55,2.3,1.459,1.279,1.449,2.09,0.55,,
147201,João Kempes,INT,Meia,6,2.0,0.0,0.0,0,0.0,False,False,CHA,-0.855,armadilha_leve,0.0,0.0,0.0,55.6,neutro,1.27,1.0,0.0,0.929,1.071,1.481,0.9,0.225,0.475,0.509
130444,Rodrigo,CHA,Atacante,6,1.0,0.0,0.0,0,0.0,False,True,INT,0.607,valor_bom,0.0,0.0,0.0,53.8,neutro,1.24,0.55,0.0,1.481,0.9,0.929,1.071,0.575,0.253,0.509
100596,Krovinovic,GRE,Meia,7,4.67,-0.41,1.98,4,0.8,True,True,VAS,-0.363,neutro,2.155,1.98,0.5,62.0,neutro,2.6,0.9,52.8,0.926,1.061,0.741,1.125,0.35,0.287,
151492,Marquinhos,RBB,Lateral,6,1.0,0.0,0.0,0,0.0,False,False,BOT,0.47,neutro,0.0,0.0,0.0,52.2,neutro,1.22,0.375,-5.5,0.806,1.429,0.405,1.0,0.275,0.307,
117909,Wesley,CRU,Atacante,6,7.7,-0.76,2.68,4,0.5,True,False,SAN,-0.033,neutro,4.1,0.68,0.5,57.8,neutro,3.63,0.725,-1.5,1.505,0.984,1.081,0.658,0.75,0.381,0.5
130121,João Costa,CRU,Atacante,6,3.28,-0.86,1.08,5,-0.3,True,False,SAN,-1.083,armadilha_leve,1.033,1.08,0.625,57.8,neutro,1.9,0.725,-1.5,1.505,0.984,1.081,0.658,0.75,0.381,0.5
114323,Colidio,VAS,Atacante,7,8.76,-1.03,5.93,4,2.5,True,False,GRE,0.87,valor_bom,5.184,3.93,0.5,33.4,desfavoravel,3.98,0.6,-52.8,0.741,1.125,0.926,1.061,0.3,0.408,
102255,Santiago Sosa,VAS,Meia,7,8.81,0.29,4.93,4,6.9,True,False,GRE,0.474,neutro,4.362,4.93,0.5,33.7,desfavoravel,3.5,0.6,-52.8,0.741,1.125,0.926,1.061,0.3,0.408,
86864,Marlon,REM,Lateral,7,6.24,0.16,4.25,4,5.2,True,False,BAH,-0.083,neutro,3.764,4.25,0.5,30.8,desfavoravel,4.46,0.45,-30.7,1.04,1.088,1.43,1.137,0.125,0.14,
86777,Danilo Barbosa,GRE,Meia,6,4.61,-0.1,0.73,3,2.0,True,True,VAS,-0.709,armadilha_leve,1.831,0.73,0.375,62.0,neutro,2.45,0.9,52.8,0.926,1.061,0.741,1.125,0.35,0.287,
104649,Heitor,CHA,Lateral,5,8.3,1.1,7.05,4,9.2,True,True,INT,1.301,valor_bom,5.845,5.05,0.5,62.4,neutro,4.64,0.55,0.0,1.481,0.9,0.929,1.071,0.575,0.253,0.509
73476,Marcão,FLU,Técnico,7,12.95,0.62,7.87,4,9.7,True,False,CAM,0.453,neutro,7.0,7.87,0.5,49.1,neutro,4.67,0.65,-33.4,1.3,1.137,1.094,0.833,0.825,0.245,
124961,Castaño,CAM,Meia,7,5.24,-0.43,0.77,3,1.5,True,True,FLU,-1.039,armadilha_leve,1.841,0.77,0.375,56.9,neutro,2.38,0.55,33.4,1.094,0.833,1.3,1.137,0.55,0.459,
106313,Domingos Duarte,SAO,Zagueiro,7,8.38,1.06,6.12,4,9.7,True,False,PAL,0.925,valor_bom,4.673,5.37,0.5,38.6,desfavoravel,3.73,0.125,-51.9,0.968,0.893,0.809,1.238,0.625,0.181,0.464
123795,Lucho Rodríguez,CRU,Atacante,6,7.16,-0.88,2.8,3,0.0,True,False,SAN,0.42,neutro,4.262,1.13,0.375,57.8,neutro,3.79,0.725,-1.5,1.505,0.984,1.081,0.658,0.75,0.381,0.5
77510,Fred,CAM,Meia,7,7.61,-0.33,1.05,2,2.2,True,True,FLU,-0.153,neutro,3.473,1.05,0.25,56.9,neutro,3.38,0.55,33.4,1.094,0.833,1.3,1.137,0.55,0.459,
87747,Yago Felipe,CHA,Meia,7,8.98,-0.57,6.87,4,3.1,True,True,INT,1.179,valor_bom,5.009,5.62,0.5,55.1,neutro,4.1,0.55,0.0,1.481,0.9,0.929,1.071,0.575,0.253,0.509
107093,Luciano Juba,BAH,Lateral,7,11.86,1.46,7.1,22,11.2,True,True,REM,0.953,valor_bom,6.605,3.74,1.0,72.3,favoravel,5.47,0.55,30.7,1.43,1.137,1.04,1.088,0.875,0.656,
140908,Bruno Bertinato,PAL,Goleiro,6,3.0,0.0,0.0,0,0.0,False,True,SAO,-1.603,armadilha_forte,0.0,0.0,0.0,64.8,neutro,1.43,0.8,51.9,0.809,1.238,0.968,0.893,0.525,0.56,0.464
101237,Eliasson,INT,Atacante,6,3.48,-0.53,0.17,3,0.0,True,False,CHA,-1.583,armadilha_forte,0.776,0.17,0.375,55.1,neutro,1.74,1.0,0.0,0.929,1.071,1.481,0.9,0.225,0.475,0.509
106843,Borrero,CHA,Meia,6,4.04,0.0,1.5,2,0.0,False,True,INT,-0.056,neutro,2.095,1.5,0.25,55.1,neutro,2.53,0.55,0.0,1.481,0.9,0.929,1.071,0.575,0.253,0.509
146814,Josmar,FLA,Atacante,6,2.0,0.0,0.0,0,0.0,False,True,COR,-0.981,armadilha_leve,0.0,0.0,0.0,61.0,neutro,1.37,0.225,36.1,1.224,0.743,0.963,1.348,0.85,0.699,
145781,Bruno André,VAS,Zagueiro,6,1.0,0.0,0.0,0,0.0,False,False,GRE,0.19,neutro,0.0,0.0,0.0,29.2,desfavoravel,0.82,0.125,-52.8,0.741,1.125,0.926,1.061,0.3,0.408,
85035,Sanabria,INT,Atacante,6,4.49,-0.7,-0.3,2,-0.3,True,False,CHA,-0.879,armadilha_leve,1.978,0.0,0.25,55.1,neutro,2.46,1.0,0.0,0.929,1.071,1.481,0.9,0.225,0.475,0.509
138941,Bruno Duarte,VAS,Atacante,2,6.48,0.48,3.0,1,3.0,True,False,GRE,1.194,valor_bom,4.609,3.0,0.125,33.4,desfavoravel,3.77,0.6,-52.8,0.741,1.125,0.926,1.061,0.3,0.408,
151289,Kelvin,CRU,Zagueiro,6,1.0,0.0,0.0,0,0.0,False,False,SAN,0.19,neutro,0.0,0.0,0.0,57.9,neutro,1.31,0.6,-1.5,1.505,0.984,1.081,0.658,0.75,0.381,0.5
130252,Euder,VAS,Meia,6,1.0,0.0,0.0,0,0.0,False,False,GRE,0.444,neutro,0.0,0.0,0.0,33.7,desfavoravel,0.9,0.6,-52.8,0.741,1.125,0.926,1.061,0.3,0.408,
141954,Khensane,CFC,Meia,6,1.0,0.0,0.0,0,0.0,False,True,CAP,0.444,neutro,0.0,0.0,0.0,63.8,neutro,1.42,0.55,2.3,1.459,1.279,1.449,2.09,0.55,,
151600,Miguel Carvalho,CHA,Meia,2,4.92,0.21,3.0,2,2.9,True,True,INT,-0.219,neutro,2.395,3.0,0.25,55.1,neutro,2.71,0.55,0.0,1.481,0.9,0.929,1.071,0.575,0.253,0.509
107300,Alex Bruno,VIT,Atacante,6,4.03,0.0,1.3,1,0.0,False,False,MIR,0.002,neutro,2.409,1.3,0.125,45.6,neutro,2.6,0.95,-38.4,0.624,0.843,0.897,1.3,0.45,0.21,
140167,Luizinho,COR,Atacante,6,1.0,0.0,0.0,0,0.0,False,False,FLA,0.607,valor_bom,0.0,0.0,0.0,18.0,desfavoravel,0.63,0.05,-36.1,0.963,1.348,1.224,0.743,0.1,0.113,
151742,André Lucas,PAL,Lateral,6,1.0,0.0,0.0,0,0.0,False,True,SAO,0.47,neutro,0.0,0.0,0.0,66.9,favoravel,1.47,0.8,51.9,0.809,1.238,0.968,0.893,0.525,0.56,0.464
141335,Lucas Crepaldi,CFC,Atacante,6,1.0,0.0,0.0,0,0.0,False,True,CAP,0.607,valor_bom,0.0,0.0,0.0,62.3,neutro,1.39,0.55,2.3,1.459,1.279,1.449,2.09,0.55,,
111412,Arthur Chaves,BOT,Zagueiro,6,6.0,0.0,0.0,0,0.0,False,True,RBB,-3.719,armadilha_forte,0.0,0.0,0.0,46.9,neutro,1.13,0.55,5.5,0.405,1.0,0.806,1.429,0.2,0.416,
73992,Rodinei,SAN,Lateral,7,7.0,0.0,0.0,0,0.0,False,True,CRU,-4.612,armadilha_forte,0.0,0.0,0.0,49.6,neutro,1.17,0.4,1.5,1.081,0.658,1.505,0.984,0.8,0.333,0.5
117926,Nicolás Fonseca,CFC,Meia,6,6.0,0.0,0.0,0,0.0,False,True,CAP,-3.57,armadilha_forte,0.0,0.0,0.0,63.8,neutro,1.42,0.55,2.3,1.459,1.279,1.449,2.09,0.55,,
150251,Joaquín Freitas,FLA,Atacante,6,3.83,-0.17,0.7,1,0.7,True,True,COR,0.077,neutro,2.342,0.7,0.125,61.0,favoravel,2.81,0.225,36.1,1.224,0.743,0.963,1.348,0.85,0.699,
148439,Darlan Dutra,VIT,Zagueiro,6,1.0,0.0,0.0,0,0.0,False,False,MIR,0.19,neutro,0.0,0.0,0.0,35.7,desfavoravel,0.93,0.75,-38.4,0.624,0.843,0.897,1.3,0.45,0.21,
127628,Lautaro López,BAH,Meia,6,4.0,0.0,0.0,0,0.0,False,True,REM,-2.492,armadilha_forte,0.0,0.0,0.0,81.8,neutro,1.72,0.95,30.7,1.43,1.137,1.04,1.088,0.875,0.656,
108602,Valencia,FLA,Atacante,6,5.91,-0.09,1.5,1,1.5,True,True,COR,-1.214,armadilha_leve,2.431,1.5,0.125,61.0,neutro,2.86,0.225,36.1,1.224,0.743,0.963,1.348,0.85,0.699,
149807,Wanderson,VIT,Lateral,6,1.0,0.0,0.0,0,0.0,False,False,MIR,0.47,neutro,0.0,0.0,0.0,36.6,desfavoravel,0.95,0.75,-38.4,0.624,0.843,0.897,1.3,0.45,0.21,
124552,Lescano,VAS,Meia,6,7.0,0.0,0.0,0,0.0,False,False,GRE,-3.998,armadilha_forte,0.0,0.0,0.0,33.7,desfavoravel,0.9,0.6,-52.8,0.741,1.125,0.926,1.061,0.3,0.408,
80076,Zé Roberto,MIR,Atacante,6,4.0,0.0,0.0,0,0.0,False,True,VIT,-2.982,armadilha_forte,0.0,0.0,0.0,64.8,neutro,1.43,1.0,38.4,0.897,1.3,0.624,0.843,0.475,0.532,
122390,Rodrigo Gelado,CFC,Lateral,6,2.0,0.0,0.0,0,0.0,False,True,CAP,-1.016,armadilha_leve,0.0,0.0,0.0,47.8,neutro,1.14,0.35,2.3,1.459,1.279,1.449,2.09,0.55,,
151825,Gabriel Ibson,CFC,Zagueiro,6,1.0,0.0,0.0,0,0.0,False,True,CAP,0.19,neutro,0.0,0.0,0.0,46.6,neutro,1.12,0.35,2.3,1.459,1.279,1.449,2.09,0.55,,
123433,Rosivan,CHA,Meia,6,2.0,0.0,0.0,0,0.0,False,True,INT,-0.855,armadilha_leve,0.0,0.0,0.0,55.1,neutro,1.27,0.55,0.0,1.481,0.9,0.929,1.071,0.575,0.253,0.509
131454,Athos,GRE,Zagueiro,6,1.0,0.0,0.0,0,0.0,False,True,VAS,0.19,neutro,0.0,0.0,0.0,70.3,favoravel,1.53,0.75,52.8,0.926,1.061,0.741,1.125,0.35,0.287,
101352,Bruno Matias,CHA,Meia,6,2.99,-1.3,2.19,7,-0.3,True,True,INT,0.111,neutro,1.6,2.19,0.875,55.1,neutro,2.13,0.55,0.0,1.481,0.9,0.929,1.071,0.575,0.253,0.509
98974,Viña,CRU,Lateral,6,5.0,0.0,0.0,0,0.0,False,False,SAN,-3.557,armadilha_forte,0.0,0.0,0.0,59.4,neutro,1.34,0.6,-1.5,1.505,0.984,1.081,0.658,0.75,0.381,0.5
130525,Pedro Lima,SAO,Lateral,6,4.0,0.0,0.0,0,0.0,False,False,PAL,-2.889,armadilha_forte,0.0,0.0,0.0,39.6,desfavoravel,1.0,0.125,-51.9,0.968,0.893,0.809,1.238,0.625,0.181,0.464
109573,Martinelli,FLU,Meia,6,5.89,0.39,2.43,18,5.2,True,False,CAM,-0.068,neutro,2.937,1.87,1.0,49.7,neutro,2.96,0.65,-33.4,1.3,1.137,1.094,0.833,0.825,0.245,
101254,Alef Manga,REM,Atacante,7,7.36,-0.25,4.22,26,0.0,True,False,BAH,0.447,neutro,4.359,2.1,1.0,32.9,desfavoravel,3.61,0.375,-30.7,1.04,1.088,1.43,1.137,0.125,0.14,
132553,Jemmes,FLU,Zagueiro,5,6.09,0.0,3.36,17,0.0,False,False,CAM,0.462,neutro,3.549,2.54,1.0,41.6,neutro,2.64,0.2,-33.4,1.3,1.137,1.094,0.833,0.825,0.245,
151632,Lemos,CAM,Zagueiro,6,1.0,0.0,0.0,0,0.0,False,True,FLU,0.19,neutro,0.0,0.0,0.0,61.5,favoravel,1.38,0.25,33.4,1.094,0.833,1.3,1.137,0.55,0.459,
106593,Villalba,CRU,Zagueiro,6,6.47,-1.05,2.87,14,1.5,True,False,SAN,-0.041,neutro,3.263,1.51,1.0,57.9,neutro,2.94,0.6,-1.5,1.505,0.984,1.081,0.658,0.75,0.381,0.5
69012,Santos,CAP,Goleiro,6,7.97,0.0,4.21,22,0.0,False,False,CFC,0.111,neutro,4.207,2.62,1.0,34.6,neutro,4.86,0.65,-2.3,1.449,2.09,1.459,1.279,0.45,,
68685,Alan Patrick,INT,Meia,7,6.82,-1.82,3.89,21,-0.6,True,False,CHA,0.707,valor_bom,3.942,2.7,1.0,55.6,neutro,4.31,1.0,0.0,0.929,1.071,1.481,0.9,0.225,0.475,0.509
97810,Erick,VIT,Atacante,7,7.55,-0.94,4.06,21,0.3,True,False,MIR,0.244,neutro,4.267,1.96,1.0,45.6,neutro,2.75,0.95,-38.4,0.624,0.843,0.897,1.3,0.45,0.21,
104387,Gabriel Pereira,VAS,Zagueiro,6,5.0,0.0,0.0,0,0.0,False,False,GRE,-3.238,armadilha_forte,0.0,0.0,0.0,29.2,desfavoravel,0.82,0.125,-52.8,0.741,1.125,0.926,1.061,0.3,0.408,
105949,Rochet,INT,Goleiro,5,6.28,0.0,3.33,11,0.0,False,False,CHA,0.185,neutro,3.695,1.97,1.0,39.0,neutro,2.5,0.55,0.0,0.929,1.071,1.481,0.9,0.225,0.475,0.509
63007,Neymar,SAN,Meia,5,18.9,0.0,9.78,12,0.0,False,True,CRU,1.894,valor_oculto,7.499,6.45,1.0,55.2,neutro,6.06,0.725,1.5,1.081,0.658,1.505,0.984,0.8,0.333,0.5
96591,Renan Lodi,CAM,Lateral,7,9.75,-0.44,5.18,22,2.4,True,True,FLU,0.053,neutro,5.197,3.68,1.0,63.1,favoravel,4.69,0.25,33.4,1.094,0.833,1.3,1.137,0.55,0.459,
92171,Arthur Cabral,BOT,Atacante,3,9.11,-0.85,5.74,19,-0.8,True,True,RBB,1.083,valor_bom,5.465,2.53,1.0,29.4,neutro,3.45,0.225,5.5,0.405,1.0,0.806,1.429,0.2,0.416,
42234,Cássio,CRU,Goleiro,6,6.89,0.0,1.32,5,0.0,False,False,SAN,-0.563,armadilha_leve,3.091,1.32,0.625,57.5,neutro,3.01,0.6,-1.5,1.505,0.984,1.081,0.658,0.75,0.381,0.5
72294,Everson,CAM,Goleiro,5,9.67,0.0,4.58,23,0.0,False,True,FLU,-0.086,neutro,4.481,3.06,1.0,61.1,neutro,3.65,0.25,33.4,1.094,0.833,1.3,1.137,0.55,0.459,
103056,Gabriel Brazão,SAN,Goleiro,7,5.52,-0.63,2.92,21,2.4,True,True,CRU,0.088,neutro,3.273,1.73,1.0,47.9,neutro,3.96,0.4,1.5,1.081,0.658,1.505,0.984,0.8,0.333,0.5
68928,Rafael,SAO,Goleiro,7,7.48,0.48,3.23,25,5.0,True,False,PAL,-0.411,neutro,3.465,2.23,1.0,38.0,desfavoravel,4.3,0.125,-51.9,0.968,0.893,0.809,1.238,0.625,0.181,0.464
104758,Enzo Díaz,SAO,Lateral,6,9.04,0.0,3.9,13,0.0,False,False,PAL,-0.566,armadilha_leve,4.411,3.28,1.0,39.6,desfavoravel,4.51,0.125,-51.9,0.968,0.893,0.809,1.238,0.625,0.181,0.464
101727,Matheuzinho,COR,Lateral,6,10.38,-0.41,6.24,20,2.5,True,False,FLA,0.682,valor_bom,5.955,4.39,1.0,28.3,desfavoravel,4.19,0.0,-36.1,0.963,1.348,1.224,0.743,0.1,0.113,
87008,Léo Jardim,VAS,Goleiro,7,6.09,-0.22,2.64,24,3.4,True,False,GRE,-0.345,neutro,3.029,2.22,1.0,28.5,desfavoravel,1.97,0.125,-52.8,0.741,1.125,0.926,1.061,0.3,0.408,
61987,Alex Sandro,FLA,Lateral,5,8.2,0.0,3.53,15,0.0,False,True,COR,-0.561,armadilha_leve,4.126,2.33,1.0,78.3,neutro,2.56,0.45,36.1,1.224,0.743,0.963,1.348,0.85,0.699,
100898,Vitinho,BOT,Lateral,7,9.43,0.6,4.69,20,6.2,True,True,RBB,-0.222,neutro,4.848,3.74,1.0,48.1,neutro,4.83,0.55,5.5,0.405,1.0,0.806,1.429,0.2,0.416,
37656,Fábio,FLU,Goleiro,7,9.76,0.65,4.5,25,8.9,True,False,CAM,-0.156,neutro,4.427,3.5,1.0,41.0,neutro,4.15,0.2,-33.4,1.3,1.137,1.094,0.833,0.825,0.245,
105436,Carrascal,FLA,Meia,7,10.52,-1.58,6.39,18,1.5,True,True,COR,1.507,valor_oculto,5.679,3.89,1.0,60.2,favoravel,3.85,0.225,36.1,1.224,0.743,0.963,1.348,0.85,0.699,
99274,Alexander Barboza,PAL,Zagueiro,3,10.33,0.03,5.21,16,5.9,True,True,SAO,0.475,neutro,4.79,3.46,1.0,65.2,favoravel,4.67,0.8,51.9,0.809,1.238,0.968,0.893,0.525,0.56,0.464
109401,Erick Pulga,BAH,Atacante,7,7.62,-2.41,4.51,24,2.2,True,True,REM,0.609,valor_bom,4.585,3.09,1.0,82.2,favoravel,4.05,0.95,30.7,1.43,1.137,1.04,1.088,0.875,0.656,
80196,Yago Pikachu,REM,Meia,7,4.76,-0.95,2.35,25,0.5,True,False,BAH,-0.215,neutro,2.324,1.55,1.0,33.5,desfavoravel,3.1,0.375,-30.7,1.04,1.088,1.43,1.137,0.125,0.14,
90768,Fabrício Bruno,CRU,Zagueiro,7,5.78,-0.09,2.1,22,0.1,True,False,SAN,-0.536,armadilha_leve,2.593,1.55,1.0,57.9,neutro,2.62,0.6,-1.5,1.505,0.984,1.081,0.658,0.75,0.381,0.5
68996,Willian José,BAH,Atacante,6,7.0,-0.29,2.33,21,0.0,True,True,REM,-1.06,armadilha_leve,3.014,0.71,1.0,82.2,neutro,3.31,0.95,30.7,1.43,1.137,1.04,1.088,0.875,0.656,
107908,Hugo,COR,Lateral,6,4.0,0.0,0.0,0,0.0,False,False,FLA,-2.889,armadilha_forte,0.0,0.0,0.0,28.3,desfavoravel,0.81,0.0,-36.1,0.963,1.348,1.224,0.743,0.1,0.113,
113397,Cristian Olivera,BAH,Atacante,7,7.07,0.01,3.83,19,2.0,True,True,REM,0.287,neutro,4.12,3.15,1.0,82.2,favoravel,3.55,0.95,30.7,1.43,1.137,1.04,1.088,0.875,0.656,
91772,David Duarte,BAH,Zagueiro,7,5.87,-0.33,4.08,18,0.0,True,True,REM,1.144,valor_bom,4.04,2.58,1.0,70.4,favoravel,3.53,0.55,30.7,1.43,1.137,1.04,1.088,0.875,0.656,
97868,Iago,SAO,Lateral,6,7.26,2.13,4.42,8,15.4,True,False,PAL,0.614,valor_bom,4.831,2.92,1.0,39.6,desfavoravel,2.5,0.125,-51.9,0.968,0.893,0.809,1.238,0.625,0.181,0.464
123717,Zé Guilherme,BAH,Lateral,6,4.29,0.0,2.88,5,0.0,False,True,REM,0.525,valor_bom,3.274,2.28,0.625,72.3,favoravel,2.64,0.55,30.7,1.43,1.137,1.04,1.088,0.875,0.656,
85425,João Paulo,SAN,Goleiro,6,6.94,0.0,-0.35,2,0.0,False,True,CRU,-0.402,neutro,3.288,0.0,0.25,47.9,neutro,3.13,0.4,1.5,1.081,0.658,1.505,0.984,0.8,0.333,0.5
98022,Erick,BAH,Meia,3,7.71,0.38,4.59,19,11.5,True,True,REM,0.944,valor_bom,4.438,3.54,1.0,81.8,favoravel,5.13,0.95,30.7,1.43,1.137,1.04,1.088,0.875,0.656,
98484,Kanu,BAH,Zagueiro,2,3.68,0.0,0.83,3,0.0,False,True,REM,-0.826,armadilha_leve,1.376,0.0,0.375,70.4,neutro,2.32,0.55,30.7,1.43,1.137,1.04,1.088,0.875,0.656,
91101,Ronaldo,BAH,Goleiro,7,8.62,1.5,5.2,16,9.7,True,True,REM,0.524,valor_bom,4.866,3.33,1.0,70.1,favoravel,5.19,0.55,30.7,1.43,1.137,1.04,1.088,0.875,0.656,
106822,Rodrigo Nestor,BAH,Meia,7,6.91,1.0,3.98,18,11.4,True,True,REM,0.75,valor_bom,4.01,2.87,1.0,81.8,favoravel,5.9,0.95,30.7,1.43,1.137,1.04,1.088,0.875,0.656,
106323,Caio Alexandre,BAH,Meia,6,3.46,-0.07,0.93,15,0.0,True,True,REM,-0.496,neutro,1.387,0.93,1.0,81.8,neutro,2.59,0.95,30.7,1.43,1.137,1.04,1.088,0.875,0.656,
101314,Ademir,BAH,Atacante,6,5.57,0.25,2.33,23,3.0,True,True,REM,-1.073,armadilha_leve,2.386,1.76,1.0,82.2,neutro,4.22,0.95,30.7,1.43,1.137,1.04,1.088,0.875,0.656,
104783,Acevedo,BAH,Meia,7,7.23,-1.45,5.17,23,1.6,True,True,REM,1.655,valor_oculto,4.888,4.74,1.0,81.8,favoravel,3.64,0.95,30.7,1.43,1.137,1.04,1.088,0.875,0.656,
98517,Jean Lucas,BAH,Meia,7,9.22,-1.04,5.4,21,2.1,True,True,REM,1.134,valor_bom,5.035,3.97,1.0,81.8,favoravel,3.74,0.95,30.7,1.43,1.137,1.04,1.088,0.875,0.656,
123360,Cauly,SAO,Meia,6,6.19,0.0,2.83,14,0.0,False,False,PAL,0.203,neutro,3.284,2.47,1.0,29.0,desfavoravel,2.37,0.15,-51.9,0.968,0.893,0.809,1.238,0.625,0.181,0.464
122994,Victor Nascimento,BAH,Goleiro,6,1.0,0.0,0.0,0,0.0,False,True,REM,0.168,neutro,0.0,0.0,0.0,70.1,favoravel,1.52,0.55,30.7,1.43,1.137,1.04,1.088,0.875,0.656,
107173,Michel Araújo,BAH,Meia,6,2.37,-0.01,0.98,18,-0.9,True,True,REM,-0.039,neutro,1.012,0.7,1.0,81.8,neutro,2.3,0.95,30.7,1.43,1.137,1.04,1.088,0.875,0.656,
141419,Fredi Lippert,BAH,Zagueiro,6,2.0,0.0,0.0,0,0.0,False,True,REM,-1.075,armadilha_leve,0.0,0.0,0.0,70.4,neutro,1.53,0.55,30.7,1.43,1.137,1.04,1.088,0.875,0.656,
136955,Sanabria,BAH,Atacante,6,5.44,0.0,2.69,14,0.0,False,True,REM,-0.68,armadilha_leve,2.638,1.19,1.0,82.2,neutro,2.89,0.95,30.7,1.43,1.137,1.04,1.088,0.875,0.656,
145379,Kauê Furquim,BAH,Atacante,6,2.24,0.0,1.28,5,0.0,False,True,REM,0.103,neutro,1.11,1.28,0.625,82.2,favoravel,2.29,0.95,30.7,1.43,1.137,1.04,1.088,0.875,0.656,
129663,Ruan Pablo,BAH,Atacante,6,1.44,0.0,0.17,3,0.0,False,True,REM,0.797,valor_bom,0.776,0.17,0.375,82.2,favoravel,2.25,0.95,30.7,1.43,1.137,1.04,1.088,0.875,0.656,
111829,Kayky,INT,Atacante,5,3.63,0.0,1.27,6,0.0,False,False,CHA,-1.285,armadilha_leve,1.118,1.27,0.75,55.1,neutro,1.89,1.0,0.0,0.929,1.071,1.481,0.9,0.225,0.475,0.509
97341,Rogério Ceni,BAH,Técnico,7,10.69,0.04,5.76,25,6.79,True,True,REM,-0.169,neutro,5.955,5.76,1.0,80.5,neutro,4.97,0.95,30.7,1.43,1.137,1.04,1.088,0.875,0.656,
111831,Matheus Martins,BOT,Atacante,6,6.69,0.0,4.13,18,0.0,False,True,RBB,0.749,valor_bom,4.339,2.35,1.0,29.4,neutro,4.2,0.225,5.5,0.405,1.0,0.806,1.429,0.2,0.416,
142890,Montoro,BOT,Meia,7,6.66,0.03,2.59,20,1.9,True,True,RBB,-0.316,neutro,3.015,1.84,1.0,29.6,neutro,2.56,0.225,5.5,0.405,1.0,0.806,1.429,0.2,0.416,
104693,Newton,SAO,Meia,6,4.11,0.0,1.92,9,0.0,False,False,PAL,-0.127,neutro,2.072,1.92,1.0,29.0,desfavoravel,2.03,0.15,-51.9,0.968,0.893,0.809,1.238,0.625,0.181,0.464
97468,Marçal,BOT,Lateral,6,7.03,1.43,3.33,7,9.1,True,True,RBB,-0.83,armadilha_leve,3.432,2.04,0.875,48.1,neutro,3.69,0.55,5.5,0.405,1.0,0.806,1.429,0.2,0.416,
124481,Mateo Ponte,BOT,Lateral,6,6.41,0.88,3.51,9,9.2,True,True,RBB,-0.443,neutro,3.515,2.29,1.0,48.1,neutro,2.99,0.55,5.5,0.405,1.0,0.806,1.429,0.2,0.416,
91158,Kaio,BOT,Zagueiro,5,7.0,0.0,0.0,0,0.0,False,True,RBB,-4.136,armadilha_forte,0.0,0.0,0.0,46.9,neutro,1.13,0.55,5.5,0.405,1.0,0.806,1.429,0.2,0.416,
72493,Alex Telles,BOT,Lateral,7,8.41,0.0,4.0,19,0.0,False,True,RBB,-0.376,neutro,4.368,1.95,1.0,48.1,neutro,5.53,0.55,5.5,0.405,1.0,0.806,1.429,0.2,0.416,
95799,Artur,SAO,Atacante,7,9.74,0.97,5.28,20,10.3,True,False,PAL,0.448,neutro,5.146,3.33,1.0,28.5,desfavoravel,3.17,0.15,-51.9,0.968,0.893,0.809,1.238,0.625,0.181,0.464
129930,Cristhian Loor,BOT,Goleiro,6,2.0,0.0,0.0,0,0.0,False,True,RBB,-0.868,armadilha_leve,0.0,0.0,0.0,46.4,neutro,1.12,0.55,5.5,0.405,1.0,0.806,1.429,0.2,0.416,
146375,Kadir,BOT,Atacante,6,4.23,0.02,2.07,11,2.0,True,True,RBB,-0.323,neutro,2.271,1.62,1.0,29.4,neutro,2.46,0.225,5.5,0.405,1.0,0.806,1.429,0.2,0.416,
107231,Danilo,BOT,Meia,7,13.98,0.02,7.61,17,4.5,True,True,RBB,1.606,valor_oculto,6.48,4.96,1.0,29.6,neutro,4.9,0.225,5.5,0.405,1.0,0.806,1.429,0.2,0.416,
142877,Villalba,BOT,Atacante,6,4.4,0.55,1.66,12,3.8,True,True,RBB,-0.768,armadilha_leve,2.015,0.99,1.0,29.4,neutro,1.73,0.225,5.5,0.405,1.0,0.806,1.429,0.2,0.416,
98672,Savarino,FLU,Meia,7,8.3,0.0,4.41,18,0.0,False,False,CAM,0.582,valor_bom,4.308,3.02,1.0,49.7,neutro,2.5,0.65,-33.4,1.3,1.137,1.094,0.833,0.825,0.245,
143072,Gabriel Abdias,BOT,Lateral,6,3.0,0.0,0.0,0,0.0,False,True,RBB,-2.071,armadilha_forte,0.0,0.0,0.0,48.1,neutro,1.15,0.55,5.5,0.405,1.0,0.806,1.429,0.2,0.416,
69140,Allan,BOT,Meia,6,4.5,0.0,2.05,11,0.0,False,True,RBB,-0.293,neutro,2.131,2.05,1.0,29.6,neutro,2.07,0.225,5.5,0.405,1.0,0.806,1.429,0.2,0.416,
78605,Gabriel,RBB,Meia,6,5.15,0.0,3.08,17,0.0,False,False,BOT,0.149,neutro,2.812,2.49,1.0,48.7,neutro,2.63,0.9,-5.5,0.806,1.429,0.405,1.0,0.275,0.307,
142484,Barrera,BOT,Meia,5,4.93,0.0,2.46,11,0.0,False,True,RBB,-0.255,neutro,2.369,2.01,1.0,29.6,neutro,2.2,0.225,5.5,0.405,1.0,0.806,1.429,0.2,0.416,
100695,Fernando,RBB,Atacante,7,5.52,-1.45,5.4,11,1.8,True,False,BOT,1.22,valor_bom,4.199,2.76,1.0,47.7,neutro,2.55,0.9,-5.5,0.806,1.429,0.405,1.0,0.275,0.307,
39850,Vagner Mancini,RBB,Técnico,7,8.56,0.25,5.45,24,5.26,True,False,BOT,0.612,valor_bom,5.313,5.45,1.0,48.2,neutro,4.05,0.9,-5.5,0.806,1.429,0.405,1.0,0.275,0.307,
93882,Cleiton,RBB,Goleiro,6,6.19,0.0,2.56,7,0.0,False,False,BOT,-0.018,neutro,3.434,1.13,0.875,50.4,neutro,3.01,0.375,-5.5,0.806,1.429,0.405,1.0,0.275,0.307,
100848,Luan Cândido,VIT,Lateral,7,6.19,0.29,3.69,15,4.7,True,False,MIR,-0.205,neutro,3.631,2.02,1.0,36.6,desfavoravel,4.16,0.75,-38.4,0.624,0.843,0.897,1.3,0.45,0.21,
70360,Eduardo Sasha,RBB,Atacante,5,3.91,0.0,0.98,18,0.0,False,False,BOT,-1.086,armadilha_leve,1.462,0.98,1.0,47.7,neutro,1.94,0.9,-5.5,0.806,1.429,0.405,1.0,0.275,0.307,
106434,Eduardo Santos,RBB,Zagueiro,6,4.6,0.0,1.4,3,0.0,False,False,BOT,-0.209,neutro,2.366,1.4,0.375,50.9,neutro,2.59,0.375,-5.5,0.806,1.429,0.405,1.0,0.275,0.307,
103014,Laquintana,VIT,Atacante,6,4.0,0.0,0.0,0,0.0,False,False,MIR,-2.982,armadilha_forte,0.0,0.0,0.0,45.6,neutro,1.1,0.95,-38.4,0.624,0.843,0.897,1.3,0.45,0.21,
105213,Sant'Anna,RBB,Lateral,7,9.0,0.0,6.2,10,0.0,False,False,BOT,0.956,valor_bom,5.774,3.4,1.0,52.2,neutro,4.14,0.375,-5.5,0.806,1.429,0.405,1.0,0.275,0.307,
104588,Fabrício,RBB,Goleiro,6,2.0,0.0,0.0,0,0.0,False,False,BOT,-0.868,armadilha_leve,0.0,0.0,0.0,50.4,neutro,1.19,0.375,-5.5,0.806,1.429,0.405,1.0,0.275,0.307,
94067,Matheus Fernandes,RBB,Meia,6,5.4,0.0,2.88,13,0.0,False,False,BOT,0.638,valor_bom,3.337,2.5,1.0,48.7,neutro,2.9,0.9,-5.5,0.806,1.429,0.405,1.0,0.275,0.307,
94968,Juninho Capixaba,RBB,Lateral,7,12.86,0.35,7.09,22,5.7,True,False,BOT,0.67,valor_bom,6.597,4.73,1.0,52.2,neutro,4.18,0.375,-5.5,0.806,1.429,0.405,1.0,0.275,0.307,
107236,Vanderlan,RBB,Lateral,5,4.41,0.0,-0.3,1,0.0,False,False,BOT,0.246,neutro,3.096,0.0,0.125,52.2,neutro,3.13,0.375,-5.5,0.806,1.429,0.405,1.0,0.275,0.307,
107744,Praxedes,RBB,Meia,6,4.0,0.0,0.0,0,0.0,False,False,BOT,-2.492,armadilha_forte,0.0,0.0,0.0,48.7,neutro,1.16,0.9,-5.5,0.806,1.429,0.405,1.0,0.275,0.307,
110715,Andrés Hurtado,RBB,Lateral,6,5.56,0.13,3.49,15,3.2,True,False,BOT,-0.012,neutro,3.501,2.29,1.0,52.2,neutro,2.8,0.375,-5.5,0.806,1.429,0.405,1.0,0.275,0.307,
110750,Gustavo Marques,RBB,Zagueiro,7,7.62,0.44,4.7,21,5.4,True,False,BOT,0.975,valor_bom,4.493,3.27,1.0,50.9,neutro,3.61,0.375,-5.5,0.806,1.429,0.405,1.0,0.275,0.307,
103295,Eric Ramires,RBB,Meia,7,2.2,0.0,0.59,16,0.0,False,False,BOT,-0.175,neutro,0.755,0.59,1.0,48.7,neutro,1.59,0.9,-5.5,0.806,1.429,0.405,1.0,0.275,0.307,
117632,Garro,COR,Meia,6,9.97,0.15,4.95,23,2.2,True,False,FLA,0.542,valor_bom,4.725,3.21,1.0,18.2,desfavoravel,3.45,0.05,-36.1,0.963,1.348,1.224,0.743,0.1,0.113,
112886,Lucas Barbosa,RBB,Atacante,7,10.87,1.78,6.3,22,14.1,True,False,BOT,1.001,valor_bom,5.903,4.03,1.0,47.7,neutro,6.98,0.9,-5.5,0.806,1.429,0.405,1.0,0.275,0.307,
108133,Isidro Pitta,RBB,Atacante,7,4.94,0.0,3.55,22,0.0,False,False,BOT,0.442,neutro,3.283,1.28,1.0,47.7,neutro,2.86,0.9,-5.5,0.806,1.429,0.405,1.0,0.275,0.307,
111246,Alix Vinicius,RBB,Zagueiro,3,4.91,-0.24,2.84,18,0.2,True,False,BOT,0.146,neutro,2.806,1.67,1.0,50.9,neutro,2.9,0.375,-5.5,0.806,1.429,0.405,1.0,0.275,0.307,
132580,Vinicinho,RBB,Atacante,6,3.92,-0.02,2.23,14,0.5,True,False,BOT,0.009,neutro,2.345,2.23,1.0,47.7,neutro,2.16,0.9,-5.5,0.806,1.429,0.405,1.0,0.275,0.307,
111760,Fabinho,RBB,Meia,7,2.35,0.09,0.62,9,2.5,True,False,BOT,-0.224,neutro,0.838,0.62,1.0,48.7,neutro,2.37,0.9,-5.5,0.806,1.429,0.405,1.0,0.275,0.307,
122897,Guzmán Rodríguez,RBB,Zagueiro,7,5.54,0.0,-1.0,0,0.0,False,False,BOT,-3.507,armadilha_forte,0.0,0.0,0.0,50.9,neutro,1.19,0.375,-5.5,0.806,1.429,0.405,1.0,0.275,0.307,
122755,Lucas Cunha,RBB,Zagueiro,6,3.0,0.0,0.0,0,0.0,False,False,BOT,-1.973,armadilha_forte,0.0,0.0,0.0,50.9,neutro,1.19,0.375,-5.5,0.806,1.429,0.405,1.0,0.275,0.307,
113157,Nathan Mendes,VIT,Lateral,5,7.52,0.0,5.02,12,0.0,False,False,MIR,0.808,valor_bom,5.109,3.35,1.0,36.6,desfavoravel,4.54,0.75,-38.4,0.624,0.843,0.897,1.3,0.45,0.21,
98909,Cuello,CAM,Atacante,7,8.79,-2.7,6.15,21,0.1,True,True,FLU,1.602,valor_oculto,5.78,4.39,1.0,56.4,neutro,4.17,0.55,33.4,1.094,0.833,1.3,1.137,0.55,0.459,
72605,Vitor Hugo,CAM,Zagueiro,2,6.39,-0.21,3.75,12,-0.3,True,True,FLU,0.667,valor_bom,3.83,1.75,1.0,61.5,favoravel,3.24,0.25,33.4,1.094,0.833,1.3,1.137,0.55,0.459,
39656,Alan Franco,CAM,Meia,6,4.34,-0.11,1.95,19,-0.3,True,True,FLU,-0.309,neutro,2.037,1.69,1.0,56.9,neutro,2.47,0.55,33.4,1.094,0.833,1.3,1.137,0.55,0.459,
100084,Igor Gomes,CAM,Meia,6,5.13,0.0,1.96,8,0.0,False,True,FLU,-0.675,armadilha_leve,2.102,0.71,1.0,56.9,neutro,2.37,0.55,33.4,1.094,0.833,1.3,1.137,0.55,0.459,
132274,Ignacio Sosa,RBB,Meia,6,3.41,0.0,1.5,15,0.0,False,False,BOT,-0.497,neutro,1.355,1.5,1.0,48.7,neutro,1.9,0.9,-5.5,0.806,1.429,0.405,1.0,0.275,0.307,
138021,Palacios,RBB,Zagueiro,6,3.0,0.0,0.0,0,0.0,False,False,BOT,-1.973,armadilha_forte,0.0,0.0,0.0,50.9,neutro,1.19,0.375,-5.5,0.806,1.429,0.405,1.0,0.275,0.307,
140906,Davi Gomes,RBB,Atacante,5,5.19,0.0,4.25,2,0.0,False,False,BOT,-0.213,neutro,2.888,4.25,0.25,47.7,neutro,2.89,0.9,-5.5,0.806,1.429,0.405,1.0,0.275,0.307,
72460,Bernard,CAM,Meia,2,4.71,0.27,2.93,21,2.2,True,True,FLU,0.303,neutro,2.741,1.74,1.0,56.9,neutro,4.67,0.55,33.4,1.094,0.833,1.3,1.137,0.55,0.459,
124239,Henry Mosquera,RBB,Atacante,6,5.39,-0.18,3.43,19,2.2,True,False,BOT,0.014,neutro,3.169,2.38,1.0,47.7,neutro,2.82,0.9,-5.5,0.806,1.429,0.405,1.0,0.275,0.307,
87999,Gustavo Scarpa,CAM,Meia,6,6.33,-0.18,2.89,12,1.5,True,True,FLU,0.236,neutro,3.365,2.06,1.0,56.9,neutro,2.98,0.55,33.4,1.094,0.833,1.3,1.137,0.55,0.459,
91607,R. Rústico,SAN,Atacante,2,4.77,0.0,1.99,18,0.0,False,True,CRU,-0.844,armadilha_leve,2.162,1.99,1.0,53.9,neutro,2.03,0.725,1.5,1.081,0.658,1.505,0.984,0.8,0.333,0.5
101002,Júnior Santos,BOT,Atacante,2,4.13,-0.11,1.97,12,-0.1,True,True,RBB,-0.335,neutro,2.201,1.3,1.0,29.4,neutro,2.08,0.225,5.5,0.405,1.0,0.806,1.429,0.2,0.416,
68920,Dudu,CAM,Atacante,6,6.09,0.0,2.31,16,0.0,False,True,FLU,-0.426,neutro,3.143,1.31,1.0,56.4,neutro,2.29,0.55,33.4,1.094,0.833,1.3,1.137,0.55,0.459,
115674,Gabriel Delfim,CAM,Goleiro,7,2.75,0.37,2.0,2,2.4,True,True,FLU,1.393,valor_bom,3.153,2.0,0.25,61.1,favoravel,3.25,0.25,33.4,1.094,0.833,1.3,1.137,0.55,0.459,
103767,Gabriel Menino,SAN,Meia,6,9.92,0.0,5.45,9,0.0,False,True,CRU,0.651,valor_bom,4.805,4.89,1.0,55.2,neutro,3.67,0.725,1.5,1.081,0.658,1.505,0.984,0.8,0.333,0.5
78248,Gustavo Henrique,COR,Zagueiro,6,8.42,0.34,3.95,21,4.7,True,False,FLA,0.052,neutro,3.95,2.43,1.0,27.6,desfavoravel,3.07,0.0,-36.1,0.963,1.348,1.224,0.743,0.1,0.113,
118774,Alexsander,CAM,Meia,6,5.43,-1.0,2.2,7,1.7,True,True,FLU,0.465,neutro,3.202,2.2,0.875,56.9,neutro,2.96,0.55,33.4,1.094,0.833,1.3,1.137,0.55,0.459,
100842,Ruan,CAM,Zagueiro,5,6.2,0.0,3.7,20,0.0,False,True,FLU,0.678,valor_bom,3.771,2.5,1.0,61.5,favoravel,5.46,0.25,33.4,1.094,0.833,1.3,1.137,0.55,0.459,
78435,Vitinho,COR,Atacante,6,5.06,0.0,2.13,7,0.0,False,False,FLA,-0.797,armadilha_leve,2.353,2.13,0.875,18.0,desfavoravel,2.07,0.05,-36.1,0.963,1.348,1.224,0.743,0.1,0.113,
92440,André Ramalho,COR,Zagueiro,5,5.73,0.0,2.55,6,0.0,False,False,FLA,-0.442,neutro,2.652,1.55,0.75,27.6,desfavoravel,2.37,0.0,-36.1,0.963,1.348,1.224,0.743,0.1,0.113,
92087,Lyanco,CAM,Zagueiro,2,7.8,0.0,3.04,9,0.0,False,True,FLU,-0.309,neutro,3.468,2.04,1.0,61.5,neutro,2.4,0.25,33.4,1.094,0.833,1.3,1.137,0.55,0.459,
107554,Natanael,CAM,Lateral,7,8.21,0.42,4.5,16,3.5,True,True,FLU,0.122,neutro,4.747,3.31,1.0,63.1,favoravel,4.32,0.25,33.4,1.094,0.833,1.3,1.137,0.55,0.459,
105068,Reinier,CAM,Meia,7,4.44,-1.96,3.46,18,-0.3,True,True,FLU,0.864,valor_bom,3.086,2.07,1.0,56.9,neutro,2.34,0.55,33.4,1.094,0.833,1.3,1.137,0.55,0.459,
95556,Raniele,COR,Meia,7,7.4,0.0,4.34,20,0.0,False,False,FLA,0.857,valor_bom,4.265,3.84,1.0,18.2,desfavoravel,3.19,0.05,-36.1,0.963,1.348,1.224,0.743,0.1,0.113,
85048,Memphis Depay,COR,Atacante,6,9.1,0.2,2.27,10,3.8,True,False,FLA,-1.492,armadilha_leve,3.399,1.47,1.0,18.0,desfavoravel,2.68,0.05,-36.1,0.963,1.348,1.224,0.743,0.1,0.113,
77485,Carrillo,COR,Meia,6,4.35,0.06,1.53,20,2.7,True,False,FLA,-0.671,armadilha_leve,1.734,1.28,1.0,18.2,desfavoravel,1.7,0.05,-36.1,0.963,1.348,1.224,0.743,0.1,0.113,
98720,Angileri,COR,Lateral,7,6.13,0.0,4.38,9,0.0,False,False,FLA,0.208,neutro,3.976,2.71,1.0,28.3,desfavoravel,3.08,0.0,-36.1,0.963,1.348,1.224,0.743,0.1,0.113,
40990,Dorival Júnior,SAO,Técnico,7,10.03,0.7,4.43,18,10.14,True,False,PAL,-2.923,armadilha_forte,4.674,4.43,1.0,28.9,desfavoravel,3.57,0.15,-51.9,0.968,0.893,0.809,1.238,0.625,0.181,0.464
122990,Patrick,RBB,Meia,6,4.0,0.0,0.0,0,0.0,False,False,BOT,-2.492,armadilha_forte,0.0,0.0,0.0,48.7,neutro,1.16,0.9,-5.5,0.806,1.429,0.405,1.0,0.275,0.307,
96342,Charles,COR,Meia,7,3.53,0.0,1.03,3,0.0,False,False,FLA,0.071,neutro,1.912,1.03,0.375,18.2,desfavoravel,1.83,0.05,-36.1,0.963,1.348,1.224,0.743,0.1,0.113,
98225,Pedro Raul,COR,Atacante,6,3.29,0.13,1.29,13,2.0,True,False,FLA,-0.908,armadilha_leve,1.181,0.67,1.0,18.0,desfavoravel,1.38,0.05,-36.1,0.963,1.348,1.224,0.743,0.1,0.113,
122394,Gustavinho,RBB,Meia,6,5.32,-0.14,2.46,18,0.0,True,False,BOT,-0.431,neutro,2.393,1.63,1.0,48.7,neutro,2.42,0.9,-5.5,0.806,1.429,0.405,1.0,0.275,0.307,
122396,Ryan,COR,Meia,6,3.0,0.0,0.0,0,0.0,False,False,FLA,-1.777,armadilha_forte,0.0,0.0,0.0,18.2,desfavoravel,0.63,0.05,-36.1,0.963,1.348,1.224,0.743,0.1,0.113,
121824,Kayke,COR,Atacante,5,3.64,0.0,1.65,6,0.0,False,False,FLA,-1.09,armadilha_leve,1.281,1.65,0.75,18.0,desfavoravel,1.44,0.05,-36.1,0.963,1.348,1.224,0.743,0.1,0.113,
101574,Hugo Souza,COR,Goleiro,7,8.62,0.0,4.1,21,0.0,False,False,FLA,-0.139,neutro,4.127,2.2,1.0,26.9,desfavoravel,3.16,0.0,-36.1,0.963,1.348,1.224,0.743,0.1,0.113,
105531,Matheus Bidu,COR,Lateral,6,13.3,1.24,7.64,19,12.1,True,False,FLA,0.923,valor_bom,6.93,5.32,1.0,28.3,desfavoravel,4.74,0.0,-36.1,0.963,1.348,1.224,0.743,0.1,0.113,
104084,Carlos Miguel,PAL,Goleiro,7,9.0,0.92,5.1,25,10.2,True,True,SAO,0.439,neutro,4.881,3.3,1.0,64.8,favoravel,4.57,0.8,51.9,0.809,1.238,0.968,0.893,0.525,0.56,0.464
80313,Gilberto,CAP,Lateral,6,7.36,-0.46,4.74,13,3.5,True,False,CFC,0.68,valor_bom,4.931,3.66,1.0,36.0,neutro,3.95,0.65,-2.3,1.449,2.09,1.459,1.279,0.45,,
117910,Breno Bidon,COR,Meia,6,8.95,0.74,3.71,23,7.4,True,False,FLA,-0.226,neutro,3.805,3.06,1.0,18.2,desfavoravel,2.92,0.05,-36.1,0.963,1.348,1.224,0.743,0.1,0.113,
97642,Félix Torres,INT,Zagueiro,6,5.18,-0.15,3.75,19,5.1,True,False,CHA,0.769,valor_bom,3.447,2.8,1.0,39.6,neutro,3.16,0.55,0.0,0.929,1.071,1.481,0.9,0.225,0.475,0.509
131753,Felipe Longo,COR,Goleiro,6,2.0,0.0,0.0,0,0.0,False,False,FLA,-0.868,armadilha_leve,0.0,0.0,0.0,26.9,desfavoravel,0.78,0.0,-36.1,0.963,1.348,1.224,0.743,0.1,0.113,
42500,Fagner,CRU,Lateral,7,6.4,-0.22,4.02,18,5.0,True,False,SAN,-0.05,neutro,3.866,2.58,1.0,59.4,neutro,3.24,0.6,-1.5,1.505,0.984,1.081,0.658,0.75,0.381,0.5
145744,André,COR,Meia,5,6.15,0.0,4.07,16,0.0,False,False,FLA,1.148,valor_bom,4.073,2.51,1.0,18.2,desfavoravel,3.07,0.05,-36.1,0.963,1.348,1.224,0.743,0.1,0.113,
84558,Lucas Romero,CRU,Meia,7,9.88,1.39,4.99,18,13.5,True,False,SAN,0.551,valor_bom,4.71,3.6,1.0,58.8,neutro,3.37,0.725,-1.5,1.505,0.984,1.081,0.658,0.75,0.381,0.5
125488,João Pedro,COR,Zagueiro,7,7.71,-0.85,5.15,4,1.0,True,False,FLA,0.772,valor_bom,4.35,2.9,0.5,27.6,desfavoravel,3.42,0.0,-36.1,0.963,1.348,1.224,0.743,0.1,0.113,
102340,Cacá,VIT,Zagueiro,7,5.34,0.0,2.63,17,0.0,False,False,MIR,-0.245,neutro,2.661,1.22,1.0,35.7,desfavoravel,3.9,0.75,-38.4,0.624,0.843,0.897,1.3,0.45,0.21,
88479,Walace,VIT,Meia,5,2.99,0.0,1.23,6,0.0,False,False,MIR,-0.421,neutro,1.147,1.23,0.75,46.6,neutro,1.78,0.95,-38.4,0.624,0.843,0.897,1.3,0.45,0.21,
133543,Gui Negão,COR,Atacante,7,3.01,0.03,0.98,8,0.8,True,False,FLA,-0.879,armadilha_leve,0.992,0.98,1.0,18.0,desfavoravel,1.27,0.05,-36.1,0.963,1.348,1.224,0.743,0.1,0.113,
108683,Emiliano Martínez,PAL,Meia,2,3.84,-0.51,2.06,13,-0.3,True,True,SAO,0.115,neutro,2.13,2.06,1.0,46.1,neutro,2.26,0.3,51.9,0.809,1.238,0.968,0.893,0.525,0.56,0.464
79701,Lucas Silva,CRU,Meia,6,3.28,0.0,0.38,16,0.0,False,False,SAN,-1.271,armadilha_leve,0.615,0.38,1.0,58.8,neutro,1.68,0.725,-1.5,1.505,0.984,1.081,0.658,0.75,0.381,0.5
113158,Marquinhos,CRU,Atacante,6,3.54,0.0,0.45,2,0.0,False,False,SAN,-1.489,armadilha_leve,0.893,0.45,0.25,57.8,neutro,1.86,0.725,-1.5,1.505,0.984,1.081,0.658,0.75,0.381,0.5
127242,Bahia,COR,Meia,6,2.0,0.0,0.0,0,0.0,False,False,FLA,-0.855,armadilha_leve,0.0,0.0,0.0,18.2,desfavoravel,0.63,0.05,-36.1,0.963,1.348,1.224,0.743,0.1,0.113,
89275,William,CRU,Lateral,6,8.95,0.0,4.07,12,0.0,False,False,SAN,-0.391,neutro,4.539,3.32,1.0,59.4,neutro,3.56,0.6,-1.5,1.505,0.984,1.081,0.658,0.75,0.381,0.5
114405,Sinisterra,CRU,Atacante,5,5.85,0.0,3.27,8,0.0,False,False,SAN,-0.583,armadilha_leve,2.909,2.27,1.0,57.8,neutro,2.77,0.725,-1.5,1.505,0.984,1.081,0.658,0.75,0.381,0.5
96610,Matheus Pereira,CRU,Meia,7,15.0,0.81,7.08,23,13.3,True,False,SAN,1.19,valor_bom,6.305,4.69,1.0,58.8,neutro,4.41,0.725,-1.5,1.505,0.984,1.081,0.658,0.75,0.381,0.5
141995,Dieguinho,COR,Meia,7,3.21,-0.38,1.43,14,1.5,True,False,FLA,-0.409,neutro,1.304,1.07,1.0,18.2,desfavoravel,1.45,0.05,-36.1,0.963,1.348,1.224,0.743,0.1,0.113,
137543,Tevis,CRU,Atacante,6,2.0,0.0,0.0,0,0.0,False,False,SAN,-0.981,armadilha_leve,0.0,0.0,0.0,57.8,neutro,1.31,0.725,-1.5,1.505,0.984,1.081,0.658,0.75,0.381,0.5
111690,Matheus Cunha,INT,Goleiro,2,3.81,-0.83,3.37,15,-3.0,True,False,CHA,0.974,valor_bom,3.395,1.04,1.0,39.0,neutro,3.48,0.55,0.0,0.929,1.071,1.481,0.9,0.225,0.475,0.509
146807,Rayan Lelis,CRU,Atacante,6,2.0,0.0,0.0,0,0.0,False,False,SAN,-0.981,armadilha_leve,0.0,0.0,0.0,57.8,neutro,1.31,0.725,-1.5,1.505,0.984,1.081,0.658,0.75,0.381,0.5
124912,Jonathan Jesus,CRU,Zagueiro,5,6.03,0.0,4.11,16,0.0,False,False,SAN,1.093,valor_bom,4.057,3.55,1.0,57.9,neutro,3.86,0.6,-1.5,1.505,0.984,1.081,0.658,0.75,0.381,0.5
93478,Wanderson,CRU,Atacante,6,3.98,0.0,1.95,18,0.0,False,False,SAN,-0.302,neutro,2.134,1.06,1.0,57.8,neutro,2.4,0.725,-1.5,1.505,0.984,1.081,0.658,0.75,0.381,0.5
137542,Kaique Kenji,CRU,Atacante,6,2.61,0.0,1.25,11,0.0,False,False,SAN,-0.276,neutro,1.146,0.52,1.0,57.8,neutro,1.92,0.725,-1.5,1.505,0.984,1.081,0.658,0.75,0.381,0.5
117404,Otávio,CRU,Goleiro,7,3.79,0.18,3.07,13,6.8,True,False,SAN,0.82,valor_bom,3.212,2.69,1.0,57.5,neutro,2.91,0.6,-1.5,1.505,0.984,1.081,0.658,0.75,0.381,0.5
69783,Danilo,FLA,Zagueiro,7,4.73,0.0,1.39,8,0.0,False,True,COR,-0.646,armadilha_leve,2.059,1.01,1.0,76.3,neutro,2.7,0.45,36.1,1.224,0.743,0.963,1.348,0.85,0.699,
131967,Villarreal,CRU,Atacante,6,7.96,0.0,4.98,14,0.0,False,False,SAN,0.873,valor_bom,4.918,2.91,1.0,57.8,neutro,3.74,0.725,-1.5,1.505,0.984,1.081,0.658,0.75,0.381,0.5
80061,Saúl,FLA,Meia,6,5.86,-0.42,2.08,7,0.0,True,True,COR,0.191,neutro,3.146,1.37,0.875,60.2,favoravel,2.96,0.225,36.1,1.224,0.743,0.963,1.348,0.85,0.699,
82627,Luiz Araújo,FLA,Atacante,2,6.92,0.0,3.09,14,0.0,False,True,COR,-0.144,neutro,3.716,1.59,1.0,61.0,neutro,2.91,0.225,36.1,1.224,0.743,0.963,1.348,0.85,0.699,
105047,João Marcelo,CRU,Zagueiro,7,4.57,0.67,2.45,11,5.3,True,False,SAN,0.047,neutro,2.567,1.63,1.0,57.9,neutro,3.47,0.6,-1.5,1.505,0.984,1.081,0.658,0.75,0.381,0.5
132264,Arroyo,CRU,Atacante,7,5.48,-1.44,3.48,21,2.0,True,False,SAN,0.026,neutro,3.223,2.1,1.0,57.8,neutro,2.32,0.725,-1.5,1.505,0.984,1.081,0.658,0.75,0.381,0.5
122660,Japa,MIR,Meia,2,5.51,0.0,3.71,8,0.0,False,True,VIT,1.238,valor_bom,3.894,3.08,1.0,65.1,favoravel,3.49,1.0,38.4,0.897,1.3,0.624,0.843,0.475,0.532,
143600,Kauã Moraes,CRU,Lateral,6,6.81,0.0,4.83,10,0.0,False,False,SAN,0.174,neutro,4.248,2.53,1.0,59.4,neutro,4.45,0.6,-1.5,1.505,0.984,1.081,0.658,0.75,0.381,0.5
84735,Jorginho,FLA,Meia,6,8.9,-0.47,4.08,19,3.5,True,True,COR,0.113,neutro,4.08,3.03,1.0,60.2,favoravel,3.63,0.225,36.1,1.224,0.743,0.963,1.348,0.85,0.699,
83528,Léo Pereira,FLA,Zagueiro,6,10.07,0.07,5.03,20,8.8,True,True,COR,0.466,neutro,4.721,2.68,1.0,76.3,favoravel,3.0,0.45,36.1,1.224,0.743,0.963,1.348,0.85,0.699,
86757,Everton,SAN,Atacante,2,5.96,0.0,1.78,10,0.0,False,True,CRU,-1.629,armadilha_forte,2.121,1.28,1.0,53.9,neutro,2.34,0.725,1.5,1.081,0.658,1.505,0.984,0.8,0.333,0.5
91473,Erick Pulgar,FLA,Meia,7,6.06,-1.01,2.93,15,0.0,True,True,COR,0.315,neutro,3.33,2.6,1.0,60.2,favoravel,2.5,0.225,36.1,1.224,0.743,0.963,1.348,0.85,0.699,
97867,Léo Ortiz,FLA,Zagueiro,7,9.07,0.25,4.23,20,6.3,True,True,COR,0.082,neutro,4.15,2.43,1.0,76.3,favoravel,4.0,0.45,36.1,1.224,0.743,0.963,1.348,0.85,0.699,
109096,Plata,FLA,Atacante,7,10.54,0.0,6.65,13,0.0,False,True,COR,1.169,valor_bom,5.949,4.65,1.0,61.0,favoravel,4.24,0.225,36.1,1.224,0.743,0.963,1.348,0.85,0.699,
96652,Allan,COR,Meia,6,3.12,-0.4,1.74,20,0.2,True,False,FLA,-0.047,neutro,1.553,1.49,1.0,18.2,desfavoravel,1.6,0.05,-36.1,0.963,1.348,1.224,0.743,0.1,0.113,
96870,Emerson Royal,FLA,Lateral,6,7.96,-0.07,5.63,12,5.6,True,True,COR,1.028,valor_bom,5.475,3.46,1.0,78.3,favoravel,3.98,0.45,36.1,1.224,0.743,0.963,1.348,0.85,0.699,
99228,De la Cruz,FLA,Meia,6,4.41,0.0,0.82,10,0.0,False,True,COR,-1.037,armadilha_leve,1.453,0.82,1.0,60.2,neutro,1.63,0.225,36.1,1.224,0.743,0.963,1.348,0.85,0.699,
87863,Arrascaeta,FLA,Meia,6,14.16,0.3,5.45,17,7.2,True,True,COR,-0.158,neutro,5.011,3.39,1.0,60.2,neutro,3.2,0.225,36.1,1.224,0.743,0.963,1.348,0.85,0.699,
84816,Varela,FLA,Lateral,7,7.55,0.0,4.4,18,0.0,False,True,COR,0.297,neutro,4.659,2.68,1.0,78.3,favoravel,2.64,0.45,36.1,1.224,0.743,0.963,1.348,0.85,0.699,
90285,Bruno Henrique,FLA,Atacante,2,5.41,0.38,2.55,17,2.0,True,True,COR,-0.773,armadilha_leve,2.549,1.2,1.0,61.0,neutro,3.84,0.225,36.1,1.224,0.743,0.963,1.348,0.85,0.699,
98873,Samuel Lino,FLA,Atacante,6,13.46,-0.31,8.63,24,17.0,True,True,COR,2.44,valor_oculto,7.675,4.17,1.0,61.0,favoravel,6.5,0.225,36.1,1.224,0.743,0.963,1.348,0.85,0.699,
122318,Dyogo Alves,FLA,Goleiro,6,3.0,0.0,0.0,0,0.0,False,True,COR,-1.603,armadilha_forte,0.0,0.0,0.0,76.0,neutro,1.62,0.45,36.1,1.224,0.743,0.963,1.348,0.85,0.699,
88393,Ayrton Lucas,FLA,Lateral,7,9.05,-0.19,5.34,15,5.5,True,True,COR,0.42,neutro,5.306,2.87,1.0,78.3,favoravel,4.82,0.45,36.1,1.224,0.743,0.963,1.348,0.85,0.699,
130189,Léo Nannetti,FLA,Goleiro,6,2.0,0.0,0.0,0,0.0,False,True,COR,-0.868,armadilha_leve,0.0,0.0,0.0,76.0,neutro,1.62,0.45,36.1,1.224,0.743,0.963,1.348,0.85,0.699,
115914,Evertton Araújo,FLA,Meia,5,2.59,0.0,1.17,18,0.0,False,True,COR,-0.086,neutro,1.144,0.89,1.0,60.2,neutro,2.35,0.225,36.1,1.224,0.743,0.963,1.348,0.85,0.699,
140492,João Victor,FLA,Zagueiro,6,4.34,0.0,6.5,1,0.0,False,True,COR,0.868,valor_bom,3.147,3.5,0.125,76.3,favoravel,4.33,0.45,36.1,1.224,0.743,0.963,1.348,0.85,0.699,
62977,Ganso,FLU,Meia,6,3.66,0.16,1.46,17,1.5,True,False,CAM,-0.256,neutro,1.711,1.46,1.0,49.7,neutro,3.11,0.65,-33.4,1.3,1.137,1.094,0.833,0.825,0.245,
143295,Joshua,FLA,Meia,6,2.6,0.0,-0.3,1,0.0,False,True,COR,-0.346,neutro,0.93,0.0,0.125,60.2,neutro,1.93,0.225,36.1,1.224,0.743,0.963,1.348,0.85,0.699,
78117,Everaldo,BAH,Atacante,6,5.37,0.0,3.6,16,0.0,False,True,REM,0.126,neutro,3.249,1.6,1.0,82.2,favoravel,3.15,0.95,30.7,1.43,1.137,1.04,1.088,0.875,0.656,
122320,Daniel Sales,FLA,Lateral,6,2.0,0.0,0.0,0,0.0,False,True,COR,-1.016,armadilha_leve,0.0,0.0,0.0,78.3,neutro,1.66,0.45,36.1,1.224,0.743,0.963,1.348,0.85,0.699,
122573,Wallace Yan,RBB,Atacante,7,4.27,1.83,1.39,8,10.4,True,False,BOT,-0.73,armadilha_leve,1.969,0.76,1.0,47.7,neutro,4.77,0.9,-5.5,0.806,1.429,0.405,1.0,0.275,0.307,
78445,Renê,FLU,Lateral,6,11.17,2.07,6.29,18,15.2,True,False,CAM,0.451,neutro,5.968,5.07,1.0,42.6,neutro,4.75,0.2,-33.4,1.3,1.137,1.094,0.833,0.825,0.245,
82463,Otávio,FLU,Meia,7,2.87,0.0,0.58,6,0.0,False,False,CAM,-0.651,armadilha_leve,0.868,0.58,0.75,49.7,neutro,1.68,0.65,-33.4,1.3,1.137,1.094,0.833,0.825,0.245,
86485,Keno,CFC,Atacante,6,3.09,0.0,0.61,7,0.0,False,True,CAP,-1.171,armadilha_leve,0.82,0.61,0.875,62.3,neutro,1.84,0.55,2.3,1.459,1.279,1.449,2.09,0.55,,
73384,Samuel Xavier,FLU,Lateral,5,7.3,0.0,3.56,15,0.0,False,False,CAM,-0.163,neutro,4.145,2.96,1.0,42.6,neutro,4.43,0.2,-33.4,1.3,1.137,1.094,0.833,0.825,0.245,
78855,Thiago Santos,CFC,Zagueiro,6,4.3,-0.58,3.24,18,1.3,True,True,CAP,0.816,valor_bom,3.083,2.41,1.0,46.6,neutro,2.33,0.35,2.3,1.459,1.279,1.449,2.09,0.55,,
87228,Guilherme Arana,FLU,Lateral,7,8.11,0.69,3.47,15,6.5,True,False,CAM,-0.569,armadilha_leve,4.086,2.47,1.0,42.6,neutro,3.77,0.2,-33.4,1.3,1.137,1.094,0.833,0.825,0.245,
101319,Guga,FLU,Lateral,6,6.36,0.34,3.47,15,5.9,True,False,CAM,-0.449,neutro,3.488,2.2,1.0,42.6,neutro,3.37,0.2,-33.4,1.3,1.137,1.094,0.833,0.825,0.245,
145705,Douglas Telles,FLA,Atacante,6,2.0,0.0,0.0,0,0.0,False,True,COR,-0.981,armadilha_leve,0.0,0.0,0.0,61.0,neutro,1.37,0.225,36.1,1.224,0.743,0.963,1.348,0.85,0.699,
87258,Soteldo,FLU,Atacante,6,4.53,0.72,2.12,19,5.0,True,False,CAM,-0.571,armadilha_leve,2.247,1.59,1.0,48.6,neutro,3.15,0.65,-33.4,1.3,1.137,1.094,0.833,0.825,0.245,
100987,Nonato,FLU,Meia,6,5.92,0.24,2.54,13,5.2,True,False,CAM,0.14,neutro,3.126,1.77,1.0,49.7,neutro,2.51,0.65,-33.4,1.3,1.137,1.094,0.833,0.825,0.245,
89493,Igor Rabello,FLU,Zagueiro,7,8.06,0.0,6.65,2,0.0,False,False,CAM,0.816,valor_bom,4.49,5.15,0.25,41.6,neutro,3.56,0.2,-33.4,1.3,1.137,1.094,0.833,0.825,0.245,
96340,Lima,SAN,Meia,6,4.32,-0.29,-0.4,2,0.5,True,True,CRU,-0.676,armadilha_leve,1.715,0.0,0.25,55.2,neutro,2.31,0.725,1.5,1.081,0.658,1.505,0.984,0.8,0.333,0.5
101478,Marcelo Pitaluga,FLU,Goleiro,6,3.0,0.0,0.0,0,0.0,False,False,CAM,-1.603,armadilha_forte,0.0,0.0,0.0,41.0,neutro,1.02,0.2,-33.4,1.3,1.137,1.094,0.833,0.825,0.245,
79631,Cano,FLU,Atacante,5,4.31,0.0,2.28,8,0.0,False,False,CAM,-0.204,neutro,2.414,1.28,1.0,48.6,neutro,2.43,0.65,-33.4,1.3,1.137,1.094,0.833,0.825,0.245,
113034,Freytes,FLU,Zagueiro,7,4.43,-0.8,2.57,17,-1.0,False,False,CAM,0.191,neutro,2.621,1.86,1.0,41.6,neutro,3.76,0.2,-33.4,1.3,1.137,1.094,0.833,0.825,0.245,
102137,Vitor Eudes,FLU,Goleiro,6,2.0,0.0,0.0,0,0.0,False,False,CAM,-0.868,armadilha_leve,0.0,0.0,0.0,41.0,neutro,1.02,0.2,-33.4,1.3,1.137,1.094,0.833,0.825,0.245,
140484,Riquelme Felipe,FLU,Atacante,6,4.18,0.0,1.77,4,0.0,False,False,CAM,-0.264,neutro,2.288,0.52,0.5,48.6,neutro,2.49,0.65,-33.4,1.3,1.137,1.094,0.833,0.825,0.245,
63013,Marcos Rocha,GRE,Lateral,6,5.95,0.0,0.8,4,0.0,False,True,VAS,-1.205,armadilha_leve,2.614,0.8,0.5,72.1,neutro,2.99,0.75,52.8,0.926,1.061,0.741,1.125,0.35,0.287,
116447,Hércules,FLU,Meia,7,6.47,0.0,3.57,21,0.0,False,False,CAM,0.581,valor_bom,3.71,2.86,1.0,49.7,neutro,2.94,0.65,-33.4,1.3,1.137,1.094,0.833,0.825,0.245,
102928,Canobbio,FLU,Atacante,6,11.05,-1.12,7.28,18,5.8,True,False,CAM,1.712,valor_oculto,6.52,4.22,1.0,48.6,neutro,4.15,0.65,-33.4,1.3,1.137,1.094,0.833,0.825,0.245,
103523,Ignácio,FLU,Zagueiro,5,7.19,-0.92,4.64,13,6.5,True,False,CAM,0.997,valor_bom,4.377,3.26,1.0,41.6,neutro,4.3,0.2,-33.4,1.3,1.137,1.094,0.833,0.825,0.245,
110759,John Kennedy,FLU,Atacante,5,10.92,0.0,7.3,17,0.0,False,False,CAM,1.734,valor_oculto,6.503,2.77,1.0,48.6,neutro,3.01,0.65,-33.4,1.3,1.137,1.094,0.833,0.825,0.245,
87887,Balbuena,GRE,Zagueiro,6,6.98,0.0,3.94,7,0.0,False,True,VAS,0.564,valor_bom,3.945,3.08,0.875,70.3,favoravel,3.44,0.75,52.8,0.926,1.061,0.741,1.125,0.35,0.287,
88037,Luís Castro,GRE,Técnico,7,8.75,-0.54,4.53,24,2.58,True,True,VAS,-1.512,armadilha_forte,4.623,4.53,1.0,61.2,neutro,3.73,0.9,52.8,0.926,1.061,0.741,1.125,0.35,0.287,
110506,Abel Ferreira,PAL,Técnico,7,11.93,0.31,6.62,26,6.65,True,True,SAO,0.338,neutro,6.607,6.62,1.0,45.6,neutro,4.55,0.3,51.9,0.809,1.238,0.968,0.893,0.525,0.56,0.464
87342,Kannemann,GRE,Zagueiro,2,3.94,0.0,-0.53,3,0.0,False,True,VAS,-1.436,armadilha_leve,1.005,0.0,0.375,70.3,neutro,2.11,0.75,52.8,0.926,1.061,0.741,1.125,0.35,0.287,
89883,Dodi,GRE,Meia,5,2.3,0.0,-0.01,8,0.0,False,True,VAS,-0.529,armadilha_leve,0.537,0.0,1.0,62.0,neutro,1.69,0.9,52.8,0.926,1.061,0.741,1.125,0.35,0.287,
132071,Serna,FLU,Atacante,7,6.14,0.19,3.55,24,2.4,True,False,CAM,0.448,neutro,3.865,2.13,1.0,48.6,neutro,3.17,0.65,-33.4,1.3,1.137,1.094,0.833,0.825,0.245,
72018,Tiago Volpi,RBB,Goleiro,7,9.09,-0.83,5.53,17,0.1,True,False,BOT,0.616,valor_bom,5.104,3.06,1.0,50.4,neutro,2.72,0.375,-5.5,0.806,1.429,0.405,1.0,0.275,0.307,
104994,Wagner Leonardo,GRE,Zagueiro,6,5.23,0.0,2.5,10,0.0,False,True,VAS,-0.261,neutro,2.602,1.9,1.0,70.3,neutro,2.75,0.75,52.8,0.926,1.061,0.741,1.125,0.35,0.287,
91908,Pavón,GRE,Atacante,3,6.2,-2.1,4.32,22,0.9,True,True,VAS,1.146,valor_bom,4.451,2.91,1.0,60.5,favoravel,3.47,0.9,52.8,0.926,1.061,0.741,1.125,0.35,0.287,
63289,Edenílson,BOT,Meia,6,5.84,0.06,2.89,17,1.0,True,True,RBB,0.346,neutro,3.27,1.42,1.0,29.6,neutro,3.28,0.225,5.5,0.405,1.0,0.806,1.429,0.2,0.416,
89273,João Pedro,GRE,Lateral,6,2.73,0.0,0.6,6,0.0,False,True,VAS,-0.367,neutro,1.309,0.6,0.75,72.1,neutro,2.24,0.75,52.8,0.926,1.061,0.741,1.125,0.35,0.287,
97145,Villasanti,GRE,Meia,7,4.99,-0.52,1.48,5,0.6,True,True,VAS,-0.78,armadilha_leve,1.95,1.48,0.625,62.0,neutro,2.61,0.9,52.8,0.926,1.061,0.741,1.125,0.35,0.287,
102318,Caio Paulista,GRE,Lateral,2,5.54,0.0,3.08,9,2.2,True,True,VAS,-0.238,neutro,3.287,2.41,1.0,72.1,neutro,3.08,0.75,52.8,0.926,1.061,0.741,1.125,0.35,0.287,
105563,Carlos Vinícius,GRE,Atacante,7,12.7,-0.04,4.79,23,1.6,True,True,VAS,-0.943,armadilha_leve,4.795,1.44,1.0,60.5,neutro,2.88,0.9,52.8,0.926,1.061,0.741,1.125,0.35,0.287,
91706,Marlon,GRE,Lateral,5,8.13,0.0,4.68,10,0.0,False,True,VAS,0.356,neutro,4.93,3.28,1.0,72.1,favoravel,4.1,0.75,52.8,0.926,1.061,0.741,1.125,0.35,0.287,
111309,Gustavo Martins,GRE,Zagueiro,2,6.53,-1.68,3.69,16,3.8,True,True,VAS,0.545,valor_bom,3.777,1.75,1.0,70.3,favoravel,3.89,0.75,52.8,0.926,1.061,0.741,1.125,0.35,0.287,
112616,Gabriel Grando,GRE,Goleiro,6,3.77,0.0,0.3,1,0.0,False,True,VAS,0.724,valor_bom,3.093,0.3,0.125,69.9,favoravel,3.41,0.75,52.8,0.926,1.061,0.741,1.125,0.35,0.287,
118238,Ronald,GRE,Meia,6,3.0,0.0,0.0,0,0.0,False,True,VAS,-1.777,armadilha_forte,0.0,0.0,0.0,62.0,neutro,1.38,0.9,52.8,0.926,1.061,0.741,1.125,0.35,0.287,
90532,Arthur Melo,SAN,Meia,6,7.73,-0.57,3.15,11,2.0,True,True,CRU,-0.117,neutro,3.541,3.15,1.0,55.2,neutro,3.05,0.725,1.5,1.081,0.658,1.505,0.984,0.8,0.333,0.5
70944,Bruno Henrique,INT,Meia,7,4.75,0.91,2.01,23,8.0,True,False,CHA,-0.507,armadilha_leve,2.07,1.58,1.0,55.6,neutro,2.61,1.0,0.0,0.929,1.071,1.481,0.9,0.225,0.475,0.509
89637,Thiago Maia,INT,Meia,7,4.72,0.16,2.02,12,7.1,True,False,CHA,-0.445,neutro,2.109,1.19,1.0,55.6,neutro,2.36,1.0,0.0,0.929,1.071,1.481,0.9,0.225,0.475,0.509
92981,Ronaldo,INT,Meia,6,3.6,0.0,2.09,11,1.0,True,False,CHA,0.307,neutro,2.155,1.64,1.0,55.6,neutro,2.38,1.0,0.0,0.929,1.071,1.481,0.9,0.225,0.475,0.509
92182,Juninho,INT,Zagueiro,6,5.6,0.0,3.12,8,0.0,False,False,CHA,-0.058,neutro,2.924,2.0,1.0,39.6,neutro,3.0,0.55,0.0,0.929,1.071,1.481,0.9,0.225,0.475,0.509
116067,Thiago Beltrame,GRE,Goleiro,6,2.08,0.0,0.7,1,0.0,False,True,VAS,1.881,valor_oculto,3.137,0.7,0.125,69.9,favoravel,3.44,0.75,52.8,0.926,1.061,0.741,1.125,0.35,0.287,
142004,Amuzu,GRE,Atacante,5,6.72,0.0,3.76,21,0.0,False,True,VAS,0.373,neutro,4.05,2.66,1.0,60.5,favoravel,3.34,0.9,52.8,0.926,1.061,0.741,1.125,0.35,0.287,
107989,Carbonero,INT,Atacante,7,8.53,0.4,4.97,25,3.4,True,False,CHA,0.648,valor_bom,4.931,2.45,1.0,55.1,neutro,4.97,1.0,0.0,0.929,1.071,1.481,0.9,0.225,0.475,0.509
130889,Riquelme,GRE,Meia,6,2.42,0.0,-1.45,2,0.0,False,True,VAS,-0.597,armadilha_leve,0.577,0.0,0.25,62.0,neutro,1.74,0.9,52.8,0.926,1.061,0.741,1.125,0.35,0.287,
72951,Mercado,INT,Zagueiro,7,6.08,-0.23,3.74,16,2.7,True,False,CHA,0.777,valor_bom,3.81,2.62,1.0,39.6,neutro,4.08,0.55,0.0,0.929,1.071,1.481,0.9,0.225,0.475,0.509
106202,Bruno Gomes,INT,Meia,7,7.16,-0.16,3.77,25,7.2,True,False,CHA,0.457,neutro,3.845,3.77,1.0,55.6,neutro,3.87,1.0,0.0,0.929,1.071,1.481,0.9,0.225,0.475,0.509
110510,Aguirre,INT,Lateral,3,6.73,1.06,4.21,18,9.4,True,False,CHA,-0.064,neutro,3.998,2.6,1.0,40.6,neutro,3.18,0.55,0.0,0.929,1.071,1.481,0.9,0.225,0.475,0.509
101960,Vitinho,INT,Atacante,7,7.72,-0.77,4.77,25,4.8,True,False,CHA,0.807,valor_bom,4.78,3.53,1.0,55.1,neutro,5.23,1.0,0.0,0.929,1.071,1.481,0.9,0.225,0.475,0.509
115479,Paulo Pezzolano,INT,Técnico,7,7.55,-0.22,4.83,26,3.88,True,False,CHA,0.747,valor_bom,4.847,4.83,1.0,54.9,neutro,4.16,1.0,0.0,0.929,1.071,1.481,0.9,0.225,0.475,0.509
88136,Ivan,REM,Goleiro,6,7.58,0.0,10.2,1,0.0,False,False,BAH,0.816,valor_bom,4.865,5.2,0.125,29.4,desfavoravel,3.87,0.45,-30.7,1.04,1.088,1.43,1.137,0.125,0.14,
111683,Anthoni,INT,Goleiro,2,4.63,0.0,2.79,10,0.0,False,False,CHA,0.289,neutro,3.08,1.79,1.0,39.0,neutro,3.62,0.55,0.0,0.929,1.071,1.481,0.9,0.225,0.475,0.509
71684,Gustavo Gómez,PAL,Zagueiro,7,10.94,0.49,5.14,23,10.0,True,True,SAO,0.363,neutro,4.833,2.62,1.0,65.2,favoravel,6.24,0.8,51.9,0.809,1.238,0.968,0.893,0.525,0.56,0.464
84674,Lucas Evangelista,PAL,Meia,7,4.29,0.36,1.2,21,3.5,True,True,SAO,-0.924,armadilha_leve,1.488,0.96,1.0,46.1,neutro,1.93,0.3,51.9,0.809,1.238,0.968,0.893,0.525,0.56,0.464
86711,Richard,CFC,Meia,6,4.0,0.0,0.0,0,0.0,False,True,CAP,-2.492,armadilha_forte,0.0,0.0,0.0,63.8,neutro,1.42,0.55,2.3,1.459,1.279,1.449,2.09,0.55,,
97653,Murilo,PAL,Zagueiro,7,6.29,0.0,3.46,22,0.0,False,True,SAO,0.425,neutro,3.591,2.01,1.0,65.2,favoravel,4.47,0.8,51.9,0.809,1.238,0.968,0.893,0.525,0.56,0.464
143488,Raykkonen,INT,Atacante,6,2.63,0.0,0.5,1,0.0,False,False,CHA,-0.544,armadilha_leve,0.948,0.5,0.125,55.1,neutro,1.86,1.0,0.0,0.929,1.071,1.481,0.9,0.225,0.475,0.509
102130,Piquerez,PAL,Lateral,2,11.1,0.05,6.53,12,5.0,True,True,SAO,0.524,valor_bom,6.015,3.61,1.0,66.9,favoravel,5.43,0.8,51.9,0.809,1.238,0.968,0.893,0.525,0.56,0.464
93790,Marlon Freitas,PAL,Meia,3,5.49,0.04,2.5,25,1.0,True,True,SAO,0.06,neutro,2.883,1.9,1.0,46.1,neutro,2.76,0.3,51.9,0.809,1.238,0.968,0.893,0.525,0.56,0.464
71631,Weverton,GRE,Goleiro,7,7.94,-0.24,4.65,22,5.5,True,True,VAS,0.409,neutro,4.529,3.29,1.0,69.9,favoravel,4.38,0.75,52.8,0.926,1.061,0.741,1.125,0.35,0.287,
111466,Victor Gabriel,INT,Zagueiro,3,3.51,0.0,2.16,16,0.0,False,False,CHA,-0.008,neutro,1.967,1.6,1.0,39.6,neutro,3.1,0.55,0.0,0.929,1.071,1.481,0.9,0.225,0.475,0.509
105647,Maurício,PAL,Meia,6,7.72,-0.36,4.62,23,5.9,True,True,SAO,0.99,valor_bom,4.48,2.88,1.0,46.1,neutro,2.77,0.3,51.9,0.809,1.238,0.968,0.893,0.525,0.56,0.464
104085,Bruno Fuchs,PAL,Zagueiro,6,8.5,0.0,4.21,7,0.0,False,True,SAO,0.17,neutro,4.071,2.5,0.875,65.2,favoravel,3.46,0.8,51.9,0.809,1.238,0.968,0.893,0.525,0.56,0.464
68872,Marcelo Lomba,PAL,Goleiro,6,7.08,0.0,8.9,1,0.0,False,True,SAO,0.839,valor_bom,4.72,3.9,0.125,64.8,favoravel,4.33,0.8,51.9,0.809,1.238,0.968,0.893,0.525,0.56,0.464
127932,Júlio Fidelis,FLU,Lateral,7,3.32,1.66,3.1,2,6.5,True,False,CAM,-0.038,neutro,2.093,1.6,0.25,42.6,neutro,2.33,0.2,-33.4,1.3,1.137,1.094,0.833,0.825,0.245,
111832,Jefté,PAL,Lateral,5,4.16,0.0,2.47,7,0.0,False,True,SAO,-0.644,armadilha_leve,2.134,0.9,0.875,66.9,neutro,2.54,0.8,51.9,0.809,1.238,0.968,0.893,0.525,0.56,0.464
112863,Ramón Sosa,PAL,Atacante,5,5.87,0.0,3.31,19,0.0,False,True,SAO,-0.376,neutro,3.084,1.1,1.0,46.2,neutro,2.16,0.3,51.9,0.809,1.238,0.968,0.893,0.525,0.56,0.464
92811,Bruno Rodrigues,CRU,Atacante,6,4.72,0.0,2.4,15,0.0,False,False,SAN,-0.449,neutro,2.451,1.2,1.0,57.8,neutro,2.49,0.725,-1.5,1.505,0.984,1.081,0.658,0.75,0.381,0.5
99818,Paulinho,PAL,Atacante,5,10.37,0.0,3.42,6,0.0,False,True,SAO,-0.939,armadilha_leve,4.214,0.75,0.75,46.2,neutro,3.44,0.3,51.9,0.809,1.238,0.968,0.893,0.525,0.56,0.464
70592,Felipe Anderson,PAL,Meia,2,6.71,0.0,3.36,19,4.7,True,True,SAO,0.319,neutro,3.573,2.57,1.0,46.1,neutro,3.0,0.3,51.9,0.809,1.238,0.968,0.893,0.525,0.56,0.464
100742,Matheus Henrique,CRU,Meia,7,5.18,0.49,2.17,23,3.7,True,False,SAN,-0.599,armadilha_leve,2.189,1.95,1.0,58.8,neutro,2.43,0.725,-1.5,1.505,0.984,1.081,0.658,0.75,0.381,0.5
101405,Wallisson,MIR,Meia,7,5.61,2.06,2.58,16,10.5,True,True,VIT,0.233,neutro,3.08,2.58,1.0,65.1,favoravel,2.92,1.0,38.4,0.897,1.3,0.624,0.843,0.475,0.532,
136156,Larson,PAL,Meia,6,1.69,-0.41,0.32,5,-0.3,True,True,SAO,0.423,neutro,0.79,0.32,0.625,46.1,neutro,1.59,0.3,51.9,0.809,1.238,0.968,0.893,0.525,0.56,0.464
105175,Khellven,PAL,Lateral,6,5.52,0.61,2.82,18,5.0,True,True,SAO,-0.504,armadilha_leve,3.036,1.99,1.0,66.9,neutro,2.92,0.8,51.9,0.809,1.238,0.968,0.893,0.525,0.56,0.464
81005,André Luis,MIR,Atacante,6,2.91,0.0,0.93,12,0.0,False,True,VIT,-0.822,armadilha_leve,0.959,0.26,1.0,64.8,neutro,1.93,1.0,38.4,0.897,1.3,0.624,0.843,0.475,0.532,
125803,Pedro Morisco,CFC,Goleiro,6,7.83,-0.77,4.55,10,3.7,True,True,CAP,0.319,neutro,4.393,4.55,1.0,46.0,neutro,3.42,0.35,2.3,1.459,1.279,1.449,2.09,0.55,,
97321,Alesson,MIR,Atacante,7,8.49,0.11,4.63,21,5.5,True,True,VIT,0.351,neutro,4.68,3.92,1.0,64.8,favoravel,4.14,1.0,38.4,0.897,1.3,0.624,0.843,0.475,0.532,
113103,Flaco López,PAL,Atacante,7,13.45,-0.71,7.01,23,3.5,True,True,SAO,0.904,valor_bom,6.442,3.58,1.0,46.2,neutro,3.48,0.3,51.9,0.809,1.238,0.968,0.893,0.525,0.56,0.464
133679,Benedetti,PAL,Zagueiro,6,5.42,0.0,4.85,2,0.0,False,True,SAO,0.301,neutro,3.153,1.85,0.25,65.2,favoravel,3.31,0.8,51.9,0.809,1.238,0.968,0.893,0.525,0.56,0.464
97460,João Victor,MIR,Zagueiro,3,5.05,-0.28,2.87,23,3.2,True,True,VIT,0.105,neutro,2.833,2.0,1.0,67.8,favoravel,4.92,0.9,38.4,0.897,1.3,0.624,0.843,0.475,0.532,
97520,Shaylon,MIR,Meia,6,3.52,0.04,1.54,16,0.2,True,True,VIT,-0.084,neutro,1.774,1.23,1.0,65.1,neutro,2.65,1.0,38.4,0.897,1.3,0.624,0.843,0.475,0.532,
79066,Alex Muralha,MIR,Goleiro,7,4.77,2.13,5.5,1,5.5,True,True,VIT,0.756,valor_bom,3.67,5.5,0.125,67.5,favoravel,3.73,0.9,38.4,0.897,1.3,0.624,0.843,0.475,0.532,
104027,Rafael Guanaes,MIR,Técnico,7,7.59,0.49,4.28,23,7.54,True,True,VIT,-0.418,neutro,4.44,4.28,1.0,64.2,neutro,4.23,1.0,38.4,0.897,1.3,0.624,0.843,0.475,0.532,
87742,Neto Moura,MIR,Meia,6,3.88,0.0,1.76,14,0.0,False,True,VIT,-0.139,neutro,1.936,1.76,1.0,65.1,neutro,2.39,1.0,38.4,0.897,1.3,0.624,0.843,0.475,0.532,
72279,Thomazella,MIR,Goleiro,6,0.83,0.0,-1.35,2,0.0,False,True,VIT,3.054,valor_oculto,2.963,0.0,0.25,67.5,favoravel,2.79,0.9,38.4,0.897,1.3,0.624,0.843,0.475,0.532,
98384,Negueba,MIR,Atacante,5,8.57,0.0,5.23,8,0.0,False,True,VIT,0.742,valor_bom,5.02,4.23,1.0,64.8,favoravel,3.82,1.0,38.4,0.897,1.3,0.624,0.843,0.475,0.532,
90917,Carlos Eduardo,MIR,Atacante,6,4.72,0.0,2.82,14,0.0,False,True,VIT,-0.112,neutro,2.721,1.89,1.0,64.8,neutro,3.22,1.0,38.4,0.897,1.3,0.624,0.843,0.475,0.532,
101708,Felipe Jonatan,CFC,Lateral,6,4.31,-0.03,2.08,17,0.0,True,True,CAP,-0.299,neutro,2.541,1.55,1.0,47.8,neutro,4.58,0.35,2.3,1.459,1.279,1.449,2.09,0.55,,
82775,Lucas Ramon,SAO,Lateral,7,10.86,1.79,4.98,19,12.4,True,False,PAL,-0.461,neutro,5.058,3.82,1.0,39.6,desfavoravel,4.55,0.125,-51.9,0.968,0.893,0.809,1.238,0.625,0.181,0.464
73318,Daniel Borges,MIR,Lateral,6,5.14,-0.61,3.84,5,-1.0,False,True,VIT,0.388,neutro,3.644,3.24,0.625,69.6,favoravel,4.6,0.9,38.4,0.897,1.3,0.624,0.843,0.475,0.532,
105903,Aldo Filho,MIR,Meia,5,3.8,0.0,2.09,15,0.0,False,True,VIT,0.157,neutro,2.143,1.76,1.0,65.1,favoravel,2.75,1.0,38.4,0.897,1.3,0.624,0.843,0.475,0.532,
104204,Edson Carioca,MIR,Atacante,5,4.14,0.0,2.11,14,0.0,False,True,VIT,-0.257,neutro,2.269,1.54,1.0,64.8,neutro,3.14,1.0,38.4,0.897,1.3,0.624,0.843,0.475,0.532,
117403,Renato Marques,CFC,Atacante,6,2.73,0.0,0.74,7,0.0,False,True,CAP,-0.734,armadilha_leve,0.881,0.74,0.875,62.3,neutro,1.87,0.55,2.3,1.459,1.279,1.449,2.09,0.55,,
83257,Gabriel,SAN,Atacante,3,10.57,2.47,5.28,17,17.2,True,True,CRU,0.137,neutro,5.13,0.93,1.0,53.9,neutro,3.12,0.725,1.5,1.081,0.658,1.505,0.984,0.8,0.333,0.5
77777,João Schmidt,SAN,Meia,6,4.03,-0.15,1.75,13,0.0,True,True,CRU,-0.234,neutro,1.938,1.75,1.0,55.2,neutro,1.94,0.725,1.5,1.081,0.658,1.505,0.984,0.8,0.333,0.5
91866,Zé Ivaldo,REM,Zagueiro,6,5.67,0.0,2.51,8,0.0,False,False,BAH,-0.454,neutro,2.619,2.13,1.0,30.1,desfavoravel,1.96,0.45,-30.7,1.04,1.088,1.43,1.137,0.125,0.14,
118775,Lautaro Díaz,SAN,Atacante,6,5.26,0.0,2.28,8,0.0,False,True,CRU,-0.848,armadilha_leve,2.414,1.28,1.0,53.9,neutro,2.49,0.725,1.5,1.081,0.658,1.505,0.984,0.8,0.333,0.5
95466,Igor Vinícius,SAN,Lateral,6,10.22,-0.21,6.62,17,5.9,True,True,CRU,0.982,valor_bom,6.179,5.27,1.0,49.6,neutro,4.95,0.4,1.5,1.081,0.658,1.505,0.984,0.8,0.333,0.5
102256,Rollheiser,SAN,Meia,7,6.33,0.83,2.92,19,8.2,True,True,CRU,0.116,neutro,3.263,1.6,1.0,55.2,neutro,3.43,0.725,1.5,1.081,0.658,1.505,0.984,0.8,0.333,0.5
84042,Tiquinho Soares,BOT,Atacante,2,5.28,0.0,1.74,7,0.0,False,True,RBB,-1.164,armadilha_leve,2.171,1.74,0.875,29.4,neutro,2.1,0.225,5.5,0.405,1.0,0.806,1.429,0.2,0.416,
141754,Gabriel Bontempo,SAN,Meia,7,5.29,-0.25,3.77,20,2.9,True,True,CRU,0.69,valor_bom,3.334,3.27,1.0,55.2,neutro,3.57,0.725,1.5,1.081,0.658,1.505,0.984,0.8,0.333,0.5
87470,Thaciano,SAN,Meia,7,5.52,-0.19,2.2,15,-0.1,True,True,CRU,0.01,neutro,2.853,1.53,1.0,55.2,neutro,2.63,0.725,1.5,1.081,0.658,1.505,0.984,0.8,0.333,0.5
78478,Willian Arão,SAN,Meia,7,5.31,-0.68,3.25,18,-0.3,True,True,CRU,0.217,neutro,2.94,2.97,1.0,55.2,neutro,3.87,0.725,1.5,1.081,0.658,1.505,0.984,0.8,0.333,0.5
84847,Luan Peres,SAN,Zagueiro,7,5.11,-0.37,3.26,18,2.9,True,True,CRU,0.387,neutro,3.096,2.09,1.0,48.4,neutro,2.78,0.4,1.5,1.081,0.658,1.505,0.984,0.8,0.333,0.5
102975,Escobar,SAN,Lateral,3,10.06,-0.74,6.61,18,3.5,True,True,CRU,1.046,valor_bom,6.189,5.33,1.0,49.6,neutro,4.87,0.4,1.5,1.081,0.658,1.505,0.984,0.8,0.333,0.5
70164,Lucas Moura,SAO,Meia,5,7.5,0.0,2.32,8,0.0,False,False,PAL,-0.433,neutro,3.199,1.07,1.0,29.0,desfavoravel,2.66,0.15,-51.9,0.968,0.893,0.809,1.238,0.625,0.181,0.464
141868,Vini Lira,SAN,Lateral,5,3.79,0.0,2.42,4,0.0,False,True,CRU,-0.482,neutro,2.034,2.42,0.5,49.6,neutro,2.36,0.4,1.5,1.081,0.658,1.505,0.984,0.8,0.333,0.5
63008,Rafael Tolói,SAO,Zagueiro,6,6.92,0.0,4.1,6,0.0,False,False,PAL,0.67,valor_bom,4.014,3.1,0.75,38.6,desfavoravel,3.81,0.125,-51.9,0.968,0.893,0.809,1.238,0.625,0.181,0.464
77656,Cédric Soares,SAO,Lateral,6,3.73,0.0,0.94,8,0.0,False,False,PAL,-1.148,armadilha_leve,1.39,0.94,1.0,39.6,desfavoravel,3.05,0.125,-51.9,0.968,0.893,0.809,1.238,0.625,0.181,0.464
81845,Alisson,FLU,Meia,5,3.52,0.0,0.96,8,0.0,False,False,CAM,-0.286,neutro,1.602,0.33,1.0,49.7,neutro,2.03,0.65,-33.4,1.3,1.137,1.094,0.833,0.825,0.245,
89840,Calleri,SAO,Atacante,7,10.92,0.2,5.02,22,2.5,True,False,PAL,-0.187,neutro,4.964,2.25,1.0,28.5,desfavoravel,3.13,0.15,-51.9,0.968,0.893,0.809,1.238,0.625,0.181,0.464
101290,Ferreira,SAO,Atacante,2,6.32,0.15,3.42,20,1.5,True,False,PAL,0.29,neutro,3.817,1.82,1.0,28.5,desfavoravel,3.2,0.15,-51.9,0.968,0.893,0.809,1.238,0.625,0.181,0.464
113690,Diógenes,SAN,Goleiro,6,5.0,0.0,5.55,2,0.0,False,True,CRU,0.83,valor_bom,3.863,3.05,0.25,47.9,neutro,4.07,0.4,1.5,1.081,0.658,1.505,0.984,0.8,0.333,0.5
106294,Marcos Antônio,SAO,Meia,7,7.1,0.52,3.06,19,8.6,True,False,PAL,-0.087,neutro,3.362,2.53,1.0,29.0,desfavoravel,2.68,0.15,-51.9,0.968,0.893,0.809,1.238,0.625,0.181,0.464
91573,Arboleda,SAO,Zagueiro,7,8.87,0.5,3.91,12,6.2,True,False,PAL,-0.122,neutro,3.926,3.16,1.0,38.6,desfavoravel,3.7,0.125,-51.9,0.968,0.893,0.809,1.238,0.625,0.181,0.464
104075,Sabino,SAO,Zagueiro,7,7.26,0.78,3.79,19,6.8,True,False,PAL,0.328,neutro,3.837,2.84,1.0,38.6,desfavoravel,4.23,0.125,-51.9,0.968,0.893,0.809,1.238,0.625,0.181,0.464
113359,Pablo Maia,SAO,Meia,2,4.08,-0.12,1.76,17,0.6,True,False,PAL,-0.293,neutro,1.915,1.47,1.0,29.0,desfavoravel,1.98,0.15,-51.9,0.968,0.893,0.809,1.238,0.625,0.181,0.464
85403,Danielzinho,SAO,Meia,2,6.27,0.24,2.52,22,2.9,True,False,PAL,-0.241,neutro,2.936,2.07,1.0,29.0,desfavoravel,2.51,0.15,-51.9,0.968,0.893,0.809,1.238,0.625,0.181,0.464
80570,Wendell,SAO,Lateral,7,8.66,0.7,4.26,17,7.7,True,False,PAL,-0.244,neutro,4.574,2.67,1.0,39.6,desfavoravel,4.61,0.125,-51.9,0.968,0.893,0.809,1.238,0.625,0.181,0.464
131617,André Silva,SAO,Atacante,6,3.47,0.0,0.33,14,0.0,False,False,PAL,-1.825,armadilha_forte,0.575,0.33,1.0,28.5,desfavoravel,1.85,0.15,-51.9,0.968,0.893,0.809,1.238,0.625,0.181,0.464
106028,Coronel,SAO,Goleiro,6,5.0,0.0,0.0,0,0.0,False,False,PAL,-2.638,armadilha_forte,0.0,0.0,0.0,38.0,desfavoravel,0.97,0.125,-51.9,0.968,0.893,0.809,1.238,0.625,0.181,0.464
71123,Thiago Mendes,VAS,Meia,7,7.39,0.32,4.07,21,4.1,True,False,GRE,0.634,valor_bom,4.072,2.88,1.0,33.7,desfavoravel,2.34,0.6,-52.8,0.741,1.125,0.926,1.061,0.3,0.408,
86410,Victor Luis,MIR,Lateral,6,3.65,0.0,1.2,7,0.0,False,True,VIT,-0.917,armadilha_leve,1.542,0.77,0.875,69.6,neutro,2.29,0.9,38.4,0.897,1.3,0.624,0.843,0.475,0.532,
118563,Rodriguinho,RBB,Meia,6,6.13,0.69,3.64,14,5.2,True,False,BOT,0.836,valor_bom,3.8,2.93,1.0,48.7,neutro,3.79,0.9,-5.5,0.806,1.429,0.405,1.0,0.275,0.307,
105300,Ferraresi,BOT,Zagueiro,7,7.09,0.51,3.58,20,8.7,True,True,RBB,0.213,neutro,3.686,2.83,1.0,46.9,neutro,4.85,0.55,5.5,0.405,1.0,0.806,1.429,0.2,0.416,
81091,Jair,VAS,Meia,6,6.37,0.0,3.13,3,0.0,False,False,GRE,0.754,valor_bom,3.82,3.13,0.375,33.7,desfavoravel,3.21,0.6,-52.8,0.741,1.125,0.926,1.061,0.3,0.408,
107873,Bobadilla,SAO,Meia,5,8.06,0.0,3.94,16,0.0,False,False,PAL,0.287,neutro,3.986,3.31,1.0,29.0,desfavoravel,2.92,0.15,-51.9,0.968,0.893,0.809,1.238,0.625,0.181,0.464
90309,David,VAS,Atacante,6,4.93,0.0,2.17,20,0.0,False,False,GRE,-0.806,armadilha_leve,2.278,0.72,1.0,33.4,desfavoravel,1.85,0.6,-52.8,0.741,1.125,0.926,1.061,0.3,0.408,
140542,Ryan Francisco,SAO,Atacante,6,4.35,0.0,-0.3,1,0.0,False,False,PAL,-0.462,neutro,2.231,0.0,0.125,28.5,desfavoravel,2.21,0.15,-51.9,0.968,0.893,0.809,1.238,0.625,0.181,0.464
105584,Lucas Piton,VAS,Lateral,2,5.55,-0.36,2.51,17,4.3,True,False,GRE,-0.745,armadilha_leve,2.833,2.04,1.0,29.9,desfavoravel,2.1,0.125,-52.8,0.741,1.125,0.926,1.061,0.3,0.408,
126977,Fernando Seabra,CFC,Técnico,6,7.84,-0.25,5.19,26,4.13,True,True,CAP,1.076,valor_bom,5.122,5.19,1.0,63.0,neutro,3.8,0.55,2.3,1.459,1.279,1.449,2.09,0.55,,
97095,Carlos Cuesta,VAS,Zagueiro,7,4.65,-0.01,1.62,14,0.5,True,False,GRE,-0.645,armadilha_leve,2.023,0.83,1.0,29.2,desfavoravel,2.22,0.125,-52.8,0.741,1.125,0.926,1.061,0.3,0.408,
99213,Puma Rodríguez,VAS,Lateral,6,7.09,-0.12,4.42,16,0.0,True,False,GRE,-0.096,neutro,4.12,2.23,1.0,29.9,desfavoravel,2.33,0.125,-52.8,0.741,1.125,0.926,1.061,0.3,0.408,
117818,Young,SAO,Goleiro,6,3.0,0.0,0.0,0,0.0,False,False,PAL,-1.603,armadilha_forte,0.0,0.0,0.0,38.0,desfavoravel,0.97,0.125,-51.9,0.968,0.893,0.809,1.238,0.625,0.181,0.464
115141,Lucas Freitas,VAS,Zagueiro,6,6.03,0.0,4.67,3,0.0,False,False,GRE,1.198,valor_bom,4.146,1.67,0.375,29.2,desfavoravel,3.35,0.125,-52.8,0.741,1.125,0.926,1.061,0.3,0.408,
86686,Tchê Tchê,VAS,Meia,7,4.68,-1.38,2.86,18,2.6,True,False,GRE,0.237,neutro,2.67,2.3,1.0,33.7,desfavoravel,2.56,0.6,-52.8,0.741,1.125,0.926,1.061,0.3,0.408,
72391,Fernando Diniz,COR,Técnico,7,8.93,0.24,5.43,19,4.56,True,False,FLA,0.287,neutro,5.369,5.43,1.0,18.3,desfavoravel,3.83,0.05,-36.1,0.963,1.348,1.224,0.743,0.1,0.113,
93716,Paulo Henrique,VAS,Lateral,7,7.27,0.18,3.09,17,2.5,True,False,GRE,-0.554,armadilha_leve,3.779,2.33,1.0,29.9,desfavoravel,2.7,0.125,-52.8,0.741,1.125,0.926,1.061,0.3,0.408,
141609,Lucca,SAO,Atacante,6,2.05,0.0,0.23,4,0.0,False,False,PAL,-0.115,neutro,0.746,0.23,0.5,28.5,desfavoravel,1.36,0.15,-51.9,0.968,0.893,0.809,1.238,0.625,0.181,0.464
90588,Caíque,VIT,Meia,7,4.93,0.05,2.64,19,3.8,True,False,MIR,-0.075,neutro,2.522,2.64,1.0,46.6,neutro,2.61,0.95,-38.4,0.624,0.843,0.897,1.3,0.45,0.21,
111682,Adson,VAS,Meia,2,5.79,-0.5,3.48,13,0.0,True,False,GRE,0.885,valor_bom,3.708,3.48,1.0,33.7,desfavoravel,2.98,0.6,-52.8,0.741,1.125,0.926,1.061,0.3,0.408,
90703,Matheuzinho,VIT,Meia,7,5.74,0.35,3.32,22,2.5,True,False,MIR,0.69,valor_bom,3.522,2.64,1.0,46.6,neutro,2.92,0.95,-38.4,0.624,0.843,0.897,1.3,0.45,0.21,
96793,Camutanga,VIT,Zagueiro,5,6.71,0.0,3.95,7,0.0,False,False,MIR,0.677,valor_bom,3.95,2.66,0.875,35.7,desfavoravel,3.16,0.75,-38.4,0.624,0.843,0.897,1.3,0.45,0.21,
117330,Robert Renan,VAS,Zagueiro,7,5.13,-0.66,2.74,23,1.5,True,False,GRE,-0.05,neutro,2.737,2.22,1.0,29.2,desfavoravel,2.18,0.125,-52.8,0.741,1.125,0.926,1.061,0.3,0.408,
42222,Osvaldo,VIT,Atacante,6,4.07,0.0,0.4,2,0.0,False,False,MIR,-0.392,neutro,2.118,0.4,0.25,45.6,neutro,2.39,0.95,-38.4,0.624,0.843,0.897,1.3,0.45,0.21,
104118,Lucas Arcanjo,VIT,Goleiro,7,10.37,1.09,5.92,20,12.5,True,False,MIR,0.602,valor_bom,5.428,4.17,1.0,35.1,desfavoravel,4.9,0.75,-38.4,0.624,0.843,0.897,1.3,0.45,0.21,
99440,Baralhas,VIT,Meia,5,9.25,0.0,5.24,15,0.0,False,False,MIR,0.89,valor_bom,4.836,3.91,1.0,46.6,neutro,3.83,0.95,-38.4,0.624,0.843,0.897,1.3,0.45,0.21,
116706,Andrés Gómez,VAS,Atacante,7,11.61,-0.15,6.96,21,3.2,True,False,GRE,1.344,valor_bom,6.367,4.96,1.0,33.4,desfavoravel,3.75,0.6,-52.8,0.741,1.125,0.926,1.061,0.3,0.408,
122485,Barros,VAS,Meia,6,8.61,0.0,4.64,18,0.0,False,False,GRE,0.663,valor_bom,4.467,3.81,1.0,33.7,desfavoravel,2.97,0.6,-52.8,0.741,1.125,0.926,1.061,0.3,0.408,
118752,Mateus Carvalho,VAS,Meia,5,4.0,0.0,0.0,0,0.0,False,False,GRE,-2.492,armadilha_forte,0.0,0.0,0.0,33.7,desfavoravel,0.9,0.6,-52.8,0.741,1.125,0.926,1.061,0.3,0.408,
142279,Nuno Moreira,VAS,Meia,6,5.2,0.0,2.06,18,0.0,False,False,GRE,-0.695,armadilha_leve,2.116,1.5,1.0,33.7,desfavoravel,1.78,0.6,-52.8,0.741,1.125,0.926,1.061,0.3,0.408,
111879,Mateus Silva,VIT,Lateral,2,7.66,2.39,5.6,5,13.5,True,False,MIR,1.048,valor_bom,5.38,3.4,0.625,36.6,desfavoravel,4.07,0.75,-38.4,0.624,0.843,0.897,1.3,0.45,0.21,
101597,Ramon,VIT,Lateral,5,8.07,0.0,4.81,17,0.0,False,False,MIR,0.4,neutro,4.948,3.05,1.0,36.6,desfavoravel,4.23,0.75,-38.4,0.624,0.843,0.897,1.3,0.45,0.21,
116461,Jamerson,VIT,Lateral,7,7.17,1.65,4.13,12,11.2,True,False,MIR,0.371,neutro,4.575,2.88,1.0,36.6,desfavoravel,3.86,0.75,-38.4,0.624,0.843,0.897,1.3,0.45,0.21,
92180,Jair Ventura,VIT,Técnico,7,9.1,0.85,5.26,23,9.34,True,False,MIR,-0.247,neutro,5.251,5.26,1.0,46.1,neutro,4.06,0.95,-38.4,0.624,0.843,0.897,1.3,0.45,0.21,
92696,Renato Kayzer,VIT,Atacante,6,6.2,-0.22,2.94,15,0.6,True,False,MIR,0.073,neutro,3.591,1.01,1.0,45.6,neutro,2.3,0.95,-38.4,0.624,0.843,0.897,1.3,0.45,0.21,
104330,Dudu,VIT,Meia,5,5.01,0.0,3.95,2,0.0,False,False,MIR,-0.044,neutro,2.585,1.45,0.25,46.6,neutro,2.69,0.95,-38.4,0.624,0.843,0.897,1.3,0.45,0.21,
97645,Thiago Couto,VIT,Goleiro,6,3.0,0.0,0.0,0,0.0,False,False,MIR,-1.603,armadilha_forte,0.0,0.0,0.0,35.1,desfavoravel,0.92,0.75,-38.4,0.624,0.843,0.897,1.3,0.45,0.21,
92273,Odair Hellmann,CAP,Técnico,6,8.82,-0.35,5.92,24,3.69,True,False,CFC,1.453,valor_bom,5.746,5.92,1.0,60.9,neutro,4.6,0.8,-2.3,1.449,2.09,1.459,1.279,0.45,,
130620,Edenílson,VIT,Meia,6,3.22,0.12,1.54,10,1.5,True,False,MIR,-0.377,neutro,1.337,1.54,1.0,46.6,neutro,1.86,0.95,-38.4,0.624,0.843,0.897,1.3,0.45,0.21,
80129,Jadson,CAP,Meia,6,5.15,-0.39,3.67,19,0.7,True,False,CFC,0.66,valor_bom,3.247,3.41,1.0,61.7,neutro,2.96,0.8,-2.3,1.449,2.09,1.459,1.279,0.45,,
115266,Renan Viana,CAP,Atacante,6,2.0,0.0,0.0,0,0.0,False,False,CFC,-0.981,armadilha_leve,0.0,0.0,0.0,60.2,neutro,1.35,0.8,-2.3,1.449,2.09,1.459,1.279,0.45,,
90031,Mendoza,CAP,Atacante,6,7.47,-0.93,4.19,24,0.8,True,False,CFC,0.378,neutro,4.345,2.32,1.0,60.2,neutro,2.92,0.8,-2.3,1.449,2.09,1.459,1.279,0.45,,
145387,Rúben Ismael,VIT,Meia,5,4.0,0.0,0.0,0,0.0,False,False,MIR,-2.492,armadilha_forte,0.0,0.0,0.0,46.6,neutro,1.12,0.95,-38.4,0.624,0.843,0.897,1.3,0.45,0.21,
85626,Léo,CAP,Zagueiro,6,6.77,0.0,4.9,2,0.0,False,False,CFC,0.879,valor_bom,4.14,3.4,0.25,35.2,neutro,3.46,0.65,-2.3,1.449,2.09,1.459,1.279,0.45,,
105518,Renan Peixoto,CAP,Atacante,6,2.67,0.16,0.8,9,1.2,True,False,CFC,-0.652,armadilha_leve,0.896,0.8,1.0,60.2,neutro,1.83,0.8,-2.3,1.449,2.09,1.459,1.279,0.45,,
110668,Esquivel,CAP,Lateral,6,6.9,-1.0,4.67,15,1.7,True,False,CFC,0.157,neutro,4.27,2.67,1.0,36.0,neutro,4.55,0.65,-2.3,1.449,2.09,1.459,1.279,0.45,,
112017,Felipinho,CAP,Meia,6,4.79,0.0,2.99,8,0.0,False,False,CFC,0.113,neutro,2.617,2.99,1.0,61.7,neutro,3.05,0.8,-2.3,1.449,2.09,1.459,1.279,0.45,,
123869,Aguirre,CAP,Zagueiro,6,5.1,-0.51,3.42,21,-1.6,True,False,CFC,0.551,valor_bom,3.229,2.42,1.0,35.2,neutro,3.91,0.65,-2.3,1.449,2.09,1.459,1.279,0.45,,
113113,Benavídez,CAP,Lateral,6,9.33,0.0,5.4,19,0.0,False,False,CFC,0.371,neutro,5.353,2.93,1.0,36.0,neutro,4.39,0.65,-2.3,1.449,2.09,1.459,1.279,0.45,,
107985,Terán,CAP,Zagueiro,6,6.98,0.0,4.09,13,0.0,False,False,CFC,0.673,valor_bom,4.037,2.94,1.0,35.2,neutro,4.11,0.65,-2.3,1.449,2.09,1.459,1.279,0.45,,
128431,João Cruz,CAP,Meia,6,6.55,0.84,4.18,19,8.5,True,False,CFC,1.064,valor_bom,4.15,2.6,1.0,61.7,neutro,3.39,0.8,-2.3,1.449,2.09,1.459,1.279,0.45,,
110698,Mycael,CAP,Goleiro,6,7.67,0.21,6.1,2,4.6,True,False,CFC,0.531,valor_bom,4.578,3.6,0.25,34.6,neutro,3.72,0.65,-2.3,1.449,2.09,1.459,1.279,0.45,,
131832,Portilla,CAP,Meia,6,3.35,0.57,1.42,17,5.1,True,False,CFC,-0.504,armadilha_leve,1.312,1.42,1.0,61.7,neutro,2.05,0.8,-2.3,1.449,2.09,1.459,1.279,0.45,,
125746,Dudu,CAP,Meia,6,2.21,0.0,1.55,16,0.0,False,False,CFC,0.567,valor_bom,1.395,1.24,1.0,61.7,neutro,2.09,0.8,-2.3,1.449,2.09,1.459,1.279,0.45,,
120433,Léo Derik,CAP,Lateral,6,5.81,0.0,3.65,9,0.0,False,False,CFC,-0.052,neutro,3.589,2.65,1.0,36.0,neutro,2.93,0.65,-2.3,1.449,2.09,1.459,1.279,0.45,,
130842,Matheus Soares,CAP,Goleiro,6,1.0,0.0,0.0,0,0.0,False,False,CFC,0.168,neutro,0.0,0.0,0.0,34.6,neutro,0.92,0.65,-2.3,1.449,2.09,1.459,1.279,0.45,,
122316,Batata,CAP,Lateral,6,1.0,0.0,0.0,0,0.0,False,False,CFC,0.47,neutro,0.0,0.0,0.0,36.0,neutro,0.94,0.65,-2.3,1.449,2.09,1.459,1.279,0.45,,
82628,Tinga,CFC,Lateral,5,5.53,0.0,3.59,16,0.0,False,True,CAP,0.077,neutro,3.567,2.59,1.0,47.8,neutro,3.68,0.35,2.3,1.459,1.279,1.449,2.09,0.55,,
123101,Leozinho,CAP,Atacante,6,5.81,-0.86,5.18,13,2.0,True,False,CFC,1.023,valor_bom,4.177,2.72,1.0,60.2,neutro,5.83,0.8,-2.3,1.449,2.09,1.459,1.279,0.45,,
125926,Zapelli,CAP,Meia,6,4.21,0.03,1.38,16,1.5,True,False,CFC,-0.664,armadilha_leve,1.668,1.07,1.0,61.7,neutro,2.18,0.8,-2.3,1.449,2.09,1.459,1.279,0.45,,
127970,Felipe Chiqueti,CAP,Meia,6,2.07,0.0,1.35,7,0.0,False,False,CFC,0.491,neutro,1.208,1.35,0.875,61.7,neutro,2.02,0.8,-2.3,1.449,2.09,1.459,1.279,0.45,,
143532,Carlos Eduardo,CAP,Goleiro,6,1.0,0.0,0.0,0,0.0,False,False,CFC,0.168,neutro,0.0,0.0,0.0,34.6,neutro,0.92,0.65,-2.3,1.449,2.09,1.459,1.279,0.45,,
145609,Élan Ricardo,CAP,Meia,6,3.0,0.0,0.0,0,0.0,False,False,CFC,-1.777,armadilha_forte,0.0,0.0,0.0,61.7,neutro,1.38,0.8,-2.3,1.449,2.09,1.459,1.279,0.45,,
84339,Bruno Melo,CFC,Lateral,6,5.07,-0.05,3.06,24,0.0,True,True,CAP,-0.088,neutro,3.175,1.85,1.0,47.8,neutro,3.14,0.35,2.3,1.459,1.279,1.449,2.09,0.55,,
143193,Viveros,CAP,Atacante,6,12.78,-0.69,8.96,23,4.7,True,False,CFC,2.896,valor_oculto,7.889,3.09,1.0,60.2,neutro,3.82,0.8,-2.3,1.449,2.09,1.459,1.279,0.45,,
71227,Maicon,CFC,Zagueiro,6,3.7,-0.16,1.79,15,-0.1,True,True,CAP,-0.434,neutro,1.717,0.99,1.0,46.6,neutro,2.05,0.35,2.3,1.459,1.279,1.449,2.09,0.55,,
63354,Rodrigo Moledo,CFC,Zagueiro,6,6.22,0.28,4.14,5,3.5,True,True,CAP,0.969,valor_bom,4.023,2.34,0.625,46.6,neutro,3.4,0.35,2.3,1.459,1.279,1.449,2.09,0.55,,
90302,Pedro Rocha,CFC,Atacante,6,8.88,0.11,4.82,25,14.3,True,True,CAP,0.365,neutro,4.818,2.06,1.0,62.3,neutro,2.69,0.55,2.3,1.459,1.279,1.449,2.09,0.55,,
112576,Vini Paulista,CFC,Meia,6,4.03,0.0,2.35,23,0.0,False,True,CAP,0.217,neutro,2.322,2.35,1.0,63.8,neutro,2.83,0.55,2.3,1.459,1.279,1.449,2.09,0.55,,
104811,Sebastián Gómez,CFC,Meia,6,4.75,-0.03,2.88,22,5.4,True,True,CAP,0.245,neutro,2.71,2.65,1.0,63.8,neutro,3.11,0.55,2.3,1.459,1.279,1.449,2.09,0.55,,
128427,Alejandro García,CAP,Meia,6,4.0,0.0,0.0,0,0.0,False,False,CFC,-2.492,armadilha_forte,0.0,0.0,0.0,61.7,neutro,1.38,0.8,-2.3,1.449,2.09,1.459,1.279,0.45,,
117930,Lavega,CFC,Atacante,6,5.15,0.23,3.3,24,2.5,True,True,CAP,0.092,neutro,3.112,1.22,1.0,62.3,neutro,3.53,0.55,2.3,1.459,1.279,1.449,2.09,0.55,,
84626,Josué,CFC,Meia,6,5.65,-0.33,4.01,23,0.5,True,True,CAP,1.327,valor_bom,4.028,1.84,1.0,63.8,neutro,3.45,0.55,2.3,1.459,1.279,1.449,2.09,0.55,,
109127,Tiago Cóser,CFC,Zagueiro,6,3.35,0.0,2.77,22,0.0,False,True,CAP,0.683,valor_bom,2.453,1.13,1.0,46.6,neutro,1.96,0.35,2.3,1.459,1.279,1.449,2.09,0.55,,
124834,Ruan Assis,CFC,Atacante,6,1.0,0.0,0.0,0,0.0,False,True,CAP,0.607,valor_bom,0.0,0.0,0.0,62.3,neutro,1.39,0.55,2.3,1.459,1.279,1.449,2.09,0.55,,
123648,Lucas Ronier,CFC,Atacante,5,10.77,0.0,6.7,18,0.0,False,True,CAP,1.304,valor_bom,6.119,5.42,1.0,62.3,neutro,2.83,0.55,2.3,1.459,1.279,1.449,2.09,0.55,,
124526,Giay,PAL,Lateral,7,7.47,0.11,4.82,21,6.5,True,True,SAO,0.639,valor_bom,4.937,3.68,1.0,66.9,favoravel,4.36,0.8,51.9,0.809,1.238,0.968,0.893,0.525,0.56,0.464
95936,Daniel Fuzato,VAS,Goleiro,6,1.59,-0.41,-1.0,0,-1.0,False,False,GRE,-0.493,neutro,0.0,0.0,0.0,28.5,desfavoravel,0.81,0.125,-52.8,0.741,1.125,0.926,1.061,0.3,0.408,
110708,Pedro Rangel,CFC,Goleiro,6,7.48,0.0,4.67,17,0.0,False,True,CAP,0.535,valor_bom,4.519,2.91,1.0,46.0,neutro,4.52,0.35,2.3,1.459,1.279,1.449,2.09,0.55,,
141337,Lucas Taverna,CFC,Lateral,5,2.69,0.0,1.95,4,0.0,False,True,CAP,0.301,neutro,1.877,1.2,0.5,47.8,neutro,2.24,0.35,2.3,1.459,1.279,1.449,2.09,0.55,,
97878,Jacy,CFC,Zagueiro,6,5.43,0.22,3.99,23,2.0,True,True,CAP,0.904,valor_bom,3.664,3.21,1.0,46.6,neutro,3.84,0.35,2.3,1.459,1.279,1.449,2.09,0.55,,
97795,Marcelinho,REM,Lateral,3,6.06,-0.57,5.1,22,2.7,True,False,BAH,1.021,valor_bom,4.679,3.69,1.0,30.8,desfavoravel,4.3,0.45,-30.7,1.04,1.088,1.43,1.137,0.125,0.14,
124270,Allex,INT,Meia,5,2.11,0.0,1.24,10,0.0,False,False,CHA,0.406,neutro,1.171,1.24,1.0,55.6,neutro,2.19,1.0,0.0,0.929,1.071,1.481,0.9,0.225,0.475,0.509
104257,João Lucas,REM,Lateral,5,4.59,0.0,2.82,6,0.0,False,False,BAH,0.263,neutro,3.22,2.82,0.75,30.8,desfavoravel,2.74,0.45,-30.7,1.04,1.088,1.43,1.137,0.125,0.14,
115840,Benassi,CFC,Goleiro,6,1.0,0.0,0.0,0,0.0,False,True,CAP,0.168,neutro,0.0,0.0,0.0,46.0,neutro,1.11,0.35,2.3,1.459,1.279,1.449,2.09,0.55,,
130283,Matheus Dias,CFC,Meia,6,1.0,0.0,0.0,0,0.0,False,True,CAP,0.444,neutro,0.0,0.0,0.0,63.8,neutro,1.42,0.55,2.3,1.459,1.279,1.449,2.09,0.55,,
145782,Tassano,REM,Zagueiro,6,3.0,0.0,0.0,0,0.0,False,False,BAH,-1.973,armadilha_forte,0.0,0.0,0.0,30.1,desfavoravel,0.84,0.45,-30.7,1.04,1.088,1.43,1.137,0.125,0.14,
102911,Zé Ricardo,REM,Meia,7,4.66,-1.12,3.13,24,2.0,True,False,BAH,0.528,valor_bom,2.908,2.71,1.0,33.5,desfavoravel,3.1,0.375,-30.7,1.04,1.088,1.43,1.137,0.125,0.14,
83074,Ygor Vinhas,REM,Goleiro,6,3.0,0.0,0.0,0,0.0,False,False,BAH,-1.603,armadilha_forte,0.0,0.0,0.0,29.4,desfavoravel,0.83,0.45,-30.7,1.04,1.088,1.43,1.137,0.125,0.14,
141385,João Victor,REM,Goleiro,6,1.0,0.0,0.0,0,0.0,False,False,BAH,0.168,neutro,0.0,0.0,0.0,29.4,desfavoravel,0.83,0.45,-30.7,1.04,1.088,1.43,1.137,0.125,0.14,
68822,Rafael Santos,CHA,Goleiro,6,4.94,0.0,3.75,4,0.0,False,True,INT,0.569,valor_bom,3.544,3.75,0.5,60.4,neutro,2.12,0.55,0.0,1.481,0.9,0.929,1.071,0.575,0.253,0.509
143455,PH Gama,REM,Meia,6,2.0,0.0,0.0,0,0.0,False,False,BAH,-0.855,armadilha_leve,0.0,0.0,0.0,33.5,desfavoravel,0.9,0.375,-30.7,1.04,1.088,1.43,1.137,0.125,0.14,
107700,Eduardo Melo,REM,Atacante,6,2.13,0.0,1.4,1,0.0,False,False,BAH,0.161,neutro,1.048,1.4,0.125,32.9,desfavoravel,1.54,0.375,-30.7,1.04,1.088,1.43,1.137,0.125,0.14,
82730,Marcelo Rangel,REM,Goleiro,7,5.86,0.46,3.84,25,4.2,True,False,BAH,0.545,valor_bom,3.927,3.44,1.0,29.4,desfavoravel,4.11,0.45,-30.7,1.04,1.088,1.43,1.137,0.125,0.14,
141386,Marcos Alexandre,REM,Goleiro,6,1.0,0.0,0.0,0,0.0,False,False,BAH,0.168,neutro,0.0,0.0,0.0,29.4,desfavoravel,0.83,0.45,-30.7,1.04,1.088,1.43,1.137,0.125,0.14,
95332,Marcinho,CHA,Atacante,7,7.32,2.94,4.1,23,21.4,True,True,INT,0.371,neutro,4.283,2.14,1.0,53.8,neutro,2.85,0.55,0.0,1.481,0.9,0.929,1.071,0.575,0.253,0.509
83048,Rafael Thyere,CHA,Zagueiro,6,2.75,0.0,-0.1,3,0.0,False,True,INT,-0.437,neutro,1.122,0.0,0.375,60.8,neutro,2.03,0.55,0.0,1.481,0.9,0.929,1.071,0.575,0.253,0.509
131279,Thiago Azaf,CFC,Atacante,6,1.0,0.0,0.0,0,0.0,False,True,CAP,0.607,valor_bom,0.0,0.0,0.0,62.3,neutro,1.39,0.55,2.3,1.459,1.279,1.449,2.09,0.55,,
98224,Jáderson,REM,Meia,6,2.44,0.0,0.85,11,0.0,False,False,BAH,-0.178,neutro,0.949,0.85,1.0,33.5,desfavoravel,1.47,0.375,-30.7,1.04,1.088,1.43,1.137,0.125,0.14,
97432,Victor Caetano,CHA,Zagueiro,6,3.16,0.0,1.48,8,0.0,False,True,INT,-0.276,neutro,1.53,1.48,1.0,60.8,neutro,2.14,0.55,0.0,1.481,0.9,0.929,1.071,0.575,0.253,0.509
104470,Everton,CHA,Lateral,7,3.42,-0.67,1.85,19,0.0,True,True,INT,-0.394,neutro,1.847,1.27,1.0,62.4,neutro,2.09,0.55,0.0,1.481,0.9,0.929,1.071,0.575,0.253,0.509
109336,Rafael Carvalheira,CHA,Meia,5,5.7,0.0,2.72,14,0.0,False,True,INT,0.347,neutro,3.214,2.01,1.0,55.1,neutro,2.89,0.55,0.0,1.481,0.9,0.929,1.071,0.575,0.253,0.509
111279,Mancha,CHA,Lateral,6,3.0,0.0,0.0,0,0.0,False,True,INT,-2.071,armadilha_forte,0.0,0.0,0.0,62.4,neutro,1.39,0.55,0.0,1.481,0.9,0.929,1.071,0.575,0.253,0.509
101393,Eduardo Doma,CHA,Zagueiro,7,4.0,0.25,2.39,22,1.5,True,True,INT,0.28,neutro,2.48,1.84,1.0,60.8,neutro,2.88,0.55,0.0,1.481,0.9,0.929,1.071,0.575,0.253,0.509
68938,Giovanni Augusto,CHA,Meia,2,4.54,-1.18,3.65,17,-0.4,True,True,INT,0.94,valor_bom,3.2,1.89,1.0,55.1,neutro,2.89,0.55,0.0,1.481,0.9,0.929,1.071,0.575,0.253,0.509
121870,Gustavo Talles,CHA,Lateral,6,2.0,0.0,0.0,0,0.0,False,True,INT,-1.016,armadilha_leve,0.0,0.0,0.0,62.4,neutro,1.39,0.55,0.0,1.481,0.9,0.929,1.071,0.575,0.253,0.509
71043,Léo Vieira,BAH,Goleiro,5,6.82,0.0,5.02,16,0.0,False,True,REM,0.946,valor_bom,4.746,4.39,1.0,70.1,favoravel,2.78,0.55,30.7,1.43,1.137,1.04,1.088,0.875,0.656,
104519,Camilo,CHA,Meia,7,5.18,0.24,3.07,20,3.9,True,True,INT,0.159,neutro,2.834,3.07,1.0,55.1,neutro,2.76,0.55,0.0,1.481,0.9,0.929,1.071,0.575,0.253,0.509
116066,Rubens,CHA,Atacante,6,2.48,0.0,1.38,9,0.0,False,True,INT,-0.061,neutro,1.203,0.49,1.0,53.8,neutro,1.89,0.55,0.0,1.481,0.9,0.929,1.071,0.575,0.253,0.509
130843,Arthur Dias,CAP,Zagueiro,6,5.75,0.08,3.52,22,2.7,True,False,CFC,0.718,valor_bom,3.635,2.57,1.0,35.2,neutro,3.6,0.65,-2.3,1.449,2.09,1.459,1.279,0.45,,
110426,Bernabei,INT,Lateral,7,10.2,0.0,6.35,22,0.0,False,False,CHA,0.851,valor_bom,6.055,4.21,1.0,40.6,neutro,4.39,0.55,0.0,0.929,1.071,1.481,0.9,0.225,0.475,0.509
107453,João Paulo,CHA,Zagueiro,5,4.8,0.0,3.3,6,0.0,False,True,INT,0.404,neutro,2.973,1.47,0.75,60.8,neutro,2.93,0.55,0.0,1.481,0.9,0.929,1.071,0.575,0.253,0.509
126471,Barreal,SAN,Meia,5,10.11,0.0,5.37,19,0.0,False,True,CRU,0.81,valor_bom,4.987,4.05,1.0,55.2,neutro,4.45,0.725,1.5,1.081,0.658,1.505,0.984,0.8,0.333,0.5
130414,Robert,CHA,Meia,5,3.51,0.0,3.0,1,0.0,False,True,INT,0.573,valor_bom,2.327,3.0,0.125,55.1,neutro,2.7,0.55,0.0,1.481,0.9,0.929,1.071,0.575,0.253,0.509
68708,Eduardo,MIR,Meia,7,6.66,-0.18,3.56,18,6.4,True,True,VIT,0.512,valor_bom,3.72,2.45,1.0,65.1,favoravel,2.99,1.0,38.4,0.897,1.3,0.624,0.843,0.475,0.532,
97900,Vitão,FLA,Zagueiro,6,6.62,0.0,2.37,9,0.0,False,True,COR,-0.282,neutro,3.113,1.04,1.0,76.3,neutro,3.27,0.45,36.1,1.224,0.743,0.963,1.348,0.85,0.699,
89837,Lucho Acosta,FLU,Meia,7,11.0,1.0,4.9,20,9.7,True,False,CAM,0.184,neutro,4.665,2.9,1.0,49.7,neutro,2.86,0.65,-33.4,1.3,1.137,1.094,0.833,0.825,0.245,
102906,Anderson,CHA,Goleiro,7,6.14,0.94,3.45,11,6.0,True,True,INT,0.297,neutro,3.765,3.0,1.0,60.4,neutro,3.2,0.55,0.0,1.481,0.9,0.929,1.071,0.575,0.253,0.509
130806,Kauan,CHA,Zagueiro,7,1.03,-0.46,0.86,5,-1.0,True,True,INT,1.694,valor_oculto,1.304,0.26,0.625,60.8,neutro,2.09,0.55,0.0,1.481,0.9,0.929,1.071,0.575,0.253,0.509
89274,Andreas Pereira,PAL,Meia,7,12.22,0.52,4.83,25,7.0,True,True,SAO,-0.146,neutro,4.648,2.63,1.0,46.1,neutro,2.89,0.3,51.9,0.809,1.238,0.968,0.893,0.525,0.56,0.464
140438,David,CHA,Meia,6,1.08,-0.06,0.73,8,0.0,True,True,INT,1.384,valor_bom,0.907,0.73,1.0,55.1,neutro,2.48,0.55,0.0,1.481,0.9,0.929,1.071,0.575,0.253,0.509
99552,Rossi,FLA,Goleiro,7,8.93,-0.39,5.13,24,6.3,True,True,COR,0.471,neutro,4.897,2.84,1.0,76.0,favoravel,4.25,0.45,36.1,1.224,0.743,0.963,1.348,0.85,0.699,
89368,Braithwaite,GRE,Atacante,6,5.31,-0.02,0.48,16,1.2,True,True,VAS,-2.434,armadilha_forte,1.169,0.48,1.0,60.5,neutro,1.97,0.9,52.8,0.926,1.061,0.741,1.125,0.35,0.287,
122781,Caballero,SAN,Atacante,6,3.75,-0.12,1.97,6,0.5,True,True,CRU,0.09,neutro,2.3,1.97,0.75,53.9,neutro,2.5,0.725,1.5,1.081,0.658,1.505,0.984,0.8,0.333,0.5
80287,Luciano,SAO,Atacante,5,13.73,0.34,5.53,21,11.2,True,False,PAL,-0.558,armadilha_leve,5.331,2.24,1.0,28.5,desfavoravel,4.18,0.15,-51.9,0.968,0.893,0.809,1.238,0.625,0.181,0.464
141776,Gustavo Henrique,SAN,Meia,7,4.77,1.64,3.43,12,9.9,True,True,CRU,0.521,valor_bom,2.955,3.43,1.0,55.2,neutro,2.77,0.725,1.5,1.081,0.658,1.505,0.984,0.8,0.333,0.5
78850,Reinaldo,MIR,Lateral,7,8.57,0.32,3.3,20,6.2,True,True,VIT,-1.005,armadilha_leve,3.855,1.85,1.0,69.6,neutro,4.39,0.9,38.4,0.897,1.3,0.624,0.843,0.475,0.532,
51772,Everton Ribeiro,BAH,Meia,6,8.86,0.0,4.48,16,0.0,False,True,REM,0.439,neutro,4.346,3.23,1.0,81.8,favoravel,2.83,0.95,30.7,1.43,1.137,1.04,1.088,0.875,0.656,
100652,Yuri Alberto,COR,Atacante,5,10.58,0.0,4.1,17,0.0,False,False,FLA,-0.869,armadilha_leve,4.327,2.1,1.0,18.0,desfavoravel,3.22,0.05,-36.1,0.963,1.348,1.224,0.743,0.1,0.113,
106104,Enamorado,GRE,Atacante,2,6.63,-0.49,3.3,20,1.3,True,True,VAS,0.022,neutro,3.732,2.55,1.0,60.5,favoravel,3.19,0.9,52.8,0.926,1.061,0.741,1.125,0.35,0.287,
39148,Hulk,FLU,Atacante,6,12.51,-1.15,6.35,19,7.4,True,False,CAM,0.483,neutro,5.894,3.19,1.0,48.6,neutro,4.58,0.65,-33.4,1.3,1.137,1.094,0.833,0.825,0.245,
118844,Kaio César,COR,Atacante,6,9.83,-0.15,5.74,14,3.9,True,False,FLA,0.735,valor_bom,5.402,4.24,1.0,18.0,desfavoravel,3.85,0.05,-36.1,0.963,1.348,1.224,0.743,0.1,0.113,
146991,Rhuan Gabriel,CRU,Meia,6,1.39,0.0,1.2,1,0.0,False,False,SAN,1.162,valor_bom,1.097,1.2,0.125,58.8,neutro,2.01,0.725,-1.5,1.505,0.984,1.081,0.658,0.75,0.381,0.5
103445,Kaio Jorge,CRU,Atacante,7,12.02,1.56,4.91,19,12.8,True,False,SAN,-0.638,armadilha_leve,4.88,1.96,1.0,57.8,neutro,2.67,0.725,-1.5,1.505,0.984,1.081,0.658,0.75,0.381,0.5
115025,Miguelito,SAN,Meia,6,4.97,-2.44,4.28,9,-0.5,True,True,CRU,0.843,valor_bom,3.322,2.61,1.0,55.2,neutro,2.95,0.725,1.5,1.081,0.658,1.505,0.984,0.8,0.333,0.5
144423,Nicolas Pontes,CRU,Lateral,6,1.0,0.0,0.0,0,0.0,False,False,SAN,0.47,neutro,0.0,0.0,0.0,59.4,neutro,1.34,0.6,-1.5,1.505,0.984,1.081,0.658,0.75,0.381,0.5
108713,Galeano,REM,Atacante,7,4.54,-0.77,1.72,14,1.8,True,False,BAH,-0.861,armadilha_leve,2.021,1.72,1.0,32.9,desfavoravel,2.05,0.375,-30.7,1.04,1.088,1.43,1.137,0.125,0.14,
86292,Bolasie,CHA,Atacante,2,4.89,0.4,2.46,17,6.4,True,True,INT,-0.517,armadilha_leve,2.488,1.4,1.0,53.8,neutro,2.7,0.55,0.0,1.481,0.9,0.929,1.071,0.575,0.253,0.509
101908,Willian Machado,MIR,Zagueiro,7,4.96,-0.39,3.36,19,-0.3,True,True,VIT,0.556,valor_bom,3.173,2.62,1.0,67.8,favoravel,3.71,0.9,38.4,0.897,1.3,0.624,0.843,0.475,0.532,
142130,Marcelo Eráclito,CRU,Goleiro,6,1.0,0.0,0.0,0,0.0,False,False,SAN,0.168,neutro,0.0,0.0,0.0,57.5,neutro,1.31,0.6,-1.5,1.505,0.984,1.081,0.658,0.75,0.381,0.5
94583,Pedro,FLA,Atacante,7,16.1,0.59,8.48,24,6.3,True,True,COR,1.644,valor_oculto,7.563,2.65,1.0,61.0,favoravel,4.79,0.225,36.1,1.224,0.743,0.963,1.348,0.85,0.699,
128433,Johan Rojas,VAS,Meia,6,3.78,0.0,1.58,16,0.0,False,False,GRE,-0.232,neutro,1.801,1.27,1.0,33.7,desfavoravel,1.72,0.6,-52.8,0.741,1.125,0.926,1.061,0.3,0.408,
145400,Cauê,RBB,Lateral,6,4.23,0.0,3.47,3,0.0,False,False,BOT,0.825,valor_bom,3.507,2.47,0.375,52.2,neutro,3.28,0.375,-5.5,0.806,1.429,0.405,1.0,0.275,0.307,
131516,JP Chermont,CFC,Lateral,6,5.05,-0.36,3.58,16,0.5,True,True,CAP,0.35,neutro,3.56,2.08,1.0,47.8,neutro,2.86,0.35,2.3,1.459,1.279,1.449,2.09,0.55,,
94514,Lucas Oliveira,MIR,Zagueiro,6,5.1,0.0,3.08,9,0.0,False,True,VIT,0.177,neutro,2.915,2.08,1.0,67.8,favoravel,3.17,0.9,38.4,0.897,1.3,0.624,0.843,0.475,0.532,
115986,Denilson,MIR,Meia,3,4.52,-0.48,3.07,16,-0.4,True,True,VIT,0.474,neutro,2.794,2.76,1.0,65.1,favoravel,4.83,1.0,38.4,0.897,1.3,0.624,0.843,0.475,0.532,
133696,Wallace Davi,BOT,Meia,6,4.0,0.0,0.0,0,0.0,False,True,RBB,-2.492,armadilha_forte,0.0,0.0,0.0,29.6,neutro,0.83,0.225,5.5,0.405,1.0,0.806,1.429,0.2,0.416,
114802,Vitor Roque,PAL,Atacante,7,14.35,-0.16,5.51,14,3.0,True,True,SAO,-0.813,armadilha_leve,5.256,3.22,1.0,46.2,neutro,2.55,0.3,51.9,0.809,1.238,0.968,0.893,0.525,0.56,0.464
90061,Bruno Pacheco,CHA,Lateral,7,6.7,0.0,4.37,15,0.0,False,True,INT,0.035,neutro,4.075,2.77,1.0,62.4,neutro,3.08,0.55,0.0,1.481,0.9,0.929,1.071,0.575,0.253,0.509
126182,Paulinho,INT,Meia,6,4.05,0.17,1.96,19,2.2,True,False,CHA,-0.122,neutro,2.044,1.96,1.0,55.6,neutro,2.43,1.0,0.0,0.929,1.071,1.481,0.9,0.225,0.475,0.509
126120,Marcelinho,RBB,Meia,6,3.16,0.0,2.18,5,0.0,False,False,BOT,-0.133,neutro,1.506,1.18,0.625,48.7,neutro,2.02,0.9,-5.5,0.806,1.429,0.405,1.0,0.275,0.307,
132412,Román Gómez,BAH,Lateral,7,8.35,-0.19,5.46,11,2.2,True,True,REM,0.753,valor_bom,5.368,4.37,1.0,72.3,favoravel,4.66,0.55,30.7,1.43,1.137,1.04,1.088,0.875,0.656,
147090,Kauã Pascini,CAM,Lateral,6,4.22,0.0,3.76,7,0.0,False,True,FLU,0.97,valor_bom,3.632,2.47,0.875,63.1,favoravel,3.23,0.25,33.4,1.094,0.833,1.3,1.137,0.55,0.459,
114040,Minda,CAM,Atacante,6,6.94,-0.15,3.58,15,1.3,True,True,FLU,0.21,neutro,4.008,1.85,1.0,56.4,neutro,5.06,0.55,33.4,1.094,0.833,1.3,1.137,0.55,0.459,
118655,Saldivia,VAS,Zagueiro,6,5.83,0.0,2.55,11,0.0,False,False,GRE,0.091,neutro,3.139,2.28,1.0,29.2,desfavoravel,2.62,0.125,-52.8,0.741,1.125,0.926,1.061,0.3,0.408,
130280,Phillipe Gabriel,VAS,Goleiro,6,1.0,0.0,0.0,0,0.0,False,False,GRE,0.168,neutro,0.0,0.0,0.0,28.5,desfavoravel,0.81,0.125,-52.8,0.741,1.125,0.926,1.061,0.3,0.408,
83433,Patrick,REM,Meia,7,5.59,0.56,3.8,22,4.2,True,False,BAH,1.175,valor_bom,3.874,3.8,1.0,33.5,desfavoravel,4.49,0.375,-30.7,1.04,1.088,1.43,1.137,0.125,0.14,
141131,Vitão,CAM,Zagueiro,7,3.1,0.15,2.83,3,1.5,True,True,FLU,0.235,neutro,1.921,1.83,0.375,61.5,favoravel,2.5,0.25,33.4,1.094,0.833,1.3,1.137,0.55,0.459,
94154,Maycon,CAM,Meia,7,5.31,0.0,2.52,14,0.0,False,True,FLU,-0.395,neutro,2.419,1.81,1.0,56.9,neutro,2.95,0.55,33.4,1.094,0.833,1.3,1.137,0.55,0.459,
70666,Marllon,REM,Zagueiro,7,5.18,0.46,2.57,24,3.0,True,False,BAH,-0.226,neutro,2.61,1.86,1.0,30.1,desfavoravel,2.92,0.45,-30.7,1.04,1.088,1.43,1.137,0.125,0.14,
130048,Noriega,GRE,Zagueiro,7,6.84,-0.29,3.92,18,0.8,True,True,VAS,0.6,valor_bom,3.929,2.81,1.0,70.3,favoravel,4.46,0.75,52.8,0.926,1.061,0.741,1.125,0.35,0.287,
93988,Breno Lopes,CFC,Atacante,6,8.7,-0.33,5.02,23,2.3,True,True,CAP,0.622,valor_bom,4.966,2.02,1.0,62.3,neutro,2.84,0.55,2.3,1.459,1.279,1.449,2.09,0.55,,
106708,Igor Formiga,MIR,Lateral,7,9.52,1.8,5.35,20,15.9,True,True,VIT,0.267,neutro,5.319,3.7,1.0,69.6,favoravel,3.67,0.9,38.4,0.897,1.3,0.624,0.843,0.475,0.532,
116034,Victor Hugo,CAM,Meia,2,6.4,-0.04,3.55,20,2.0,True,True,FLU,0.601,valor_bom,3.701,2.3,1.0,56.9,neutro,2.55,0.55,33.4,1.094,0.833,1.3,1.137,0.55,0.459,
100342,Léo Andrade,REM,Zagueiro,6,4.79,0.0,2.95,4,0.0,False,False,BAH,0.206,neutro,2.802,2.95,0.5,30.1,desfavoravel,2.53,0.45,-30.7,1.04,1.088,1.43,1.137,0.125,0.14,
102909,Luan,SAO,Meia,6,2.69,0.0,0.96,7,0.0,False,False,PAL,-0.313,neutro,1.026,0.96,0.875,29.0,desfavoravel,1.45,0.15,-51.9,0.968,0.893,0.809,1.238,0.625,0.181,0.464
141873,Jacaré,COR,Lateral,6,2.0,0.0,0.0,0,0.0,False,False,FLA,-1.016,armadilha_leve,0.0,0.0,0.0,28.3,desfavoravel,0.81,0.0,-36.1,0.963,1.348,1.224,0.743,0.1,0.113,
89256,Gerson,CRU,Meia,7,9.61,1.53,4.47,22,12.1,True,False,SAN,0.227,neutro,4.366,3.79,1.0,58.8,neutro,3.17,0.725,-1.5,1.505,0.984,1.081,0.658,0.75,0.381,0.5
69208,Gabriel Paulista,COR,Zagueiro,6,8.25,0.0,4.13,19,0.0,False,False,FLA,0.26,neutro,4.077,2.71,1.0,27.6,desfavoravel,3.14,0.0,-36.1,0.963,1.348,1.224,0.743,0.1,0.113,
105157,Villagra,INT,Meia,7,4.69,-0.46,1.91,19,-0.3,True,False,CHA,-0.546,armadilha_leve,2.009,1.91,1.0,55.6,neutro,3.14,1.0,0.0,0.929,1.071,1.481,0.9,0.225,0.475,0.509
103183,Andrew,FLA,Goleiro,6,3.0,0.0,0.0,0,0.0,False,True,COR,-1.603,armadilha_forte,0.0,0.0,0.0,76.0,neutro,1.62,0.45,36.1,1.224,0.743,0.963,1.348,0.85,0.699,
106302,Preciado,CAM,Lateral,6,7.65,0.0,4.38,11,0.0,False,True,FLU,0.347,neutro,4.743,3.11,1.0,63.1,favoravel,3.68,0.25,33.4,1.094,0.833,1.3,1.137,0.55,0.459,
110633,Gustavo,CFC,Meia,6,3.3,0.0,0.9,4,0.0,False,True,CAP,-0.807,armadilha_leve,1.023,0.9,0.5,63.8,neutro,2.0,0.55,2.3,1.459,1.279,1.449,2.09,0.55,,
142265,Dell,BAH,Atacante,6,1.82,0.0,0.65,4,0.0,False,True,REM,0.367,neutro,0.886,0.65,0.5,82.2,favoravel,2.22,0.95,30.7,1.43,1.137,1.04,1.088,0.875,0.656,
103388,Emmanuel Martínez,VIT,Meia,5,5.95,0.0,3.27,18,0.0,False,False,MIR,0.588,valor_bom,3.519,3.27,1.0,46.6,neutro,2.77,0.95,-38.4,0.624,0.843,0.897,1.3,0.45,0.21,
71536,Luiz Gustavo,CAP,Meia,6,6.56,0.62,3.53,18,6.4,True,False,CFC,0.53,valor_bom,3.699,2.97,1.0,61.7,neutro,2.51,0.8,-2.3,1.449,2.09,1.459,1.279,0.45,,
123689,Milans,COR,Lateral,7,7.76,0.0,4.85,6,0.0,False,False,FLA,0.667,valor_bom,5.074,3.35,0.75,28.3,desfavoravel,3.78,0.0,-36.1,0.963,1.348,1.224,0.743,0.1,0.113,
146374,Gilberto Junior,CAP,Lateral,6,6.14,0.0,4.62,6,0.0,False,False,CFC,0.22,neutro,3.992,3.62,0.75,36.0,neutro,3.23,0.65,-2.3,1.449,2.09,1.459,1.279,0.45,,
105842,Edu,VIT,Zagueiro,5,4.13,0.0,1.5,1,0.0,False,False,MIR,0.333,neutro,2.592,1.5,0.125,35.7,desfavoravel,2.55,0.75,-38.4,0.624,0.843,0.897,1.3,0.45,0.21,
105089,Tetê,GRE,Atacante,2,8.39,-0.04,3.46,19,1.3,True,True,VAS,-0.631,armadilha_leve,3.86,2.62,1.0,60.5,neutro,3.25,0.9,52.8,0.926,1.061,0.741,1.125,0.35,0.287,
86859,José Welison,REM,Meia,6,3.26,0.0,2.51,21,0.0,False,False,BAH,0.509,valor_bom,2.117,2.51,1.0,33.5,desfavoravel,2.51,0.375,-30.7,1.04,1.088,1.43,1.137,0.125,0.14,
140496,Tiaguinho,GRE,Meia,6,0.93,0.0,0.0,1,0.0,False,True,VAS,1.691,valor_oculto,0.964,0.0,0.125,62.0,favoravel,1.98,0.9,52.8,0.926,1.061,0.741,1.125,0.35,0.287,
95362,Cassierra,CAM,Atacante,6,5.26,-0.38,2.17,19,0.8,True,True,FLU,-1.013,armadilha_leve,2.282,1.06,1.0,56.4,neutro,2.9,0.55,33.4,1.094,0.833,1.3,1.137,0.55,0.459,
97906,Riccieli,VIT,Zagueiro,6,4.85,0.0,3.5,2,0.0,False,False,MIR,0.27,neutro,2.883,2.0,0.25,35.7,desfavoravel,2.71,0.75,-38.4,0.624,0.843,0.897,1.3,0.45,0.21,
113125,Picco,REM,Meia,7,6.8,0.22,3.56,23,6.2,True,False,BAH,0.424,neutro,3.694,3.13,1.0,33.5,desfavoravel,6.51,0.375,-30.7,1.04,1.088,1.43,1.137,0.125,0.14,
107859,Fintelman,VIT,Goleiro,6,2.0,0.0,0.0,0,0.0,False,False,MIR,-0.868,armadilha_leve,0.0,0.0,0.0,35.1,desfavoravel,0.92,0.75,-38.4,0.624,0.843,0.897,1.3,0.45,0.21,
68952,Marinho,VIT,Atacante,6,4.73,-0.45,2.1,11,1.5,True,False,MIR,-0.659,armadilha_leve,2.288,2.1,1.0,45.6,neutro,2.33,0.95,-38.4,0.624,0.843,0.897,1.3,0.45,0.21,
110598,Marino Hinestroza,VAS,Atacante,6,5.03,0.11,1.42,13,1.3,True,False,GRE,-1.406,armadilha_leve,1.85,1.42,1.0,33.4,desfavoravel,1.96,0.6,-52.8,0.741,1.125,0.926,1.061,0.3,0.408,
141406,Andrey Fernandes,VAS,Atacante,6,1.41,0.0,1.7,1,0.0,False,False,GRE,1.226,valor_bom,1.081,1.7,0.125,33.4,desfavoravel,1.57,0.6,-52.8,0.741,1.125,0.926,1.061,0.3,0.408,
141628,Pablo Lúcio,FLA,Meia,6,2.0,0.0,0.0,0,0.0,False,True,COR,-0.855,armadilha_leve,0.0,0.0,0.0,60.2,neutro,1.35,0.225,36.1,1.224,0.743,0.963,1.348,0.85,0.699,
145404,Arthur,PAL,Lateral,2,4.04,0.0,3.8,17,0.0,False,True,SAO,0.591,valor_bom,3.173,2.74,1.0,66.9,favoravel,2.98,0.8,51.9,0.809,1.238,0.968,0.893,0.525,0.56,0.464
87552,Vitor Bueno,REM,Meia,6,6.73,-0.19,3.5,19,1.5,True,False,BAH,0.426,neutro,3.671,1.92,1.0,33.5,desfavoravel,2.51,0.375,-30.7,1.04,1.088,1.43,1.137,0.125,0.14,
101729,Fabinho,CFC,Atacante,6,3.08,0.34,1.55,10,7.5,True,True,CAP,-0.554,armadilha_leve,1.307,0.25,1.0,62.3,neutro,2.06,0.55,2.3,1.459,1.279,1.449,2.09,0.55,,
141551,Índio,CAM,Meia,6,1.0,0.0,0.0,0,0.0,False,True,FLU,0.444,neutro,0.0,0.0,0.0,56.9,neutro,1.3,0.55,33.4,1.094,0.833,1.3,1.137,0.55,0.459,
130906,Riquelme,CAP,Meia,6,1.53,0.0,1.06,5,0.0,False,False,CFC,0.954,valor_bom,1.075,1.06,0.625,61.7,neutro,1.99,0.8,-2.3,1.449,2.09,1.459,1.279,0.45,,
147088,Cissé,CAM,Meia,6,2.91,0.0,2.0,14,0.0,False,True,FLU,0.255,neutro,1.667,1.64,1.0,56.9,neutro,1.98,0.55,33.4,1.094,0.833,1.3,1.137,0.55,0.459,
99789,Brenner,VAS,Atacante,5,6.94,0.0,2.9,14,0.0,False,False,GRE,-0.305,neutro,3.595,2.33,1.0,33.4,desfavoravel,2.35,0.6,-52.8,0.741,1.125,0.926,1.061,0.3,0.408,
90370,Matheus Pereira,COR,Meia,7,3.08,0.03,0.94,17,0.5,True,False,FLA,-0.682,armadilha_leve,0.986,0.94,1.0,18.2,desfavoravel,1.27,0.05,-36.1,0.963,1.348,1.224,0.743,0.1,0.113,
145436,Belé,PAL,Atacante,6,3.0,0.0,0.0,0,0.0,False,True,SAO,-2.108,armadilha_forte,0.0,0.0,0.0,46.2,neutro,1.11,0.3,51.9,0.809,1.238,0.968,0.893,0.525,0.56,0.464
107075,Yuri Sena,VIT,Goleiro,6,1.0,0.0,0.0,0,0.0,False,False,MIR,0.168,neutro,0.0,0.0,0.0,35.1,desfavoravel,0.92,0.75,-38.4,0.624,0.843,0.897,1.3,0.45,0.21,
104134,Fabri,VIT,Atacante,6,5.12,0.45,2.49,9,3.8,True,False,MIR,-0.631,armadilha_leve,2.517,1.93,1.0,45.6,neutro,2.45,0.95,-38.4,0.624,0.843,0.897,1.3,0.45,0.21,
94930,Lucas Paquetá,FLA,Meia,7,14.01,1.15,6.01,16,9.8,True,True,COR,0.291,neutro,5.366,5.07,1.0,60.2,favoravel,3.96,0.225,36.1,1.224,0.743,0.963,1.348,0.85,0.699,
145036,Fernando Pradella,SAN,Atacante,6,0.82,0.0,0.0,1,0.0,False,True,CRU,2.089,valor_oculto,0.892,0.0,0.125,53.9,neutro,1.8,0.725,1.5,1.081,0.658,1.505,0.984,0.8,0.333,0.5
147883,João Vitor,VAS,Atacante,6,3.49,0.0,3.13,4,0.0,False,False,GRE,-0.423,neutro,1.712,3.13,0.5,33.4,desfavoravel,1.93,0.6,-52.8,0.741,1.125,0.926,1.061,0.3,0.408,
146623,Luis Pacheco,PAL,Meia,6,1.98,0.0,0.0,3,0.0,False,True,SAO,0.092,neutro,0.788,0.0,0.375,46.1,neutro,1.6,0.3,51.9,0.809,1.238,0.968,0.893,0.525,0.56,0.464
133673,Mateus Xavier,SAN,Atacante,6,2.33,0.0,1.2,1,0.0,False,True,CRU,-0.11,neutro,1.025,1.2,0.125,53.9,neutro,1.88,0.725,1.5,1.081,0.658,1.505,0.984,0.8,0.333,0.5
146632,Alisson,INT,Lateral,6,1.0,0.0,0.0,0,0.0,False,False,CHA,0.47,neutro,0.0,0.0,0.0,40.6,neutro,1.02,0.55,0.0,0.929,1.071,1.481,0.9,0.225,0.475,0.509
142638,João Victor,INT,Atacante,6,1.0,0.0,0.0,0,0.0,False,False,CHA,0.607,valor_bom,0.0,0.0,0.0,55.1,neutro,1.27,1.0,0.0,0.929,1.071,1.481,0.9,0.225,0.475,0.509
147202,João Bezerra,INT,Atacante,6,1.19,0.0,0.6,2,0.0,False,False,CHA,1.403,valor_bom,0.923,0.6,0.25,55.1,neutro,1.83,1.0,0.0,0.929,1.071,1.481,0.9,0.225,0.475,0.509
141382,Gustavo Santana,SAO,Atacante,2,3.6,-0.97,3.6,4,1.3,True,False,PAL,-0.322,neutro,1.869,1.6,0.5,28.5,desfavoravel,1.95,0.15,-51.9,0.968,0.893,0.809,1.238,0.625,0.181,0.464
147788,Arthur Izaque,BOT,Atacante,6,1.0,0.0,0.0,0,0.0,False,True,RBB,0.607,valor_bom,0.0,0.0,0.0,29.4,neutro,0.83,0.225,5.5,0.405,1.0,0.806,1.429,0.2,0.416,
141615,Pedro Ferreira,SAO,Meia,6,1.25,0.0,0.87,3,0.0,False,False,PAL,1.273,valor_bom,1.026,0.87,0.375,29.0,desfavoravel,1.46,0.15,-51.9,0.968,0.893,0.809,1.238,0.625,0.181,0.464
130698,Kadu,BOT,Lateral,6,1.0,0.0,0.0,0,0.0,False,True,RBB,0.47,neutro,0.0,0.0,0.0,48.1,neutro,1.15,0.55,5.5,0.405,1.0,0.806,1.429,0.2,0.416,
101715,Alerrandro,INT,Atacante,6,6.18,0.0,3.45,21,0.0,False,False,CHA,0.376,neutro,3.825,1.59,1.0,55.1,neutro,3.04,1.0,0.0,0.929,1.071,1.481,0.9,0.225,0.475,0.509
147782,Arthur Novaes,BOT,Meia,6,1.0,0.0,0.0,0,0.0,False,True,RBB,0.444,neutro,0.0,0.0,0.0,29.6,neutro,0.83,0.225,5.5,0.405,1.0,0.806,1.429,0.2,0.416,
148109,Filipe Lima,REM,Atacante,6,1.0,0.0,0.0,0,0.0,False,False,BAH,0.607,valor_bom,0.0,0.0,0.0,32.9,desfavoravel,0.89,0.375,-30.7,1.04,1.088,1.43,1.137,0.125,0.14,
142086,Kauan Toledo,BOT,Atacante,6,2.53,0.0,2.17,6,0.0,False,True,RBB,0.258,neutro,1.503,2.17,0.75,29.4,neutro,1.6,0.225,5.5,0.405,1.0,0.806,1.429,0.2,0.416,
130438,Diego,INT,Goleiro,6,1.0,0.0,0.0,0,0.0,False,False,CHA,0.168,neutro,0.0,0.0,0.0,39.0,neutro,0.99,0.55,0.0,0.929,1.071,1.481,0.9,0.225,0.475,0.509
148103,Rafael Soares,REM,Meia,6,1.0,0.0,0.0,0,0.0,False,False,BAH,0.444,neutro,0.0,0.0,0.0,33.5,desfavoravel,0.9,0.375,-30.7,1.04,1.088,1.43,1.137,0.125,0.14,
141991,Tico,REM,Atacante,6,1.1,0.0,0.5,1,0.0,False,False,BAH,1.599,valor_oculto,0.948,0.5,0.125,32.9,desfavoravel,1.48,0.375,-30.7,1.04,1.088,1.43,1.137,0.125,0.14,
108131,Garcez,CHA,Atacante,2,4.21,-1.45,2.95,11,1.9,True,True,INT,0.329,neutro,2.781,2.22,1.0,53.8,neutro,2.67,0.55,0.0,1.481,0.9,0.929,1.071,0.575,0.253,0.509
82407,Chico Kim,MIR,Meia,2,2.49,-0.42,0.34,5,0.0,True,True,VIT,-0.402,neutro,0.798,0.34,0.625,65.1,neutro,1.95,1.0,38.4,0.897,1.3,0.624,0.843,0.475,0.532,
123738,Herrera,RBB,Atacante,6,5.22,0.7,2.58,19,6.1,True,False,BOT,-0.629,armadilha_leve,2.57,2.16,1.0,47.7,neutro,3.33,0.9,-5.5,0.806,1.429,0.405,1.0,0.275,0.307,
112939,Catarozzi,REM,Meia,6,5.41,0.0,0.9,1,0.0,False,False,BAH,1.089,valor_bom,3.725,0.9,0.125,33.5,desfavoravel,3.22,0.375,-30.7,1.04,1.088,1.43,1.137,0.125,0.14,
143463,Wesley Natã,FLU,Atacante,6,0.8,0.0,-0.3,1,0.0,False,False,CAM,2.091,valor_oculto,0.859,0.0,0.125,48.6,neutro,1.69,0.65,-33.4,1.3,1.137,1.094,0.833,0.825,0.245,
141126,Pedro Cobra,CAM,Goleiro,6,1.0,0.0,0.0,0,0.0,False,True,FLU,0.168,neutro,0.0,0.0,0.0,61.1,favoravel,1.37,0.25,33.4,1.094,0.833,1.3,1.137,0.55,0.459,
148152,Ararat,CFC,Meia,6,4.0,0.0,0.0,0,0.0,False,True,CAP,-2.492,armadilha_forte,0.0,0.0,0.0,63.8,neutro,1.42,0.55,2.3,1.459,1.279,1.449,2.09,0.55,,
97911,Lucas Silva,VIT,Atacante,6,2.8,0.0,-0.17,3,0.0,False,False,MIR,-1.053,armadilha_leve,0.684,0.0,0.375,45.6,neutro,1.53,0.95,-38.4,0.624,0.843,0.897,1.3,0.45,0.21,
148206,Nadson,SAN,Atacante,6,1.0,0.0,0.0,0,0.0,False,True,CRU,0.607,valor_bom,0.0,0.0,0.0,53.9,neutro,1.25,0.725,1.5,1.081,0.658,1.505,0.984,0.8,0.333,0.5
116065,Cuiabano,VAS,Lateral,2,12.01,0.0,7.38,14,0.0,False,False,GRE,0.908,valor_bom,6.603,5.31,1.0,29.9,desfavoravel,3.44,0.125,-52.8,0.741,1.125,0.926,1.061,0.3,0.408,
108162,Nardoni,GRE,Meia,2,5.88,-0.07,1.85,15,0.7,True,True,VAS,-0.43,neutro,2.625,1.52,1.0,62.0,neutro,2.46,0.9,52.8,0.926,1.061,0.741,1.125,0.35,0.287,
147546,Roger,GRE,Meia,6,1.5,0.0,1.2,2,0.0,False,True,VAS,1.03,valor_bom,1.107,1.2,0.25,62.0,favoravel,2.05,0.9,52.8,0.926,1.061,0.741,1.125,0.35,0.287,
110144,Spinelli,VAS,Atacante,6,5.59,-0.16,2.95,16,1.5,True,False,GRE,-0.548,armadilha_leve,2.816,2.45,1.0,33.4,desfavoravel,2.49,0.6,-52.8,0.741,1.125,0.926,1.061,0.3,0.408,
148124,Vinicius,CHA,Zagueiro,5,1.63,0.0,0.1,2,0.0,False,True,INT,0.864,valor_bom,1.285,0.1,0.25,60.8,neutro,2.14,0.55,0.0,1.481,0.9,0.929,1.071,0.575,0.253,0.509
148215,Djhordney,SAO,Meia,6,0.64,0.01,-0.53,4,-1.6,True,False,PAL,1.722,valor_oculto,0.546,0.0,0.5,29.0,desfavoravel,1.17,0.15,-51.9,0.968,0.893,0.809,1.238,0.625,0.181,0.464
127969,Matheus Reis,FLU,Atacante,5,1.0,0.0,0.0,0,0.0,False,False,CAM,0.607,valor_bom,0.0,0.0,0.0,48.6,neutro,1.16,0.65,-33.4,1.3,1.137,1.094,0.833,0.825,0.245,
146430,Justino,BOT,Zagueiro,6,3.34,0.0,2.75,10,0.0,False,True,RBB,0.425,neutro,2.23,1.85,1.0,46.9,neutro,3.35,0.55,5.5,0.405,1.0,0.806,1.429,0.2,0.416,
99815,Arias,PAL,Meia,7,13.83,-0.62,7.27,20,2.5,True,True,SAO,1.495,valor_bom,6.358,5.52,1.0,46.1,neutro,3.46,0.3,51.9,0.809,1.238,0.968,0.893,0.525,0.56,0.464
104666,Moisés,SAN,Atacante,6,4.78,0.0,2.35,13,0.0,False,True,CRU,-0.522,armadilha_leve,2.425,0.73,1.0,53.9,neutro,2.49,0.725,1.5,1.081,0.658,1.505,0.984,0.8,0.333,0.5
146410,Marquinhos,BOT,Meia,6,0.85,0.0,0.0,1,0.0,False,True,RBB,1.827,valor_oculto,0.964,0.0,0.125,29.6,neutro,1.44,0.225,5.5,0.405,1.0,0.806,1.429,0.2,0.416,
131964,Jhoan Hernández,BOT,Lateral,6,3.69,0.0,0.0,1,0.0,False,True,RBB,-0.845,armadilha_leve,1.636,0.0,0.125,48.1,neutro,2.16,0.55,5.5,0.405,1.0,0.806,1.429,0.2,0.416,
130393,Luiz Gustavo,BAH,Zagueiro,6,1.0,0.0,0.0,0,0.0,False,True,REM,0.19,neutro,0.0,0.0,0.0,70.4,favoravel,1.53,0.55,30.7,1.43,1.137,1.04,1.088,0.875,0.656,
105048,Jajá,REM,Atacante,6,6.28,-1.83,5.45,21,-0.4,True,False,BAH,2.131,valor_oculto,5.274,2.55,1.0,32.9,desfavoravel,4.02,0.375,-30.7,1.04,1.088,1.43,1.137,0.125,0.14,
93371,Rodrigo Rodrigues,CFC,Atacante,6,3.28,0.0,-0.9,1,0.0,False,True,CAP,-1.384,armadilha_leve,0.792,0.0,0.125,62.3,neutro,1.88,0.55,2.3,1.459,1.279,1.449,2.09,0.55,,
126189,Tomás Pérez,CAM,Meia,5,3.99,0.0,1.66,14,0.0,False,True,FLU,-0.286,neutro,1.872,1.66,1.0,56.9,neutro,1.95,0.55,33.4,1.094,0.833,1.3,1.137,0.55,0.459,
97899,Matheus Bahia,INT,Lateral,3,6.05,-1.4,4.25,17,-4.0,True,False,CHA,0.294,neutro,4.017,2.96,1.0,40.6,neutro,3.97,0.55,0.0,0.929,1.071,1.481,0.9,0.225,0.475,0.509
145563,João Ananias,SAN,Zagueiro,7,3.43,0.0,2.5,6,0.0,False,True,CRU,0.057,neutro,1.975,2.0,0.75,48.4,neutro,3.9,0.4,1.5,1.081,0.658,1.505,0.984,0.8,0.333,0.5
133671,Gustavo Reis,RBB,Goleiro,6,1.0,0.0,0.0,0,0.0,False,False,BOT,0.168,neutro,0.0,0.0,0.0,50.4,neutro,1.19,0.375,-5.5,0.806,1.429,0.405,1.0,0.275,0.307,
109987,Medina,BOT,Meia,7,6.35,0.04,3.38,16,0.9,True,True,RBB,0.519,valor_bom,3.613,3.07,1.0,29.6,neutro,3.17,0.225,5.5,0.405,1.0,0.806,1.429,0.2,0.416,
124386,Kainã,CHA,Goleiro,6,1.0,0.0,0.0,0,0.0,False,True,INT,0.168,neutro,0.0,0.0,0.0,60.4,neutro,1.36,0.55,0.0,1.481,0.9,0.929,1.071,0.575,0.253,0.509
104036,Labyad,COR,Meia,5,4.52,0.0,2.05,11,0.0,False,False,FLA,-0.305,neutro,2.131,0.69,1.0,18.2,desfavoravel,1.94,0.05,-36.1,0.963,1.348,1.224,0.743,0.1,0.113,
147875,Daniel Silva,FLA,Zagueiro,6,1.0,0.0,0.0,0,0.0,False,True,COR,0.19,neutro,0.0,0.0,0.0,76.3,favoravel,1.63,0.45,36.1,1.224,0.743,0.963,1.348,0.85,0.699,
101807,Oliva,SAN,Meia,7,7.65,0.6,3.66,16,10.7,True,True,CRU,0.217,neutro,3.8,2.41,1.0,55.2,neutro,2.89,0.725,1.5,1.081,0.658,1.505,0.984,0.8,0.333,0.5
142261,Jeferson,GRE,Atacante,6,1.0,0.0,0.0,0,0.0,False,True,VAS,0.607,valor_bom,0.0,0.0,0.0,60.5,favoravel,1.36,0.9,52.8,0.926,1.061,0.741,1.125,0.35,0.287,
147545,Jefinho,GRE,Meia,6,1.46,0.0,1.5,1,0.0,False,True,VAS,1.109,valor_bom,1.13,1.5,0.125,62.0,favoravel,2.08,0.9,52.8,0.926,1.061,0.741,1.125,0.35,0.287,
92747,Eduardo Domínguez,CAM,Técnico,7,9.79,-0.61,5.29,21,2.02,True,True,FLU,-1.02,armadilha_leve,5.272,5.29,1.0,56.3,neutro,4.27,0.55,33.4,1.094,0.833,1.3,1.137,0.55,0.459,
141400,Huguinho,BOT,Meia,7,5.05,0.3,3.24,8,4.3,True,True,RBB,0.119,neutro,2.742,2.62,1.0,29.6,neutro,1.94,0.225,5.5,0.405,1.0,0.806,1.429,0.2,0.416,
143465,Keven Samuel,FLU,Atacante,6,1.0,0.0,0.0,0,0.0,False,False,CAM,0.607,valor_bom,0.0,0.0,0.0,48.6,neutro,1.16,0.65,-33.4,1.3,1.137,1.094,0.833,0.825,0.245,
142275,Luiz Felipe,FLA,Meia,6,1.0,0.0,0.0,0,0.0,False,True,COR,0.444,neutro,0.0,0.0,0.0,60.2,favoravel,1.35,0.225,36.1,1.224,0.743,0.963,1.348,0.85,0.699,
93834,Keiller,CFC,Goleiro,6,4.0,0.0,0.0,0,0.0,False,True,CAP,-2.172,armadilha_forte,0.0,0.0,0.0,46.0,neutro,1.11,0.35,2.3,1.459,1.279,1.449,2.09,0.55,,
93368,Lucas Veríssimo,SAN,Zagueiro,6,8.78,0.0,4.1,13,0.0,False,True,CRU,0.046,neutro,4.043,2.95,1.0,48.4,neutro,4.47,0.4,1.5,1.081,0.658,1.505,0.984,0.8,0.333,0.5
139200,Pedro Kauã,INT,Zagueiro,6,1.0,0.0,0.0,0,0.0,False,False,CHA,0.19,neutro,0.0,0.0,0.0,39.6,neutro,1.0,0.55,0.0,0.929,1.071,1.481,0.9,0.225,0.475,0.509
100804,Tchamba,REM,Zagueiro,7,5.13,-0.58,2.85,18,5.5,True,False,BAH,0.041,neutro,2.813,2.24,1.0,30.1,desfavoravel,3.59,0.45,-30.7,1.04,1.088,1.43,1.137,0.125,0.14,
124424,Rodrigo Castillo,FLU,Atacante,7,7.87,0.0,3.86,13,0.0,False,False,CAM,0.044,neutro,4.222,1.63,1.0,48.6,neutro,3.35,0.65,-33.4,1.3,1.137,1.094,0.833,0.825,0.245,
124219,Millán,FLU,Zagueiro,6,4.49,0.77,1.47,6,5.0,True,False,CAM,-0.358,neutro,2.189,0.97,0.75,41.6,neutro,2.28,0.2,-33.4,1.3,1.137,1.094,0.833,0.825,0.245,
133690,Bruno Lopes,VAS,Atacante,6,1.57,0.0,1.7,1,0.0,False,False,GRE,0.974,valor_bom,1.081,1.7,0.125,33.4,desfavoravel,1.57,0.6,-52.8,0.741,1.125,0.926,1.061,0.3,0.408,
37457,Léo Condé,REM,Técnico,7,7.8,-0.29,4.68,22,3.52,True,False,BAH,0.092,neutro,4.739,4.68,1.0,33.3,desfavoravel,3.96,0.375,-30.7,1.04,1.088,1.43,1.137,0.125,0.14,
129661,Wendel,BAH,Meia,6,1.0,0.0,0.0,0,0.0,False,True,REM,0.444,neutro,0.0,0.0,0.0,81.8,favoravel,1.72,0.95,30.7,1.43,1.137,1.04,1.088,0.875,0.656,
115537,Marcos Victor,BAH,Zagueiro,2,3.74,0.0,2.75,4,0.0,False,True,REM,-0.16,neutro,1.97,2.0,0.5,70.4,neutro,3.51,0.55,30.7,1.43,1.137,1.04,1.088,0.875,0.656,
81720,Lingard,COR,Atacante,7,3.99,0.1,1.71,15,1.7,True,False,FLA,-0.476,neutro,2.001,1.38,1.0,18.0,desfavoravel,1.86,0.05,-36.1,0.963,1.348,1.224,0.743,0.1,0.113,
142260,Bernardo Zortea,GRE,Meia,6,1.72,0.0,1.17,4,0.0,False,True,VAS,0.767,valor_bom,1.113,1.17,0.5,62.0,favoravel,2.03,0.9,52.8,0.926,1.061,0.741,1.125,0.35,0.287,
88963,Leonardo Jardim,FLA,Técnico,7,13.42,-0.14,7.4,22,8.45,True,True,COR,0.521,valor_bom,7.178,7.4,1.0,59.5,neutro,4.61,0.225,36.1,1.224,0.743,0.963,1.348,0.85,0.699,
141752,Caio Valle,BOT,Meia,6,1.0,0.0,0.0,0,0.0,False,True,RBB,0.444,neutro,0.0,0.0,0.0,29.6,neutro,0.83,0.225,5.5,0.405,1.0,0.806,1.429,0.2,0.416,
147268,Anderson Pato,VIT,Atacante,5,3.12,0.0,1.38,4,0.0,False,False,MIR,-0.814,armadilha_leve,1.129,1.38,0.5,45.6,neutro,1.78,0.95,-38.4,0.624,0.843,0.897,1.3,0.45,0.21,
142257,Luis Eduardo,GRE,Zagueiro,6,1.45,0.0,-0.3,2,0.0,False,True,VAS,0.99,valor_bom,1.205,0.0,0.25,70.3,favoravel,2.25,0.75,52.8,0.926,1.061,0.741,1.125,0.35,0.287,
140726,David Martins,BAH,Meia,6,0.65,0.0,-0.1,3,0.0,False,True,REM,1.955,valor_oculto,0.761,0.0,0.375,81.8,favoravel,2.16,0.95,30.7,1.43,1.137,1.04,1.088,0.875,0.656,
121823,Kauê,COR,Goleiro,6,5.21,0.6,4.98,4,3.2,True,False,FLA,0.823,valor_bom,3.954,3.73,0.5,26.9,desfavoravel,3.17,0.0,-36.1,0.963,1.348,1.224,0.743,0.1,0.113,
84268,Georgemy,MIR,Goleiro,6,3.0,0.0,0.0,0,0.0,False,True,VIT,-1.603,armadilha_forte,0.0,0.0,0.0,67.5,neutro,1.48,0.9,38.4,0.897,1.3,0.624,0.843,0.475,0.532,
143153,Tarzia,VIT,Atacante,7,3.87,0.53,2.91,19,2.9,True,False,MIR,0.62,valor_bom,2.803,1.8,1.0,45.6,neutro,2.6,0.95,-38.4,0.624,0.843,0.897,1.3,0.45,0.21,
145659,Nicolas,SAO,Lateral,5,2.79,0.0,5.0,1,0.0,False,False,PAL,0.551,valor_bom,2.192,2.0,0.125,39.6,desfavoravel,2.37,0.125,-51.9,0.968,0.893,0.809,1.238,0.625,0.181,0.464
148125,Ryan Augusto,RBB,Lateral,6,3.55,-0.23,3.17,6,0.5,True,False,BOT,0.123,neutro,2.411,2.67,0.75,52.2,neutro,2.16,0.375,-5.5,0.806,1.429,0.405,1.0,0.275,0.307,
141594,Pedro Gabriel,GRE,Lateral,2,4.64,0.22,3.1,13,1.7,True,True,VAS,0.275,neutro,3.26,1.79,1.0,72.1,favoravel,3.06,0.75,52.8,0.926,1.061,0.741,1.125,0.35,0.287,
95131,Gabriel Taliari,REM,Atacante,7,8.6,0.02,4.78,14,3.6,True,False,BAH,0.444,neutro,4.791,2.49,1.0,32.9,desfavoravel,3.18,0.375,-30.7,1.04,1.088,1.43,1.137,0.125,0.14,
141184,Walace Falcão,VAS,Zagueiro,6,1.0,0.0,0.0,0,0.0,False,False,GRE,0.19,neutro,0.0,0.0,0.0,29.2,desfavoravel,0.82,0.125,-52.8,0.741,1.125,0.926,1.061,0.3,0.408,
147192,Claudinho,CAP,Lateral,5,7.84,0.0,7.52,6,0.0,False,False,CFC,1.9,valor_oculto,6.219,5.19,0.75,36.0,neutro,5.65,0.65,-2.3,1.449,2.09,1.459,1.279,0.45,,
143252,Gean,VIT,Lateral,6,1.0,0.0,0.0,0,0.0,False,False,MIR,0.47,neutro,0.0,0.0,0.0,36.6,desfavoravel,0.95,0.75,-38.4,0.624,0.843,0.897,1.3,0.45,0.21,
42411,Cuca,SAN,Técnico,7,10.48,0.05,6.18,17,6.97,True,True,CRU,1.006,valor_bom,6.303,6.18,1.0,54.6,neutro,4.86,0.725,1.5,1.081,0.658,1.505,0.984,0.8,0.333,0.5
149715,Rafael Gonzaga,SAN,Lateral,6,2.79,0.0,2.4,1,0.0,False,True,CRU,0.231,neutro,1.903,2.4,0.125,49.6,neutro,2.35,0.4,1.5,1.081,0.658,1.505,0.984,0.8,0.333,0.5
102877,Gabriel Poveda,REM,Atacante,6,2.57,0.03,0.6,13,0.5,True,False,BAH,-0.721,armadilha_leve,0.754,0.6,1.0,32.9,desfavoravel,1.7,0.375,-30.7,1.04,1.088,1.43,1.137,0.125,0.14,
130209,Renê,VIT,Atacante,7,10.32,2.22,6.44,17,16.1,True,False,MIR,1.207,valor_bom,5.919,3.32,1.0,45.6,neutro,3.12,0.95,-38.4,0.624,0.843,0.897,1.3,0.45,0.21,
121811,Da Silva,CHA,Meia,6,3.0,0.0,0.0,0,0.0,False,True,INT,-1.777,armadilha_forte,0.0,0.0,0.0,55.1,neutro,1.27,0.55,0.0,1.481,0.9,0.929,1.071,0.575,0.253,0.509
107256,Zé Vitor,VIT,Meia,7,7.02,0.77,4.77,15,10.6,True,False,MIR,1.317,valor_bom,4.53,4.44,1.0,46.6,neutro,3.49,0.95,-38.4,0.624,0.843,0.897,1.3,0.45,0.21,
110605,Vinícius Balieiro,CHA,Meia,5,3.62,0.0,1.84,5,0.0,False,True,INT,0.215,neutro,2.088,1.84,0.625,55.1,neutro,2.43,0.55,0.0,1.481,0.9,0.929,1.071,0.575,0.253,0.509
127273,Artur Jorge,CRU,Técnico,7,11.94,0.43,6.44,18,7.89,True,False,SAN,-0.02,neutro,6.479,6.44,1.0,58.1,neutro,3.86,0.725,-1.5,1.505,0.984,1.081,0.658,0.75,0.381,0.5
94034,Kevin Ramírez,CHA,Atacante,6,4.21,0.0,3.18,5,0.0,False,True,INT,0.341,neutro,2.791,2.18,0.625,53.8,neutro,2.45,0.55,0.0,1.481,0.9,0.929,1.071,0.575,0.253,0.509
123005,Sidney,BAH,Meia,6,1.0,0.0,0.0,0,0.0,False,True,REM,0.444,neutro,0.0,0.0,0.0,81.8,favoravel,1.72,0.95,30.7,1.43,1.137,1.04,1.088,0.875,0.656,
101820,Mayk,REM,Lateral,6,5.75,0.0,3.27,14,0.0,False,False,BAH,-0.272,neutro,3.361,2.27,1.0,30.8,desfavoravel,3.11,0.45,-30.7,1.04,1.088,1.43,1.137,0.125,0.14,
123016,David Braga,REM,Meia,6,2.88,0.0,1.05,11,0.0,False,False,BAH,-0.429,neutro,1.064,1.05,1.0,33.5,desfavoravel,1.66,0.375,-30.7,1.04,1.088,1.43,1.137,0.125,0.14,
124264,Kauan Jesus,INT,Goleiro,6,1.0,0.0,0.0,0,0.0,False,False,CHA,0.168,neutro,0.0,0.0,0.0,39.0,neutro,0.99,0.55,0.0,0.929,1.071,1.481,0.9,0.225,0.475,0.509
147850,Rodrigo Bellão,BOT,Técnico,7,10.47,0.26,5.69,5,6.45,True,True,RBB,0.815,valor_bom,6.229,5.69,0.625,29.4,neutro,4.5,0.225,5.5,0.405,1.0,0.806,1.429,0.2,0.416,
97905,Matheus Aurélio,CHA,Goleiro,6,2.61,0.0,1.7,2,0.0,False,True,INT,1.436,valor_bom,3.093,1.7,0.25,60.4,neutro,2.72,0.55,0.0,1.481,0.9,0.929,1.071,0.575,0.253,0.509
147089,Cauã Soares,CAM,Atacante,6,1.39,0.0,0.73,6,0.0,False,True,FLU,1.015,valor_bom,0.886,0.73,0.75,56.4,neutro,1.79,0.55,33.4,1.094,0.833,1.3,1.137,0.55,0.459,
130309,Rodrigo Falcão,SAN,Goleiro,6,1.0,0.0,0.0,0,0.0,False,True,CRU,0.168,neutro,0.0,0.0,0.0,47.9,neutro,1.14,0.4,1.5,1.081,0.658,1.505,0.984,0.8,0.333,0.5
103347,Matheus Alexandre,REM,Lateral,6,4.19,0.0,1.92,11,0.0,False,False,BAH,-0.157,neutro,2.594,1.1,1.0,30.8,desfavoravel,2.05,0.45,-30.7,1.04,1.088,1.43,1.137,0.125,0.14,
130282,Anthony,BOT,Zagueiro,6,3.0,0.0,0.0,0,0.0,False,True,RBB,-1.973,armadilha_forte,0.0,0.0,0.0,46.9,neutro,1.13,0.55,5.5,0.405,1.0,0.806,1.429,0.2,0.416,
148717,Tetê,SAO,Atacante,6,0.65,0.0,-0.4,4,0.0,False,False,PAL,2.029,valor_oculto,0.536,0.0,0.5,28.5,desfavoravel,1.16,0.15,-51.9,0.968,0.893,0.809,1.238,0.625,0.181,0.464
130399,Igor Felisberto,SAO,Lateral,6,1.0,0.0,0.0,0,0.0,False,False,PAL,0.47,neutro,0.0,0.0,0.0,39.6,desfavoravel,1.0,0.125,-51.9,0.968,0.893,0.809,1.238,0.625,0.181,0.464
150197,Osorio,SAO,Zagueiro,6,2.24,0.0,2.32,5,0.0,False,False,PAL,0.903,valor_bom,1.865,1.32,0.625,38.6,desfavoravel,3.62,0.125,-51.9,0.968,0.893,0.809,1.238,0.625,0.181,0.464
85465,Alex Santana,COR,Meia,6,4.02,0.0,0.8,1,0.0,False,False,FLA,-0.057,neutro,2.083,0.8,0.125,18.2,desfavoravel,1.95,0.05,-36.1,0.963,1.348,1.224,0.743,0.1,0.113,
150757,Samuel Pierri,SAN,Meia,6,1.88,0.0,0.45,2,0.0,False,True,CRU,0.4,neutro,0.957,0.45,0.25,55.2,neutro,1.85,0.725,1.5,1.081,0.658,1.505,0.984,0.8,0.333,0.5
149993,Iago Machado,COR,Zagueiro,7,1.0,0.0,0.0,0,0.0,False,False,FLA,0.19,neutro,0.0,0.0,0.0,27.6,desfavoravel,0.8,0.0,-36.1,0.963,1.348,1.224,0.743,0.1,0.113,
143255,Kauan Vitor,VIT,Lateral,6,1.0,0.0,0.0,0,0.0,False,False,MIR,0.47,neutro,0.0,0.0,0.0,36.6,desfavoravel,0.95,0.75,-38.4,0.624,0.843,0.897,1.3,0.45,0.21,
141795,Kauan Coutinho,VIT,Zagueiro,6,1.0,0.0,0.0,0,0.0,False,False,MIR,0.19,neutro,0.0,0.0,0.0,35.7,desfavoravel,0.93,0.75,-38.4,0.624,0.843,0.897,1.3,0.45,0.21,
143253,Wendell,VIT,Meia,6,2.0,0.0,0.0,0,0.0,False,False,MIR,-0.855,armadilha_leve,0.0,0.0,0.0,46.6,neutro,1.12,0.95,-38.4,0.624,0.843,0.897,1.3,0.45,0.21,
150180,Ramon Rique,VAS,Meia,6,2.62,-0.73,2.16,7,-0.3,True,False,GRE,0.407,neutro,1.586,0.73,0.875,33.7,desfavoravel,1.83,0.6,-52.8,0.741,1.125,0.926,1.061,0.3,0.408,
149991,David,CFC,Atacante,6,0.92,0.0,0.0,1,0.0,False,True,CAP,1.88,valor_oculto,0.892,0.0,0.125,62.3,neutro,1.94,0.55,2.3,1.459,1.279,1.449,2.09,0.55,,
149994,Jhuan Nunes,RBB,Atacante,6,1.54,-0.29,1.15,2,0.0,True,False,BOT,0.96,valor_bom,1.033,1.15,0.25,47.7,neutro,1.77,0.9,-5.5,0.806,1.429,0.405,1.0,0.275,0.307,
146701,Benjamin Arhin,INT,Meia,6,1.73,0.0,-0.3,1,0.0,False,False,CHA,0.54,valor_bom,0.93,0.0,0.125,55.6,neutro,1.85,1.0,0.0,0.929,1.071,1.481,0.9,0.225,0.475,0.509
142868,Johnny,FLA,Lateral,6,0.89,0.0,0.0,1,0.0,False,True,COR,2.487,valor_oculto,1.636,0.0,0.125,78.3,favoravel,2.66,0.45,36.1,1.224,0.743,0.963,1.348,0.85,0.699,
130233,Iuri,BAH,Goleiro,6,1.0,0.0,0.0,0,0.0,False,True,REM,0.168,neutro,0.0,0.0,0.0,70.1,favoravel,1.52,0.55,30.7,1.43,1.137,1.04,1.088,0.875,0.656,
145660,Luiz Felipe,INT,Lateral,6,1.65,0.0,1.45,2,0.0,False,False,CHA,1.388,valor_bom,1.763,1.45,0.25,40.6,neutro,2.1,0.55,0.0,0.929,1.071,1.481,0.9,0.225,0.475,0.509
150826,Nícollas,COR,Atacante,6,1.0,0.0,0.0,0,0.0,False,False,FLA,0.607,valor_bom,0.0,0.0,0.0,18.0,desfavoravel,0.63,0.05,-36.1,0.963,1.348,1.224,0.743,0.1,0.113,
141405,Avellar,VAS,Lateral,6,2.8,0.0,3.45,2,0.0,False,False,GRE,0.509,valor_bom,2.163,3.45,0.25,29.9,desfavoravel,2.18,0.125,-52.8,0.741,1.125,0.926,1.061,0.3,0.408,
148092,Vitor Ramon,GRE,Lateral,6,1.0,0.0,0.2,1,0.0,False,True,VAS,2.305,valor_oculto,1.659,0.2,0.125,72.1,favoravel,2.57,0.75,52.8,0.926,1.061,0.741,1.125,0.35,0.287,
150825,Breno,RBB,Zagueiro,6,2.8,0.0,3.35,2,0.0,False,False,BOT,0.488,neutro,1.935,1.85,0.25,50.9,neutro,2.37,0.375,-5.5,0.806,1.429,0.405,1.0,0.275,0.307,
144898,Vitinho,CAP,Lateral,6,1.0,0.0,0.0,0,0.0,False,False,CFC,0.47,neutro,0.0,0.0,0.0,36.0,neutro,0.94,0.65,-2.3,1.449,2.09,1.459,1.279,0.45,,
132750,João Pedro,SAN,Goleiro,6,1.0,0.0,0.0,0,0.0,False,True,CRU,0.168,neutro,0.0,0.0,0.0,47.9,neutro,1.14,0.4,1.5,1.081,0.658,1.505,0.984,0.8,0.333,0.5
129665,Pablo,VAS,Goleiro,6,1.0,0.0,0.0,0,0.0,False,False,GRE,0.168,neutro,0.0,0.0,0.0,28.5,desfavoravel,0.81,0.125,-52.8,0.741,1.125,0.926,1.061,0.3,0.408,
147792,Koné,PAL,Zagueiro,6,2.0,0.0,0.0,0,0.0,False,True,SAO,-1.075,armadilha_leve,0.0,0.0,0.0,65.2,neutro,1.44,0.8,51.9,0.809,1.238,0.968,0.893,0.525,0.56,0.464
147877,Cauan Farias,VIT,Zagueiro,6,1.0,0.0,0.0,0,0.0,False,False,MIR,0.19,neutro,0.0,0.0,0.0,35.7,desfavoravel,0.93,0.75,-38.4,0.624,0.843,0.897,1.3,0.45,0.21,
150952,Arthur Monteiro,CAP,Lateral,6,1.0,0.0,0.0,0,0.0,False,False,CFC,0.47,neutro,0.0,0.0,0.0,36.0,neutro,0.94,0.65,-2.3,1.449,2.09,1.459,1.279,0.45,,
99520,Ziyech,BOT,Meia,6,10.0,0.0,0.0,0,0.0,False,True,RBB,-5.019,armadilha_forte,0.0,0.0,0.0,29.6,neutro,0.83,0.225,5.5,0.405,1.0,0.806,1.429,0.2,0.416,
