atleta_id,nome,clube,posicao,status_id,preco,variacao,media,jogos,pontos_rodada,entrou_em_campo,mandante,adversario,residuo_z,armadilha_label,media_bayesiana,pb_media,confiabilidade,score_confronto_100,condicao_mando,pontos_esperados,oportunidade_confronto,vantagem_mando,time_momentum_of,time_momentum_def,adv_momentum_of,adv_momentum_def,forma_score_time,prob_vitoria,prob_gols
130209,Renê,VIT,Atacante,7,9.22,-1.89,7.58,11,3.0,True,True,PAL,2.189,valor_oculto,6.444,3.49,1.0,23.5,neutro,2.05,0.05,11.5,0.727,0.741,1.059,1.0,0.425,0.0,
127273,Artur Jorge,CRU,Técnico,7,11.66,-0.54,6.22,12,3.77,True,False,CFC,0.421,neutro,6.125,6.22,1.0,59.6,neutro,3.25,0.75,-3.7,0.923,0.667,1.12,1.185,0.55,0.0,
97905,Matheus Aurélio,CHA,Goleiro,6,2.61,0.84,1.7,2,3.5,True,True,VAS,1.23,valor_bom,2.426,1.7,0.25,56.9,neutro,2.67,0.375,8.5,0.632,1.073,0.348,1.29,0.15,0.0,
101820,Mayk,REM,Lateral,7,7.63,1.71,3.8,12,12.0,True,False,MIR,0.009,neutro,4.315,2.63,1.0,40.8,neutro,3.59,0.7,-23.3,1.217,0.875,0.905,0.877,0.6,0.0,
42411,Cuca,SAN,Técnico,6,10.32,-0.03,5.67,12,6.21,True,False,SAO,-0.397,neutro,5.487,5.67,1.0,31.1,desfavoravel,3.8,0.275,-48.2,1.103,1.333,0.64,1.217,0.35,0.0,
121811,Da Silva,CHA,Meia,6,3.0,0.0,0.0,0,0.0,False,True,VAS,-1.723,armadilha_forte,0.0,0.0,0.0,54.4,neutro,1.35,0.825,8.5,0.632,1.073,0.348,1.29,0.15,0.0,
149715,Rafael Gonzaga,SAN,Lateral,6,2.79,0.0,2.4,1,0.0,False,False,SAO,0.346,neutro,2.007,2.4,0.125,21.3,desfavoravel,1.27,0.275,-48.2,1.103,1.333,0.64,1.217,0.35,0.0,
123005,Sidney,BAH,Meia,6,1.0,0.0,0.0,0,0.0,False,False,FLU,0.496,neutro,0.0,0.0,0.0,45.1,neutro,0.93,0.5,-24.8,1.103,0.96,0.667,0.8,0.625,0.0,
102877,Gabriel Poveda,REM,Atacante,6,3.01,0.0,0.73,10,0.0,False,False,MIR,-0.938,armadilha_leve,0.756,0.73,1.0,54.2,neutro,2.07,0.675,-23.3,1.217,0.875,0.905,0.877,0.6,0.0,
123016,David Braga,REM,Meia,6,3.11,0.0,1.52,6,0.0,False,False,MIR,-0.353,neutro,1.223,1.52,0.75,55.9,neutro,2.25,0.675,-23.3,1.217,0.875,0.905,0.877,0.6,0.0,
94034,Kevin Ramírez,CHA,Atacante,6,2.75,-0.25,0.73,3,0.5,True,True,VAS,-0.679,armadilha_leve,0.773,0.73,0.375,52.7,neutro,2.08,0.825,8.5,0.632,1.073,0.348,1.29,0.15,0.0,
103347,Matheus Alexandre,REM,Lateral,6,4.82,0.63,2.12,9,5.0,True,False,MIR,-0.388,neutro,2.702,1.12,1.0,40.8,neutro,2.31,0.7,-23.3,1.217,0.875,0.905,0.877,0.6,0.0,
148717,Tetê,SAO,Atacante,6,0.65,0.0,-0.4,4,0.0,False,True,SAN,1.826,valor_oculto,0.393,0.0,0.5,70.0,favoravel,2.46,0.95,48.2,0.64,1.217,1.103,1.333,0.225,0.0,
130282,Anthony,BOT,Zagueiro,6,3.0,0.0,0.0,0,0.0,False,True,GRE,-1.757,armadilha_forte,0.0,0.0,0.0,77.3,neutro,2.4,0.925,42.3,0.588,0.5,1.273,1.385,0.675,0.0,
147089,Cauã Soares,CAM,Atacante,6,1.24,0.0,0.64,5,0.0,False,True,RBB,1.118,valor_bom,0.732,0.64,0.625,35.9,neutro,1.17,0.2,12.6,1.12,0.64,1.385,0.4,0.725,0.0,
130309,Rodrigo Falcão,SAN,Goleiro,6,1.0,0.0,0.0,0,0.0,False,False,SAO,0.503,valor_bom,0.0,0.0,0.0,23.3,desfavoravel,-0.07,0.275,-48.2,1.103,1.333,0.64,1.217,0.35,0.0,
150197,Osorio,SAO,Zagueiro,6,3.21,0.85,3.05,4,6.4,True,True,SAN,0.683,valor_bom,2.153,1.8,0.5,65.7,favoravel,3.12,0.175,48.2,0.64,1.217,1.103,1.333,0.225,0.0,
149993,Iago Machado,COR,Zagueiro,6,1.0,0.0,0.0,0,0.0,False,True,CAP,0.456,neutro,0.0,0.0,0.0,60.2,favoravel,1.62,0.575,19.7,1.636,1.0,1.143,0.632,0.75,0.0,
124264,Kauan Jesus,INT,Goleiro,6,1.0,0.0,0.0,0,0.0,False,True,FLA,0.503,valor_bom,0.0,0.0,0.0,22.7,neutro,-0.1,0.0,-30.0,1.091,1.538,0.95,1.118,0.1,0.0,
147560,Caio Suassuna,BAH,Atacante,6,2.64,0.0,2.0,1,0.0,False,False,FLU,-0.401,neutro,0.924,2.0,0.125,43.0,neutro,1.5,0.5,-24.8,1.103,0.96,0.667,0.8,0.625,0.0,
141795,Kauan Coutinho,VIT,Zagueiro,6,1.0,0.0,0.0,0,0.0,False,True,PAL,0.456,neutro,0.0,0.0,0.0,57.6,neutro,1.5,0.05,11.5,0.727,0.741,1.059,1.0,0.425,0.0,
149990,Franclim Carvalho,BOT,Técnico,6,11.82,0.61,5.32,9,7.33,True,True,GRE,-1.383,armadilha_leve,5.632,5.32,1.0,52.5,neutro,4.37,0.375,42.3,0.588,0.5,1.273,1.385,0.675,0.0,
141405,Avellar,VAS,Lateral,6,1.49,0.0,1.5,1,0.0,False,False,CHA,1.702,valor_oculto,1.907,1.5,0.125,39.8,desfavoravel,2.02,0.7,-8.5,0.348,1.29,0.632,1.073,0.15,0.0,
149991,David,CFC,Atacante,6,0.92,0.0,0.0,1,0.0,False,True,CRU,1.635,valor_oculto,0.702,0.0,0.125,58.5,neutro,2.05,0.825,3.7,1.12,1.185,0.923,0.667,0.4,0.0,
85465,Alex Santana,COR,Meia,6,4.02,0.0,0.8,1,0.0,False,True,CAP,-0.259,neutro,1.84,0.8,0.125,66.1,neutro,3.14,0.45,19.7,1.636,1.0,1.143,0.632,0.75,0.0,
146701,Benjamin Arhin,INT,Meia,5,1.73,0.0,-0.3,1,0.0,False,True,FLA,0.52,valor_bom,0.856,0.0,0.125,23.4,neutro,0.57,0.1,-30.0,1.091,1.538,0.95,1.118,0.1,0.0,
130399,Igor Felisberto,SAO,Lateral,6,1.0,0.0,0.0,0,0.0,False,True,SAN,0.373,neutro,0.0,0.0,0.0,64.6,favoravel,1.82,0.175,48.2,0.64,1.217,1.103,1.333,0.225,0.0,
143253,Wendell,VIT,Meia,6,2.0,0.0,0.0,0,0.0,False,True,PAL,-0.802,armadilha_leve,0.0,0.0,0.0,26.4,neutro,0.07,0.05,11.5,0.727,0.741,1.059,1.0,0.425,0.0,
143255,Kauan Vitor,VIT,Lateral,6,1.0,0.0,0.0,0,0.0,False,True,PAL,0.373,neutro,0.0,0.0,0.0,56.6,neutro,1.45,0.05,11.5,0.727,0.741,1.059,1.0,0.425,0.0,
149994,Jhuan Nunes,RBB,Atacante,6,1.83,0.0,2.3,1,0.0,False,False,CAM,0.537,valor_bom,0.957,2.3,0.125,70.2,favoravel_visitante,2.75,0.925,-12.6,1.385,0.4,1.12,0.64,0.725,0.0,
150757,Samuel Pierri,SAN,Meia,6,1.88,0.0,0.45,2,0.0,False,False,SAO,0.39,neutro,0.891,0.45,0.25,31.8,desfavoravel,1.0,0.275,-48.2,1.103,1.333,0.64,1.217,0.35,0.0,
142868,Johnny,FLA,Lateral,6,1.0,0.0,0.0,0,0.0,False,False,INT,0.373,neutro,0.0,0.0,0.0,61.9,neutro,1.7,0.875,30.0,0.95,1.118,1.091,1.538,0.65,0.0,
130233,Iuri,BAH,Goleiro,6,1.0,0.0,0.0,0,0.0,False,False,FLU,0.503,valor_bom,0.0,0.0,0.0,43.6,neutro,0.86,0.1,-24.8,1.103,0.96,0.667,0.8,0.625,0.0,
150826,Nícollas,COR,Atacante,6,1.0,0.0,0.0,0,0.0,False,True,CAP,0.69,valor_bom,0.0,0.0,0.0,64.9,favoravel,1.83,0.45,19.7,1.636,1.0,1.143,0.632,0.75,0.0,
51413,Walter,MIR,Goleiro,3,5.17,-0.01,2.76,17,0.6,True,True,REM,0.418,neutro,3.164,2.47,1.0,61.8,favoravel,2.92,0.575,23.3,0.905,0.877,1.217,0.875,0.55,0.0,
132750,João Pedro,SAN,Goleiro,6,1.0,0.0,0.0,0,0.0,False,False,SAO,0.503,valor_bom,0.0,0.0,0.0,23.3,desfavoravel,-0.07,0.275,-48.2,1.103,1.333,0.64,1.217,0.35,0.0,
150825,Breno,RBB,Zagueiro,6,2.8,0.0,3.35,2,0.0,False,False,CAM,0.865,valor_bom,2.033,1.85,0.25,53.6,neutro,2.67,0.45,-12.6,1.385,0.4,1.12,0.64,0.725,0.0,
150180,Ramon Rique,VAS,Meia,6,3.19,0.46,3.37,3,3.9,True,False,CHA,0.09,neutro,1.647,1.7,0.375,47.5,neutro,2.16,1.0,-8.5,0.348,1.29,0.632,1.073,0.15,0.0,
147792,Koné,PAL,Zagueiro,6,2.0,0.0,0.0,0,0.0,False,False,VIT,-0.839,armadilha_leve,0.0,0.0,0.0,48.2,neutro,1.07,0.275,-11.5,1.059,1.0,0.727,0.741,0.65,0.0,
148092,Vitor Ramon,GRE,Lateral,6,1.0,0.0,0.2,1,0.0,False,False,BOT,2.309,valor_oculto,1.763,0.2,0.125,24.0,desfavoravel,1.22,0.025,-42.3,1.273,1.385,0.588,0.5,0.35,0.0,
150952,Arthur Monteiro,CAP,Lateral,6,1.0,0.0,0.0,0,0.0,False,False,COR,0.373,neutro,0.0,0.0,0.0,41.9,neutro,0.78,0.875,-19.7,1.143,0.632,1.636,1.0,0.95,0.0,
150959,Davizinho,SAN,Lateral,6,0.81,0.0,0.0,2,0.0,False,False,SAO,2.442,valor_oculto,1.567,0.0,0.25,21.3,desfavoravel,0.99,0.275,-48.2,1.103,1.333,0.64,1.217,0.35,0.0,
129665,Pablo,VAS,Goleiro,6,1.0,0.0,0.0,0,0.0,False,False,CHA,0.503,valor_bom,0.0,0.0,0.0,41.7,neutro,0.77,0.7,-8.5,0.348,1.29,0.632,1.073,0.15,0.0,
145660,Luiz Felipe,INT,Lateral,6,1.65,0.0,1.45,2,0.0,False,True,FLA,1.43,valor_bom,1.857,1.45,0.25,20.8,neutro,1.16,0.0,-30.0,1.091,1.538,0.95,1.118,0.1,0.0,
147877,Cauan Farias,VIT,Zagueiro,6,1.0,0.0,0.0,0,0.0,False,True,PAL,0.456,neutro,0.0,0.0,0.0,57.6,neutro,1.5,0.05,11.5,0.727,0.741,1.059,1.0,0.425,0.0,
144255,João Alencar,SAN,Zagueiro,6,1.0,0.0,0.0,0,0.0,False,False,SAO,0.456,neutro,0.0,0.0,0.0,22.1,desfavoravel,-0.13,0.275,-48.2,1.103,1.333,0.64,1.217,0.35,0.0,
144898,Vitinho,CAP,Lateral,6,1.0,0.0,0.0,0,0.0,False,False,COR,0.373,neutro,0.0,0.0,0.0,41.9,neutro,0.78,0.875,-19.7,1.143,0.632,1.636,1.0,0.95,0.0,
145703,Kaio Nóbrega,FLA,Meia,6,1.0,0.0,0.0,0,0.0,False,False,INT,0.496,neutro,0.0,0.0,0.0,65.6,neutro,1.87,0.5,30.0,0.95,1.118,1.091,1.538,0.65,0.0,
130279,Lukas Zuccarello,VAS,Meia,6,2.32,0.0,1.3,1,0.0,False,False,CHA,0.105,neutro,1.034,1.3,0.125,47.5,neutro,1.78,1.0,-8.5,0.348,1.29,0.632,1.073,0.15,0.0,
148126,Weimar Palacios,RBB,Zagueiro,6,1.0,0.0,0.0,0,0.0,False,False,CAM,0.456,neutro,0.0,0.0,0.0,53.6,neutro,1.32,0.45,-12.6,1.385,0.4,1.12,0.64,0.725,0.0,
141382,Gustavo Santana,SAO,Atacante,6,2.0,0.0,0.0,0,0.0,False,True,SAN,-0.761,armadilha_leve,0.0,0.0,0.0,70.0,neutro,2.07,0.95,48.2,0.64,1.217,1.103,1.333,0.225,0.0,
131766,Filipinho,RBB,Atacante,6,1.0,0.0,0.0,0,0.0,False,False,CAM,0.69,valor_bom,0.0,0.0,0.0,70.2,favoravel_visitante,2.08,0.925,-12.6,1.385,0.4,1.12,0.64,0.725,0.0,
147736,Pepê Fermino,SAN,Meia,5,1.0,0.0,0.0,0,0.0,False,False,SAO,0.496,neutro,0.0,0.0,0.0,31.8,desfavoravel,0.32,0.275,-48.2,1.103,1.333,0.64,1.217,0.35,0.0,
147556,Alan Santos,FLA,Atacante,6,1.0,0.0,0.0,0,0.0,False,False,INT,0.69,valor_bom,0.0,0.0,0.0,64.4,neutro,1.81,0.5,30.0,0.95,1.118,1.091,1.538,0.65,0.0,
141536,Yuri Alves,RBB,Meia,6,1.0,0.0,0.0,0,0.0,False,False,CAM,0.496,neutro,0.0,0.0,0.0,71.2,favoravel_visitante,2.12,0.925,-12.6,1.385,0.4,1.12,0.64,0.725,0.0,
150995,Sayago,FLA,Meia,6,2.0,0.0,0.0,0,0.0,False,False,INT,-0.802,armadilha_leve,0.0,0.0,0.0,65.6,neutro,1.87,0.5,30.0,0.95,1.118,1.091,1.538,0.65,0.0,
141125,Robert,CAM,Goleiro,6,1.0,0.0,0.0,0,0.0,False,True,RBB,0.503,valor_bom,0.0,0.0,0.0,60.2,favoravel,1.62,0.575,12.6,1.12,0.64,1.385,0.4,0.725,0.0,
147544,Gabriel Menegon,GRE,Goleiro,6,1.81,0.0,0.0,1,0.0,False,False,BOT,0.661,valor_bom,1.138,0.0,0.125,26.0,desfavoravel,0.88,0.025,-42.3,1.273,1.385,0.588,0.5,0.35,0.0,
144889,Victor Gabriel,PAL,Meia,6,1.0,0.0,0.0,0,0.0,False,False,VIT,0.496,neutro,0.0,0.0,0.0,28.6,desfavoravel,0.17,0.05,-11.5,1.059,1.0,0.727,0.741,0.65,0.0,
151003,Eduardo,PAL,Atacante,6,1.0,0.0,0.0,0,0.0,False,False,VIT,0.69,valor_bom,0.0,0.0,0.0,25.8,desfavoravel,0.04,0.05,-11.5,1.059,1.0,0.727,0.741,0.65,0.0,
97101,Gabriel Rojas,CRU,Lateral,7,6.94,-0.21,3.3,2,2.2,True,False,CFC,0.756,valor_bom,4.731,3.3,0.25,50.9,neutro,4.23,0.8,-3.7,0.923,0.667,1.12,1.185,0.55,0.0,
37715,Thiago Silva,FLU,Zagueiro,7,6.08,-0.92,-0.8,1,-0.8,True,True,BAH,0.367,neutro,3.264,0.0,0.125,63.4,favoravel,3.95,0.175,24.8,0.667,0.8,1.103,0.96,0.475,0.0,
107203,Max,CHA,Meia,6,4.9,0.9,3.2,1,3.2,True,True,VAS,-0.458,neutro,2.107,3.2,0.125,54.4,neutro,3.15,0.825,8.5,0.632,1.073,0.348,1.29,0.15,0.0,
146663,Kauan Lima,PAL,Goleiro,6,1.0,0.0,0.0,0,0.0,False,False,VIT,0.503,valor_bom,0.0,0.0,0.0,49.2,neutro,1.11,0.275,-11.5,1.059,1.0,0.727,0.741,0.65,0.0,
94214,Léo Duarte,CAM,Zagueiro,5,5.0,0.0,0.0,0,0.0,False,True,RBB,-3.051,armadilha_forte,0.0,0.0,0.0,59.3,neutro,1.58,0.575,12.6,1.12,0.64,1.385,0.4,0.725,0.0,
106907,Rafael Lacerda,CHA,Técnico,6,8.04,0.05,3.44,2,3.36,True,True,VAS,-0.473,neutro,4.671,3.44,0.25,53.7,neutro,3.65,0.825,8.5,0.632,1.073,0.348,1.29,0.15,0.0,
151120,Jorge Rivaldo,CAP,Atacante,6,5.0,0.0,0.0,0,0.0,False,False,COR,-3.241,armadilha_forte,0.0,0.0,0.0,40.0,neutro,0.69,0.175,-19.7,1.143,0.632,1.636,1.0,0.95,0.0,
114208,Alejo Véliz,BAH,Atacante,6,4.95,-0.05,1.0,1,1.0,True,False,FLU,-0.959,armadilha_leve,1.978,1.0,0.125,43.0,neutro,2.21,0.5,-24.8,1.103,0.96,0.667,0.8,0.625,0.0,
145413,Rafael Coutinho,PAL,Meia,6,1.0,0.0,0.0,0,0.0,False,False,VIT,0.496,neutro,0.0,0.0,0.0,28.6,desfavoravel,0.17,0.05,-11.5,1.059,1.0,0.727,0.741,0.65,0.0,
98617,Maripán,INT,Zagueiro,7,4.24,-0.56,0.3,2,-0.1,True,True,FLA,-0.094,neutro,2.088,0.3,0.25,21.5,neutro,1.14,0.0,-30.0,1.091,1.538,0.95,1.118,0.1,0.0,
130443,Luciano,CHA,Zagueiro,6,1.0,0.0,0.0,0,0.0,False,True,VAS,0.456,neutro,0.0,0.0,0.0,56.0,neutro,1.43,0.375,8.5,0.632,1.073,0.348,1.29,0.15,0.0,
120681,Marco Moreno,BAH,Zagueiro,6,4.0,0.0,0.0,0,0.0,False,False,FLU,-2.469,armadilha_forte,0.0,0.0,0.0,42.6,neutro,0.81,0.1,-24.8,1.103,0.96,0.667,0.8,0.625,0.0,
108946,Victor Sá,SAO,Atacante,6,5.09,-0.11,0.45,2,1.5,True,True,SAN,-1.278,armadilha_leve,1.771,0.45,0.25,70.0,neutro,3.21,0.95,48.2,0.64,1.217,1.103,1.333,0.225,0.0,
130307,Wallace,GRE,Zagueiro,6,3.0,0.0,0.0,0,0.0,False,False,BOT,-1.757,armadilha_forte,0.0,0.0,0.0,24.8,desfavoravel,-0.0,0.025,-42.3,1.273,1.385,0.588,0.5,0.35,0.0,
151294,Juan Ferreira,CHA,Meia,6,1.0,0.0,0.0,0,0.0,False,True,VAS,0.496,neutro,0.0,0.0,0.0,54.4,neutro,1.35,0.825,8.5,0.632,1.073,0.348,1.29,0.15,0.0,
102310,Matheus Felipe,REM,Zagueiro,6,4.65,1.65,4.9,1,4.9,True,False,MIR,0.523,valor_bom,2.798,1.9,0.125,41.7,neutro,2.7,0.7,-23.3,1.217,0.875,0.905,0.877,0.6,0.0,
103626,Ocampo,CFC,Atacante,6,5.73,0.0,3.1,1,0.0,False,True,CRU,-1.134,armadilha_leve,2.212,3.1,0.125,58.5,neutro,3.04,0.825,3.7,1.12,1.185,0.923,0.667,0.4,0.0,
109114,Matheus Nascimento,GRE,Atacante,6,4.0,0.0,0.0,0,0.0,False,False,BOT,-2.588,armadilha_forte,0.0,0.0,0.0,51.5,neutro,1.22,0.925,-42.3,1.273,1.385,0.588,0.5,0.35,0.0,
106199,Gabriel Pec,CRU,Atacante,5,7.94,0.0,4.1,1,0.0,False,False,CFC,0.792,valor_bom,4.796,4.1,0.125,58.8,neutro,4.76,0.75,-3.7,0.923,0.667,1.12,1.185,0.55,0.0,
101995,Brítez,VIT,Zagueiro,6,5.0,0.0,0.0,0,0.0,False,True,PAL,-3.051,armadilha_forte,0.0,0.0,0.0,57.6,neutro,1.5,0.05,11.5,0.727,0.741,1.059,1.0,0.425,0.0,
99267,Pochettino,VIT,Meia,6,6.26,0.26,2.0,1,2.0,True,True,PAL,0.962,valor_bom,3.856,2.0,0.125,26.4,neutro,2.76,0.05,11.5,0.727,0.741,1.059,1.0,0.425,0.0,
124369,Léo Aragão,CRU,Goleiro,6,2.0,0.0,0.0,0,0.0,False,False,CFC,-0.673,armadilha_leve,0.0,0.0,0.0,52.8,neutro,1.28,0.8,-3.7,0.923,0.667,1.12,1.185,0.55,0.0,
105901,Edson Fernando,REM,Meia,6,2.62,-0.38,-0.3,1,-0.3,True,False,MIR,-0.384,neutro,0.856,0.0,0.125,55.9,neutro,2.04,0.675,-23.3,1.217,0.875,0.905,0.877,0.6,0.0,
112985,Peralta,CRU,Meia,5,4.0,0.0,0.0,0,0.0,False,False,CFC,-2.438,armadilha_forte,0.0,0.0,0.0,60.3,neutro,1.62,0.75,-3.7,0.923,0.667,1.12,1.185,0.55,0.0,
117061,Gabriel Knesowitsch,MIR,Zagueiro,6,3.32,0.32,1.5,1,1.5,True,True,REM,0.03,neutro,1.681,1.5,0.125,60.9,favoravel,2.8,0.575,23.3,0.905,0.877,1.217,0.875,0.55,0.0,
113558,Bruninho,RBB,Meia,6,4.0,0.0,0.0,0,0.0,False,False,CAM,-2.438,armadilha_forte,0.0,0.0,0.0,71.2,neutro,2.12,0.925,-12.6,1.385,0.4,1.12,0.64,0.725,0.0,
123445,Dantas,CAP,Meia,3,5.0,0.0,0.0,0,0.0,False,False,COR,-3.022,armadilha_forte,0.0,0.0,0.0,42.2,neutro,0.79,0.175,-19.7,1.143,0.632,1.636,1.0,0.95,0.0,
103562,Guido Herrera,BAH,Goleiro,6,6.0,0.0,0.0,0,0.0,False,False,FLU,-3.129,armadilha_forte,0.0,0.0,0.0,43.6,neutro,0.86,0.1,-24.8,1.103,0.96,0.667,0.8,0.625,0.0,
141763,Fabiano Souza,VIT,Lateral,6,5.03,0.03,1.2,1,1.2,True,True,PAL,-0.055,neutro,3.118,1.2,0.125,56.6,neutro,3.56,0.05,11.5,0.727,0.741,1.059,1.0,0.425,0.0,
122121,Túlio Eduardo,CHA,Atacante,6,3.0,0.0,0.0,0,0.0,False,True,VAS,-1.79,armadilha_forte,0.0,0.0,0.0,52.7,neutro,1.27,0.825,8.5,0.632,1.073,0.348,1.29,0.15,0.0,
128177,Pedro Emanuel,VAS,Técnico,6,10.62,0.83,4.31,1,4.31,True,False,CHA,0.335,neutro,5.797,4.31,0.125,46.8,neutro,4.92,1.0,-8.5,0.348,1.29,0.632,1.073,0.15,0.0,
99034,Elias,MIR,Lateral,6,3.0,0.0,0.0,0,0.0,False,True,REM,-2.046,armadilha_forte,0.0,0.0,0.0,59.9,neutro,1.6,0.575,23.3,0.905,0.877,1.217,0.875,0.55,0.0,
126996,Paulinho,VAS,Lateral,6,4.0,0.0,0.0,0,0.0,False,False,CHA,-2.824,armadilha_forte,0.0,0.0,0.0,39.8,desfavoravel,0.68,0.7,-8.5,0.348,1.29,0.632,1.073,0.15,0.0,
107093,Luciano Juba,BAH,Lateral,7,10.92,-0.73,7.34,16,1.5,True,False,FLU,1.379,valor_bom,6.59,3.65,1.0,41.7,neutro,2.21,0.1,-24.8,1.103,0.96,0.667,0.8,0.625,0.0,
101352,Bruno Matias,CHA,Meia,6,2.22,-0.89,-0.4,2,-1.8,True,True,VAS,-0.17,neutro,0.721,0.0,0.25,54.4,neutro,1.9,0.825,8.5,0.632,1.073,0.348,1.29,0.15,0.0,
103967,Bruno Santos,MIR,Atacante,7,3.92,-0.08,0.7,1,0.7,True,True,REM,-0.317,neutro,1.945,0.7,0.125,66.9,neutro,3.24,0.9,23.3,0.905,0.877,1.217,0.875,0.55,0.0,
122321,Lorran,FLA,Meia,2,9.16,-0.13,9.25,2,3.9,True,False,INT,1.392,valor_bom,5.12,6.75,0.25,65.6,neutro,5.02,0.5,30.0,0.95,1.118,1.091,1.538,0.65,0.0,
151404,Lucas Emanuel,BOT,Atacante,6,1.0,0.0,0.0,0,0.0,False,True,GRE,0.69,valor_bom,0.0,0.0,0.0,51.4,neutro,1.21,0.375,42.3,0.588,0.5,1.273,1.385,0.675,0.0,
91130,Fernandinho,MIR,Atacante,6,4.11,1.11,3.5,1,3.5,True,True,REM,-0.098,neutro,2.256,3.5,0.125,66.9,neutro,3.44,0.9,23.3,0.905,0.877,1.217,0.875,0.55,0.0,
91204,Warleson,BOT,Goleiro,6,6.13,4.13,11.0,1,11.0,True,True,GRE,1.641,valor_oculto,4.797,6.0,0.125,78.0,favoravel,5.56,0.925,42.3,0.588,0.5,1.273,1.385,0.675,0.0,
146833,Cléber Lucas,BOT,Goleiro,6,1.0,0.0,0.0,0,0.0,False,True,GRE,0.503,valor_bom,0.0,0.0,0.0,78.0,favoravel,2.43,0.925,42.3,0.588,0.5,1.273,1.385,0.675,0.0,
91626,Paulinho,BOT,Lateral,6,5.0,0.0,0.0,0,0.0,False,True,GRE,-3.46,armadilha_forte,0.0,0.0,0.0,76.1,neutro,2.35,0.925,42.3,0.588,0.5,1.273,1.385,0.675,0.0,
151405,Victor Hugo,BOT,Meia,6,1.0,0.0,0.0,0,0.0,False,True,GRE,0.496,neutro,0.0,0.0,0.0,53.2,neutro,1.3,0.375,42.3,0.588,0.5,1.273,1.385,0.675,0.0,
118806,Buta,SAO,Lateral,6,5.0,0.0,0.0,0,0.0,False,True,SAN,-3.46,armadilha_forte,0.0,0.0,0.0,64.6,neutro,1.82,0.175,48.2,0.64,1.217,1.103,1.333,0.225,0.0,
141339,Paulo Roberto,CFC,Atacante,6,3.54,-1.06,4.1,2,-1.3,True,True,CRU,0.604,valor_bom,2.501,0.1,0.25,58.5,neutro,3.16,0.825,3.7,1.12,1.185,0.923,0.667,0.4,0.0,
98333,Gabriel Batista,BOT,Goleiro,6,3.0,0.0,0.0,0,0.0,False,True,GRE,-1.507,armadilha_forte,0.0,0.0,0.0,78.0,neutro,2.43,0.925,42.3,0.588,0.5,1.273,1.385,0.675,0.0,
144424,Vitor Lamounier,CRU,Goleiro,6,2.0,0.0,0.0,0,0.0,False,False,CFC,-0.673,armadilha_leve,0.0,0.0,0.0,52.8,neutro,1.28,0.8,-3.7,0.923,0.667,1.12,1.185,0.55,0.0,
115247,Kaique,PAL,Goleiro,6,1.0,0.0,0.0,0,0.0,False,False,VIT,0.503,valor_bom,0.0,0.0,0.0,49.2,neutro,1.11,0.275,-11.5,1.059,1.0,0.727,0.741,0.65,0.0,
124483,Lucas Monzón,BOT,Zagueiro,6,4.0,0.0,0.0,0,0.0,False,True,GRE,-2.469,armadilha_forte,0.0,0.0,0.0,77.3,neutro,2.4,0.925,42.3,0.588,0.5,1.273,1.385,0.675,0.0,
150842,Gabriel Vinicius,INT,Meia,6,1.0,0.0,0.0,0,0.0,False,True,FLA,0.496,neutro,0.0,0.0,0.0,23.4,neutro,-0.07,0.1,-30.0,1.091,1.538,0.95,1.118,0.1,0.0,
146964,Filipe Sirio,INT,Goleiro,6,1.0,0.0,0.0,0,0.0,False,True,FLA,0.503,valor_bom,0.0,0.0,0.0,22.7,neutro,-0.1,0.0,-30.0,1.091,1.538,0.95,1.118,0.1,0.0,
97450,Gustavo Mosquito,MIR,Atacante,6,4.64,-0.36,0.2,1,0.2,True,True,REM,-0.869,armadilha_leve,1.889,0.2,0.125,66.9,neutro,3.2,0.9,23.3,0.905,0.877,1.217,0.875,0.55,0.0,
146624,Heittor,PAL,Atacante,6,1.17,-0.16,0.55,2,0.0,True,False,VIT,1.243,valor_bom,0.742,0.55,0.25,25.8,desfavoravel,0.64,0.05,-11.5,1.059,1.0,0.727,0.741,0.65,0.0,
151436,Miguel Bilong,PAL,Atacante,6,2.0,0.0,0.0,0,0.0,False,False,VIT,-0.761,armadilha_leve,0.0,0.0,0.0,25.8,desfavoravel,0.04,0.05,-11.5,1.059,1.0,0.727,0.741,0.65,0.0,
131762,Isac,SAO,Zagueiro,6,1.0,0.0,0.0,0,0.0,False,True,SAN,0.456,neutro,0.0,0.0,0.0,65.7,favoravel,1.87,0.175,48.2,0.64,1.217,1.103,1.333,0.225,0.0,
151440,Gutte,CAM,Meia,6,1.0,0.0,0.0,0,0.0,False,True,RBB,0.496,neutro,0.0,0.0,0.0,38.3,neutro,0.61,0.2,12.6,1.12,0.64,1.385,0.4,0.725,0.0,
147468,Wellington,CHA,Goleiro,6,1.0,0.0,0.0,0,0.0,False,True,VAS,0.503,valor_bom,0.0,0.0,0.0,56.9,neutro,1.47,0.375,8.5,0.632,1.073,0.348,1.29,0.15,0.0,
150841,Fabricio Prado,INT,Atacante,6,1.0,0.0,0.0,0,0.0,False,True,FLA,0.69,valor_bom,0.0,0.0,0.0,20.4,neutro,-0.21,0.1,-30.0,1.091,1.538,0.95,1.118,0.1,0.0,
151412,Kássio,CHA,Atacante,6,1.49,0.0,1.5,1,0.0,False,True,VAS,0.895,valor_bom,0.869,1.5,0.125,52.7,neutro,1.9,0.825,8.5,0.632,1.073,0.348,1.29,0.15,0.0,
144976,Domingos Andrade,BOT,Meia,6,5.0,0.0,0.0,0,0.0,False,True,GRE,-3.022,armadilha_forte,0.0,0.0,0.0,53.2,neutro,1.3,0.375,42.3,0.588,0.5,1.273,1.385,0.675,0.0,
106950,Fernando,CHA,Lateral,6,4.69,1.69,5.0,1,5.0,True,True,VAS,0.611,valor_bom,3.54,5.0,0.125,55.0,neutro,4.36,0.375,8.5,0.632,1.073,0.348,1.29,0.15,0.0,
151292,Felipe Morais,CRU,Meia,6,1.0,0.0,0.0,0,0.0,False,False,CFC,0.496,neutro,0.0,0.0,0.0,60.3,neutro,1.62,0.75,-3.7,0.923,0.667,1.12,1.185,0.55,0.0,
109097,Jovane Cabral,GRE,Atacante,6,8.66,1.66,5.8,1,5.8,True,False,BOT,0.73,valor_bom,4.985,0.8,0.125,51.5,neutro,4.57,0.925,-42.3,1.273,1.385,0.588,0.5,0.35,0.0,
122670,Diego Caito,GRE,Lateral,6,6.18,3.18,8.8,1,8.8,True,False,BOT,0.263,neutro,3.962,2.8,0.125,24.0,desfavoravel,2.73,0.025,-42.3,1.273,1.385,0.588,0.5,0.35,0.0,
93637,Bruno Tubarão,CHA,Lateral,6,3.17,0.17,1.1,1,1.1,True,True,VAS,-0.145,neutro,1.863,1.1,0.125,55.0,neutro,3.22,0.375,8.5,0.632,1.073,0.348,1.29,0.15,0.0,
132553,Jemmes,FLU,Zagueiro,5,7.38,0.0,3.63,14,0.0,False,True,BAH,0.334,neutro,3.682,2.63,1.0,63.4,favoravel,3.22,0.175,24.8,0.667,0.8,1.103,0.96,0.475,0.0,
109573,Martinelli,FLU,Meia,7,5.22,-0.31,1.8,13,0.0,True,True,BAH,-0.915,armadilha_leve,1.865,1.42,1.0,51.6,neutro,2.31,0.625,24.8,0.667,0.8,1.103,0.96,0.475,0.0,
141606,Hugo Leonardo,SAO,Meia,6,0.91,0.0,0.0,1,0.0,False,True,SAN,1.704,valor_oculto,0.89,0.0,0.125,71.1,favoravel,2.74,0.95,48.2,0.64,1.217,1.103,1.333,0.225,0.0,
101254,Alef Manga,REM,Atacante,7,9.29,1.28,4.9,20,10.6,True,False,MIR,0.401,neutro,4.895,2.15,1.0,54.2,neutro,2.15,0.675,-23.3,1.217,0.875,0.905,0.877,0.6,0.0,
141160,Zé Lucas,CRU,Meia,6,6.0,0.0,0.0,0,0.0,False,False,CFC,-3.516,armadilha_forte,0.0,0.0,0.0,60.3,neutro,1.62,0.75,-3.7,0.923,0.667,1.12,1.185,0.55,0.0,
117314,Thiago Borbas,CAM,Atacante,6,4.0,0.0,0.0,0,0.0,False,True,RBB,-2.588,armadilha_forte,0.0,0.0,0.0,35.9,neutro,0.5,0.2,12.6,1.12,0.64,1.385,0.4,0.725,0.0,
109461,Calebe,INT,Meia,6,6.0,0.0,0.0,0,0.0,False,True,FLA,-3.516,armadilha_forte,0.0,0.0,0.0,23.4,neutro,-0.07,0.1,-30.0,1.091,1.538,0.95,1.118,0.1,0.0,
141344,Vitor Tissi,CFC,Meia,6,0.91,-0.09,0.0,1,0.0,True,True,CRU,1.704,valor_oculto,0.89,0.0,0.125,60.0,neutro,2.24,0.825,3.7,1.12,1.185,0.923,0.667,0.4,0.0,
97810,Erick,VIT,Atacante,7,8.21,-0.46,4.48,16,1.5,True,True,PAL,0.478,neutro,4.614,2.23,1.0,23.5,neutro,2.01,0.05,11.5,0.727,0.741,1.059,1.0,0.425,0.0,
106593,Villalba,CRU,Zagueiro,6,6.65,0.0,2.21,9,0.0,False,False,CFC,-0.266,neutro,2.945,1.54,1.0,51.9,neutro,2.71,0.8,-3.7,0.923,0.667,1.12,1.185,0.55,0.0,
68685,Alan Patrick,INT,Meia,6,7.14,-0.29,3.79,15,0.5,True,True,FLA,0.641,valor_bom,3.894,2.79,1.0,23.4,neutro,2.48,0.1,-30.0,1.091,1.538,0.95,1.118,0.1,0.0,
95541,Gustavo Cazonatti,MIR,Meia,6,3.0,0.0,0.0,0,0.0,False,True,REM,-1.723,armadilha_forte,0.0,0.0,0.0,68.0,neutro,1.98,0.9,23.3,0.905,0.877,1.217,0.875,0.55,0.0,
92171,Arthur Cabral,BOT,Atacante,6,10.19,-0.39,6.45,15,3.1,True,True,GRE,1.251,valor_bom,5.905,2.38,1.0,51.4,neutro,3.19,0.375,42.3,0.588,0.5,1.273,1.385,0.675,0.0,
151406,Herick,BOT,Zagueiro,6,1.0,0.0,0.0,0,0.0,False,True,GRE,0.456,neutro,0.0,0.0,0.0,77.3,favoravel,2.4,0.925,42.3,0.588,0.5,1.273,1.385,0.675,0.0,
69012,Santos,CAP,Goleiro,7,9.18,1.34,3.95,18,10.2,True,False,COR,-0.221,neutro,3.972,2.28,1.0,43.8,neutro,5.01,0.875,-19.7,1.143,0.632,1.636,1.0,0.95,0.0,
42234,Cássio,CRU,Goleiro,5,6.89,0.0,1.32,5,0.0,False,False,CFC,-0.477,neutro,2.982,1.32,0.625,52.8,neutro,2.99,0.8,-3.7,0.923,0.667,1.12,1.185,0.55,0.0,
63007,Neymar,SAN,Meia,6,21.85,2.89,10.02,9,22.8,True,False,SAO,1.308,valor_bom,7.228,6.13,1.0,31.8,desfavoravel,5.6,0.275,-48.2,1.103,1.333,0.64,1.217,0.35,0.0,
104758,Enzo Díaz,SAO,Lateral,6,9.04,0.0,3.9,13,0.0,False,True,SAN,-0.478,neutro,4.353,3.28,1.0,64.6,neutro,4.79,0.175,48.2,0.64,1.217,1.103,1.333,0.225,0.0,
68928,Rafael,SAO,Goleiro,6,7.89,0.59,3.46,20,4.7,True,True,SAN,-0.182,neutro,3.62,2.46,1.0,66.5,neutro,4.59,0.175,48.2,0.64,1.217,1.103,1.333,0.225,0.0,
103056,Gabriel Brazão,SAN,Goleiro,6,5.25,-1.08,2.49,16,0.6,True,False,SAO,0.216,neutro,3.0,1.55,1.0,23.3,desfavoravel,3.33,0.275,-48.2,1.103,1.333,0.64,1.217,0.35,0.0,
105949,Rochet,INT,Goleiro,5,6.28,0.0,3.33,11,0.0,False,True,FLA,0.398,neutro,3.621,1.97,1.0,22.7,neutro,1.72,0.0,-30.0,1.091,1.538,0.95,1.118,0.1,0.0,
87008,Léo Jardim,VAS,Goleiro,6,6.16,-0.34,2.7,19,1.6,True,False,CHA,-0.086,neutro,3.091,2.44,1.0,41.7,neutro,2.11,0.7,-8.5,0.348,1.29,0.632,1.073,0.15,0.0,
37656,Fábio,FLU,Goleiro,7,9.47,0.36,4.38,19,4.2,True,True,BAH,0.002,neutro,4.274,3.59,1.0,64.3,favoravel,4.34,0.175,24.8,0.667,0.8,1.103,0.96,0.475,0.0,
72294,Everson,CAM,Goleiro,6,9.54,0.4,4.45,20,5.5,True,True,RBB,0.037,neutro,4.328,3.2,1.0,60.2,favoravel,4.0,0.575,12.6,1.12,0.64,1.385,0.4,0.725,0.0,
61987,Alex Sandro,FLA,Lateral,7,8.8,-0.48,3.8,14,2.4,True,False,INT,-0.485,neutro,4.269,2.51,1.0,61.9,neutro,3.36,0.875,30.0,0.95,1.118,1.091,1.538,0.65,0.0,
80196,Yago Pikachu,REM,Meia,7,5.04,-0.14,2.35,19,1.0,True,False,MIR,-0.377,neutro,2.238,1.56,1.0,55.9,neutro,2.59,0.675,-23.3,1.217,0.875,0.905,0.877,0.6,0.0,
101727,Matheuzinho,COR,Lateral,7,10.05,-1.2,5.29,15,2.4,True,True,CAP,0.14,neutro,5.22,3.56,1.0,59.2,neutro,3.61,0.575,19.7,1.636,1.0,1.143,0.632,0.75,0.0,
96591,Renan Lodi,CAM,Lateral,6,9.52,-0.57,4.84,19,-0.2,True,True,RBB,-0.025,neutro,4.914,3.68,1.0,58.3,neutro,5.62,0.575,12.6,1.12,0.64,1.385,0.4,0.725,0.0,
91101,Ronaldo,BAH,Goleiro,7,6.92,-0.5,4.26,10,0.3,True,False,FLU,0.69,valor_bom,4.154,2.76,1.0,43.6,neutro,2.89,0.1,-24.8,1.103,0.96,0.667,0.8,0.625,0.0,
100898,Vitinho,BOT,Lateral,6,10.46,0.83,5.21,15,9.5,True,True,GRE,-0.044,neutro,5.168,4.14,1.0,76.1,neutro,5.26,0.925,42.3,0.588,0.5,1.273,1.385,0.675,0.0,
109401,Erick Pulga,BAH,Atacante,7,7.24,-0.13,3.75,19,0.8,True,False,FLU,0.275,neutro,4.086,3.07,1.0,43.0,neutro,1.9,0.5,-24.8,1.103,0.96,0.667,0.8,0.625,0.0,
99274,Alexander Barboza,PAL,Zagueiro,7,9.8,0.0,4.78,12,0.0,False,False,VIT,0.364,neutro,4.377,3.2,1.0,48.2,neutro,4.36,0.275,-11.5,1.059,1.0,0.727,0.741,0.65,0.0,
98022,Erick,BAH,Meia,7,6.04,0.0,3.71,15,0.0,False,False,FLU,1.043,valor_bom,3.841,3.04,1.0,45.1,neutro,2.45,0.5,-24.8,1.103,0.96,0.667,0.8,0.625,0.0,
68996,Willian José,BAH,Atacante,7,7.55,-0.47,2.69,18,0.0,True,False,FLU,-0.677,armadilha_leve,3.365,0.8,1.0,43.0,neutro,2.44,0.5,-24.8,1.103,0.96,0.667,0.8,0.625,0.0,
91772,David Duarte,BAH,Zagueiro,3,7.02,0.91,4.1,13,9.0,True,False,FLU,0.828,valor_bom,3.975,2.48,1.0,42.6,neutro,3.27,0.1,-24.8,1.103,0.96,0.667,0.8,0.625,0.0,
80313,Gilberto,CAP,Lateral,2,7.65,0.68,3.99,9,8.8,True,False,COR,0.211,neutro,4.507,3.1,1.0,41.9,neutro,3.56,0.875,-19.7,1.143,0.632,1.636,1.0,0.95,0.0,
90768,Fabrício Bruno,CRU,Zagueiro,7,6.17,-0.22,2.07,19,1.2,True,False,CFC,-0.508,armadilha_leve,2.574,1.6,1.0,51.9,neutro,2.58,0.8,-3.7,0.923,0.667,1.12,1.185,0.55,0.0,
104783,Acevedo,BAH,Meia,7,6.99,-0.17,4.5,17,2.4,True,False,FLU,1.265,valor_bom,4.368,4.5,1.0,45.1,neutro,2.42,0.5,-24.8,1.103,0.96,0.667,0.8,0.625,0.0,
97868,Iago,BAH,Lateral,6,4.5,0.0,2.2,4,0.0,False,False,FLU,0.106,neutro,2.972,1.45,0.5,41.7,neutro,1.92,0.1,-24.8,1.103,0.96,0.667,0.8,0.625,0.0,
98517,Jean Lucas,BAH,Meia,6,9.49,-0.06,5.38,16,2.4,True,False,FLU,1.086,valor_bom,4.949,4.13,1.0,45.1,neutro,2.23,0.5,-24.8,1.103,0.96,0.667,0.8,0.625,0.0,
101314,Ademir,BAH,Atacante,7,5.73,-1.31,2.3,19,2.5,True,False,FLU,-1.101,armadilha_leve,2.241,1.62,1.0,43.0,neutro,5.94,0.5,-24.8,1.103,0.96,0.667,0.8,0.625,0.0,
98484,Kanu,BAH,Zagueiro,2,3.68,0.0,0.83,3,0.0,False,False,FLU,-0.486,neutro,1.466,0.0,0.375,42.6,neutro,1.84,0.1,-24.8,1.103,0.96,0.667,0.8,0.625,0.0,
105436,Carrascal,FLA,Meia,3,9.1,0.0,4.23,12,0.0,False,False,INT,0.282,neutro,4.173,2.98,1.0,65.6,neutro,3.4,0.5,30.0,0.95,1.118,1.091,1.538,0.65,0.0,
123717,Zé Guilherme,BAH,Lateral,3,3.68,0.0,1.7,3,1.2,True,False,FLU,-0.521,armadilha_leve,1.888,1.7,0.375,41.7,neutro,1.72,0.1,-24.8,1.103,0.96,0.667,0.8,0.625,0.0,
106822,Rodrigo Nestor,BAH,Meia,7,6.33,0.0,3.02,12,10.5,True,False,FLU,0.444,neutro,3.447,2.19,1.0,45.1,neutro,6.4,0.5,-24.8,1.103,0.96,0.667,0.8,0.625,0.0,
97642,Félix Torres,INT,Zagueiro,6,4.93,0.22,3.53,14,4.5,True,True,FLA,0.816,valor_bom,3.168,2.46,1.0,21.5,neutro,2.56,0.0,-30.0,1.091,1.538,0.95,1.118,0.1,0.0,
113397,Cristian Olivera,BAH,Atacante,5,7.16,0.0,4.1,16,0.0,False,False,FLU,0.623,valor_bom,4.361,3.29,1.0,43.0,neutro,1.98,0.5,-24.8,1.103,0.96,0.667,0.8,0.625,0.0,
105990,Santiago Mingo,BAH,Zagueiro,7,4.38,0.18,1.9,17,2.1,True,False,FLU,-0.16,neutro,2.103,1.19,1.0,42.6,neutro,2.07,0.1,-24.8,1.103,0.96,0.667,0.8,0.625,0.0,
106323,Caio Alexandre,BAH,Meia,5,3.97,0.0,1.19,11,0.0,False,False,FLU,-0.609,armadilha_leve,1.519,1.19,1.0,45.1,neutro,1.92,0.5,-24.8,1.103,0.96,0.667,0.8,0.625,0.0,
122994,Victor Nascimento,BAH,Goleiro,6,1.0,0.0,0.0,0,0.0,False,False,FLU,0.503,valor_bom,0.0,0.0,0.0,43.6,neutro,0.86,0.1,-24.8,1.103,0.96,0.667,0.8,0.625,0.0,
72493,Alex Telles,BOT,Lateral,6,10.07,0.99,4.11,15,9.5,True,True,GRE,-0.712,armadilha_leve,4.45,1.91,1.0,76.1,neutro,5.46,0.925,42.3,0.588,0.5,1.273,1.385,0.675,0.0,
123360,Cauly,SAO,Meia,6,6.58,0.0,2.91,12,0.0,False,True,SAN,0.258,neutro,3.381,2.49,1.0,71.1,favoravel,2.83,0.95,48.2,0.64,1.217,1.103,1.333,0.225,0.0,
97341,Rogério Ceni,BAH,Técnico,7,10.39,-0.14,5.38,19,3.55,True,False,FLU,-0.228,neutro,5.559,5.38,1.0,44.4,neutro,2.62,0.5,-24.8,1.103,0.96,0.667,0.8,0.625,0.0,
145379,Kauê Furquim,BAH,Atacante,6,2.05,0.24,0.75,2,1.5,True,False,FLU,0.07,neutro,0.782,0.75,0.25,43.0,neutro,1.47,0.5,-24.8,1.103,0.96,0.667,0.8,0.625,0.0,
107173,Michel Araújo,BAH,Meia,6,2.93,0.0,0.91,12,0.0,False,False,FLU,-0.54,armadilha_leve,0.946,0.91,1.0,45.1,neutro,1.62,0.5,-24.8,1.103,0.96,0.667,0.8,0.625,0.0,
136955,Sanabria,BAH,Atacante,6,6.16,0.09,2.99,12,2.5,True,False,FLU,0.392,neutro,3.747,1.24,1.0,43.0,neutro,2.81,0.5,-24.8,1.103,0.96,0.667,0.8,0.625,0.0,
107231,Danilo,BOT,Meia,6,14.48,-0.66,8.47,13,1.2,True,True,GRE,2.046,valor_oculto,6.801,5.01,1.0,53.2,neutro,4.58,0.375,42.3,0.588,0.5,1.273,1.385,0.675,0.0,
111831,Matheus Martins,BOT,Atacante,6,7.08,-0.12,4.63,15,1.2,True,True,GRE,1.065,valor_bom,4.718,2.5,1.0,51.4,neutro,4.23,0.375,42.3,0.588,0.5,1.273,1.385,0.675,0.0,
129663,Ruan Pablo,BAH,Atacante,6,1.81,0.0,0.0,1,0.0,False,False,FLU,0.273,neutro,0.702,0.0,0.125,43.0,neutro,1.42,0.5,-24.8,1.103,0.96,0.667,0.8,0.625,0.0,
141419,Fredi Lippert,BAH,Zagueiro,6,2.0,0.0,0.0,0,0.0,False,False,FLU,-0.839,armadilha_leve,0.0,0.0,0.0,42.6,neutro,0.81,0.1,-24.8,1.103,0.96,0.667,0.8,0.625,0.0,
126013,Ythallo,BOT,Zagueiro,6,3.5,0.0,0.2,1,0.0,False,True,GRE,-0.275,neutro,1.537,0.2,0.125,77.3,neutro,3.44,0.925,42.3,0.588,0.5,1.273,1.385,0.675,0.0,
95799,Artur,SAO,Atacante,6,8.98,-0.99,5.52,16,1.2,True,True,SAN,0.981,valor_bom,5.308,3.39,1.0,70.0,favoravel,2.95,0.95,48.2,0.64,1.217,1.103,1.333,0.225,0.0,
111829,Kayky,INT,Atacante,5,3.63,0.0,1.27,6,0.0,False,True,FLA,-0.327,neutro,1.745,1.27,0.75,20.4,neutro,1.16,0.1,-30.0,1.091,1.538,0.95,1.118,0.1,0.0,
105214,Santi Rodríguez,BOT,Meia,6,5.68,-0.36,2.13,10,-0.3,True,True,GRE,0.209,neutro,3.0,2.13,1.0,53.2,neutro,2.01,0.375,42.3,0.588,0.5,1.273,1.385,0.675,0.0,
129930,Cristhian Loor,BOT,Goleiro,6,2.0,0.0,0.0,0,0.0,False,True,GRE,-0.673,armadilha_leve,0.0,0.0,0.0,78.0,neutro,2.43,0.925,42.3,0.588,0.5,1.273,1.385,0.675,0.0,
142890,Montoro,BOT,Meia,6,7.56,0.46,2.86,15,4.7,True,True,GRE,-0.244,neutro,3.287,1.86,1.0,53.2,neutro,3.14,0.375,42.3,0.588,0.5,1.273,1.385,0.675,0.0,
98672,Savarino,FLU,Meia,7,9.0,0.0,5.0,15,0.0,False,True,BAH,0.922,valor_bom,4.683,3.33,1.0,51.6,neutro,2.14,0.625,24.8,0.667,0.8,1.103,0.96,0.475,0.0,
97468,Marçal,BOT,Lateral,6,6.73,-0.06,3.22,5,5.0,True,True,GRE,-0.716,armadilha_leve,3.305,2.02,0.625,76.1,neutro,4.72,0.925,42.3,0.588,0.5,1.273,1.385,0.675,0.0,
124481,Mateo Ponte,BOT,Lateral,6,5.53,0.0,2.8,8,0.0,False,True,GRE,-0.375,neutro,3.079,1.8,1.0,76.1,neutro,3.37,0.925,42.3,0.588,0.5,1.273,1.385,0.675,0.0,
69140,Allan,BOT,Meia,5,4.48,0.0,2.03,10,0.0,False,True,GRE,-0.345,neutro,2.003,2.03,1.0,53.2,neutro,2.41,0.375,42.3,0.588,0.5,1.273,1.385,0.675,0.0,
142877,Villalba,BOT,Atacante,6,4.08,-0.19,1.55,9,-0.3,True,True,GRE,-0.586,armadilha_leve,1.809,0.66,1.0,51.4,neutro,2.0,0.375,42.3,0.588,0.5,1.273,1.385,0.675,0.0,
96353,Joaquín Correa,BOT,Atacante,6,5.11,0.0,1.17,6,0.0,False,True,GRE,-1.368,armadilha_leve,1.702,0.34,0.75,51.4,neutro,2.29,0.375,42.3,0.588,0.5,1.273,1.385,0.675,0.0,
91158,Kaio,BOT,Zagueiro,5,7.0,0.0,0.0,0,0.0,False,True,GRE,-3.969,armadilha_forte,0.0,0.0,0.0,77.3,neutro,2.4,0.925,42.3,0.588,0.5,1.273,1.385,0.675,0.0,
104191,Raul,BOT,Goleiro,6,5.49,0.0,3.71,7,0.0,False,True,GRE,0.988,valor_bom,3.876,3.71,0.875,78.0,favoravel,3.77,0.925,42.3,0.588,0.5,1.273,1.385,0.675,0.0,
146375,Kadir,BOT,Atacante,6,4.15,-0.91,2.12,9,-0.1,True,True,GRE,-0.291,neutro,2.111,1.56,1.0,51.4,neutro,2.78,0.375,42.3,0.588,0.5,1.273,1.385,0.675,0.0,
39850,Vagner Mancini,RBB,Técnico,6,8.75,-0.03,5.57,19,5.31,True,False,CAM,1.063,valor_bom,5.395,5.57,1.0,70.5,favoravel_visitante,3.78,0.925,-12.6,1.385,0.4,1.12,0.64,0.725,0.0,
94968,Juninho Capixaba,RBB,Lateral,6,13.39,-0.53,7.41,17,5.6,True,False,CAM,0.807,valor_bom,6.667,4.53,1.0,52.6,neutro,4.05,0.45,-12.6,1.385,0.4,1.12,0.64,0.725,0.0,
104693,Newton,SAO,Meia,6,4.18,0.0,1.94,7,0.0,False,True,SAN,-0.221,neutro,1.956,1.94,0.875,71.1,neutro,3.05,0.95,48.2,0.64,1.217,1.103,1.333,0.225,0.0,
142484,Barrera,BOT,Meia,6,6.45,0.0,2.62,10,0.0,False,True,GRE,0.183,neutro,3.272,2.12,1.0,53.2,neutro,2.86,0.375,42.3,0.588,0.5,1.273,1.385,0.675,0.0,
78605,Gabriel,RBB,Meia,6,5.17,0.0,3.17,16,0.0,False,False,CAM,0.189,neutro,2.77,2.54,1.0,71.2,favoravel_visitante,3.18,0.925,-12.6,1.385,0.4,1.12,0.64,0.725,0.0,
70360,Eduardo Sasha,RBB,Atacante,6,4.21,0.07,1.04,15,0.8,True,False,CAM,-1.132,armadilha_leve,1.409,1.04,1.0,70.2,neutro,2.82,0.925,-12.6,1.385,0.4,1.12,0.64,0.725,0.0,
100695,Fernando,RBB,Atacante,6,5.37,-1.32,4.89,9,4.0,True,False,CAM,0.617,valor_bom,3.577,2.56,1.0,70.2,favoravel_visitante,3.34,0.925,-12.6,1.385,0.4,1.12,0.64,0.725,0.0,
100848,Luan Cândido,VIT,Lateral,7,5.97,-0.52,4.05,10,0.5,True,True,PAL,0.125,neutro,3.742,2.15,1.0,56.6,neutro,4.08,0.05,11.5,0.727,0.741,1.059,1.0,0.425,0.0,
105213,Sant'Anna,RBB,Lateral,6,8.88,0.0,6.23,7,0.0,False,False,CAM,0.971,valor_bom,5.621,3.37,0.875,52.6,neutro,3.87,0.45,-12.6,1.385,0.4,1.12,0.64,0.725,0.0,
143072,Gabriel Abdias,BOT,Lateral,6,3.0,0.0,0.0,0,0.0,False,True,GRE,-2.046,armadilha_forte,0.0,0.0,0.0,76.1,neutro,2.35,0.925,42.3,0.588,0.5,1.273,1.385,0.675,0.0,
94067,Matheus Fernandes,RBB,Meia,6,4.32,0.0,2.54,11,0.0,False,False,CAM,0.104,neutro,2.3,2.09,1.0,71.2,favoravel_visitante,3.07,0.925,-12.6,1.385,0.4,1.12,0.64,0.725,0.0,
87225,Pedro Henrique,RBB,Zagueiro,6,6.81,0.1,3.33,12,4.7,True,False,CAM,0.347,neutro,3.507,2.08,1.0,53.6,neutro,2.95,0.45,-12.6,1.385,0.4,1.12,0.64,0.725,0.0,
103295,Eric Ramires,RBB,Meia,6,2.19,-0.13,0.41,12,-0.3,True,False,CAM,-0.229,neutro,0.646,0.41,1.0,71.2,neutro,2.68,0.925,-12.6,1.385,0.4,1.12,0.64,0.725,0.0,
110715,Andrés Hurtado,RBB,Lateral,6,6.14,0.52,3.66,13,6.2,True,False,CAM,-0.175,neutro,3.545,2.28,1.0,52.6,neutro,2.94,0.45,-12.6,1.385,0.4,1.12,0.64,0.725,0.0,
93882,Cleiton,RBB,Goleiro,6,6.19,0.0,2.56,7,0.0,False,False,CAM,0.151,neutro,3.339,1.13,0.875,54.6,neutro,3.02,0.45,-12.6,1.385,0.4,1.12,0.64,0.725,0.0,
110750,Gustavo Marques,RBB,Zagueiro,3,7.36,0.56,4.31,17,4.0,True,False,CAM,0.893,valor_bom,4.138,3.07,1.0,53.6,neutro,3.17,0.45,-12.6,1.385,0.4,1.12,0.64,0.725,0.0,
107236,Vanderlan,RBB,Lateral,5,4.41,0.0,-0.3,1,0.0,False,False,CAM,0.141,neutro,2.951,0.0,0.125,52.6,neutro,3.27,0.45,-12.6,1.385,0.4,1.12,0.64,0.725,0.0,
111246,Alix Vinicius,RBB,Zagueiro,6,6.02,0.84,3.14,16,6.7,True,False,CAM,0.499,neutro,3.351,1.83,1.0,53.6,neutro,2.9,0.45,-12.6,1.385,0.4,1.12,0.64,0.725,0.0,
104588,Fabrício,RBB,Goleiro,6,2.0,0.0,0.0,0,0.0,False,False,CAM,-0.673,armadilha_leve,0.0,0.0,0.0,54.6,neutro,1.36,0.45,-12.6,1.385,0.4,1.12,0.64,0.725,0.0,
106434,Eduardo Santos,RBB,Zagueiro,6,4.6,0.0,1.4,3,0.0,False,False,CAM,-0.14,neutro,2.226,1.4,0.375,53.6,neutro,2.74,0.45,-12.6,1.385,0.4,1.12,0.64,0.725,0.0,
98225,Pedro Raul,COR,Atacante,6,2.63,0.0,0.01,8,0.0,False,True,CAP,-0.987,armadilha_leve,0.4,0.01,1.0,64.9,neutro,2.35,0.45,19.7,1.636,1.0,1.143,0.632,0.75,0.0,
112886,Lucas Barbosa,RBB,Atacante,6,9.81,-0.59,6.48,17,3.5,True,False,CAM,1.448,valor_bom,5.969,4.01,1.0,70.2,favoravel_visitante,3.91,0.925,-12.6,1.385,0.4,1.12,0.64,0.725,0.0,
122394,Gustavinho,RBB,Meia,6,5.7,0.0,2.78,14,0.0,False,False,CAM,0.504,valor_bom,3.256,2.07,1.0,71.2,favoravel_visitante,3.29,0.925,-12.6,1.385,0.4,1.12,0.64,0.725,0.0,
108133,Isidro Pitta,RBB,Atacante,6,5.54,-0.68,4.01,18,0.8,True,False,CAM,0.347,neutro,3.423,1.23,1.0,70.2,favoravel_visitante,3.3,0.925,-12.6,1.385,0.4,1.12,0.64,0.725,0.0,
111760,Fabinho,RBB,Meia,6,2.04,0.0,-0.08,5,0.0,False,False,CAM,-0.148,neutro,0.585,0.0,0.625,71.2,neutro,2.62,0.925,-12.6,1.385,0.4,1.12,0.64,0.725,0.0,
140906,Davi Gomes,RBB,Atacante,5,5.19,0.0,4.25,2,0.0,False,False,CAM,-0.471,neutro,2.531,4.25,0.25,70.2,neutro,3.67,0.925,-12.6,1.385,0.4,1.12,0.64,0.725,0.0,
122897,Guzmán Rodríguez,RBB,Zagueiro,6,5.54,-0.46,-1.0,0,-1.0,False,False,CAM,-3.326,armadilha_forte,0.0,0.0,0.0,53.6,neutro,1.32,0.45,-12.6,1.385,0.4,1.12,0.64,0.725,0.0,
68920,Dudu,CAM,Atacante,6,6.16,0.0,2.57,13,0.0,False,True,RBB,0.055,neutro,3.451,1.34,1.0,35.9,neutro,1.73,0.2,12.6,1.12,0.64,1.385,0.4,0.725,0.0,
132580,Vinicinho,RBB,Atacante,6,3.96,-0.31,2.2,9,0.0,True,False,CAM,-0.109,neutro,2.153,2.2,1.0,70.2,neutro,3.0,0.925,-12.6,1.385,0.4,1.12,0.64,0.725,0.0,
132274,Ignacio Sosa,RBB,Meia,6,3.41,-0.24,1.5,15,0.4,True,False,CAM,-0.053,neutro,1.664,1.5,1.0,71.2,neutro,2.92,0.925,-12.6,1.385,0.4,1.12,0.64,0.725,0.0,
113157,Nathan Mendes,VIT,Lateral,5,7.52,0.0,5.02,12,0.0,False,True,PAL,0.857,valor_bom,5.047,3.35,1.0,56.6,neutro,4.16,0.05,11.5,0.727,0.741,1.059,1.0,0.425,0.0,
72605,Vitor Hugo,CAM,Zagueiro,6,6.67,-2.0,3.86,7,0.0,True,True,RBB,0.775,valor_bom,3.813,2.15,0.875,59.3,neutro,3.31,0.575,12.6,1.12,0.64,1.385,0.4,0.725,0.0,
138021,Palacios,RBB,Zagueiro,6,3.0,0.0,0.0,0,0.0,False,False,CAM,-1.757,armadilha_forte,0.0,0.0,0.0,53.6,neutro,1.32,0.45,-12.6,1.385,0.4,1.12,0.64,0.725,0.0,
98909,Cuello,CAM,Atacante,5,9.41,0.0,5.95,18,0.0,False,True,RBB,1.188,valor_bom,5.622,4.78,1.0,35.9,neutro,2.91,0.2,12.6,1.12,0.64,1.385,0.4,0.725,0.0,
72460,Bernard,CAM,Meia,6,4.82,-0.95,3.04,17,2.0,True,True,RBB,0.29,neutro,2.698,1.86,1.0,38.3,neutro,3.77,0.2,12.6,1.12,0.64,1.385,0.4,0.725,0.0,
122755,Lucas Cunha,RBB,Zagueiro,6,3.0,0.0,0.0,0,0.0,False,False,CAM,-1.757,armadilha_forte,0.0,0.0,0.0,53.6,neutro,1.32,0.45,-12.6,1.385,0.4,1.12,0.64,0.725,0.0,
100842,Ruan,CAM,Zagueiro,6,5.71,-0.49,3.19,17,4.7,True,True,RBB,0.196,neutro,2.981,2.13,1.0,59.3,neutro,4.61,0.575,12.6,1.12,0.64,1.385,0.4,0.725,0.0,
91607,Rony,SAN,Atacante,6,5.43,-0.12,2.21,14,2.1,True,False,SAO,-1.018,armadilha_leve,2.17,2.21,1.0,29.1,desfavoravel,1.29,0.275,-48.2,1.103,1.333,0.64,1.217,0.35,0.0,
87999,Gustavo Scarpa,CAM,Meia,6,7.06,0.0,3.09,10,0.0,False,True,RBB,0.242,neutro,3.533,2.09,1.0,38.3,neutro,2.62,0.2,12.6,1.12,0.64,1.385,0.4,0.725,0.0,
92087,Lyanco,CAM,Zagueiro,6,7.8,-0.1,3.04,9,0.8,True,True,RBB,-0.182,neutro,3.384,2.04,1.0,59.3,neutro,2.26,0.575,12.6,1.12,0.64,1.385,0.4,0.725,0.0,
101002,Júnior Santos,BOT,Atacante,5,4.55,0.0,2.24,8,0.0,False,True,GRE,-0.492,neutro,2.17,1.24,1.0,51.4,neutro,2.32,0.375,42.3,0.588,0.5,1.273,1.385,0.675,0.0,
107554,Natanael,CAM,Lateral,6,8.48,-0.31,4.85,13,2.2,True,True,RBB,0.368,neutro,4.941,3.62,1.0,58.3,neutro,4.49,0.575,12.6,1.12,0.64,1.385,0.4,0.725,0.0,
39656,Alan Franco,CAM,Meia,6,4.99,0.0,2.42,15,0.0,False,True,RBB,-0.319,neutro,2.264,2.09,1.0,38.3,neutro,2.1,0.2,12.6,1.12,0.64,1.385,0.4,0.725,0.0,
105068,Reinier,CAM,Meia,6,3.99,0.0,2.54,15,0.0,False,True,RBB,0.359,neutro,2.342,1.87,1.0,38.3,neutro,1.7,0.2,12.6,1.12,0.64,1.385,0.4,0.725,0.0,
100084,Igor Gomes,CAM,Meia,6,5.62,1.9,1.47,6,9.5,True,True,RBB,-1.245,armadilha_leve,1.756,0.64,0.75,38.3,neutro,1.83,0.2,12.6,1.12,0.64,1.385,0.4,0.725,0.0,
103767,Gabriel Menino,SAN,Meia,6,9.23,0.02,5.07,8,3.9,True,False,SAO,0.725,valor_bom,4.579,4.45,1.0,31.8,desfavoravel,2.99,0.275,-48.2,1.103,1.333,0.64,1.217,0.35,0.0,
78248,Gustavo Henrique,COR,Zagueiro,7,8.41,-0.4,3.69,16,3.0,True,True,CAP,0.006,neutro,3.717,2.56,1.0,60.2,favoravel,3.16,0.575,19.7,1.636,1.0,1.143,0.632,0.75,0.0,
124239,Henry Mosquera,RBB,Atacante,6,5.51,-0.82,3.68,15,1.4,True,False,CAM,0.032,neutro,3.131,2.68,1.0,70.2,favoravel_visitante,3.23,0.925,-12.6,1.385,0.4,1.12,0.64,0.725,0.0,
85048,Memphis Depay,COR,Atacante,6,9.56,0.0,1.99,7,0.0,False,True,CAP,-1.242,armadilha_leve,3.533,0.85,0.875,64.9,neutro,3.35,0.45,19.7,1.636,1.0,1.143,0.632,0.75,0.0,
92440,André Ramalho,COR,Zagueiro,6,5.3,0.0,2.16,5,0.0,False,True,CAP,-0.316,neutro,2.391,1.56,0.625,60.2,neutro,2.96,0.575,19.7,1.636,1.0,1.143,0.632,0.75,0.0,
115674,Gabriel Delfim,CAM,Goleiro,6,2.0,0.0,0.0,0,0.0,False,True,RBB,-0.673,armadilha_leve,0.0,0.0,0.0,60.2,neutro,1.62,0.575,12.6,1.12,0.64,1.385,0.4,0.725,0.0,
85425,João Paulo,SAN,Goleiro,6,5.2,0.0,0.15,2,0.0,False,False,SAO,0.488,neutro,3.247,0.15,0.25,23.3,desfavoravel,2.2,0.275,-48.2,1.103,1.333,0.64,1.217,0.35,0.0,
118774,Alexsander,CAM,Meia,6,4.85,-0.85,0.84,5,0.0,True,True,RBB,-1.111,armadilha_leve,1.536,0.84,0.625,38.3,neutro,1.71,0.2,12.6,1.12,0.64,1.385,0.4,0.725,0.0,
78435,Vitinho,COR,Atacante,5,5.06,0.0,2.13,7,0.0,False,True,CAP,-0.87,armadilha_leve,2.114,2.13,0.875,64.9,neutro,2.89,0.45,19.7,1.636,1.0,1.143,0.632,0.75,0.0,
122990,Patrick,CAM,Meia,5,4.0,0.0,0.0,0,0.0,False,True,RBB,-2.438,armadilha_forte,0.0,0.0,0.0,38.3,neutro,0.61,0.2,12.6,1.12,0.64,1.385,0.4,0.725,0.0,
124661,Iván Román,CAM,Zagueiro,6,8.96,0.0,5.92,6,0.0,False,True,RBB,1.005,valor_bom,4.693,3.42,0.75,59.3,neutro,3.81,0.575,12.6,1.12,0.64,1.385,0.4,0.725,0.0,
77485,Carrillo,COR,Meia,6,4.69,0.58,1.39,15,3.8,True,True,CAP,-0.955,armadilha_leve,1.592,1.06,1.0,66.1,neutro,2.72,0.45,19.7,1.636,1.0,1.143,0.632,0.75,0.0,
95556,Raniele,COR,Meia,6,7.78,0.06,4.11,16,3.2,True,True,CAP,0.647,valor_bom,4.103,3.8,1.0,66.1,favoravel,3.39,0.45,19.7,1.636,1.0,1.143,0.632,0.75,0.0,
101574,Hugo Souza,COR,Goleiro,7,8.68,-0.69,3.85,17,0.3,True,True,CAP,-0.142,neutro,3.905,2.09,1.0,61.1,neutro,3.24,0.575,19.7,1.636,1.0,1.143,0.632,0.75,0.0,
102340,Cacá,VIT,Zagueiro,7,5.66,-0.4,2.96,13,1.4,True,True,PAL,-0.002,neutro,2.798,1.34,1.0,57.6,neutro,4.1,0.05,11.5,0.727,0.741,1.059,1.0,0.425,0.0,
40990,Dorival Júnior,SAO,Técnico,6,9.61,0.01,4.17,13,4.13,True,True,SAN,-2.719,armadilha_forte,4.567,4.17,1.0,70.4,neutro,3.16,0.95,48.2,0.64,1.217,1.103,1.333,0.225,0.0,
117910,Breno Bidon,COR,Meia,7,8.38,-1.16,3.88,18,-1.1,True,True,CAP,0.246,neutro,3.944,3.05,1.0,66.1,favoravel,3.35,0.45,19.7,1.636,1.0,1.143,0.632,0.75,0.0,
98720,Angileri,COR,Lateral,3,6.1,0.43,3.99,8,8.4,True,True,CAP,-0.014,neutro,3.674,2.12,1.0,59.2,neutro,3.13,0.575,19.7,1.636,1.0,1.143,0.632,0.75,0.0,
105531,Matheus Bidu,COR,Lateral,7,13.3,0.0,7.86,15,0.0,False,True,CAP,1.08,valor_bom,6.896,5.53,1.0,59.2,neutro,4.13,0.575,19.7,1.636,1.0,1.143,0.632,0.75,0.0,
117632,Garro,COR,Meia,7,10.36,-0.42,5.07,18,1.7,True,True,CAP,0.615,valor_bom,4.768,3.13,1.0,66.1,favoravel,3.57,0.45,19.7,1.636,1.0,1.143,0.632,0.75,0.0,
137618,Clayton Sampaio,INT,Zagueiro,6,2.63,0.0,-1.0,0,0.0,False,True,FLA,-1.447,armadilha_leve,0.0,0.0,0.0,21.5,neutro,-0.16,0.0,-30.0,1.091,1.538,0.95,1.118,0.1,0.0,
107179,Matheus Donelli,COR,Goleiro,6,3.0,0.0,0.0,0,0.0,False,True,CAP,-1.507,armadilha_forte,0.0,0.0,0.0,61.1,neutro,1.66,0.575,19.7,1.636,1.0,1.143,0.632,0.75,0.0,
107744,Praxedes,RBB,Meia,6,4.0,0.0,0.0,0,0.0,False,False,CAM,-2.438,armadilha_forte,0.0,0.0,0.0,71.2,neutro,2.12,0.925,-12.6,1.385,0.4,1.12,0.64,0.725,0.0,
131753,Felipe Longo,COR,Goleiro,6,2.0,0.0,0.0,0,0.0,False,True,CAP,-0.673,armadilha_leve,0.0,0.0,0.0,61.1,neutro,1.66,0.575,19.7,1.636,1.0,1.143,0.632,0.75,0.0,
96342,Charles,COR,Meia,6,3.53,0.0,1.03,3,0.0,False,True,CAP,-0.08,neutro,1.714,1.03,0.375,66.1,neutro,2.97,0.45,19.7,1.636,1.0,1.143,0.632,0.75,0.0,
125488,João Pedro,COR,Zagueiro,6,8.84,0.0,7.7,2,0.0,False,True,CAP,0.88,valor_bom,4.558,3.2,0.25,60.2,favoravel,4.48,0.575,19.7,1.636,1.0,1.143,0.632,0.75,0.0,
121824,Kayke,COR,Atacante,5,3.64,0.0,1.65,6,0.0,False,True,CAP,-0.149,neutro,1.908,1.65,0.75,64.9,neutro,2.87,0.45,19.7,1.636,1.0,1.143,0.632,0.75,0.0,
145744,André,COR,Meia,7,6.91,0.05,4.34,15,4.7,True,True,CAP,1.159,valor_bom,4.252,2.67,1.0,66.1,favoravel,3.43,0.45,19.7,1.636,1.0,1.143,0.632,0.75,0.0,
79701,Lucas Silva,CRU,Meia,6,3.22,0.0,0.19,14,0.0,False,False,CFC,-1.317,armadilha_leve,0.485,0.19,1.0,60.3,neutro,2.18,0.75,-3.7,0.923,0.667,1.12,1.185,0.55,0.0,
89275,William,CRU,Lateral,7,7.65,-0.41,3.01,10,0.0,True,False,CFC,-0.418,neutro,3.934,2.41,1.0,50.9,neutro,3.05,0.8,-3.7,0.923,0.667,1.12,1.185,0.55,0.0,
42500,Fagner,CRU,Lateral,3,5.19,-1.89,3.01,14,-0.8,True,False,CFC,-0.126,neutro,3.136,1.51,1.0,50.9,neutro,2.75,0.8,-3.7,0.923,0.667,1.12,1.185,0.55,0.0,
70592,Felipe Anderson,PAL,Meia,6,7.57,0.6,3.26,14,10.0,True,False,VIT,0.079,neutro,3.561,2.19,1.0,28.6,desfavoravel,2.42,0.05,-11.5,1.059,1.0,0.727,0.741,0.65,0.0,
84558,Lucas Romero,CRU,Meia,6,9.87,1.54,4.73,13,12.4,True,False,CFC,0.419,neutro,4.485,3.19,1.0,60.3,neutro,3.13,0.75,-3.7,0.923,0.667,1.12,1.185,0.55,0.0,
100742,Matheus Henrique,CRU,Meia,7,5.14,-0.46,2.05,19,2.2,True,False,CFC,-0.682,armadilha_leve,2.026,2.05,1.0,60.3,neutro,2.65,0.75,-3.7,0.923,0.667,1.12,1.185,0.55,0.0,
127242,Bahia,COR,Meia,6,2.0,0.0,0.0,0,0.0,False,True,CAP,-0.802,armadilha_leve,0.0,0.0,0.0,66.1,neutro,1.89,0.45,19.7,1.636,1.0,1.143,0.632,0.75,0.0,
122396,Ryan,COR,Meia,6,3.0,0.0,0.0,0,0.0,False,True,CAP,-1.723,armadilha_forte,0.0,0.0,0.0,66.1,neutro,1.89,0.45,19.7,1.636,1.0,1.143,0.632,0.75,0.0,
96610,Matheus Pereira,CRU,Meia,7,15.25,0.0,6.53,17,0.0,False,False,CFC,0.636,valor_bom,5.748,4.77,1.0,60.3,neutro,3.78,0.75,-3.7,0.923,0.667,1.12,1.185,0.55,0.0,
107908,Hugo,COR,Lateral,5,4.0,0.0,0.0,0,0.0,False,True,CAP,-2.824,armadilha_forte,0.0,0.0,0.0,59.2,neutro,1.57,0.575,19.7,1.636,1.0,1.143,0.632,0.75,0.0,
114405,Sinisterra,CRU,Atacante,6,5.85,-0.34,3.27,8,2.4,True,False,CFC,0.925,valor_bom,4.076,2.27,1.0,58.8,neutro,3.25,0.75,-3.7,0.923,0.667,1.12,1.185,0.55,0.0,
124912,Jonathan Jesus,CRU,Zagueiro,7,6.15,-0.03,4.03,12,2.4,True,False,CFC,1.137,valor_bom,3.927,3.53,1.0,51.9,neutro,3.7,0.8,-3.7,0.923,0.667,1.12,1.185,0.55,0.0,
88479,Walace,VIT,Meia,6,3.96,-0.04,0.8,1,0.8,True,True,PAL,-0.22,neutro,1.84,0.8,0.125,26.4,neutro,1.38,0.05,11.5,0.727,0.741,1.059,1.0,0.425,0.0,
113158,Marquinhos,CRU,Atacante,6,4.24,0.24,1.5,1,1.5,True,False,CFC,-0.441,neutro,2.034,1.5,0.125,58.8,neutro,2.94,0.75,-3.7,0.923,0.667,1.12,1.185,0.55,0.0,
93478,Wanderson,CRU,Atacante,7,4.91,1.2,1.61,16,7.7,True,False,CFC,-1.167,armadilha_leve,1.774,1.11,1.0,58.8,neutro,2.52,0.75,-3.7,0.923,0.667,1.12,1.185,0.55,0.0,
146807,Rayan Lelis,CRU,Atacante,6,2.0,0.0,0.0,0,0.0,False,False,CFC,-0.761,armadilha_leve,0.0,0.0,0.0,58.8,neutro,1.55,0.75,-3.7,0.923,0.667,1.12,1.185,0.55,0.0,
111690,Matheus Cunha,INT,Goleiro,6,4.64,0.0,3.23,9,0.0,False,True,FLA,0.451,neutro,2.937,0.45,1.0,22.7,neutro,2.89,0.0,-30.0,1.091,1.538,0.95,1.118,0.1,0.0,
117404,Otávio,CRU,Goleiro,7,1.9,0.06,1.28,7,1.6,True,False,CFC,0.713,valor_bom,1.28,1.28,0.875,52.8,neutro,2.15,0.8,-3.7,0.923,0.667,1.12,1.185,0.55,0.0,
141995,Dieguinho,COR,Meia,6,3.5,0.0,1.52,9,0.0,False,True,CAP,-0.037,neutro,1.732,0.96,1.0,66.1,neutro,2.76,0.45,19.7,1.636,1.0,1.143,0.632,0.75,0.0,
105047,João Marcelo,CRU,Zagueiro,6,3.48,-0.33,1.55,6,-0.3,True,False,CFC,-0.138,neutro,1.638,1.05,0.75,51.9,neutro,3.54,0.8,-3.7,0.923,0.667,1.12,1.185,0.55,0.0,
69783,Danilo,FLA,Zagueiro,6,5.86,0.0,1.38,5,0.0,False,False,INT,-0.951,armadilha_leve,2.091,0.78,0.625,63.0,neutro,2.93,0.875,30.0,0.95,1.118,1.091,1.538,0.65,0.0,
131967,Villarreal,CRU,Atacante,2,8.62,0.0,5.65,12,0.0,False,False,CFC,1.152,valor_bom,5.343,3.23,1.0,58.8,neutro,3.64,0.75,-3.7,0.923,0.667,1.12,1.185,0.55,0.0,
122660,Japa,MIR,Meia,7,6.93,1.0,5.75,4,7.4,True,True,REM,1.616,valor_oculto,4.642,4.5,0.5,68.0,favoravel,4.41,0.9,23.3,0.905,0.877,1.217,0.875,0.55,0.0,
137542,Kaique Kenji,CRU,Atacante,6,2.43,0.0,1.44,7,0.0,False,False,CFC,0.004,neutro,1.093,0.3,0.875,58.8,neutro,2.31,0.75,-3.7,0.923,0.667,1.12,1.185,0.55,0.0,
83528,Léo Pereira,FLA,Zagueiro,7,9.96,0.5,4.46,15,7.7,True,False,INT,0.129,neutro,4.221,2.26,1.0,63.0,neutro,3.37,0.875,30.0,0.95,1.118,1.091,1.538,0.65,0.0,
137543,Tevis,CRU,Atacante,6,2.0,0.0,0.0,0,0.0,False,False,CFC,-0.761,armadilha_leve,0.0,0.0,0.0,58.8,neutro,1.55,0.75,-3.7,0.923,0.667,1.12,1.185,0.55,0.0,
132264,Arroyo,CRU,Atacante,5,5.37,0.11,3.2,16,1.5,True,False,CFC,-0.229,neutro,2.834,1.89,1.0,58.8,neutro,2.25,0.75,-3.7,0.923,0.667,1.12,1.185,0.55,0.0,
84816,Varela,FLA,Lateral,2,8.29,0.0,4.94,14,0.0,False,False,INT,0.497,neutro,4.994,2.94,1.0,61.9,neutro,3.57,0.875,30.0,0.95,1.118,1.091,1.538,0.65,0.0,
143350,Murilo Rhikman,CRU,Meia,6,2.95,0.0,0.5,1,0.0,False,False,CFC,-0.557,armadilha_leve,0.945,0.5,0.125,60.3,neutro,2.29,0.75,-3.7,0.923,0.667,1.12,1.185,0.55,0.0,
90285,Bruno Henrique,FLA,Atacante,7,5.56,-0.44,2.16,13,3.2,True,False,INT,-1.127,armadilha_leve,2.137,1.39,1.0,64.4,neutro,3.13,0.5,30.0,0.95,1.118,1.091,1.538,0.65,0.0,
84735,Jorginho,FLA,Meia,7,9.76,0.49,4.27,13,5.7,True,False,INT,0.113,neutro,4.201,3.12,1.0,65.6,neutro,3.41,0.5,30.0,0.95,1.118,1.091,1.538,0.65,0.0,
91473,Erick Pulgar,FLA,Meia,7,7.64,1.59,2.55,9,11.0,True,False,INT,-0.289,neutro,3.274,2.55,1.0,65.6,neutro,2.0,0.5,30.0,0.95,1.118,1.091,1.538,0.65,0.0,
143600,Kauã Moraes,CRU,Lateral,6,6.81,-0.52,4.83,10,2.7,True,False,CFC,0.203,neutro,4.175,2.53,1.0,50.9,neutro,4.32,0.8,-3.7,0.923,0.667,1.12,1.185,0.55,0.0,
80061,Saúl,FLA,Meia,6,6.28,0.0,2.43,6,0.0,False,False,INT,0.382,neutro,3.377,1.6,0.75,65.6,neutro,3.45,0.5,30.0,0.95,1.118,1.091,1.538,0.65,0.0,
82627,Luiz Araújo,FLA,Atacante,5,7.88,0.0,2.99,11,0.0,False,False,INT,-0.333,neutro,3.787,1.81,1.0,64.4,neutro,2.9,0.5,30.0,0.95,1.118,1.091,1.538,0.65,0.0,
97867,Léo Ortiz,FLA,Zagueiro,6,9.12,0.0,4.11,16,0.0,False,False,INT,0.113,neutro,3.997,2.42,1.0,63.0,neutro,3.91,0.875,30.0,0.95,1.118,1.091,1.538,0.65,0.0,
88393,Ayrton Lucas,FLA,Lateral,6,9.09,0.0,4.8,10,0.0,False,False,INT,0.136,neutro,4.928,2.5,1.0,61.9,neutro,4.6,0.875,30.0,0.95,1.118,1.091,1.538,0.65,0.0,
87863,Arrascaeta,FLA,Meia,2,14.51,-0.21,5.4,11,1.2,True,False,INT,-0.288,neutro,4.847,3.58,1.0,65.6,neutro,3.58,0.5,30.0,0.95,1.118,1.091,1.538,0.65,0.0,
115914,Evertton Araújo,FLA,Meia,6,2.78,-0.05,1.28,14,0.0,True,False,INT,-0.139,neutro,1.178,0.92,1.0,65.6,neutro,2.51,0.5,30.0,0.95,1.118,1.091,1.538,0.65,0.0,
96870,Emerson Royal,FLA,Lateral,2,8.32,-0.21,5.92,9,7.4,True,False,INT,1.073,valor_bom,5.529,3.7,1.0,61.9,neutro,4.14,0.875,30.0,0.95,1.118,1.091,1.538,0.65,0.0,
98873,Samuel Lino,FLA,Atacante,7,11.84,-0.16,7.44,18,8.9,True,False,INT,1.611,valor_oculto,6.653,3.72,1.0,64.4,neutro,6.11,0.5,30.0,0.95,1.118,1.091,1.538,0.65,0.0,
86757,Everton,FLA,Atacante,6,5.67,0.15,1.42,9,2.0,True,False,INT,-1.639,armadilha_forte,1.74,1.42,1.0,64.4,neutro,2.7,0.5,30.0,0.95,1.118,1.091,1.538,0.65,0.0,
122320,Daniel Sales,FLA,Lateral,5,2.0,0.0,0.0,0,0.0,False,False,INT,-1.042,armadilha_leve,0.0,0.0,0.0,61.9,neutro,1.7,0.875,30.0,0.95,1.118,1.091,1.538,0.65,0.0,
96652,Allan,COR,Meia,7,2.72,-0.27,0.82,14,-0.1,True,True,CAP,-0.435,neutro,0.886,0.82,1.0,66.1,neutro,2.54,0.45,19.7,1.636,1.0,1.143,0.632,0.75,0.0,
109096,Plata,FLA,Atacante,6,10.96,0.0,7.01,10,0.0,False,False,INT,1.195,valor_bom,6.065,4.91,1.0,64.4,neutro,3.9,0.5,30.0,0.95,1.118,1.091,1.538,0.65,0.0,
143295,Joshua,FLA,Meia,6,2.6,0.0,-0.3,1,0.0,False,False,INT,-0.366,neutro,0.856,0.0,0.125,65.6,neutro,2.47,0.5,30.0,0.95,1.118,1.091,1.538,0.65,0.0,
122318,Dyogo Alves,FLA,Goleiro,6,3.0,0.0,0.0,0,0.0,False,False,INT,-1.507,armadilha_forte,0.0,0.0,0.0,63.8,neutro,1.78,0.875,30.0,0.95,1.118,1.091,1.538,0.65,0.0,
99228,De la Cruz,FLA,Meia,6,4.77,0.0,1.06,9,0.0,False,False,INT,-1.124,armadilha_leve,1.488,1.06,1.0,65.6,neutro,2.68,0.5,30.0,0.95,1.118,1.091,1.538,0.65,0.0,
78445,Renê,FLU,Lateral,2,9.53,-0.35,5.7,12,3.5,True,True,BAH,0.566,valor_bom,5.455,4.37,1.0,62.4,favoravel,3.71,0.175,24.8,0.667,0.8,1.103,0.96,0.475,0.0,
62977,Ganso,FLU,Meia,6,3.27,0.0,0.85,12,0.0,False,True,BAH,-0.848,armadilha_leve,0.91,0.85,1.0,51.6,neutro,1.97,0.625,24.8,0.667,0.8,1.103,0.96,0.475,0.0,
140492,João Victor,FLA,Zagueiro,6,4.34,0.0,6.5,1,0.0,False,False,INT,0.919,valor_bom,2.976,3.5,0.125,63.0,neutro,4.68,0.875,30.0,0.95,1.118,1.091,1.538,0.65,0.0,
145705,Douglas Telles,FLA,Atacante,6,2.0,0.0,0.0,0,0.0,False,False,INT,-0.761,armadilha_leve,0.0,0.0,0.0,64.4,neutro,1.81,0.5,30.0,0.95,1.118,1.091,1.538,0.65,0.0,
130382,Guilherme Gomes,FLA,Meia,6,3.0,0.0,0.0,0,0.0,False,False,INT,-1.723,armadilha_forte,0.0,0.0,0.0,65.6,neutro,1.87,0.5,30.0,0.95,1.118,1.091,1.538,0.65,0.0,
78855,Thiago Santos,CFC,Zagueiro,7,5.12,0.83,3.46,13,7.2,True,True,CRU,0.643,valor_bom,3.108,2.31,1.0,47.9,neutro,2.14,0.375,3.7,1.12,1.185,0.923,0.667,0.4,0.0,
130189,Léo Nannetti,FLA,Goleiro,6,2.0,0.0,0.0,0,0.0,False,False,INT,-0.673,armadilha_leve,0.0,0.0,0.0,63.8,neutro,1.78,0.875,30.0,0.95,1.118,1.091,1.538,0.65,0.0,
122573,Wallace Yan,FLA,Atacante,6,2.44,-0.13,0.1,7,-0.1,True,False,INT,-0.718,armadilha_leve,0.468,0.1,0.875,64.4,neutro,2.33,0.5,30.0,0.95,1.118,1.091,1.538,0.65,0.0,
71631,Weverton,GRE,Goleiro,6,7.67,0.0,4.89,17,0.0,False,False,BOT,0.888,valor_bom,4.612,3.13,1.0,26.0,desfavoravel,2.92,0.025,-42.3,1.273,1.385,0.588,0.5,0.35,0.0,
86485,Keno,CFC,Atacante,6,3.45,-0.67,0.68,5,0.5,True,True,CRU,-0.402,neutro,1.554,0.68,0.625,58.5,neutro,2.52,0.825,3.7,1.12,1.185,0.923,0.667,0.4,0.0,
78117,Everaldo,BAH,Atacante,6,6.29,0.0,4.04,15,0.0,False,False,FLU,0.995,valor_bom,4.333,1.91,1.0,43.0,neutro,3.06,0.5,-24.8,1.103,0.96,0.667,0.8,0.625,0.0,
87228,Guilherme Arana,FLU,Lateral,2,7.42,-0.1,3.25,14,0.0,True,True,BAH,-0.34,neutro,3.919,2.39,1.0,62.4,neutro,3.9,0.175,24.8,0.667,0.8,1.103,0.96,0.475,0.0,
99366,Luis Zubeldía,FLU,Técnico,7,9.75,-0.25,5.41,19,2.76,True,True,BAH,-0.241,neutro,5.351,5.41,1.0,50.9,neutro,2.94,0.625,24.8,0.667,0.8,1.103,0.96,0.475,0.0,
102928,Canobbio,FLU,Atacante,7,11.0,-1.77,7.59,12,3.7,True,True,BAH,1.686,valor_oculto,6.507,4.09,1.0,49.8,neutro,2.22,0.625,24.8,0.667,0.8,1.103,0.96,0.475,0.0,
113034,Freytes,FLU,Zagueiro,7,4.77,0.14,2.47,16,2.0,True,True,BAH,0.086,neutro,2.492,1.91,1.0,63.4,favoravel,3.97,0.175,24.8,0.667,0.8,1.103,0.96,0.475,0.0,
73384,Samuel Xavier,FLU,Lateral,6,7.21,0.0,3.33,12,0.0,False,True,BAH,-0.127,neutro,4.033,2.83,1.0,62.4,neutro,3.3,0.175,24.8,0.667,0.8,1.103,0.96,0.475,0.0,
79631,Cano,FLU,Atacante,6,4.12,-0.17,0.96,5,2.0,True,True,BAH,-0.781,armadilha_leve,1.662,0.96,0.625,49.8,neutro,2.23,0.625,24.8,0.667,0.8,1.103,0.96,0.475,0.0,
101319,Guga,FLU,Lateral,7,5.55,-0.46,3.01,12,0.2,True,True,BAH,-0.309,neutro,3.149,1.68,1.0,62.4,neutro,4.08,0.175,24.8,0.667,0.8,1.103,0.96,0.475,0.0,
82463,Otávio,FLU,Meia,6,2.51,0.0,0.32,5,0.0,False,True,BAH,-0.424,neutro,0.739,0.32,0.625,51.6,neutro,1.84,0.625,24.8,0.667,0.8,1.103,0.96,0.475,0.0,
102137,Vitor Eudes,FLU,Goleiro,6,2.0,0.0,0.0,0,0.0,False,True,BAH,-0.673,armadilha_leve,0.0,0.0,0.0,64.3,neutro,1.81,0.175,24.8,0.667,0.8,1.103,0.96,0.475,0.0,
110759,John Kennedy,FLU,Atacante,3,10.92,0.0,7.3,17,0.0,False,True,BAH,1.732,valor_oculto,6.526,2.77,1.0,49.8,neutro,2.22,0.625,24.8,0.667,0.8,1.103,0.96,0.475,0.0,
100987,Nonato,FLU,Meia,6,5.89,-0.07,2.55,7,1.2,True,True,BAH,0.55,valor_bom,3.37,1.12,0.875,51.6,neutro,2.18,0.625,24.8,0.667,0.8,1.103,0.96,0.475,0.0,
116447,Hércules,FLU,Meia,7,6.83,-0.02,3.77,17,0.0,True,True,BAH,0.739,valor_bom,3.872,2.89,1.0,51.6,neutro,2.11,0.625,24.8,0.667,0.8,1.103,0.96,0.475,0.0,
103523,Ignácio,FLU,Zagueiro,6,5.04,-0.54,1.95,8,0.0,True,True,BAH,-0.361,neutro,2.243,1.95,1.0,63.4,neutro,3.98,0.175,24.8,0.667,0.8,1.103,0.96,0.475,0.0,
87342,Kannemann,GRE,Zagueiro,6,4.64,-0.36,0.2,1,0.2,True,False,BOT,-0.102,neutro,2.276,0.2,0.125,24.8,desfavoravel,1.61,0.025,-42.3,1.273,1.385,0.588,0.5,0.35,0.0,
88037,Luís Castro,GRE,Técnico,6,9.22,0.0,4.68,19,3.15,True,False,BOT,-1.366,armadilha_leve,4.838,4.68,1.0,52.6,neutro,3.4,0.925,-42.3,1.273,1.385,0.588,0.5,0.35,0.0,
127932,Júlio Fidelis,FLU,Lateral,6,2.0,0.0,0.0,0,0.0,False,True,BAH,-1.042,armadilha_leve,0.0,0.0,0.0,62.4,neutro,1.72,0.175,24.8,0.667,0.8,1.103,0.96,0.475,0.0,
89493,Igor Rabello,FLU,Zagueiro,6,5.0,0.0,0.0,0,0.0,False,True,BAH,-3.051,armadilha_forte,0.0,0.0,0.0,63.4,neutro,1.76,0.175,24.8,0.667,0.8,1.103,0.96,0.475,0.0,
42135,Willian,GRE,Meia,6,3.74,0.0,1.06,8,0.0,False,False,BOT,-0.462,neutro,1.515,1.06,1.0,53.3,neutro,2.24,0.925,-42.3,1.273,1.385,0.588,0.5,0.35,0.0,
101478,Marcelo Pitaluga,FLU,Goleiro,6,3.0,0.0,0.0,0,0.0,False,True,BAH,-1.507,armadilha_forte,0.0,0.0,0.0,64.3,neutro,1.81,0.175,24.8,0.667,0.8,1.103,0.96,0.475,0.0,
72018,Tiago Volpi,RBB,Goleiro,6,10.55,0.1,6.09,12,7.6,True,False,CAM,0.712,valor_bom,5.263,3.01,1.0,54.6,neutro,3.57,0.45,-12.6,1.385,0.4,1.12,0.64,0.725,0.0,
63013,Marcos Rocha,GRE,Lateral,6,5.95,0.0,0.8,4,0.0,False,False,BOT,-1.223,armadilha_leve,2.505,0.8,0.5,24.0,desfavoravel,1.73,0.025,-42.3,1.273,1.385,0.588,0.5,0.35,0.0,
87887,Balbuena,GRE,Zagueiro,6,6.98,0.0,3.94,7,0.0,False,False,BOT,0.693,valor_bom,3.85,3.08,0.875,24.8,desfavoravel,2.52,0.025,-42.3,1.273,1.385,0.588,0.5,0.35,0.0,
140484,Riquelme Felipe,FLU,Atacante,6,3.53,0.0,0.7,3,0.0,False,True,BAH,-0.278,neutro,1.719,0.7,0.375,49.8,neutro,2.29,0.625,24.8,0.667,0.8,1.103,0.96,0.475,0.0,
97145,Villasanti,GRE,Meia,6,6.86,-0.14,1.2,1,1.2,True,False,BOT,0.602,valor_bom,3.767,1.2,0.125,53.3,neutro,3.84,0.925,-42.3,1.273,1.385,0.588,0.5,0.35,0.0,
102318,Caio Paulista,GRE,Lateral,6,5.62,0.0,3.43,7,0.0,False,False,BOT,-0.081,neutro,3.391,2.57,0.875,24.0,desfavoravel,2.24,0.025,-42.3,1.273,1.385,0.588,0.5,0.35,0.0,
89273,João Pedro,GRE,Lateral,6,3.11,0.0,0.72,5,0.0,False,False,BOT,-0.513,armadilha_leve,1.482,0.72,0.625,24.0,desfavoravel,1.11,0.025,-42.3,1.273,1.385,0.588,0.5,0.35,0.0,
111309,Gustavo Martins,GRE,Zagueiro,6,6.13,-0.16,3.1,12,1.5,True,False,BOT,0.471,neutro,3.369,1.52,1.0,24.8,desfavoravel,2.23,0.025,-42.3,1.273,1.385,0.588,0.5,0.35,0.0,
91908,Pavón,GRE,Atacante,6,6.11,-1.65,3.8,17,2.0,True,False,BOT,0.872,valor_bom,4.146,3.21,1.0,51.5,neutro,3.13,0.925,-42.3,1.273,1.385,0.588,0.5,0.35,0.0,
63289,Edenílson,BOT,Meia,6,6.15,0.0,3.2,14,0.0,False,True,GRE,0.614,valor_bom,3.523,1.41,1.0,53.2,neutro,4.92,0.375,42.3,0.588,0.5,1.273,1.385,0.675,0.0,
132071,Serna,FLU,Atacante,6,6.02,-0.9,2.96,19,2.9,True,True,BAH,0.216,neutro,3.53,2.28,1.0,49.8,neutro,2.87,0.625,24.8,0.667,0.8,1.103,0.96,0.475,0.0,
91706,Marlon,GRE,Lateral,6,8.85,-1.47,5.77,7,0.7,True,False,BOT,0.746,valor_bom,5.407,3.77,0.875,24.0,desfavoravel,3.38,0.025,-42.3,1.273,1.385,0.588,0.5,0.35,0.0,
89883,Dodi,GRE,Meia,6,3.04,0.0,0.13,6,0.0,False,False,BOT,-1.007,armadilha_leve,0.628,0.13,0.75,53.3,neutro,1.89,0.925,-42.3,1.273,1.385,0.588,0.5,0.35,0.0,
105563,Carlos Vinícius,GRE,Atacante,6,14.07,0.14,5.49,18,3.5,True,False,BOT,-0.499,neutro,5.303,1.49,1.0,51.5,neutro,3.55,0.925,-42.3,1.273,1.385,0.588,0.5,0.35,0.0,
70944,Bruno Henrique,INT,Meia,7,4.06,-0.1,1.9,17,1.5,True,True,FLA,-0.185,neutro,1.923,1.61,1.0,23.4,neutro,1.83,0.1,-30.0,1.091,1.538,0.95,1.118,0.1,0.0,
104994,Wagner Leonardo,GRE,Zagueiro,6,5.36,0.0,2.78,9,0.0,False,False,BOT,-0.015,neutro,2.665,2.11,1.0,24.8,desfavoravel,1.85,0.025,-42.3,1.273,1.385,0.588,0.5,0.35,0.0,
142004,Amuzu,GRE,Atacante,6,7.4,0.33,4.09,17,3.0,True,False,BOT,0.5,neutro,4.344,2.74,1.0,51.5,neutro,3.21,0.925,-42.3,1.273,1.385,0.588,0.5,0.35,0.0,
72951,Mercado,INT,Zagueiro,7,6.22,0.0,3.83,12,0.0,False,True,FLA,0.961,valor_bom,3.807,2.58,1.0,21.5,neutro,3.25,0.0,-30.0,1.091,1.538,0.95,1.118,0.1,0.0,
112616,Gabriel Grando,GRE,Goleiro,6,3.77,-0.23,0.3,1,0.3,True,False,BOT,0.347,neutro,2.351,0.3,0.125,26.0,desfavoravel,1.71,0.025,-42.3,1.273,1.385,0.588,0.5,0.35,0.0,
109966,Monsalve,GRE,Meia,6,3.12,0.0,0.64,7,0.0,False,False,BOT,-0.827,armadilha_leve,0.832,0.64,0.875,53.3,neutro,1.99,0.925,-42.3,1.273,1.385,0.588,0.5,0.35,0.0,
118238,Ronald,GRE,Meia,6,3.0,0.0,0.0,0,0.0,False,False,BOT,-1.723,armadilha_forte,0.0,0.0,0.0,53.3,neutro,1.3,0.925,-42.3,1.273,1.385,0.588,0.5,0.35,0.0,
88136,Ivan,REM,Goleiro,6,7.58,0.0,10.2,1,0.0,False,False,MIR,1.015,valor_bom,4.708,5.2,0.125,42.7,neutro,4.02,0.7,-23.3,1.217,0.875,0.905,0.877,0.6,0.0,
107989,Carbonero,INT,Atacante,7,8.66,-1.18,5.24,19,1.7,True,True,FLA,0.9,valor_bom,5.134,2.35,1.0,20.4,neutro,4.53,0.1,-30.0,1.091,1.538,0.95,1.118,0.1,0.0,
111466,Victor Gabriel,INT,Zagueiro,3,3.51,0.0,2.16,16,0.0,False,True,FLA,0.288,neutro,2.008,1.6,1.0,21.5,neutro,2.75,0.0,-30.0,1.091,1.538,0.95,1.118,0.1,0.0,
115479,Paulo Pezzolano,INT,Técnico,7,7.42,-0.14,4.72,20,2.48,True,True,FLA,0.781,valor_bom,4.794,4.72,1.0,22.7,neutro,3.81,0.1,-30.0,1.091,1.538,0.95,1.118,0.1,0.0,
92981,Ronaldo,INT,Meia,6,3.83,0.0,2.49,8,0.0,False,True,FLA,0.33,neutro,2.23,1.87,1.0,23.4,neutro,1.57,0.1,-30.0,1.091,1.538,0.95,1.118,0.1,0.0,
110510,Aguirre,INT,Lateral,6,5.56,0.16,3.53,14,2.6,True,True,FLA,0.035,neutro,3.467,2.32,1.0,20.8,neutro,2.19,0.0,-30.0,1.091,1.538,0.95,1.118,0.1,0.0,
101960,Vitinho,INT,Atacante,7,7.42,0.15,4.34,19,3.4,True,True,FLA,0.671,valor_bom,4.501,3.55,1.0,20.4,neutro,2.33,0.1,-30.0,1.091,1.538,0.95,1.118,0.1,0.0,
116067,Thiago Beltrame,GRE,Goleiro,6,2.08,0.0,0.7,1,0.0,False,False,BOT,1.66,valor_oculto,2.396,0.7,0.125,26.0,desfavoravel,1.74,0.025,-42.3,1.273,1.385,0.588,0.5,0.35,0.0,
106202,Bruno Gomes,INT,Meia,7,6.4,0.16,3.36,20,1.5,True,True,FLA,0.558,valor_bom,3.568,3.36,1.0,23.4,neutro,2.94,0.1,-30.0,1.091,1.538,0.95,1.118,0.1,0.0,
92182,Juninho,INT,Zagueiro,6,5.17,-0.75,2.0,4,0.0,True,True,FLA,-0.291,neutro,2.357,1.25,0.5,21.5,neutro,3.55,0.0,-30.0,1.091,1.538,0.95,1.118,0.1,0.0,
111683,Anthoni,INT,Goleiro,7,3.91,-0.34,2.55,9,-0.7,True,True,FLA,0.49,neutro,2.577,1.99,1.0,22.7,neutro,3.85,0.0,-30.0,1.091,1.538,0.95,1.118,0.1,0.0,
89637,Thiago Maia,INT,Meia,5,3.6,0.0,0.92,10,0.0,False,True,FLA,-0.518,armadilha_leve,1.387,0.92,1.0,23.4,neutro,1.11,0.1,-30.0,1.091,1.538,0.95,1.118,0.1,0.0,
130889,Riquelme,GRE,Meia,6,2.42,0.0,-1.45,2,0.0,False,False,BOT,-0.613,armadilha_leve,0.511,0.0,0.25,53.3,neutro,1.72,0.925,-42.3,1.273,1.385,0.588,0.5,0.35,0.0,
93790,Marlon Freitas,PAL,Meia,7,6.04,-0.59,2.86,19,1.7,True,False,VIT,0.307,neutro,3.224,2.07,1.0,28.6,desfavoravel,2.24,0.05,-11.5,1.059,1.0,0.727,0.741,0.65,0.0,
123744,Alan Rodríguez,INT,Meia,6,3.27,0.0,0.58,7,0.0,False,True,FLA,-0.975,armadilha_leve,0.804,0.58,0.875,23.4,neutro,0.75,0.1,-30.0,1.091,1.538,0.95,1.118,0.1,0.0,
71684,Gustavo Gómez,PAL,Zagueiro,7,10.18,0.04,4.61,18,3.1,True,False,VIT,0.224,neutro,4.352,2.33,1.0,48.2,neutro,3.15,0.275,-11.5,1.059,1.0,0.727,0.741,0.65,0.0,
68872,Marcelo Lomba,PAL,Goleiro,6,7.08,0.0,8.9,1,0.0,False,False,VIT,1.043,valor_bom,4.563,3.9,0.125,49.2,neutro,4.2,0.275,-11.5,1.059,1.0,0.727,0.741,0.65,0.0,
97653,Murilo,PAL,Zagueiro,7,6.63,0.05,3.28,17,1.8,True,False,VIT,0.337,neutro,3.437,1.75,1.0,48.2,neutro,2.8,0.275,-11.5,1.059,1.0,0.727,0.741,0.65,0.0,
86711,Richard,INT,Meia,6,4.0,0.0,0.0,0,0.0,False,True,FLA,-2.438,armadilha_forte,0.0,0.0,0.0,23.4,neutro,-0.07,0.1,-30.0,1.091,1.538,0.95,1.118,0.1,0.0,
123101,Leozinho,CAP,Atacante,7,7.49,-0.34,6.6,7,15.1,True,False,COR,1.988,valor_oculto,5.684,3.17,0.875,40.0,neutro,6.06,0.175,-19.7,1.143,0.632,1.636,1.0,0.95,0.0,
102130,Piquerez,PAL,Lateral,7,10.63,-0.89,6.01,8,2.0,True,False,VIT,0.322,neutro,5.549,4.01,1.0,47.3,neutro,3.61,0.275,-11.5,1.059,1.0,0.727,0.741,0.65,0.0,
104085,Bruno Fuchs,PAL,Zagueiro,6,8.5,0.0,4.21,7,0.0,False,False,VIT,0.289,neutro,3.976,2.5,0.875,48.2,neutro,3.12,0.275,-11.5,1.059,1.0,0.727,0.741,0.65,0.0,
99818,Paulinho,PAL,Atacante,7,10.37,-0.73,3.42,6,3.3,True,False,VIT,-0.683,armadilha_leve,4.256,0.75,0.75,25.8,desfavoravel,2.81,0.05,-11.5,1.059,1.0,0.727,0.741,0.65,0.0,
143488,Raykkonen,INT,Atacante,6,2.63,0.0,0.5,1,0.0,False,True,FLA,-0.581,armadilha_leve,0.757,0.5,0.125,20.4,neutro,0.37,0.1,-30.0,1.091,1.538,0.95,1.118,0.1,0.0,
110506,Abel Ferreira,PAL,Técnico,7,11.97,-0.3,6.49,20,5.02,True,False,VIT,0.873,valor_bom,6.345,6.49,1.0,27.9,desfavoravel,3.85,0.05,-11.5,1.059,1.0,0.727,0.741,0.65,0.0,
127970,Felipe Chiqueti,CAP,Meia,6,2.07,0.0,1.35,7,0.0,False,False,COR,0.511,valor_bom,1.164,1.35,0.875,42.2,neutro,1.69,0.175,-19.7,1.143,0.632,1.636,1.0,0.95,0.0,
104084,Carlos Miguel,PAL,Goleiro,7,7.81,-0.75,4.87,19,0.6,True,False,VIT,0.849,valor_bom,4.619,3.29,1.0,49.2,neutro,3.27,0.275,-11.5,1.059,1.0,0.727,0.741,0.65,0.0,
105647,Maurício,PAL,Meia,7,6.85,-2.43,3.67,17,2.0,True,False,VIT,0.65,valor_bom,3.804,2.49,1.0,28.6,desfavoravel,2.54,0.05,-11.5,1.059,1.0,0.727,0.741,0.65,0.0,
112863,Ramón Sosa,PAL,Atacante,6,7.4,0.0,3.24,16,0.0,False,False,VIT,-0.133,neutro,3.788,1.12,1.0,25.8,desfavoravel,2.48,0.05,-11.5,1.059,1.0,0.727,0.741,0.65,0.0,
133543,Gui Negão,COR,Atacante,6,3.97,0.0,1.35,4,0.0,False,True,CAP,-0.461,neutro,1.85,1.35,0.5,64.9,neutro,2.94,0.45,19.7,1.636,1.0,1.143,0.632,0.75,0.0,
105175,Khellven,PAL,Lateral,6,5.38,0.0,2.75,14,0.0,False,False,VIT,-0.413,neutro,2.971,2.11,1.0,47.3,neutro,2.6,0.275,-11.5,1.059,1.0,0.727,0.741,0.65,0.0,
87258,Soteldo,FLU,Atacante,6,3.71,0.12,1.08,13,1.5,True,True,BAH,-0.702,armadilha_leve,1.469,1.08,1.0,49.8,neutro,2.1,0.625,24.8,0.667,0.8,1.103,0.96,0.475,0.0,
92811,Bruno Rodrigues,CRU,Atacante,2,3.12,0.13,1.61,12,1.7,True,False,CFC,-0.436,neutro,1.282,1.19,1.0,58.8,neutro,2.64,0.75,-3.7,0.923,0.667,1.12,1.185,0.55,0.0,
108683,Emiliano Martínez,PAL,Meia,6,4.53,0.37,2.16,8,3.6,True,False,VIT,-0.3,neutro,2.065,2.16,1.0,28.6,desfavoravel,1.65,0.05,-11.5,1.059,1.0,0.727,0.741,0.65,0.0,
113103,Flaco López,PAL,Atacante,6,14.91,0.0,6.74,17,0.0,False,False,VIT,0.266,neutro,6.146,3.33,1.0,25.8,desfavoravel,3.73,0.05,-11.5,1.059,1.0,0.727,0.741,0.65,0.0,
133679,Benedetti,PAL,Zagueiro,6,5.42,0.0,4.85,2,0.0,False,False,VIT,0.357,neutro,2.998,1.85,0.25,48.2,neutro,3.05,0.275,-11.5,1.059,1.0,0.727,0.741,0.65,0.0,
141451,Allan,PAL,Meia,3,12.0,0.0,6.2,17,0.0,False,False,VIT,1.084,valor_bom,5.524,4.44,1.0,28.6,desfavoravel,3.43,0.05,-11.5,1.059,1.0,0.727,0.741,0.65,0.0,
72279,Thomazella,MIR,Goleiro,7,2.0,0.0,0.0,0,0.0,False,True,REM,-0.673,armadilha_leve,0.0,0.0,0.0,61.8,neutro,1.69,0.575,23.3,0.905,0.877,1.217,0.875,0.55,0.0,
111832,Jefté,PAL,Lateral,5,4.16,0.0,2.47,7,0.0,False,False,VIT,-0.522,armadilha_leve,2.197,0.9,0.875,47.3,neutro,2.33,0.275,-11.5,1.059,1.0,0.727,0.741,0.65,0.0,
124526,Giay,PAL,Lateral,7,7.01,-0.51,4.62,16,3.2,True,False,VIT,0.775,valor_bom,4.776,3.5,1.0,47.3,neutro,3.3,0.275,-11.5,1.059,1.0,0.727,0.741,0.65,0.0,
97321,Alesson,MIR,Atacante,7,9.29,0.0,5.13,16,0.0,False,True,REM,0.576,valor_bom,5.048,4.19,1.0,66.9,favoravel,3.86,0.9,23.3,0.905,0.877,1.217,0.875,0.55,0.0,
97460,João Victor,MIR,Zagueiro,7,4.53,0.05,2.0,17,2.0,True,True,REM,-0.166,neutro,2.171,1.53,1.0,60.9,neutro,2.88,0.575,23.3,0.905,0.877,1.217,0.875,0.55,0.0,
136156,Larson,PAL,Meia,6,2.1,0.0,0.48,4,0.0,False,False,VIT,0.078,neutro,0.827,0.48,0.5,28.6,desfavoravel,0.88,0.05,-11.5,1.059,1.0,0.727,0.741,0.65,0.0,
98384,Negueba,MIR,Atacante,5,8.57,0.0,5.23,8,0.0,False,True,REM,0.844,valor_bom,5.056,4.23,1.0,66.9,favoravel,3.65,0.9,23.3,0.905,0.877,1.217,0.875,0.55,0.0,
81005,André Luis,MIR,Atacante,6,3.24,0.0,1.13,10,0.0,False,True,REM,-0.222,neutro,1.561,0.33,1.0,66.9,neutro,2.74,0.9,23.3,0.905,0.877,1.217,0.875,0.55,0.0,
82775,Lucas Ramon,SAO,Lateral,6,10.42,-0.33,5.6,14,2.8,True,True,SAN,0.238,neutro,5.414,4.6,1.0,64.6,favoravel,4.47,0.175,48.2,0.64,1.217,1.103,1.333,0.225,0.0,
130612,Luighi,PAL,Atacante,6,3.06,0.0,1.32,7,0.0,False,False,VIT,-0.663,armadilha_leve,1.037,1.32,0.875,25.8,desfavoravel,0.98,0.05,-11.5,1.059,1.0,0.727,0.741,0.65,0.0,
87742,Neto Moura,MIR,Meia,6,3.31,0.0,1.56,11,0.0,False,True,REM,0.102,neutro,1.733,1.56,1.0,68.0,favoravel,2.83,0.9,23.3,0.905,0.877,1.217,0.875,0.55,0.0,
104027,Rafael Guanaes,MIR,Técnico,7,7.24,0.2,4.16,17,4.08,True,True,REM,-0.212,neutro,4.422,4.16,1.0,67.3,neutro,3.11,0.9,23.3,0.905,0.877,1.217,0.875,0.55,0.0,
79066,Alex Muralha,MIR,Goleiro,5,2.64,0.0,-1.0,0,0.0,False,True,REM,-1.233,armadilha_leve,0.0,0.0,0.0,61.8,neutro,1.69,0.575,23.3,0.905,0.877,1.217,0.875,0.55,0.0,
90917,Carlos Eduardo,MIR,Atacante,6,5.04,-0.14,3.2,11,1.3,True,True,REM,-0.149,neutro,2.737,2.02,1.0,66.9,neutro,2.99,0.9,23.3,0.905,0.877,1.217,0.875,0.55,0.0,
73318,Daniel Borges,MIR,Lateral,6,5.75,0.0,4.04,5,0.0,False,True,REM,0.103,neutro,3.62,3.44,0.625,59.9,neutro,3.36,0.575,23.3,0.905,0.877,1.217,0.875,0.55,0.0,
97520,Shaylon,MIR,Meia,6,4.23,0.0,1.85,13,0.0,False,True,REM,-0.323,neutro,1.896,1.47,1.0,68.0,neutro,2.56,0.9,23.3,0.905,0.877,1.217,0.875,0.55,0.0,
81150,Mayke,SAN,Lateral,6,5.16,0.0,2.33,3,0.0,False,False,SAO,-0.174,neutro,3.077,2.33,0.375,21.3,desfavoravel,3.18,0.275,-48.2,1.103,1.333,0.64,1.217,0.35,0.0,
83257,Gabriel,SAN,Atacante,6,8.68,-0.58,4.79,12,2.0,True,False,SAO,0.543,valor_bom,4.827,0.62,1.0,29.1,desfavoravel,2.32,0.275,-48.2,1.103,1.333,0.64,1.217,0.35,0.0,
101708,Felipe Jonatan,CFC,Lateral,6,5.53,0.66,2.73,13,5.5,True,True,CRU,-0.496,neutro,2.969,2.04,1.0,46.9,neutro,4.85,0.375,3.7,1.12,1.185,0.923,0.667,0.4,0.0,
78478,Willian Arão,SAN,Meia,6,6.31,0.23,3.07,13,7.5,True,False,SAO,0.466,neutro,3.458,3.07,1.0,31.8,desfavoravel,3.53,0.275,-48.2,1.103,1.333,0.64,1.217,0.35,0.0,
77777,João Schmidt,SAN,Meia,6,4.61,0.0,1.52,9,0.0,False,False,SAO,-0.743,armadilha_leve,1.732,1.52,1.0,31.8,desfavoravel,1.23,0.275,-48.2,1.103,1.333,0.64,1.217,0.35,0.0,
84847,Luan Peres,SAN,Zagueiro,6,4.07,0.0,1.99,14,0.0,False,False,SAO,-0.233,neutro,1.886,1.35,1.0,22.1,desfavoravel,1.34,0.275,-48.2,1.103,1.333,0.64,1.217,0.35,0.0,
102975,Escobar,SAN,Lateral,6,10.17,-0.05,6.31,13,4.7,True,False,SAO,0.788,valor_bom,5.845,5.0,1.0,21.3,desfavoravel,3.94,0.275,-48.2,1.103,1.333,0.64,1.217,0.35,0.0,
117403,Renato Marques,CFC,Atacante,6,2.73,0.0,0.74,7,0.0,False,True,CRU,-0.668,armadilha_leve,0.766,0.74,0.875,58.5,neutro,2.18,0.825,3.7,1.12,1.185,0.923,0.667,0.4,0.0,
95466,Igor Vinícius,SAN,Lateral,6,9.33,-0.01,5.82,13,1.4,True,False,SAO,0.727,valor_bom,5.541,4.51,1.0,21.3,desfavoravel,4.25,0.275,-48.2,1.103,1.333,0.64,1.217,0.35,0.0,
102256,Rollheiser,SAN,Meia,6,5.48,-0.12,2.59,14,1.0,True,False,SAO,-0.451,neutro,2.365,1.52,1.0,31.8,desfavoravel,3.85,0.275,-48.2,1.103,1.333,0.64,1.217,0.35,0.0,
141754,Gabriel Bontempo,SAN,Meia,6,5.62,0.91,3.68,16,5.8,True,False,SAO,0.369,neutro,3.11,3.06,1.0,31.8,desfavoravel,2.36,0.275,-48.2,1.103,1.333,0.64,1.217,0.35,0.0,
104204,Edson Carioca,MIR,Atacante,7,4.65,0.45,2.25,11,4.0,True,True,REM,-0.536,armadilha_leve,2.187,1.52,1.0,66.9,neutro,2.71,0.9,23.3,0.905,0.877,1.217,0.875,0.55,0.0,
91866,Zé Ivaldo,REM,Zagueiro,7,6.61,1.03,2.85,6,7.2,True,False,MIR,0.273,neutro,3.377,2.35,0.75,41.7,neutro,2.76,0.7,-23.3,1.217,0.875,0.905,0.877,0.6,0.0,
87470,Thaciano,SAN,Meia,6,6.41,-0.22,2.82,11,1.5,True,False,SAO,0.298,neutro,3.354,1.91,1.0,31.8,desfavoravel,2.09,0.275,-48.2,1.103,1.333,0.64,1.217,0.35,0.0,
118775,Lautaro Díaz,SAN,Atacante,6,5.26,0.0,2.28,8,0.0,False,False,SAO,-0.9,armadilha_leve,2.19,1.28,1.0,29.1,desfavoravel,1.73,0.275,-48.2,1.103,1.333,0.64,1.217,0.35,0.0,
82455,Zé Rafael,SAN,Meia,6,8.07,0.0,4.28,5,0.0,False,False,SAO,0.614,valor_bom,4.162,2.28,0.625,31.8,desfavoravel,2.96,0.275,-48.2,1.103,1.333,0.64,1.217,0.35,0.0,
105903,Aldo Filho,MIR,Meia,7,3.8,-0.37,2.09,15,-0.3,True,True,REM,0.133,neutro,2.048,1.76,1.0,68.0,favoravel,3.21,0.9,23.3,0.905,0.877,1.217,0.875,0.55,0.0,
70164,Lucas Moura,SAO,Meia,5,7.5,0.0,2.32,8,0.0,False,True,SAN,-0.32,neutro,3.204,1.07,1.0,71.1,neutro,3.27,0.95,48.2,0.64,1.217,1.103,1.333,0.225,0.0,
142867,Robinho Jr.,SAN,Atacante,6,2.76,0.0,0.62,4,0.0,False,False,SAO,-0.734,armadilha_leve,0.733,0.62,0.5,29.1,desfavoravel,0.84,0.275,-48.2,1.103,1.333,0.64,1.217,0.35,0.0,
108469,Adonis Frías,SAN,Zagueiro,6,5.66,0.0,3.59,7,0.0,False,False,SAO,0.277,neutro,3.028,2.3,0.875,22.1,desfavoravel,1.98,0.275,-48.2,1.103,1.333,0.64,1.217,0.35,0.0,
85403,Danielzinho,SAO,Meia,6,6.73,0.24,2.76,18,3.2,True,True,SAN,-0.058,neutro,3.169,2.2,1.0,71.1,neutro,3.14,0.95,48.2,0.64,1.217,1.103,1.333,0.225,0.0,
113690,Diógenes,SAN,Goleiro,6,5.0,0.0,5.55,2,0.0,False,False,SAO,0.532,valor_bom,3.196,3.05,0.25,23.3,desfavoravel,3.03,0.275,-48.2,1.103,1.333,0.64,1.217,0.35,0.0,
77656,Cédric Soares,SAO,Lateral,6,3.73,0.0,0.94,8,0.0,False,True,SAN,-1.04,armadilha_leve,1.449,0.94,1.0,64.6,neutro,4.05,0.175,48.2,0.64,1.217,1.103,1.333,0.225,0.0,
81845,Alisson,FLU,Meia,6,3.52,0.0,0.96,8,0.0,False,True,BAH,-0.369,neutro,1.465,0.33,1.0,51.6,neutro,2.17,0.625,24.8,0.667,0.8,1.103,0.96,0.475,0.0,
106294,Marcos Antônio,SAO,Meia,6,6.38,-0.2,2.64,14,2.1,True,True,SAN,0.087,neutro,3.166,1.93,1.0,71.1,favoravel,2.56,0.95,48.2,0.64,1.217,1.103,1.333,0.225,0.0,
101290,Ferreira,SAO,Atacante,6,6.69,-0.12,3.88,15,0.9,True,True,SAN,0.685,valor_bom,4.229,1.75,1.0,70.0,favoravel,2.74,0.95,48.2,0.64,1.217,1.103,1.333,0.225,0.0,
80570,Wendell,SAO,Lateral,6,8.29,-0.21,4.17,14,3.0,True,True,SAN,-0.041,neutro,4.504,2.46,1.0,64.6,neutro,4.13,0.175,48.2,0.64,1.217,1.103,1.333,0.225,0.0,
89840,Calleri,SAO,Atacante,6,12.79,1.11,5.91,18,9.9,True,True,SAN,0.15,neutro,5.594,2.52,1.0,70.0,favoravel,2.98,0.95,48.2,0.64,1.217,1.103,1.333,0.225,0.0,
104075,Sabino,SAO,Zagueiro,6,6.86,-0.09,3.89,16,1.5,True,True,SAN,0.743,valor_bom,3.851,2.95,1.0,65.7,favoravel,4.56,0.175,48.2,0.64,1.217,1.103,1.333,0.225,0.0,
105300,Ferraresi,BOT,Zagueiro,6,6.17,0.91,2.59,15,3.9,True,True,GRE,0.008,neutro,3.001,1.79,1.0,77.3,favoravel,6.23,0.925,42.3,0.588,0.5,1.273,1.385,0.675,0.0,
63008,Rafael Tolói,SAO,Zagueiro,5,6.92,0.0,4.1,6,0.0,False,True,SAN,0.793,valor_bom,3.913,3.1,0.75,65.7,favoravel,4.29,0.175,48.2,0.64,1.217,1.103,1.333,0.225,0.0,
106028,Coronel,SAO,Goleiro,6,5.0,0.0,0.0,0,0.0,False,True,SAN,-2.682,armadilha_forte,0.0,0.0,0.0,66.5,neutro,1.91,0.175,48.2,0.64,1.217,1.103,1.333,0.225,0.0,
107873,Bobadilla,SAO,Meia,6,8.22,0.0,4.12,15,0.0,False,True,SAN,0.498,neutro,4.109,3.45,1.0,71.1,favoravel,3.23,0.95,48.2,0.64,1.217,1.103,1.333,0.225,0.0,
108588,Tapia,SAO,Atacante,6,4.06,0.0,1.46,11,0.0,False,True,SAN,-0.662,armadilha_leve,1.73,1.46,1.0,70.0,neutro,2.89,0.95,48.2,0.64,1.217,1.103,1.333,0.225,0.0,
71123,Thiago Mendes,VAS,Meia,6,7.83,0.0,4.39,16,0.0,False,False,CHA,0.851,valor_bom,4.289,2.83,1.0,47.5,neutro,2.05,1.0,-8.5,0.348,1.29,0.632,1.073,0.15,0.0,
113359,Pablo Maia,SAO,Meia,6,4.19,-0.21,1.38,12,1.2,True,True,SAN,-0.632,armadilha_leve,1.616,1.38,1.0,71.1,neutro,2.69,0.95,48.2,0.64,1.217,1.103,1.333,0.225,0.0,
141868,Vini Lira,SAN,Lateral,5,3.79,0.0,2.42,4,0.0,False,False,SAO,-0.356,neutro,2.112,2.42,0.5,21.3,desfavoravel,1.38,0.275,-48.2,1.103,1.333,0.64,1.217,0.35,0.0,
131617,André Silva,SAO,Atacante,6,3.48,-0.14,0.32,12,-0.3,True,True,SAN,-1.021,armadilha_leve,1.032,0.32,1.0,70.0,neutro,3.05,0.95,48.2,0.64,1.217,1.103,1.333,0.225,0.0,
140542,Ryan Francisco,SAO,Atacante,6,5.0,0.0,0.0,0,0.0,False,True,SAN,-3.241,armadilha_forte,0.0,0.0,0.0,70.0,neutro,2.07,0.95,48.2,0.64,1.217,1.103,1.333,0.225,0.0,
72391,Fernando Diniz,COR,Técnico,7,8.99,-0.9,5.62,13,3.28,True,True,CAP,1.006,valor_bom,5.464,5.62,1.0,65.4,favoravel,3.74,0.45,19.7,1.636,1.0,1.143,0.632,0.75,0.0,
128427,Alejandro García,CAP,Meia,6,4.0,0.0,0.0,0,0.0,False,False,COR,-2.438,armadilha_forte,0.0,0.0,0.0,42.2,neutro,0.79,0.175,-19.7,1.143,0.632,1.636,1.0,0.95,0.0,
93716,Paulo Henrique,VAS,Lateral,6,7.25,0.0,2.94,12,0.0,False,False,CHA,-0.401,neutro,3.799,2.11,1.0,39.8,desfavoravel,2.4,0.7,-8.5,0.348,1.29,0.632,1.073,0.15,0.0,
141611,Maik,SAO,Lateral,6,5.52,0.0,3.48,5,0.0,False,True,SAN,-0.012,neutro,3.405,2.88,0.625,64.6,neutro,3.56,0.175,48.2,0.64,1.217,1.103,1.333,0.225,0.0,
81091,Jair,VAS,Meia,6,6.65,0.65,3.0,1,3.0,True,False,CHA,0.927,valor_bom,3.967,3.0,0.125,47.5,neutro,3.73,1.0,-8.5,0.348,1.29,0.632,1.073,0.15,0.0,
99213,Puma Rodríguez,VAS,Lateral,6,7.99,-0.2,5.15,13,2.7,True,False,CHA,0.758,valor_bom,5.127,2.46,1.0,39.8,desfavoravel,2.02,0.7,-8.5,0.348,1.29,0.632,1.073,0.15,0.0,
105584,Lucas Piton,VAS,Lateral,6,4.96,-0.12,2.0,14,0.2,True,False,CHA,-0.699,armadilha_leve,2.494,1.79,1.0,39.8,desfavoravel,1.86,0.7,-8.5,0.348,1.29,0.632,1.073,0.15,0.0,
111682,Adson,VAS,Meia,6,6.36,-0.09,3.51,9,3.5,True,False,CHA,0.83,valor_bom,3.782,3.51,1.0,47.5,neutro,2.92,1.0,-8.5,0.348,1.29,0.632,1.073,0.15,0.0,
118563,Rodriguinho,RBB,Meia,6,6.12,-0.43,3.41,10,5.5,True,False,CAM,0.852,valor_bom,3.711,2.41,1.0,71.2,favoravel_visitante,3.39,0.925,-12.6,1.385,0.4,1.12,0.64,0.725,0.0,
86410,Victor Luis,MIR,Lateral,6,3.65,0.0,1.2,7,0.0,False,True,REM,-0.81,armadilha_leve,1.604,0.77,0.875,59.9,neutro,2.54,0.575,23.3,0.905,0.877,1.217,0.875,0.55,0.0,
117818,Young,SAO,Goleiro,6,3.0,0.0,0.0,0,0.0,False,True,SAN,-1.507,armadilha_forte,0.0,0.0,0.0,66.5,neutro,1.91,0.175,48.2,0.64,1.217,1.103,1.333,0.225,0.0,
97095,Carlos Cuesta,VAS,Zagueiro,6,4.96,-0.15,1.64,9,-0.3,True,False,CHA,-0.538,armadilha_leve,2.061,0.75,1.0,40.7,neutro,2.02,0.7,-8.5,0.348,1.29,0.632,1.073,0.15,0.0,
141609,Lucca,SAO,Atacante,6,2.05,0.0,0.23,4,0.0,False,True,SAN,-0.133,neutro,0.603,0.23,0.5,70.0,neutro,2.66,0.95,48.2,0.64,1.217,1.103,1.333,0.225,0.0,
115141,Lucas Freitas,VAS,Zagueiro,6,4.77,0.0,2.5,2,0.0,False,False,CHA,0.13,neutro,2.528,1.0,0.25,40.7,neutro,2.44,0.7,-8.5,0.348,1.29,0.632,1.073,0.15,0.0,
142279,Nuno Moreira,VAS,Meia,6,4.77,-0.6,2.07,16,-1.3,True,False,CHA,-0.47,neutro,2.037,1.44,1.0,47.5,neutro,1.86,1.0,-8.5,0.348,1.29,0.632,1.073,0.15,0.0,
116706,Andrés Gómez,VAS,Atacante,6,13.56,1.59,7.66,17,13.4,True,False,CHA,1.295,valor_bom,6.771,5.19,1.0,45.5,neutro,3.35,1.0,-8.5,0.348,1.29,0.632,1.073,0.15,0.0,
90309,David,VAS,Atacante,6,4.17,-0.31,2.19,16,-0.4,True,False,CHA,-0.249,neutro,2.16,0.88,1.0,45.5,neutro,1.84,1.0,-8.5,0.348,1.29,0.632,1.073,0.15,0.0,
117330,Robert Renan,VAS,Zagueiro,6,5.82,1.17,2.35,19,7.5,True,False,CHA,-0.552,armadilha_leve,2.405,1.88,1.0,40.7,neutro,1.93,0.7,-8.5,0.348,1.29,0.632,1.073,0.15,0.0,
90703,Matheuzinho,VIT,Meia,7,5.81,-0.87,3.36,16,1.8,True,True,PAL,0.865,valor_bom,3.603,2.73,1.0,26.4,neutro,1.84,0.05,11.5,0.727,0.741,1.059,1.0,0.425,0.0,
95936,Daniel Fuzato,VAS,Goleiro,6,2.0,0.0,0.0,0,0.0,False,False,CHA,-0.673,armadilha_leve,0.0,0.0,0.0,41.7,neutro,0.77,0.7,-8.5,0.348,1.29,0.632,1.073,0.15,0.0,
86686,Tchê Tchê,VAS,Meia,6,3.87,-0.34,1.68,13,0.5,True,False,CHA,-0.22,neutro,1.791,1.3,1.0,47.5,neutro,2.17,1.0,-8.5,0.348,1.29,0.632,1.073,0.15,0.0,
90588,Caíque,VIT,Meia,6,4.94,0.65,2.26,15,4.5,True,True,PAL,-0.417,neutro,2.159,2.26,1.0,26.4,neutro,1.53,0.05,11.5,0.727,0.741,1.059,1.0,0.425,0.0,
104118,Lucas Arcanjo,VIT,Goleiro,7,9.95,-0.04,6.07,14,7.1,True,True,PAL,0.929,valor_bom,5.325,4.28,1.0,58.5,neutro,4.47,0.05,11.5,0.727,0.741,1.059,1.0,0.425,0.0,
122485,Barros,VAS,Meia,6,8.86,0.01,4.81,16,2.6,True,False,CHA,0.831,valor_bom,4.569,3.87,1.0,47.5,neutro,2.67,1.0,-8.5,0.348,1.29,0.632,1.073,0.15,0.0,
92180,Jair Ventura,VIT,Técnico,7,8.68,-0.19,5.39,17,4.2,True,True,PAL,0.688,valor_bom,5.258,5.39,1.0,25.7,neutro,2.94,0.05,11.5,0.727,0.741,1.059,1.0,0.425,0.0,
118752,Mateus Carvalho,VAS,Meia,5,4.0,0.0,0.0,0,0.0,False,False,CHA,-2.438,armadilha_forte,0.0,0.0,0.0,47.5,neutro,1.04,1.0,-8.5,0.348,1.29,0.632,1.073,0.15,0.0,
99440,Baralhas,VIT,Meia,7,9.5,0.34,5.34,14,5.0,True,True,PAL,1.006,valor_bom,4.885,3.91,1.0,26.4,neutro,2.11,0.05,11.5,0.727,0.741,1.059,1.0,0.425,0.0,
101597,Ramon,VIT,Lateral,7,8.17,-0.56,5.17,14,2.0,True,True,PAL,0.703,valor_bom,5.14,3.24,1.0,56.6,neutro,3.8,0.05,11.5,0.727,0.741,1.059,1.0,0.425,0.0,
42222,Osvaldo,VIT,Atacante,6,4.07,0.0,0.4,2,0.0,False,True,PAL,-0.634,armadilha_leve,1.761,0.4,0.25,23.5,neutro,1.21,0.05,11.5,0.727,0.741,1.059,1.0,0.425,0.0,
96793,Camutanga,VIT,Zagueiro,5,6.71,0.0,3.95,7,0.0,False,True,PAL,0.809,valor_bom,3.855,2.66,0.875,57.6,neutro,3.29,0.05,11.5,0.727,0.741,1.059,1.0,0.425,0.0,
116461,Jamerson,VIT,Lateral,7,6.13,-0.01,4.0,7,3.0,True,True,PAL,-0.047,neutro,3.657,2.71,0.875,56.6,neutro,3.91,0.05,11.5,0.727,0.741,1.059,1.0,0.425,0.0,
80129,Jadson,CAP,Meia,7,5.38,1.01,2.89,13,6.0,True,False,COR,-0.192,neutro,2.54,2.51,1.0,42.2,neutro,2.3,0.175,-19.7,1.143,0.632,1.636,1.0,0.95,0.0,
92273,Odair Hellmann,CAP,Técnico,7,9.5,0.64,5.72,18,9.45,True,False,COR,0.753,valor_bom,5.564,5.72,1.0,41.5,neutro,3.92,0.175,-19.7,1.143,0.632,1.636,1.0,0.95,0.0,
90031,Mendoza,CAP,Atacante,7,7.89,-0.61,4.71,18,-0.1,True,False,COR,0.774,valor_bom,4.763,2.49,1.0,40.0,neutro,2.52,0.175,-19.7,1.143,0.632,1.636,1.0,0.95,0.0,
92696,Renato Kayzer,VIT,Atacante,6,6.63,-0.38,3.27,12,0.5,True,True,PAL,0.356,neutro,3.915,0.85,1.0,23.5,neutro,1.55,0.05,11.5,0.727,0.741,1.059,1.0,0.425,0.0,
107985,Terán,CAP,Zagueiro,6,6.15,0.78,3.56,12,6.2,True,False,COR,0.796,valor_bom,3.645,2.56,1.0,42.8,neutro,3.96,0.875,-19.7,1.143,0.632,1.636,1.0,0.95,0.0,
111879,Mateus Silva,VIT,Lateral,6,4.95,0.0,4.85,2,0.0,False,True,PAL,0.583,valor_bom,3.656,3.35,0.25,56.6,neutro,3.79,0.05,11.5,0.727,0.741,1.059,1.0,0.425,0.0,
104330,Dudu,VIT,Meia,5,5.01,0.0,3.95,2,0.0,False,True,PAL,-0.208,neutro,2.366,1.45,0.25,26.4,neutro,1.74,0.05,11.5,0.727,0.741,1.059,1.0,0.425,0.0,
110668,Esquivel,CAP,Lateral,7,7.9,0.57,4.88,14,7.6,True,False,COR,0.605,valor_bom,4.956,2.74,1.0,41.9,neutro,4.04,0.875,-19.7,1.143,0.632,1.636,1.0,0.95,0.0,
105518,Renan Peixoto,CAP,Atacante,6,2.73,0.0,0.9,7,0.0,False,False,COR,-0.583,armadilha_leve,0.841,0.9,0.875,40.0,neutro,1.45,0.175,-19.7,1.143,0.632,1.636,1.0,0.95,0.0,
97645,Thiago Couto,VIT,Goleiro,6,3.0,0.0,0.0,0,0.0,False,True,PAL,-1.507,armadilha_forte,0.0,0.0,0.0,58.5,neutro,1.54,0.05,11.5,0.727,0.741,1.059,1.0,0.425,0.0,
130620,Edenílson,VIT,Meia,6,3.28,0.0,1.74,8,0.0,False,True,PAL,-0.308,neutro,1.37,1.74,1.0,26.4,neutro,1.21,0.05,11.5,0.727,0.741,1.059,1.0,0.425,0.0,
93411,Cantalapiedra,VIT,Meia,6,4.26,0.0,1.09,7,0.0,False,True,PAL,-0.742,armadilha_leve,1.56,1.09,0.875,26.4,neutro,1.29,0.05,11.5,0.727,0.741,1.059,1.0,0.425,0.0,
85626,Léo,CAP,Zagueiro,6,6.77,0.0,4.9,2,0.0,False,False,COR,0.957,valor_bom,3.998,3.4,0.25,42.8,neutro,3.46,0.875,-19.7,1.143,0.632,1.636,1.0,0.95,0.0,
145387,Rúben Ismael,VIT,Meia,5,4.0,0.0,0.0,0,0.0,False,True,PAL,-2.438,armadilha_forte,0.0,0.0,0.0,26.4,neutro,0.07,0.05,11.5,0.727,0.741,1.059,1.0,0.425,0.0,
84674,Lucas Evangelista,PAL,Meia,6,4.04,-0.05,1.15,18,0.0,True,False,VIT,-0.793,armadilha_leve,1.402,0.87,1.0,28.6,desfavoravel,1.3,0.05,-11.5,1.059,1.0,0.727,0.741,0.65,0.0,
115266,Renan Viana,CAP,Atacante,6,2.0,0.0,0.0,0,0.0,False,False,COR,-0.761,armadilha_leve,0.0,0.0,0.0,40.0,neutro,0.69,0.175,-19.7,1.143,0.632,1.636,1.0,0.95,0.0,
128431,João Cruz,CAP,Meia,6,4.82,-0.06,2.92,13,0.0,True,False,COR,0.123,neutro,2.558,1.77,1.0,42.2,neutro,2.29,0.175,-19.7,1.143,0.632,1.636,1.0,0.95,0.0,
110698,Mycael,CAP,Goleiro,5,4.6,0.0,-1.0,0,0.0,False,False,COR,-2.482,armadilha_forte,0.0,0.0,0.0,43.8,neutro,0.87,0.875,-19.7,1.143,0.632,1.636,1.0,0.95,0.0,
123869,Aguirre,CAP,Zagueiro,7,5.93,0.07,3.51,15,4.1,True,False,COR,0.842,valor_bom,3.601,2.51,1.0,42.8,neutro,4.18,0.875,-19.7,1.143,0.632,1.636,1.0,0.95,0.0,
91573,Arboleda,SAO,Zagueiro,6,9.8,0.59,4.47,8,7.4,True,True,SAN,0.055,neutro,4.121,3.72,1.0,65.7,favoravel,3.39,0.175,48.2,0.64,1.217,1.103,1.333,0.225,0.0,
112017,Felipinho,CAP,Meia,6,5.57,0.0,3.17,7,0.0,False,False,COR,-0.298,neutro,2.53,3.17,0.875,42.2,neutro,2.76,0.175,-19.7,1.143,0.632,1.636,1.0,0.95,0.0,
122439,Isaac,CAP,Atacante,6,1.66,-0.4,0.4,3,-0.3,True,False,COR,0.447,neutro,0.683,0.4,0.375,40.0,neutro,1.26,0.175,-19.7,1.143,0.632,1.636,1.0,0.95,0.0,
143193,Viveros,CAP,Atacante,7,14.46,2.79,8.62,17,19.2,True,False,COR,1.824,valor_oculto,7.424,3.33,1.0,40.0,neutro,3.06,0.175,-19.7,1.143,0.632,1.636,1.0,0.95,0.0,
105089,Tetê,GRE,Atacante,6,9.09,0.08,3.73,15,2.3,True,False,BOT,-0.398,neutro,4.131,2.66,1.0,51.5,neutro,3.13,0.925,-42.3,1.273,1.385,0.588,0.5,0.35,0.0,
122316,Batata,CAP,Lateral,6,1.0,0.0,0.0,0,0.0,False,False,COR,0.373,neutro,0.0,0.0,0.0,41.9,neutro,0.78,0.875,-19.7,1.143,0.632,1.636,1.0,0.95,0.0,
120433,Léo Derik,CAP,Lateral,6,4.57,0.0,3.11,8,0.0,False,False,COR,0.35,neutro,3.234,2.36,1.0,41.9,neutro,2.57,0.875,-19.7,1.143,0.632,1.636,1.0,0.95,0.0,
125746,Dudu,CAP,Meia,6,2.12,0.0,1.84,11,0.0,False,False,COR,0.844,valor_bom,1.487,1.39,1.0,42.2,neutro,1.84,0.175,-19.7,1.143,0.632,1.636,1.0,0.95,0.0,
113113,Benavídez,CAP,Lateral,2,7.53,0.3,4.55,14,6.3,True,False,COR,0.523,valor_bom,4.746,2.05,1.0,41.9,neutro,3.97,0.875,-19.7,1.143,0.632,1.636,1.0,0.95,0.0,
131832,Portilla,CAP,Meia,6,2.67,0.05,1.13,14,0.0,True,False,COR,-0.157,neutro,1.083,1.13,1.0,42.2,neutro,1.66,0.175,-19.7,1.143,0.632,1.636,1.0,0.95,0.0,
143532,Carlos Eduardo,CAP,Goleiro,6,1.0,0.0,0.0,0,0.0,False,False,COR,0.503,valor_bom,0.0,0.0,0.0,43.8,neutro,0.87,0.875,-19.7,1.143,0.632,1.636,1.0,0.95,0.0,
82628,Tinga,CFC,Lateral,7,6.51,1.08,3.64,13,7.0,True,True,CRU,-0.366,neutro,3.532,2.41,1.0,46.9,neutro,3.57,0.375,3.7,1.12,1.185,0.923,0.667,0.4,0.0,
145609,Élan Ricardo,CAP,Meia,6,3.0,0.0,0.0,0,0.0,False,False,COR,-1.723,armadilha_forte,0.0,0.0,0.0,42.2,neutro,0.79,0.175,-19.7,1.143,0.632,1.636,1.0,0.95,0.0,
84339,Bruno Melo,CFC,Lateral,7,6.18,0.66,3.71,18,5.0,True,True,CRU,-0.133,neutro,3.601,2.1,1.0,46.9,neutro,4.05,0.375,3.7,1.12,1.185,0.923,0.667,0.4,0.0,
130842,Matheus Soares,CAP,Goleiro,6,1.0,0.0,0.0,0,0.0,False,False,COR,0.503,valor_bom,0.0,0.0,0.0,43.8,neutro,0.87,0.875,-19.7,1.143,0.632,1.636,1.0,0.95,0.0,
50742,Gabriel Leite,CFC,Goleiro,6,3.0,0.0,0.0,0,0.0,False,True,CRU,-1.507,armadilha_forte,0.0,0.0,0.0,48.8,neutro,1.1,0.375,3.7,1.12,1.185,0.923,0.667,0.4,0.0,
125926,Zapelli,CAP,Meia,5,4.23,0.0,1.37,13,0.0,False,False,COR,-0.677,armadilha_leve,1.599,0.99,1.0,42.2,neutro,1.83,0.175,-19.7,1.143,0.632,1.636,1.0,0.95,0.0,
84626,Josué,CFC,Meia,7,6.44,-0.7,4.14,19,5.7,True,True,CRU,1.204,valor_bom,4.125,1.77,1.0,60.0,neutro,3.89,0.825,3.7,1.12,1.185,0.923,0.667,0.4,0.0,
90302,Pedro Rocha,CFC,Atacante,7,7.3,0.97,3.71,19,5.2,True,True,CRU,0.216,neutro,4.057,1.76,1.0,58.5,neutro,2.59,0.825,3.7,1.12,1.185,0.923,0.667,0.4,0.0,
110708,Pedro Rangel,CFC,Goleiro,7,7.48,1.24,4.67,17,8.9,True,True,CRU,0.802,valor_bom,4.462,2.91,1.0,48.8,neutro,4.05,0.375,3.7,1.12,1.185,0.923,0.667,0.4,0.0,
112576,Vini Paulista,CFC,Meia,3,3.68,-0.29,2.32,20,0.5,True,True,CRU,0.419,neutro,2.22,2.32,1.0,60.0,neutro,3.02,0.825,3.7,1.12,1.185,0.923,0.667,0.4,0.0,
71227,Maicon,CFC,Zagueiro,6,4.14,0.0,2.08,13,0.0,False,True,CRU,0.167,neutro,2.253,1.16,1.0,47.9,neutro,2.34,0.375,3.7,1.12,1.185,0.923,0.667,0.4,0.0,
104811,Sebastián Gómez,CFC,Meia,7,4.34,0.0,2.57,16,0.0,False,True,CRU,0.175,neutro,2.37,2.57,1.0,60.0,neutro,2.78,0.825,3.7,1.12,1.185,0.923,0.667,0.4,0.0,
125803,Pedro Morisco,CFC,Goleiro,6,8.04,0.0,5.0,4,0.0,False,True,CRU,0.502,valor_bom,4.348,5.0,0.5,48.8,neutro,3.66,0.375,3.7,1.12,1.185,0.923,0.667,0.4,0.0,
84428,Fernando Sobral,CFC,Meia,6,4.34,0.0,1.0,3,0.0,False,True,CRU,-0.616,armadilha_leve,1.706,1.0,0.375,60.0,neutro,2.71,0.825,3.7,1.12,1.185,0.923,0.667,0.4,0.0,
81952,Willian Oliveira,CFC,Meia,6,4.62,0.0,1.84,10,0.0,False,True,CRU,-0.551,armadilha_leve,1.898,1.84,1.0,60.0,neutro,2.6,0.825,3.7,1.12,1.185,0.923,0.667,0.4,0.0,
123648,Lucas Ronier,CFC,Atacante,6,10.15,-0.36,6.65,17,2.5,True,True,CRU,1.468,valor_bom,6.084,5.3,1.0,58.5,neutro,2.12,0.825,3.7,1.12,1.185,0.923,0.667,0.4,0.0,
101405,Wallisson,CFC,Meia,6,4.36,0.0,2.33,12,0.0,False,True,CRU,-0.056,neutro,2.186,2.33,1.0,60.0,neutro,2.69,0.825,3.7,1.12,1.185,0.923,0.667,0.4,0.0,
109127,Tiago Cóser,CFC,Zagueiro,7,3.92,0.82,2.42,17,5.5,True,True,CRU,0.231,neutro,2.191,1.01,1.0,47.9,neutro,1.82,0.375,3.7,1.12,1.185,0.923,0.667,0.4,0.0,
63354,Rodrigo Moledo,CFC,Zagueiro,6,7.4,0.0,7.75,2,0.0,False,True,CRU,1.397,valor_bom,4.568,3.25,0.25,47.9,neutro,4.02,0.375,3.7,1.12,1.185,0.923,0.667,0.4,0.0,
117930,Lavega,CFC,Atacante,7,5.03,0.1,3.3,19,1.0,True,True,CRU,0.094,neutro,2.945,0.93,1.0,58.5,neutro,5.04,0.825,3.7,1.12,1.185,0.923,0.667,0.4,0.0,
126977,Fernando Seabra,CFC,Técnico,7,8.11,0.23,5.2,20,5.55,True,True,CRU,1.0,valor_bom,5.137,5.2,1.0,59.3,neutro,4.09,0.825,3.7,1.12,1.185,0.923,0.667,0.4,0.0,
124834,Ruan Assis,CFC,Atacante,6,1.0,0.0,0.0,0,0.0,False,True,CRU,0.69,valor_bom,0.0,0.0,0.0,58.5,neutro,1.54,0.825,3.7,1.12,1.185,0.923,0.667,0.4,0.0,
97878,Jacy,CFC,Zagueiro,7,6.18,0.45,4.24,17,7.0,True,True,CRU,1.32,valor_bom,4.09,3.18,1.0,47.9,neutro,4.38,0.375,3.7,1.12,1.185,0.923,0.667,0.4,0.0,
97795,Marcelinho,REM,Lateral,7,6.62,1.04,5.25,17,7.2,True,False,MIR,0.804,valor_bom,4.644,3.72,1.0,40.8,neutro,3.93,0.7,-23.3,1.217,0.875,0.905,0.877,0.6,0.0,
82730,Marcelo Rangel,REM,Goleiro,7,7.06,1.48,4.27,19,11.5,True,False,MIR,0.682,valor_bom,4.196,3.74,1.0,42.7,neutro,4.18,0.7,-23.3,1.217,0.875,0.905,0.877,0.6,0.0,
124358,João Almeida,CFC,Lateral,6,0.92,0.0,0.0,1,0.0,False,True,CRU,2.427,valor_oculto,1.741,0.0,0.125,46.9,neutro,2.22,0.375,3.7,1.12,1.185,0.923,0.667,0.4,0.0,
104257,João Lucas,REM,Lateral,6,4.59,0.0,2.82,6,0.0,False,False,MIR,0.22,neutro,3.127,2.82,0.75,40.8,neutro,2.61,0.7,-23.3,1.217,0.875,0.905,0.877,0.6,0.0,
102911,Zé Ricardo,REM,Meia,6,4.92,0.82,2.59,18,6.0,True,False,MIR,-0.121,neutro,2.399,2.31,1.0,55.9,neutro,2.48,0.675,-23.3,1.217,0.875,0.905,0.877,0.6,0.0,
141337,Lucas Taverna,CFC,Lateral,6,2.58,0.0,2.1,3,0.0,False,True,CRU,0.534,valor_bom,1.997,1.1,0.375,46.9,neutro,2.34,0.375,3.7,1.12,1.185,0.923,0.667,0.4,0.0,
115840,Benassi,CFC,Goleiro,6,1.0,0.0,0.0,0,0.0,False,True,CRU,0.503,valor_bom,0.0,0.0,0.0,48.8,neutro,1.1,0.375,3.7,1.12,1.185,0.923,0.667,0.4,0.0,
130283,Matheus Dias,CFC,Meia,6,1.0,0.0,0.0,0,0.0,False,True,CRU,0.496,neutro,0.0,0.0,0.0,60.0,neutro,1.61,0.825,3.7,1.12,1.185,0.923,0.667,0.4,0.0,
107700,Eduardo Melo,REM,Atacante,6,2.13,0.0,1.4,1,0.0,False,False,MIR,0.063,neutro,0.857,1.4,0.125,54.2,neutro,1.96,0.675,-23.3,1.217,0.875,0.905,0.877,0.6,0.0,
98224,Jáderson,REM,Meia,6,2.64,0.0,0.97,10,0.0,False,False,MIR,-0.249,neutro,0.984,0.97,1.0,55.9,neutro,2.16,0.675,-23.3,1.217,0.875,0.905,0.877,0.6,0.0,
83074,Ygor Vinhas,REM,Goleiro,6,3.0,0.0,0.0,0,0.0,False,False,MIR,-1.507,armadilha_forte,0.0,0.0,0.0,42.7,neutro,0.82,0.7,-23.3,1.217,0.875,0.905,0.877,0.6,0.0,
68822,Rafael Santos,CHA,Goleiro,6,4.94,0.0,3.75,4,0.0,False,True,VAS,0.352,neutro,2.988,3.75,0.5,56.9,neutro,1.93,0.375,8.5,0.632,1.073,0.348,1.29,0.15,0.0,
143455,PH Gama,REM,Meia,6,2.0,0.0,0.0,0,0.0,False,False,MIR,-0.802,armadilha_leve,0.0,0.0,0.0,55.9,neutro,1.42,0.675,-23.3,1.217,0.875,0.905,0.877,0.6,0.0,
71043,Léo Vieira,BAH,Goleiro,5,6.82,0.0,5.02,16,0.0,False,False,FLU,1.263,valor_bom,4.687,4.39,1.0,43.6,neutro,2.12,0.1,-24.8,1.103,0.96,0.667,0.8,0.625,0.0,
131279,Thiago Azaf,CFC,Atacante,6,1.0,0.0,0.0,0,0.0,False,True,CRU,0.69,valor_bom,0.0,0.0,0.0,58.5,neutro,1.54,0.825,3.7,1.12,1.185,0.923,0.667,0.4,0.0,
83048,Rafael Thyere,CHA,Zagueiro,6,2.75,0.0,-0.1,3,0.0,False,True,VAS,-0.086,neutro,1.212,0.0,0.375,56.0,neutro,2.27,0.375,8.5,0.632,1.073,0.348,1.29,0.15,0.0,
97432,Victor Caetano,CHA,Zagueiro,5,3.19,0.0,1.6,8,0.0,False,True,VAS,0.092,neutro,1.652,1.6,1.0,56.0,neutro,2.39,0.375,8.5,0.632,1.073,0.348,1.29,0.15,0.0,
141385,João Victor,REM,Goleiro,6,1.0,0.0,0.0,0,0.0,False,False,MIR,0.503,valor_bom,0.0,0.0,0.0,42.7,neutro,0.82,0.7,-23.3,1.217,0.875,0.905,0.877,0.6,0.0,
145782,Tassano,REM,Zagueiro,6,3.0,0.0,0.0,0,0.0,False,False,MIR,-1.757,armadilha_forte,0.0,0.0,0.0,41.7,neutro,0.77,0.7,-23.3,1.217,0.875,0.905,0.877,0.6,0.0,
95332,Marcinho,CHA,Atacante,6,5.15,0.57,3.28,18,7.7,True,True,VAS,-0.009,neutro,2.917,2.11,1.0,52.7,neutro,2.47,0.825,8.5,0.632,1.073,0.348,1.29,0.15,0.0,
123689,Milans,COR,Lateral,6,7.96,-1.0,4.97,4,1.8,True,True,CAP,0.684,valor_bom,5.049,3.47,0.5,59.2,neutro,4.35,0.575,19.7,1.636,1.0,1.143,0.632,0.75,0.0,
104470,Everton,CHA,Lateral,6,4.1,0.0,2.01,15,0.0,False,True,VAS,-0.706,armadilha_leve,1.992,1.48,1.0,55.0,neutro,2.13,0.375,8.5,0.632,1.073,0.348,1.29,0.15,0.0,
101393,Eduardo Doma,CHA,Zagueiro,6,4.09,-0.35,2.39,17,1.5,True,True,VAS,0.42,neutro,2.437,1.86,1.0,56.0,neutro,2.94,0.375,8.5,0.632,1.073,0.348,1.29,0.15,0.0,
104519,Camilo,CHA,Meia,6,5.44,0.05,3.28,16,4.2,True,True,VAS,0.139,neutro,2.843,3.28,1.0,54.4,neutro,2.77,0.825,8.5,0.632,1.073,0.348,1.29,0.15,0.0,
88293,Neto Pessoa,CHA,Atacante,6,4.74,0.0,3.49,9,0.0,False,True,VAS,0.146,neutro,2.836,1.16,1.0,52.7,neutro,2.69,0.825,8.5,0.632,1.073,0.348,1.29,0.15,0.0,
141386,Marcos Alexandre,REM,Goleiro,6,1.0,0.0,0.0,0,0.0,False,False,MIR,0.503,valor_bom,0.0,0.0,0.0,42.7,neutro,0.82,0.7,-23.3,1.217,0.875,0.905,0.877,0.6,0.0,
107516,Ênio,CHA,Atacante,6,5.08,-0.37,3.12,11,-0.1,True,True,VAS,-0.225,neutro,2.691,2.39,1.0,52.7,neutro,2.05,0.825,8.5,0.632,1.073,0.348,1.29,0.15,0.0,
97969,Marcos Vinícius,CHA,Lateral,6,2.78,0.0,1.48,9,0.0,False,True,VAS,0.024,neutro,1.705,0.92,1.0,55.0,neutro,2.37,0.375,8.5,0.632,1.073,0.348,1.29,0.15,0.0,
68938,Giovanni Augusto,CHA,Meia,6,4.26,0.39,1.85,12,5.8,True,True,VAS,-0.339,neutro,1.898,1.43,1.0,54.4,neutro,2.42,0.825,8.5,0.632,1.073,0.348,1.29,0.15,0.0,
140438,David,CHA,Meia,6,1.4,0.27,0.97,6,1.5,True,True,VAS,1.09,valor_bom,0.988,0.97,0.75,54.4,neutro,2.84,0.825,8.5,0.632,1.073,0.348,1.29,0.15,0.0,
111279,Mancha,CHA,Lateral,6,3.0,0.0,0.0,0,0.0,False,True,VAS,-2.046,armadilha_forte,0.0,0.0,0.0,55.0,neutro,1.38,0.375,8.5,0.632,1.073,0.348,1.29,0.15,0.0,
102906,Anderson,CHA,Goleiro,5,5.87,0.0,3.45,6,0.0,False,True,VAS,0.722,valor_bom,3.776,3.45,0.75,56.9,neutro,3.37,0.375,8.5,0.632,1.073,0.348,1.29,0.15,0.0,
107453,João Paulo,CHA,Zagueiro,5,4.8,0.0,3.3,6,0.0,False,True,VAS,0.518,valor_bom,2.863,1.47,0.75,56.0,neutro,2.95,0.375,8.5,0.632,1.073,0.348,1.29,0.15,0.0,
109336,Rafael Carvalheira,CHA,Meia,5,5.7,0.0,2.72,14,0.0,False,True,VAS,0.458,neutro,3.217,2.01,1.0,54.4,neutro,2.87,0.825,8.5,0.632,1.073,0.348,1.29,0.15,0.0,
116066,Rubens,CHA,Atacante,6,2.77,0.0,1.58,8,0.0,False,True,VAS,-0.229,neutro,1.185,0.58,1.0,52.7,neutro,2.11,0.825,8.5,0.632,1.073,0.348,1.29,0.15,0.0,
121870,Gustavo Talles,CHA,Lateral,6,2.0,0.0,0.0,0,0.0,False,True,VAS,-1.042,armadilha_leve,0.0,0.0,0.0,55.0,neutro,1.38,0.375,8.5,0.632,1.073,0.348,1.29,0.15,0.0,
130843,Arthur Dias,CAP,Zagueiro,7,5.39,0.0,3.49,16,0.0,False,False,COR,0.583,valor_bom,3.172,2.55,1.0,42.8,neutro,3.44,0.875,-19.7,1.143,0.632,1.636,1.0,0.95,0.0,
99552,Rossi,FLA,Goleiro,7,8.1,-1.38,4.94,18,-1.0,True,False,INT,0.793,valor_bom,4.657,2.72,1.0,63.8,neutro,3.9,0.875,30.0,0.95,1.118,1.091,1.538,0.65,0.0,
110426,Bernabei,INT,Lateral,7,9.55,-0.29,6.12,17,1.4,True,True,FLA,0.927,valor_bom,5.79,3.71,1.0,20.8,neutro,5.0,0.0,-30.0,1.091,1.538,0.95,1.118,0.1,0.0,
97900,Vitão,FLA,Zagueiro,7,6.98,-0.82,2.68,8,0.2,True,False,INT,-0.061,neutro,3.226,1.18,1.0,63.0,neutro,4.09,0.875,30.0,0.95,1.118,1.091,1.538,0.65,0.0,
130414,Robert,CHA,Meia,5,3.51,0.0,3.0,1,0.0,False,True,VAS,0.377,neutro,2.085,3.0,0.125,54.4,neutro,2.78,0.825,8.5,0.632,1.073,0.348,1.29,0.15,0.0,
89837,Lucho Acosta,FLU,Meia,7,10.46,-0.56,5.36,15,-0.3,True,True,BAH,0.764,valor_bom,4.917,3.03,1.0,51.6,neutro,2.15,0.625,24.8,0.667,0.8,1.103,0.96,0.475,0.0,
80287,Luciano,SAO,Atacante,6,12.72,-0.67,4.98,16,-0.1,True,True,SAN,-0.568,armadilha_leve,4.948,1.67,1.0,70.0,neutro,4.7,0.95,48.2,0.64,1.217,1.103,1.333,0.225,0.0,
78850,Reinaldo,MIR,Lateral,7,8.46,0.7,2.4,14,5.0,True,True,REM,-1.34,armadilha_leve,3.378,1.47,1.0,59.9,neutro,2.93,0.575,23.3,0.905,0.877,1.217,0.875,0.55,0.0,
126471,Barreal,SAN,Meia,6,11.12,-0.15,4.79,15,8.2,True,False,SAO,0.143,neutro,4.546,3.46,1.0,31.8,desfavoravel,3.89,0.275,-48.2,1.103,1.333,0.64,1.217,0.35,0.0,
89274,Andreas Pereira,PAL,Meia,7,12.29,-0.24,4.97,19,1.7,True,False,VIT,0.042,neutro,4.709,2.34,1.0,28.6,desfavoravel,3.01,0.05,-11.5,1.059,1.0,0.727,0.741,0.65,0.0,
39148,Hulk,FLU,Atacante,7,12.7,0.9,4.99,13,10.3,True,True,BAH,-0.561,armadilha_leve,4.949,2.61,1.0,49.8,neutro,3.4,0.625,24.8,0.667,0.8,1.103,0.96,0.475,0.0,
123625,Ítalo,CHA,Atacante,6,2.71,0.0,1.71,15,0.0,False,True,VAS,0.062,neutro,1.39,1.71,1.0,52.7,neutro,2.03,0.825,8.5,0.632,1.073,0.348,1.29,0.15,0.0,
100652,Yuri Alberto,COR,Atacante,7,10.23,-2.72,4.14,16,-0.6,True,True,CAP,-0.488,neutro,4.388,2.01,1.0,64.9,neutro,3.45,0.45,19.7,1.636,1.0,1.143,0.632,0.75,0.0,
89368,Braithwaite,GRE,Atacante,6,5.69,-0.22,0.32,12,0.0,True,False,BOT,-2.455,armadilha_forte,1.032,0.32,1.0,51.5,neutro,2.01,0.925,-42.3,1.273,1.385,0.588,0.5,0.35,0.0,
68708,Eduardo,MIR,Meia,6,5.7,0.13,2.61,12,0.8,True,True,REM,0.439,neutro,3.201,1.78,1.0,68.0,favoravel,2.95,0.9,23.3,0.905,0.877,1.217,0.875,0.55,0.0,
144423,Nicolas Pontes,CRU,Lateral,6,1.0,0.0,0.0,0,0.0,False,False,CFC,0.373,neutro,0.0,0.0,0.0,50.9,neutro,1.19,0.8,-3.7,0.923,0.667,1.12,1.185,0.55,0.0,
133673,Mateus Xavier,SAN,Atacante,6,2.33,0.0,1.2,1,0.0,False,False,SAO,-0.184,neutro,0.835,1.2,0.125,29.1,desfavoravel,0.81,0.275,-48.2,1.103,1.333,0.64,1.217,0.35,0.0,
103445,Kaio Jorge,CRU,Atacante,7,11.41,-1.03,4.94,14,3.1,True,False,CFC,-0.241,neutro,4.919,2.08,1.0,58.8,neutro,2.25,0.75,-3.7,0.923,0.667,1.12,1.185,0.55,0.0,
86292,Bolasie,CHA,Atacante,6,4.49,0.14,2.21,16,3.4,True,True,VAS,-0.448,neutro,2.174,1.4,1.0,52.7,neutro,2.43,0.825,8.5,0.632,1.073,0.348,1.29,0.15,0.0,
141776,Gustavo Henrique,SAN,Meia,5,2.48,0.0,1.5,8,0.0,False,False,SAO,0.212,neutro,1.25,1.5,1.0,31.8,desfavoravel,1.35,0.275,-48.2,1.103,1.333,0.64,1.217,0.35,0.0,
122781,Caballero,SAN,Atacante,6,4.46,0.63,2.3,2,3.0,True,False,SAO,-0.466,neutro,2.141,2.3,0.25,29.1,desfavoravel,1.7,0.275,-48.2,1.103,1.333,0.64,1.217,0.35,0.0,
106104,Enamorado,GRE,Atacante,6,6.68,-0.13,3.31,18,0.0,True,False,BOT,0.195,neutro,3.794,2.75,1.0,51.5,neutro,3.01,0.925,-42.3,1.273,1.385,0.588,0.5,0.35,0.0,
146991,Rhuan Gabriel,CRU,Meia,6,1.39,0.0,1.2,1,0.0,False,False,CFC,1.145,valor_bom,1.023,1.2,0.125,60.3,neutro,2.34,0.75,-3.7,0.923,0.667,1.12,1.185,0.55,0.0,
130806,Kauan,CHA,Zagueiro,6,1.0,0.0,0.0,0,0.0,False,True,VAS,0.456,neutro,0.0,0.0,0.0,56.0,neutro,1.43,0.375,8.5,0.632,1.073,0.348,1.29,0.15,0.0,
115025,Miguelito,SAN,Meia,6,7.41,0.0,4.88,8,0.0,False,False,SAO,1.239,valor_bom,4.484,3.0,1.0,31.8,desfavoravel,2.94,0.275,-48.2,1.103,1.333,0.64,1.217,0.35,0.0,
94583,Pedro,FLA,Atacante,7,16.36,-2.27,8.98,18,1.7,True,False,INT,1.745,valor_oculto,7.719,2.54,1.0,64.4,neutro,5.28,0.5,30.0,0.95,1.118,1.091,1.538,0.65,0.0,
51772,Everton Ribeiro,BAH,Meia,6,8.5,-0.25,4.55,15,-0.3,True,False,FLU,0.736,valor_bom,4.389,3.22,1.0,45.1,neutro,2.18,0.5,-24.8,1.103,0.96,0.667,0.8,0.625,0.0,
108713,Galeano,MIR,Atacante,6,4.42,0.0,1.19,10,0.0,False,True,REM,-1.061,armadilha_leve,1.595,1.19,1.0,66.9,neutro,2.75,0.9,23.3,0.905,0.877,1.217,0.875,0.55,0.0,
114802,Vitor Roque,PAL,Atacante,6,16.27,-0.74,6.81,8,1.3,True,False,VIT,-0.369,neutro,5.846,3.81,1.0,25.8,desfavoravel,3.57,0.05,-11.5,1.059,1.0,0.727,0.741,0.65,0.0,
115986,Denilson,MIR,Meia,7,4.94,-0.27,3.05,11,3.2,True,True,REM,0.102,neutro,2.595,2.6,1.0,68.0,favoravel,2.84,0.9,23.3,0.905,0.877,1.217,0.875,0.55,0.0,
101908,Willian Machado,MIR,Zagueiro,7,5.36,0.0,3.73,14,0.0,False,True,REM,0.748,valor_bom,3.296,2.73,1.0,60.9,favoravel,3.28,0.575,23.3,0.905,0.877,1.217,0.875,0.55,0.0,
142130,Marcelo Eráclito,CRU,Goleiro,6,1.0,0.0,0.0,0,0.0,False,False,CFC,0.503,valor_bom,0.0,0.0,0.0,52.8,neutro,1.28,0.8,-3.7,0.923,0.667,1.12,1.185,0.55,0.0,
128433,Johan Rojas,VAS,Meia,6,3.78,-0.31,1.58,16,0.8,True,False,CHA,-0.257,neutro,1.71,1.27,1.0,47.5,neutro,1.87,1.0,-8.5,0.348,1.29,0.632,1.073,0.15,0.0,
133696,Wallace Davi,BOT,Meia,6,4.0,0.0,0.0,0,0.0,False,True,GRE,-2.438,armadilha_forte,0.0,0.0,0.0,53.2,neutro,1.3,0.375,42.3,0.588,0.5,1.273,1.385,0.675,0.0,
131516,JP Chermont,CFC,Lateral,6,4.51,0.0,2.7,12,0.0,False,True,CRU,0.09,neutro,2.963,1.53,1.0,46.9,neutro,2.57,0.375,3.7,1.12,1.185,0.923,0.667,0.4,0.0,
132412,Román Gómez,BAH,Lateral,7,7.71,-1.06,4.66,5,1.6,True,False,FLU,0.645,valor_bom,4.924,4.06,0.625,41.7,neutro,4.72,0.1,-24.8,1.103,0.96,0.667,0.8,0.625,0.0,
118655,Saldivia,VAS,Zagueiro,6,4.79,0.0,2.01,10,0.0,False,False,CHA,-0.226,neutro,2.243,2.01,1.0,40.7,neutro,2.11,0.7,-8.5,0.348,1.29,0.632,1.073,0.15,0.0,
145400,Cauê,RBB,Lateral,6,4.23,0.0,3.47,3,0.0,False,False,CAM,0.739,valor_bom,3.388,2.47,0.375,52.6,neutro,3.37,0.45,-12.6,1.385,0.4,1.12,0.64,0.725,0.0,
71536,Luiz Gustavo,CAP,Meia,7,6.43,0.45,3.55,13,4.0,True,False,COR,0.767,valor_bom,3.755,2.78,1.0,42.2,neutro,1.97,0.175,-19.7,1.143,0.632,1.636,1.0,0.95,0.0,
146894,João Bom,CHA,Atacante,6,2.0,0.0,0.0,0,0.0,False,True,VAS,-0.761,armadilha_leve,0.0,0.0,0.0,52.7,neutro,1.27,0.825,8.5,0.632,1.073,0.348,1.29,0.15,0.0,
126120,Marcelinho,RBB,Meia,6,2.95,0.0,2.22,4,0.0,False,False,CAM,-0.007,neutro,1.407,0.97,0.5,71.2,neutro,2.99,0.925,-12.6,1.385,0.4,1.12,0.64,0.725,0.0,
90061,Bruno Pacheco,CHA,Lateral,6,6.02,-0.49,3.92,11,0.0,True,True,VAS,0.035,neutro,3.683,2.56,1.0,55.0,neutro,2.8,0.375,8.5,0.632,1.073,0.348,1.29,0.15,0.0,
130280,Phillipe Gabriel,VAS,Goleiro,6,1.0,0.0,0.0,0,0.0,False,False,CHA,0.503,valor_bom,0.0,0.0,0.0,41.7,neutro,0.77,0.7,-8.5,0.348,1.29,0.632,1.073,0.15,0.0,
130048,Noriega,GRE,Zagueiro,6,7.45,-0.15,4.21,14,2.9,True,False,BOT,0.753,valor_bom,4.051,2.78,1.0,24.8,desfavoravel,2.6,0.025,-42.3,1.273,1.385,0.588,0.5,0.35,0.0,
83433,Patrick,REM,Meia,7,5.83,0.22,3.8,17,6.0,True,False,MIR,1.2,valor_bom,3.892,3.8,1.0,55.9,neutro,2.81,0.675,-23.3,1.217,0.875,0.905,0.877,0.6,0.0,
93988,Breno Lopes,CFC,Atacante,7,9.07,-0.17,5.6,17,0.9,True,True,CRU,1.02,valor_bom,5.37,1.84,1.0,58.5,neutro,2.4,0.825,3.7,1.12,1.185,0.923,0.667,0.4,0.0,
126182,Paulinho,INT,Meia,6,3.97,0.0,2.14,14,0.0,False,True,FLA,0.057,neutro,2.078,2.14,1.0,23.4,neutro,1.49,0.1,-30.0,1.091,1.538,0.95,1.118,0.1,0.0,
94514,Lucas Oliveira,MIR,Zagueiro,6,5.07,-0.13,3.13,8,1.2,True,True,REM,0.337,neutro,2.833,2.0,1.0,60.9,favoravel,3.26,0.575,23.3,0.905,0.877,1.217,0.875,0.55,0.0,
94154,Maycon,CAM,Meia,6,5.41,-0.36,2.8,12,-0.3,True,True,RBB,-0.293,neutro,2.468,1.97,1.0,38.3,neutro,2.74,0.2,12.6,1.12,0.64,1.385,0.4,0.725,0.0,
147090,Kauã Pascini,CAM,Lateral,6,3.55,0.0,2.8,4,0.0,False,True,RBB,-0.037,neutro,2.239,1.3,0.5,58.3,neutro,2.88,0.575,12.6,1.12,0.64,1.385,0.4,0.725,0.0,
70666,Marllon,REM,Zagueiro,7,5.3,0.0,2.97,19,0.0,False,False,MIR,0.228,neutro,2.841,2.34,1.0,41.7,neutro,3.88,0.7,-23.3,1.217,0.875,0.905,0.877,0.6,0.0,
141131,Vitão,CAM,Zagueiro,6,1.0,0.0,0.0,0,0.0,False,True,RBB,0.456,neutro,0.0,0.0,0.0,59.3,neutro,1.58,0.575,12.6,1.12,0.64,1.385,0.4,0.725,0.0,
106708,Igor Formiga,MIR,Lateral,7,9.2,1.31,5.15,14,13.3,True,True,REM,0.318,neutro,5.128,3.86,1.0,59.9,neutro,3.59,0.575,23.3,0.905,0.877,1.217,0.875,0.55,0.0,
116034,Victor Hugo,CAM,Meia,6,7.66,1.3,3.91,17,9.0,True,True,RBB,0.529,valor_bom,3.967,2.44,1.0,38.3,neutro,2.01,0.2,12.6,1.12,0.64,1.385,0.4,0.725,0.0,
100342,Léo Andrade,REM,Zagueiro,6,4.79,0.0,2.95,4,0.0,False,False,MIR,0.295,neutro,2.674,2.95,0.5,41.7,neutro,2.49,0.7,-23.3,1.217,0.875,0.905,0.877,0.6,0.0,
69208,Gabriel Paulista,COR,Zagueiro,7,8.97,-0.63,4.54,15,1.0,True,True,CAP,0.494,neutro,4.273,2.94,1.0,60.2,favoravel,3.33,0.575,19.7,1.636,1.0,1.143,0.632,0.75,0.0,
141873,Jacaré,COR,Lateral,6,2.0,0.0,0.0,0,0.0,False,True,CAP,-1.042,armadilha_leve,0.0,0.0,0.0,59.2,neutro,1.57,0.575,19.7,1.636,1.0,1.143,0.632,0.75,0.0,
106302,Preciado,CAM,Lateral,6,6.46,-0.74,3.3,8,-1.6,True,True,RBB,-0.565,armadilha_leve,3.329,2.55,1.0,58.3,neutro,3.0,0.575,12.6,1.12,0.64,1.385,0.4,0.725,0.0,
103183,Andrew,FLA,Goleiro,6,3.0,0.0,0.0,0,0.0,False,False,INT,-1.507,armadilha_forte,0.0,0.0,0.0,63.8,neutro,1.78,0.875,30.0,0.95,1.118,1.091,1.538,0.65,0.0,
105157,Villagra,INT,Meia,7,5.56,0.55,2.07,15,3.9,True,True,FLA,-0.883,armadilha_leve,2.035,2.07,1.0,23.4,neutro,1.86,0.1,-30.0,1.091,1.538,0.95,1.118,0.1,0.0,
107256,Zé Vitor,VIT,Meia,7,6.56,0.21,4.53,10,8.7,True,True,PAL,1.401,valor_bom,4.333,4.03,1.0,26.4,neutro,2.78,0.05,11.5,0.727,0.741,1.059,1.0,0.425,0.0,
70449,Gabriel,VIT,Goleiro,6,5.02,0.0,0.9,3,0.0,False,True,PAL,-0.538,armadilha_leve,2.142,0.0,0.375,58.5,neutro,2.89,0.05,11.5,0.727,0.741,1.059,1.0,0.425,0.0,
103388,Emmanuel Martínez,VIT,Meia,7,6.16,0.0,3.48,13,0.0,False,True,PAL,0.835,valor_bom,3.712,3.48,1.0,26.4,neutro,1.86,0.05,11.5,0.727,0.741,1.059,1.0,0.425,0.0,
102909,Luan,SAO,Meia,6,2.69,0.0,0.96,7,0.0,False,True,SAN,-0.295,neutro,0.982,0.96,0.875,71.1,neutro,2.76,0.95,48.2,0.64,1.217,1.103,1.333,0.225,0.0,
95362,Cassierra,CAM,Atacante,6,5.78,-0.41,2.33,16,2.4,True,True,RBB,-0.057,neutro,3.181,1.02,1.0,35.9,neutro,2.19,0.2,12.6,1.12,0.64,1.385,0.4,0.725,0.0,
114040,Minda,CAM,Atacante,6,8.13,0.77,4.22,10,5.8,True,True,RBB,0.397,neutro,4.515,2.12,1.0,35.9,neutro,4.89,0.2,12.6,1.12,0.64,1.385,0.4,0.725,0.0,
141614,Paulinho,SAO,Atacante,6,2.0,0.0,0.0,0,0.0,False,True,SAN,-0.761,armadilha_leve,0.0,0.0,0.0,70.0,neutro,2.07,0.95,48.2,0.64,1.217,1.103,1.333,0.225,0.0,
89256,Gerson,CRU,Meia,7,8.84,0.0,4.26,18,0.0,False,False,CFC,0.406,neutro,4.207,3.98,1.0,60.3,neutro,2.97,0.75,-3.7,0.923,0.667,1.12,1.185,0.55,0.0,
95620,Bruno Leonardo,CHA,Zagueiro,6,2.91,0.17,1.34,15,1.5,True,True,VAS,0.089,neutro,1.467,1.14,1.0,56.0,neutro,2.51,0.375,8.5,0.632,1.073,0.348,1.29,0.15,0.0,
142265,Dell,BAH,Atacante,6,1.82,0.0,0.65,4,0.0,False,False,FLU,0.306,neutro,0.743,0.65,0.5,43.0,neutro,1.45,0.5,-24.8,1.103,0.96,0.667,0.8,0.625,0.0,
110633,Gustavo,CFC,Meia,6,3.3,0.0,0.9,4,0.0,False,True,CRU,-0.032,neutro,1.614,0.9,0.5,60.0,neutro,2.63,0.825,3.7,1.12,1.185,0.923,0.667,0.4,0.0,
146374,Gilberto Junior,CAP,Lateral,6,6.14,0.0,4.62,6,0.0,False,False,COR,0.212,neutro,3.898,3.62,0.75,41.9,neutro,3.02,0.875,-19.7,1.143,0.632,1.636,1.0,0.95,0.0,
86859,José Welison,REM,Meia,7,4.04,0.36,2.65,17,4.9,True,False,MIR,0.435,neutro,2.433,2.65,1.0,55.9,neutro,2.87,0.675,-23.3,1.217,0.875,0.905,0.877,0.6,0.0,
113125,Picco,REM,Meia,6,6.28,0.38,3.06,17,2.9,True,False,MIR,0.397,neutro,3.389,2.77,1.0,55.9,neutro,2.96,0.675,-23.3,1.217,0.875,0.905,0.877,0.6,0.0,
114308,Cufré,REM,Lateral,6,3.45,0.0,-0.3,1,0.0,False,False,MIR,-0.543,armadilha_leve,1.707,0.0,0.125,40.8,neutro,1.93,0.7,-23.3,1.217,0.875,0.905,0.877,0.6,0.0,
147864,Rafael Monti,REM,Atacante,6,3.56,0.0,0.0,1,0.0,False,False,MIR,-0.134,neutro,1.867,0.0,0.125,54.2,neutro,2.63,0.675,-23.3,1.217,0.875,0.905,0.877,0.6,0.0,
147088,Cissé,CAM,Meia,6,2.42,0.34,1.75,10,2.2,True,True,RBB,0.467,neutro,1.417,1.25,1.0,38.3,neutro,1.51,0.2,12.6,1.12,0.64,1.385,0.4,0.725,0.0,
87552,Vitor Bueno,REM,Meia,7,6.97,-0.13,3.56,13,0.9,True,False,MIR,0.55,valor_bom,3.761,2.02,1.0,55.9,neutro,3.09,0.675,-23.3,1.217,0.875,0.905,0.877,0.6,0.0,
68952,Marinho,VIT,Atacante,6,4.73,0.0,1.75,6,0.0,False,True,PAL,-0.856,armadilha_leve,1.95,1.75,0.75,23.5,neutro,1.39,0.05,11.5,0.727,0.741,1.059,1.0,0.425,0.0,
107859,Fintelman,VIT,Goleiro,6,2.0,0.0,0.0,0,0.0,False,True,PAL,-0.673,armadilha_leve,0.0,0.0,0.0,58.5,neutro,1.54,0.05,11.5,0.727,0.741,1.059,1.0,0.425,0.0,
105842,Edu,VIT,Zagueiro,5,4.13,0.0,1.5,1,0.0,False,True,PAL,0.375,neutro,2.42,1.5,0.125,57.6,neutro,3.14,0.05,11.5,0.727,0.741,1.059,1.0,0.425,0.0,
140496,Tiaguinho,GRE,Meia,6,0.93,0.0,0.0,1,0.0,False,False,BOT,1.671,valor_oculto,0.89,0.0,0.125,53.3,neutro,1.94,0.925,-42.3,1.273,1.385,0.588,0.5,0.35,0.0,
145404,Arthur,PAL,Lateral,6,4.22,-0.77,4.16,14,0.5,True,False,VIT,1.272,valor_bom,3.868,2.87,1.0,47.3,neutro,2.95,0.275,-11.5,1.059,1.0,0.727,0.741,0.65,0.0,
146623,Luis Pacheco,PAL,Meia,6,1.98,0.0,0.0,3,0.0,False,False,VIT,0.087,neutro,0.728,0.0,0.375,28.6,desfavoravel,0.79,0.05,-11.5,1.059,1.0,0.727,0.741,0.65,0.0,
90370,Matheus Pereira,COR,Meia,6,3.23,-0.12,0.91,12,-0.3,True,True,CAP,-0.775,armadilha_leve,0.946,0.91,1.0,66.1,neutro,2.55,0.45,19.7,1.636,1.0,1.143,0.632,0.75,0.0,
141628,Pablo Lúcio,FLA,Meia,6,2.0,0.0,0.0,0,0.0,False,False,INT,-0.802,armadilha_leve,0.0,0.0,0.0,65.6,neutro,1.87,0.5,30.0,0.95,1.118,1.091,1.538,0.65,0.0,
99789,Brenner,VAS,Atacante,6,7.07,0.0,2.98,13,0.0,False,False,CHA,-0.084,neutro,3.705,2.36,1.0,45.5,neutro,2.13,1.0,-8.5,0.348,1.29,0.632,1.073,0.15,0.0,
141551,Índio,CAM,Meia,5,1.0,0.0,0.0,0,0.0,False,True,RBB,0.496,neutro,0.0,0.0,0.0,38.3,neutro,0.61,0.2,12.6,1.12,0.64,1.385,0.4,0.725,0.0,
110598,Marino Hinestroza,VAS,Atacante,6,5.76,0.0,1.93,8,0.0,False,False,CHA,0.21,neutro,3.406,1.93,1.0,45.5,neutro,2.73,1.0,-8.5,0.348,1.29,0.632,1.073,0.15,0.0,
130608,Riquelme Fillipi,PAL,Atacante,6,1.46,0.0,1.37,3,0.0,False,False,VIT,1.029,valor_bom,0.948,1.37,0.375,25.8,desfavoravel,0.8,0.05,-11.5,1.059,1.0,0.727,0.741,0.65,0.0,
145436,Belé,PAL,Atacante,6,3.0,0.0,0.0,0,0.0,False,False,VIT,-1.79,armadilha_forte,0.0,0.0,0.0,25.8,desfavoravel,0.04,0.05,-11.5,1.059,1.0,0.727,0.741,0.65,0.0,
101729,Fabinho,CFC,Atacante,5,1.43,0.0,-0.03,7,0.0,False,True,CRU,0.457,neutro,0.407,0.0,0.875,58.5,neutro,2.05,0.825,3.7,1.12,1.185,0.923,0.667,0.4,0.0,
130906,Riquelme,CAP,Meia,6,0.91,0.0,0.58,4,0.0,False,False,COR,1.669,valor_oculto,0.86,0.58,0.5,42.2,neutro,1.48,0.175,-19.7,1.143,0.632,1.636,1.0,0.95,0.0,
107075,Yuri Sena,VIT,Goleiro,6,1.0,0.0,0.0,0,0.0,False,True,PAL,0.503,valor_bom,0.0,0.0,0.0,58.5,neutro,1.54,0.05,11.5,0.727,0.741,1.059,1.0,0.425,0.0,
118844,Kaio César,COR,Atacante,7,11.42,-0.61,7.27,8,8.9,True,True,CAP,1.073,valor_bom,6.076,4.64,1.0,64.9,favoravel,3.91,0.45,19.7,1.636,1.0,1.143,0.632,0.75,0.0,
147202,João Bezerra,INT,Atacante,6,1.38,0.38,1.2,1,1.2,True,True,FLA,1.018,valor_bom,0.835,1.2,0.125,20.4,neutro,0.42,0.1,-30.0,1.091,1.538,0.95,1.118,0.1,0.0,
146632,Alisson,INT,Lateral,6,1.0,0.0,0.0,0,0.0,False,True,FLA,0.373,neutro,0.0,0.0,0.0,20.8,neutro,-0.19,0.0,-30.0,1.091,1.538,0.95,1.118,0.1,0.0,
141406,Andrey Fernandes,VAS,Atacante,6,1.41,0.0,1.7,1,0.0,False,False,CHA,1.037,valor_bom,0.891,1.7,0.125,45.5,neutro,1.59,1.0,-8.5,0.348,1.29,0.632,1.073,0.15,0.0,
130847,Zé Breno,VIT,Meia,6,2.04,0.0,0.6,2,0.0,False,True,PAL,0.253,neutro,0.921,0.6,0.25,26.4,neutro,0.78,0.05,11.5,0.727,0.741,1.059,1.0,0.425,0.0,
130698,Kadu,BOT,Lateral,6,1.0,0.0,0.0,0,0.0,False,True,GRE,0.373,neutro,0.0,0.0,0.0,76.1,favoravel,2.35,0.925,42.3,0.588,0.5,1.273,1.385,0.675,0.0,
104134,Fabri,VIT,Atacante,6,5.27,0.0,2.66,7,0.0,False,True,PAL,-0.709,armadilha_leve,2.362,1.95,0.875,23.5,neutro,1.64,0.05,11.5,0.727,0.741,1.059,1.0,0.425,0.0,
145036,Fernando Pradella,SAN,Atacante,6,0.82,0.0,0.0,1,0.0,False,False,SAO,1.827,valor_oculto,0.702,0.0,0.125,29.1,desfavoravel,0.72,0.275,-48.2,1.103,1.333,0.64,1.217,0.35,0.0,
142638,João Victor,INT,Atacante,5,1.0,0.0,0.0,0,0.0,False,True,FLA,0.69,valor_bom,0.0,0.0,0.0,20.4,neutro,-0.21,0.1,-30.0,1.091,1.538,0.95,1.118,0.1,0.0,
124270,Allex,INT,Meia,6,2.38,0.0,1.55,8,0.0,False,True,FLA,0.335,neutro,1.275,1.55,1.0,23.4,neutro,1.36,0.1,-30.0,1.091,1.538,0.95,1.118,0.1,0.0,
94930,Lucas Paquetá,FLA,Meia,5,14.86,0.0,6.46,11,0.0,False,False,INT,0.372,neutro,5.461,5.1,1.0,65.6,neutro,3.75,0.5,30.0,0.95,1.118,1.091,1.538,0.65,0.0,
141615,Pedro Ferreira,SAO,Meia,6,1.51,0.0,1.2,2,0.0,False,True,SAN,1.009,valor_bom,1.041,1.2,0.25,71.1,favoravel,2.83,0.95,48.2,0.64,1.217,1.103,1.333,0.225,0.0,
147788,Arthur Izaque,BOT,Atacante,6,1.0,0.0,0.0,0,0.0,False,True,GRE,0.69,valor_bom,0.0,0.0,0.0,51.4,neutro,1.21,0.375,42.3,0.588,0.5,1.273,1.385,0.675,0.0,
147883,João Vitor,VAS,Atacante,6,3.49,0.0,3.13,4,0.0,False,False,CHA,0.579,valor_bom,2.444,3.13,0.5,45.5,neutro,2.5,1.0,-8.5,0.348,1.29,0.632,1.073,0.15,0.0,
129666,JP,VAS,Meia,6,1.41,0.0,0.95,2,0.0,False,False,CHA,1.08,valor_bom,0.991,0.95,0.25,47.5,neutro,1.76,1.0,-8.5,0.348,1.29,0.632,1.073,0.15,0.0,
142086,Kauan Toledo,BOT,Atacante,6,1.79,-0.16,1.38,4,0.2,True,True,GRE,0.621,valor_bom,0.986,1.38,0.5,51.4,neutro,1.93,0.375,42.3,0.588,0.5,1.273,1.385,0.675,0.0,
123738,Herrera,RBB,Atacante,6,5.69,1.38,2.59,15,8.5,True,False,CAM,-0.875,armadilha_leve,2.42,2.06,1.0,70.2,neutro,3.06,0.925,-12.6,1.385,0.4,1.12,0.64,0.725,0.0,
147782,Arthur Novaes,BOT,Meia,6,1.0,0.0,0.0,0,0.0,False,True,GRE,0.496,neutro,0.0,0.0,0.0,53.2,neutro,1.3,0.375,42.3,0.588,0.5,1.273,1.385,0.675,0.0,
148103,Rafael Soares,REM,Meia,6,1.0,0.0,0.0,0,0.0,False,False,MIR,0.496,neutro,0.0,0.0,0.0,55.9,neutro,1.42,0.675,-23.3,1.217,0.875,0.905,0.877,0.6,0.0,
148109,Filipe Lima,REM,Atacante,6,1.0,0.0,0.0,0,0.0,False,False,MIR,0.69,valor_bom,0.0,0.0,0.0,54.2,neutro,1.34,0.675,-23.3,1.217,0.875,0.905,0.877,0.6,0.0,
141126,Pedro Cobra,CAM,Goleiro,6,1.0,0.0,0.0,0,0.0,False,True,RBB,0.503,valor_bom,0.0,0.0,0.0,60.2,favoravel,1.62,0.575,12.6,1.12,0.64,1.385,0.4,0.725,0.0,
101715,Alerrandro,INT,Atacante,7,6.98,0.21,3.8,19,3.9,True,True,FLA,0.43,neutro,4.121,1.75,1.0,20.4,neutro,3.62,0.1,-30.0,1.091,1.538,0.95,1.118,0.1,0.0,
90608,Chico da Costa,CRU,Atacante,6,3.81,0.0,1.24,7,0.0,False,False,CFC,-0.516,armadilha_leve,1.699,0.53,0.875,58.8,neutro,2.53,0.75,-3.7,0.923,0.667,1.12,1.185,0.55,0.0,
141991,Tico,REM,Atacante,6,1.1,0.0,0.5,1,0.0,False,False,MIR,1.377,valor_bom,0.757,0.5,0.125,54.2,neutro,1.89,0.675,-23.3,1.217,0.875,0.905,0.877,0.6,0.0,
108131,Garcez,CHA,Atacante,5,3.12,0.0,1.22,8,0.0,False,True,VAS,-0.752,armadilha_leve,1.005,1.22,1.0,52.7,neutro,2.04,0.825,8.5,0.632,1.073,0.348,1.29,0.15,0.0,
147546,Roger,GRE,Meia,6,1.5,0.0,1.2,2,0.0,False,False,BOT,1.022,valor_bom,1.041,1.2,0.25,53.3,neutro,2.05,0.925,-42.3,1.273,1.385,0.588,0.5,0.35,0.0,
116065,Cuiabano,VAS,Lateral,6,12.2,-1.05,7.17,12,3.9,True,False,CHA,0.746,valor_bom,6.337,5.0,1.0,39.8,desfavoravel,2.65,0.7,-8.5,0.348,1.29,0.632,1.073,0.15,0.0,
82407,Chico Kim,MIR,Meia,6,3.39,-0.24,0.57,3,0.5,True,True,REM,-0.129,neutro,1.588,0.57,0.375,68.0,neutro,2.98,0.9,23.3,0.905,0.877,1.217,0.875,0.55,0.0,
130438,Diego,INT,Goleiro,6,1.0,0.0,0.0,0,0.0,False,True,FLA,0.503,valor_bom,0.0,0.0,0.0,22.7,neutro,-0.1,0.0,-30.0,1.091,1.538,0.95,1.118,0.1,0.0,
143463,Wesley Natã,FLU,Atacante,6,0.8,0.0,-0.3,1,0.0,False,True,BAH,1.829,valor_oculto,0.669,0.0,0.125,49.8,neutro,1.64,0.625,24.8,0.667,0.8,1.103,0.96,0.475,0.0,
112939,Catarozzi,REM,Meia,6,5.41,0.0,0.9,1,0.0,False,False,MIR,-1.028,armadilha_leve,1.851,0.9,0.125,55.9,neutro,2.69,0.675,-23.3,1.217,0.875,0.905,0.877,0.6,0.0,
99815,Arias,PAL,Meia,7,16.58,2.48,7.34,15,20.4,True,False,VIT,0.933,valor_bom,6.209,6.01,1.0,28.6,desfavoravel,3.78,0.05,-11.5,1.059,1.0,0.727,0.741,0.65,0.0,
108162,Nardoni,GRE,Meia,6,6.6,0.18,2.08,12,2.5,True,False,BOT,-0.344,neutro,2.883,1.66,1.0,53.3,neutro,2.72,0.925,-42.3,1.273,1.385,0.588,0.5,0.35,0.0,
148152,Ararat,CFC,Meia,6,4.0,0.0,0.0,0,0.0,False,True,CRU,-2.438,armadilha_forte,0.0,0.0,0.0,60.0,neutro,1.61,0.825,3.7,1.12,1.185,0.923,0.667,0.4,0.0,
146430,Justino,BOT,Zagueiro,6,5.07,2.75,3.1,7,14.2,True,True,GRE,0.296,neutro,2.799,1.81,0.875,77.3,favoravel,4.47,0.925,42.3,0.588,0.5,1.273,1.385,0.675,0.0,
148215,Djhordney,SAO,Meia,6,0.79,0.0,-0.2,2,0.0,False,True,SAN,1.758,valor_oculto,0.761,0.0,0.25,71.1,favoravel,2.67,0.95,48.2,0.64,1.217,1.103,1.333,0.225,0.0,
127969,Matheus Reis,FLU,Atacante,5,1.0,0.0,0.0,0,0.0,False,True,BAH,0.69,valor_bom,0.0,0.0,0.0,49.8,neutro,1.14,0.625,24.8,0.667,0.8,1.103,0.96,0.475,0.0,
148206,Nadson,SAN,Atacante,6,1.0,0.0,0.0,0,0.0,False,False,SAO,0.69,valor_bom,0.0,0.0,0.0,29.1,desfavoravel,0.19,0.275,-48.2,1.103,1.333,0.64,1.217,0.35,0.0,
110144,Spinelli,VAS,Atacante,6,6.53,0.35,3.36,13,5.8,True,False,CHA,0.432,neutro,3.94,2.74,1.0,45.5,neutro,2.94,1.0,-8.5,0.348,1.29,0.632,1.073,0.15,0.0,
148124,Vinicius,CHA,Zagueiro,5,1.63,0.0,0.1,2,0.0,False,True,VAS,1.253,valor_bom,1.383,0.1,0.25,56.0,neutro,2.38,0.375,8.5,0.632,1.073,0.348,1.29,0.15,0.0,
146410,Marquinhos,BOT,Meia,6,0.85,0.0,0.0,1,0.0,False,True,GRE,1.807,valor_oculto,0.89,0.0,0.125,53.2,neutro,1.94,0.375,42.3,0.588,0.5,1.273,1.385,0.675,0.0,
97911,Lucas Silva,VIT,Atacante,6,2.8,0.0,-0.17,3,0.0,False,True,PAL,-1.005,armadilha_leve,0.528,0.0,0.375,23.5,neutro,0.43,0.05,11.5,0.727,0.741,1.059,1.0,0.425,0.0,
141595,Gabriel Mec,GRE,Atacante,6,4.45,0.0,2.82,14,0.0,False,False,BOT,0.015,neutro,2.558,1.68,1.0,51.5,neutro,2.56,0.925,-42.3,1.273,1.385,0.588,0.5,0.35,0.0,
143173,Leonel Pérez,GRE,Meia,6,4.43,0.0,2.52,10,0.0,False,False,BOT,0.01,neutro,2.276,2.52,1.0,53.3,neutro,2.51,0.925,-42.3,1.273,1.385,0.588,0.5,0.35,0.0,
141165,Enzo Vagner,CFC,Atacante,6,1.04,0.0,0.5,1,0.0,False,True,CRU,1.481,valor_bom,0.757,0.5,0.125,58.5,neutro,2.09,0.825,3.7,1.12,1.185,0.923,0.667,0.4,0.0,
109987,Medina,BOT,Meia,6,6.92,-0.82,3.88,11,1.4,True,True,GRE,0.816,valor_bom,3.967,3.43,1.0,53.2,neutro,2.83,0.375,42.3,0.588,0.5,1.273,1.385,0.675,0.0,
145563,João Ananias,SAN,Zagueiro,6,2.9,0.28,2.2,4,2.2,True,False,SAO,0.583,valor_bom,1.869,2.2,0.5,22.1,desfavoravel,2.9,0.275,-48.2,1.103,1.333,0.64,1.217,0.35,0.0,
104666,Moisés,SAN,Atacante,6,4.78,0.0,2.35,13,0.0,False,False,SAO,-0.54,armadilha_leve,2.255,0.73,1.0,29.1,desfavoravel,1.76,0.275,-48.2,1.103,1.333,0.64,1.217,0.35,0.0,
93371,Rodrigo Rodrigues,CFC,Atacante,5,4.0,0.0,0.0,0,0.0,False,True,CRU,-2.588,armadilha_forte,0.0,0.0,0.0,58.5,neutro,1.54,0.825,3.7,1.12,1.185,0.923,0.667,0.4,0.0,
130393,Luiz Gustavo,BAH,Zagueiro,6,1.0,0.0,0.0,0,0.0,False,False,FLU,0.456,neutro,0.0,0.0,0.0,42.6,neutro,0.81,0.1,-24.8,1.103,0.96,0.667,0.8,0.625,0.0,
105048,Jajá,REM,Atacante,7,7.66,1.91,5.36,16,11.9,True,False,MIR,1.367,valor_bom,5.201,2.55,1.0,54.2,neutro,2.93,0.675,-23.3,1.217,0.875,0.905,0.877,0.6,0.0,
124386,Kainã,CHA,Goleiro,6,1.0,0.0,0.0,0,0.0,False,True,VAS,0.503,valor_bom,0.0,0.0,0.0,56.9,neutro,1.47,0.375,8.5,0.632,1.073,0.348,1.29,0.15,0.0,
104036,Labyad,COR,Meia,6,4.5,-0.8,2.14,10,0.0,True,True,CAP,-0.283,neutro,2.065,0.64,1.0,66.1,neutro,2.85,0.45,19.7,1.636,1.0,1.143,0.632,0.75,0.0,
131964,Jhoan Hernández,BOT,Lateral,6,3.69,0.0,0.0,1,0.0,False,True,GRE,-0.689,armadilha_leve,1.741,0.0,0.125,76.1,neutro,3.52,0.925,42.3,0.588,0.5,1.273,1.385,0.675,0.0,
133671,Gustavo Reis,RBB,Goleiro,6,1.0,0.0,0.0,0,0.0,False,False,CAM,0.503,valor_bom,0.0,0.0,0.0,54.6,neutro,1.36,0.45,-12.6,1.385,0.4,1.12,0.64,0.725,0.0,
141400,Huguinho,BOT,Meia,6,5.99,-0.03,5.2,4,5.4,True,True,GRE,1.801,valor_oculto,4.458,3.95,0.5,53.2,neutro,2.74,0.375,42.3,0.588,0.5,1.273,1.385,0.675,0.0,
97899,Matheus Bahia,INT,Lateral,7,6.7,-0.96,3.95,12,2.0,True,True,FLA,-0.254,neutro,3.713,2.78,1.0,20.8,neutro,4.17,0.0,-30.0,1.091,1.538,0.95,1.118,0.1,0.0,
92747,Eduardo Domínguez,CAM,Técnico,6,10.51,0.22,5.27,16,5.23,True,True,RBB,-0.523,armadilha_leve,5.508,5.27,1.0,37.6,neutro,4.13,0.2,12.6,1.12,0.64,1.385,0.4,0.725,0.0,
126189,Tomás Pérez,CAM,Meia,6,4.13,0.74,1.54,12,4.5,True,True,RBB,-0.48,neutro,1.712,1.54,1.0,38.3,neutro,1.45,0.2,12.6,1.12,0.64,1.385,0.4,0.725,0.0,
142261,Jeferson,GRE,Atacante,6,1.0,0.0,0.0,0,0.0,False,False,BOT,0.69,valor_bom,0.0,0.0,0.0,51.5,neutro,1.22,0.925,-42.3,1.273,1.385,0.588,0.5,0.35,0.0,
93368,Lucas Veríssimo,SAN,Zagueiro,6,8.63,-0.21,4.01,12,1.9,True,False,SAO,0.172,neutro,3.915,3.01,1.0,22.1,desfavoravel,3.63,0.275,-48.2,1.103,1.333,0.64,1.217,0.35,0.0,
143465,Keven Samuel,FLU,Atacante,6,1.0,0.0,0.0,0,0.0,False,True,BAH,0.69,valor_bom,0.0,0.0,0.0,49.8,neutro,1.14,0.625,24.8,0.667,0.8,1.103,0.96,0.475,0.0,
101807,Oliva,SAN,Meia,6,6.26,-0.77,3.13,12,-0.3,True,False,SAO,0.553,valor_bom,3.513,2.3,1.0,31.8,desfavoravel,2.18,0.275,-48.2,1.103,1.333,0.64,1.217,0.35,0.0,
139200,Pedro Kauã,INT,Zagueiro,6,1.0,0.0,0.0,0,0.0,False,True,FLA,0.456,neutro,0.0,0.0,0.0,21.5,neutro,-0.16,0.0,-30.0,1.091,1.538,0.95,1.118,0.1,0.0,
142275,Luiz Felipe,FLA,Meia,6,1.0,0.0,0.0,0,0.0,False,False,INT,0.496,neutro,0.0,0.0,0.0,65.6,neutro,1.87,0.5,30.0,0.95,1.118,1.091,1.538,0.65,0.0,
147545,Jefinho,GRE,Meia,6,1.46,0.0,1.5,1,0.0,False,False,BOT,1.092,valor_bom,1.056,1.5,0.125,53.3,neutro,2.05,0.925,-42.3,1.273,1.385,0.588,0.5,0.35,0.0,
124219,Millán,FLU,Zagueiro,5,4.86,0.0,1.0,3,0.0,False,True,BAH,-0.416,neutro,2.117,1.0,0.375,63.4,neutro,3.08,0.175,24.8,0.667,0.8,1.103,0.96,0.475,0.0,
124424,Rodrigo Castillo,FLU,Atacante,6,6.98,0.0,3.65,12,0.0,False,True,BAH,0.455,neutro,4.143,1.23,1.0,49.8,neutro,3.1,0.625,24.8,0.667,0.8,1.103,0.96,0.475,0.0,
116137,João Moreira,SAO,Lateral,6,4.0,0.0,0.0,0,0.0,False,True,SAN,-2.824,armadilha_forte,0.0,0.0,0.0,64.6,neutro,1.82,0.175,48.2,0.64,1.217,1.103,1.333,0.225,0.0,
147875,Daniel Silva,FLA,Zagueiro,6,1.0,0.0,0.0,0,0.0,False,False,INT,0.456,neutro,0.0,0.0,0.0,63.0,neutro,1.75,0.875,30.0,0.95,1.118,1.091,1.538,0.65,0.0,
100804,Tchamba,REM,Zagueiro,6,5.11,0.0,2.08,14,0.0,False,False,MIR,-0.394,neutro,2.246,1.65,1.0,41.7,neutro,3.61,0.7,-23.3,1.217,0.875,0.905,0.877,0.6,0.0,
71898,Gabriel Pires,MIR,Meia,6,5.77,0.0,3.63,6,0.0,False,True,REM,1.229,valor_bom,3.892,2.8,0.75,68.0,favoravel,3.71,0.9,23.3,0.905,0.877,1.217,0.875,0.55,0.0,
88963,Leonardo Jardim,FLA,Técnico,7,13.26,-0.75,7.22,16,4.93,True,False,INT,1.305,valor_bom,6.808,7.22,1.0,64.9,neutro,4.24,0.5,30.0,0.95,1.118,1.091,1.538,0.65,0.0,
93834,Keiller,CFC,Goleiro,6,4.0,0.0,0.0,0,0.0,False,True,CRU,-2.154,armadilha_forte,0.0,0.0,0.0,48.8,neutro,1.1,0.375,3.7,1.12,1.185,0.923,0.667,0.4,0.0,
37457,Léo Condé,REM,Técnico,7,8.76,1.13,4.83,16,9.31,True,False,MIR,-0.682,armadilha_leve,4.879,4.83,1.0,55.2,neutro,3.37,0.675,-23.3,1.217,0.875,0.905,0.877,0.6,0.0,
115537,Marcos Victor,BAH,Zagueiro,2,2.41,0.0,0.0,2,0.0,False,False,FLU,0.4,neutro,1.363,0.0,0.25,42.6,neutro,1.64,0.1,-24.8,1.103,0.96,0.667,0.8,0.625,0.0,
142260,Bernardo Zortea,GRE,Meia,6,0.77,0.0,0.13,3,0.0,False,False,BOT,1.797,valor_oculto,0.763,0.13,0.375,53.3,neutro,1.89,0.925,-42.3,1.273,1.385,0.588,0.5,0.35,0.0,
121823,Kauê,COR,Goleiro,6,5.52,-0.89,8.7,2,-1.0,False,True,CAP,2.061,valor_oculto,4.957,6.2,0.25,61.1,favoravel,4.76,0.575,19.7,1.636,1.0,1.143,0.632,0.75,0.0,
133690,Bruno Lopes,VAS,Atacante,6,1.57,0.0,1.7,1,0.0,False,False,CHA,0.807,valor_bom,0.891,1.7,0.125,45.5,neutro,1.59,1.0,-8.5,0.348,1.29,0.632,1.073,0.15,0.0,
141752,Caio Valle,BOT,Meia,6,1.0,0.0,0.0,0,0.0,False,True,GRE,0.496,neutro,0.0,0.0,0.0,53.2,neutro,1.3,0.375,42.3,0.588,0.5,1.273,1.385,0.675,0.0,
81720,Lingard,COR,Atacante,6,4.05,0.0,1.78,10,0.0,False,True,CAP,-0.435,neutro,1.923,1.28,1.0,64.9,neutro,2.77,0.45,19.7,1.636,1.0,1.143,0.632,0.75,0.0,
141184,Walace Falcão,VAS,Zagueiro,6,1.0,0.0,0.0,0,0.0,False,False,CHA,0.456,neutro,0.0,0.0,0.0,40.7,neutro,0.72,0.7,-8.5,0.348,1.29,0.632,1.073,0.15,0.0,
129661,Wendel,BAH,Meia,6,1.0,0.0,0.0,0,0.0,False,False,FLU,0.496,neutro,0.0,0.0,0.0,45.1,neutro,0.93,0.5,-24.8,1.103,0.96,0.667,0.8,0.625,0.0,
148125,Ryan Augusto,RBB,Lateral,6,3.78,0.0,3.7,5,0.0,False,False,CAM,0.218,neutro,2.628,3.1,0.625,52.6,neutro,2.81,0.45,-12.6,1.385,0.4,1.12,0.64,0.725,0.0,
147268,Anderson Pato,VIT,Atacante,5,3.12,0.0,1.38,4,0.0,False,True,PAL,-0.773,armadilha_leve,0.986,1.38,0.5,23.5,neutro,0.76,0.05,11.5,0.727,0.741,1.059,1.0,0.425,0.0,
147192,Claudinho,CAP,Lateral,7,7.28,0.82,7.48,5,5.9,True,False,COR,2.012,valor_oculto,6.008,5.28,0.625,41.9,neutro,6.59,0.875,-19.7,1.143,0.632,1.636,1.0,0.95,0.0,
145659,Nicolas,SAO,Lateral,6,2.79,0.0,5.0,1,0.0,False,True,SAN,0.663,valor_bom,2.296,2.0,0.125,64.6,favoravel,3.37,0.175,48.2,0.64,1.217,1.103,1.333,0.225,0.0,
84268,Georgemy,MIR,Goleiro,6,3.0,0.0,0.0,0,0.0,False,True,REM,-1.507,armadilha_forte,0.0,0.0,0.0,61.8,neutro,1.69,0.575,23.3,0.905,0.877,1.217,0.875,0.55,0.0,
142257,Luis Eduardo,GRE,Zagueiro,6,1.45,0.0,-0.3,2,0.0,False,False,BOT,1.383,valor_bom,1.303,0.0,0.25,24.8,desfavoravel,0.96,0.025,-42.3,1.273,1.385,0.588,0.5,0.35,0.0,
140726,David Martins,BAH,Meia,6,0.72,0.0,-0.15,2,0.0,False,False,FLU,1.898,valor_oculto,0.771,0.0,0.25,45.1,neutro,1.51,0.5,-24.8,1.103,0.96,0.667,0.8,0.625,0.0,
95131,Gabriel Taliari,REM,Atacante,6,8.73,-0.45,5.5,8,-0.3,True,False,MIR,0.939,valor_bom,5.191,2.5,1.0,54.2,neutro,3.54,0.675,-23.3,1.217,0.875,0.905,0.877,0.6,0.0,
141594,Pedro Gabriel,GRE,Lateral,6,4.7,-0.42,3.52,10,0.0,True,False,BOT,0.504,valor_bom,3.448,1.82,1.0,24.0,desfavoravel,2.25,0.025,-42.3,1.273,1.385,0.588,0.5,0.35,0.0,
143252,Gean,VIT,Lateral,6,1.0,0.0,0.0,0,0.0,False,True,PAL,0.373,neutro,0.0,0.0,0.0,56.6,neutro,1.45,0.05,11.5,0.727,0.741,1.059,1.0,0.425,0.0,
110605,Vinícius Balieiro,CHA,Meia,6,3.62,-0.81,1.84,5,0.0,True,True,VAS,0.103,neutro,1.92,1.84,0.625,54.4,neutro,2.53,0.825,8.5,0.632,1.073,0.348,1.29,0.15,0.0,
114801,Danilo Pereira,BOT,Atacante,6,5.0,0.0,0.0,0,0.0,False,True,GRE,-3.241,armadilha_forte,0.0,0.0,0.0,51.4,neutro,1.21,0.375,42.3,0.588,0.5,1.273,1.385,0.675,0.0,
130232,Caio Roque,BOT,Lateral,6,5.72,0.0,4.0,3,0.0,False,True,GRE,0.023,neutro,3.533,2.33,0.375,76.1,favoravel,4.32,0.925,42.3,0.588,0.5,1.273,1.385,0.675,0.0,
143153,Tarzia,VIT,Atacante,6,3.82,-0.88,2.95,13,3.2,True,True,PAL,0.532,valor_bom,2.626,1.33,1.0,23.5,neutro,1.79,0.05,11.5,0.727,0.741,1.059,1.0,0.425,0.0,
