atleta_id,nome,clube,posicao,status_id,preco,variacao,media,jogos,pontos_rodada,entrou_em_campo,mandante,adversario,residuo_z,armadilha_label,media_bayesiana,pb_media,confiabilidade,score_confronto_100,condicao_mando,pontos_esperados,oportunidade_confronto,vantagem_mando,time_momentum_of,time_momentum_def,adv_momentum_of,adv_momentum_def,forma_score_time,prob_vitoria,prob_gols
145436,Belé,PAL,Atacante,6,3.0,0.0,0.0,0,0.0,False,False,FLU,-1.846,armadilha_forte,0.0,0.0,0.0,51.3,neutro,0.99,0.425,0.0,1.042,0.825,0.568,0.677,0.65,0.149,0.527
101729,Fabinho,CFC,Atacante,6,1.43,0.0,-0.03,7,0.0,False,False,SAO,0.373,neutro,0.422,0.0,0.875,36.1,desfavoravel,0.98,0.3,-17.5,0.489,1.214,0.646,1.176,0.4,0.368,0.48
141551,Índio,CAM,Meia,5,1.0,0.0,0.0,0,0.0,False,True,GRE,0.404,neutro,0.0,0.0,0.0,68.5,favoravel,1.7,0.475,46.0,0.933,0.778,1.4,1.4,0.65,0.507,0.467
130906,Riquelme,CAP,Meia,6,1.53,0.62,1.06,5,3.0,True,True,RBB,0.858,valor_bom,1.038,1.06,0.625,52.3,neutro,1.84,0.2,32.1,1.027,0.232,1.131,0.764,0.875,0.456,0.424
130608,Riquelme Fillipi,PAL,Atacante,6,1.46,0.0,1.37,3,0.0,False,False,FLU,0.954,valor_bom,0.968,1.37,0.375,51.3,neutro,1.72,0.425,0.0,1.042,0.825,0.568,0.677,0.65,0.149,0.527
145404,Arthur,PAL,Lateral,6,4.22,0.0,4.16,14,0.0,False,False,FLU,1.255,valor_bom,3.871,2.87,1.0,54.2,neutro,3.04,0.225,0.0,1.042,0.825,0.568,0.677,0.65,0.149,0.527
87552,Vitor Bueno,REM,Meia,6,7.61,0.97,3.56,15,7.0,True,False,INT,0.318,neutro,3.751,1.89,1.0,52.2,neutro,2.25,0.5,-12.2,1.015,0.856,0.574,1.304,0.45,,0.461
146623,Luis Pacheco,PAL,Meia,6,1.98,0.0,0.0,3,0.0,False,False,FLU,0.079,neutro,0.745,0.0,0.375,49.0,neutro,1.5,0.425,0.0,1.042,0.825,0.568,0.677,0.65,0.149,0.527
107075,Yuri Sena,VIT,Goleiro,6,1.0,0.0,0.0,0,0.0,False,True,BOT,0.266,neutro,0.0,0.0,0.0,65.1,favoravel,1.56,0.1,30.9,0.2,1.067,0.6,0.509,0.175,0.359,0.475
104134,Fabri,VIT,Atacante,6,4.67,-0.6,2.33,8,0.0,True,True,BOT,-0.458,neutro,2.281,1.71,1.0,48.0,neutro,2.26,0.825,30.9,0.2,1.067,0.6,0.509,0.175,0.359,0.475
147088,Cissé,CAM,Meia,2,2.29,-0.13,1.71,11,1.3,True,True,GRE,0.529,valor_bom,1.422,1.26,1.0,68.5,favoravel,2.56,0.475,46.0,0.933,0.778,1.4,1.4,0.65,0.507,0.467
94930,Lucas Paquetá,FLA,Meia,2,13.54,-1.32,6.05,12,1.5,True,False,MIR,0.477,neutro,5.274,4.8,1.0,65.6,neutro,3.69,0.675,9.1,1.185,0.467,1.05,0.98,0.775,,0.467
146632,Alisson,INT,Lateral,6,1.0,0.0,0.0,0,0.0,False,True,REM,0.377,neutro,0.0,0.0,0.0,45.7,neutro,0.75,0.575,12.2,0.574,1.304,1.015,0.856,0.275,0.421,0.461
145036,Fernando Pradella,SAN,Atacante,6,0.82,0.0,0.0,1,0.0,False,False,VAS,1.729,valor_oculto,0.727,0.0,0.125,54.4,neutro,1.64,0.8,-36.7,1.159,1.2,0.183,0.813,0.275,0.264,0.47
99789,Brenner,VAS,Atacante,5,6.94,-0.13,2.9,14,1.8,True,True,SAN,-0.099,neutro,3.624,2.33,1.0,65.6,neutro,2.66,0.95,36.7,0.183,0.813,1.159,1.2,0.275,0.488,0.47
124270,Allex,INT,Meia,6,2.38,0.0,1.55,8,0.0,False,True,REM,0.307,neutro,1.287,1.55,1.0,55.7,neutro,2.5,0.9,12.2,0.574,1.304,1.015,0.856,0.275,0.421,0.461
141615,Pedro Ferreira,SAO,Meia,6,1.51,0.0,1.2,2,0.0,False,True,CFC,0.905,valor_bom,1.06,1.2,0.25,53.6,neutro,1.85,0.6,17.5,0.646,1.176,0.489,1.214,0.175,0.551,0.48
118844,Kaio César,COR,Atacante,6,10.19,-0.21,6.38,10,2.9,True,True,CRU,1.096,valor_bom,5.718,4.28,1.0,75.4,favoravel,3.92,0.7,7.8,1.65,0.44,1.027,0.568,0.775,0.414,
147202,João Bezerra,INT,Atacante,6,1.19,-0.19,0.6,2,0.0,True,True,REM,1.138,valor_bom,0.774,0.6,0.25,58.5,neutro,1.87,0.9,12.2,0.574,1.304,1.015,0.856,0.275,0.421,0.461
142638,João Victor,INT,Atacante,5,1.0,0.0,0.0,0,0.0,False,True,REM,0.571,valor_bom,0.0,0.0,0.0,58.5,neutro,1.28,0.9,12.2,0.574,1.304,1.015,0.856,0.275,0.421,0.461
141406,Andrey Fernandes,VAS,Atacante,6,1.41,0.0,1.7,1,0.0,False,True,SAN,0.966,valor_bom,0.916,1.7,0.125,65.6,favoravel,2.22,0.95,36.7,0.183,0.813,1.159,1.2,0.275,0.488,0.47
147782,Arthur Novaes,BOT,Meia,6,1.0,0.0,0.0,0,0.0,False,False,VIT,0.404,neutro,0.0,0.0,0.0,28.1,desfavoravel,0.03,0.1,-30.9,0.6,0.509,0.2,1.067,0.65,0.277,0.475
147883,João Vitor,VAS,Atacante,6,3.49,0.0,3.13,4,0.0,False,True,SAN,-0.436,neutro,1.588,3.13,0.5,65.6,neutro,2.61,0.95,36.7,0.183,0.813,1.159,1.2,0.275,0.488,0.47
130698,Kadu,BOT,Lateral,6,1.0,0.0,0.0,0,0.0,False,False,VIT,0.377,neutro,0.0,0.0,0.0,48.7,neutro,0.88,0.45,-30.9,0.6,0.509,0.2,1.067,0.65,0.277,0.475
129666,JP,VAS,Meia,6,1.41,0.0,0.95,2,0.0,False,True,SAN,0.966,valor_bom,1.01,0.95,0.25,62.3,favoravel,2.16,0.95,36.7,0.183,0.813,1.159,1.2,0.275,0.488,0.47
142086,Kauan Toledo,BOT,Atacante,2,2.87,1.08,2.18,5,5.4,True,False,VIT,-0.199,neutro,1.342,2.18,0.625,30.5,desfavoravel,1.2,0.1,-30.9,0.6,0.509,0.2,1.067,0.65,0.277,0.475
147788,Arthur Izaque,BOT,Atacante,6,1.0,0.0,0.0,0,0.0,False,False,VIT,0.571,valor_bom,0.0,0.0,0.0,30.5,desfavoravel,0.13,0.1,-30.9,0.6,0.509,0.2,1.067,0.65,0.277,0.475
101715,Alerrandro,INT,Atacante,6,6.33,0.0,3.61,20,0.0,False,True,REM,0.582,valor_bom,3.976,1.66,1.0,58.5,neutro,3.18,0.9,12.2,0.574,1.304,1.015,0.856,0.275,0.421,0.461
148103,Rafael Soares,REM,Meia,6,1.0,0.0,0.0,0,0.0,False,False,INT,0.404,neutro,0.0,0.0,0.0,52.2,neutro,1.02,0.5,-12.2,1.015,0.856,0.574,1.304,0.45,,0.461
108131,Garcez,CHA,Atacante,5,3.12,0.0,1.22,8,0.0,False,True,BAH,-0.786,armadilha_leve,1.019,1.22,1.0,29.1,neutro,1.07,0.475,-26.7,0.63,1.074,0.607,0.352,0.125,0.28,0.47
141991,Tico,REM,Atacante,6,1.1,0.0,0.5,1,0.0,False,False,INT,1.293,valor_bom,0.782,0.5,0.125,54.5,neutro,1.68,0.5,-12.2,1.015,0.856,0.574,1.304,0.45,,0.461
123738,Herrera,RBB,Atacante,7,5.69,0.0,2.59,15,0.0,False,False,CAP,-0.824,armadilha_leve,2.466,2.06,1.0,27.2,desfavoravel,1.77,0.05,-32.1,1.131,0.764,1.027,0.232,0.475,0.23,0.424
112939,Catarozzi,REM,Meia,6,5.41,0.0,0.9,1,0.0,False,False,INT,1.155,valor_bom,3.753,0.9,0.125,52.2,neutro,3.52,0.5,-12.2,1.015,0.856,0.574,1.304,0.45,,0.461
51413,Walter,MIR,Goleiro,7,5.17,0.0,2.76,17,0.0,False,True,FLA,0.297,neutro,3.198,2.47,1.0,38.0,neutro,3.87,0.05,-9.1,1.05,0.98,1.185,0.467,0.5,0.246,0.467
90608,Chico da Costa,CRU,Atacante,6,3.81,0.0,1.24,7,0.0,False,False,COR,-0.469,neutro,1.769,0.53,0.875,40.7,neutro,1.82,0.175,-7.8,1.027,0.568,1.65,0.44,0.75,0.382,
148109,Filipe Lima,REM,Atacante,6,1.0,0.0,0.0,0,0.0,False,False,INT,0.571,valor_bom,0.0,0.0,0.0,54.5,neutro,1.12,0.5,-12.2,1.015,0.856,0.574,1.304,0.45,,0.461
82407,Chico Kim,MIR,Meia,6,2.91,0.0,0.43,4,0.0,False,True,FLA,-0.602,armadilha_leve,0.827,0.43,0.5,32.0,neutro,1.07,0.1,-9.1,1.05,0.98,1.185,0.467,0.5,0.246,0.467
147546,Roger,GRE,Meia,6,1.5,0.0,1.2,2,0.0,False,False,CAM,0.916,valor_bom,1.06,1.2,0.25,62.4,neutro,2.2,0.95,-46.0,1.4,1.4,0.933,0.778,0.525,,0.467
99815,Arias,PAL,Meia,7,15.17,-1.33,7.97,17,7.7,True,False,FLU,1.752,valor_oculto,6.735,6.21,1.0,49.0,neutro,2.68,0.425,0.0,1.042,0.825,0.568,0.677,0.65,0.149,0.527
141126,Pedro Cobra,CAM,Goleiro,6,1.0,0.0,0.0,0,0.0,False,True,GRE,0.266,neutro,0.0,0.0,0.0,67.2,favoravel,1.64,0.9,46.0,0.933,0.778,1.4,1.4,0.65,0.507,0.467
116065,Cuiabano,VAS,Lateral,3,13.58,1.38,7.66,13,13.6,True,True,SAN,0.771,valor_bom,6.729,5.43,1.0,65.0,favoravel,3.02,0.15,36.7,0.183,0.813,1.159,1.2,0.275,0.488,0.47
148152,Ararat,CFC,Meia,6,4.0,0.0,0.0,0,0.0,False,False,SAO,-2.19,armadilha_forte,0.0,0.0,0.0,33.5,desfavoravel,0.25,0.3,-17.5,0.489,1.214,0.646,1.176,0.4,0.368,0.48
143463,Wesley Natã,FLU,Atacante,6,0.8,0.0,-0.3,1,0.0,False,True,PAL,1.729,valor_oculto,0.693,0.0,0.125,34.9,neutro,0.83,0.05,0.0,0.568,0.677,1.042,0.825,0.5,0.662,0.527
148124,Vinicius,CHA,Zagueiro,5,1.63,0.0,0.1,2,0.0,False,True,BAH,1.026,valor_bom,1.317,0.1,0.25,36.9,neutro,1.34,0.25,-26.7,0.63,1.074,0.607,0.352,0.125,0.28,0.47
127969,Matheus Reis,FLU,Atacante,5,1.0,0.0,0.0,0,0.0,False,True,PAL,0.571,valor_bom,0.0,0.0,0.0,34.9,neutro,0.31,0.05,0.0,0.568,0.677,1.042,0.825,0.5,0.662,0.527
108162,Nardoni,GRE,Meia,2,6.36,-0.24,2.06,13,1.8,True,False,CAM,-0.22,neutro,2.841,1.68,1.0,62.4,neutro,2.65,0.95,-46.0,1.4,1.4,0.933,0.778,0.525,,0.467
110144,Spinelli,VAS,Atacante,6,5.61,-0.92,3.12,14,0.0,True,True,SAN,-0.404,neutro,2.797,2.55,1.0,65.6,neutro,2.92,0.95,36.7,0.183,0.813,1.159,1.2,0.275,0.488,0.47
97911,Lucas Silva,VIT,Atacante,6,2.8,0.0,-0.17,3,0.0,False,True,BOT,-1.041,armadilha_leve,0.548,0.0,0.375,48.0,neutro,1.35,0.825,30.9,0.2,1.067,0.6,0.509,0.175,0.359,0.475
148206,Nadson,SAN,Atacante,6,1.0,0.0,0.0,0,0.0,False,False,VAS,0.571,valor_bom,0.0,0.0,0.0,54.4,neutro,1.11,0.8,-36.7,1.159,1.2,0.183,0.813,0.275,0.264,0.47
146410,Marquinhos,BOT,Meia,6,0.85,0.0,0.0,1,0.0,False,False,VIT,1.608,valor_oculto,0.911,0.0,0.125,28.1,desfavoravel,0.69,0.1,-30.9,0.6,0.509,0.2,1.067,0.65,0.277,0.475
148215,Djhordney,SAO,Meia,6,0.79,0.0,-0.2,2,0.0,False,True,CFC,1.56,valor_oculto,0.78,0.0,0.25,53.6,neutro,1.67,0.6,17.5,0.646,1.176,0.489,1.214,0.175,0.551,0.48
141165,Enzo Vagner,CFC,Atacante,6,1.04,0.0,0.5,1,0.0,False,False,SAO,1.394,valor_bom,0.782,0.5,0.125,36.1,desfavoravel,0.93,0.3,-17.5,0.489,1.214,0.646,1.176,0.4,0.368,0.48
130393,Luiz Gustavo,BAH,Zagueiro,6,1.0,0.0,0.0,0,0.0,False,False,CHA,0.282,neutro,0.0,0.0,0.0,74.6,favoravel_visitante,1.95,0.75,26.7,0.607,0.352,0.63,1.074,0.55,,0.47
145563,João Ananias,SAN,Zagueiro,2,2.79,-0.11,2.06,5,1.5,True,False,VAS,0.46,neutro,1.79,2.06,0.625,34.5,desfavoravel,3.79,0.85,-36.7,1.159,1.2,0.183,0.813,0.275,0.264,0.47
146430,Justino,BOT,Zagueiro,3,3.24,-1.83,2.74,8,0.2,True,False,VIT,0.585,valor_bom,2.181,1.62,1.0,49.2,neutro,3.46,0.45,-30.9,0.6,0.509,0.2,1.067,0.65,0.277,0.475
97899,Matheus Bahia,INT,Lateral,7,7.54,0.33,4.32,14,7.4,True,True,REM,0.365,neutro,4.646,3.11,1.0,45.7,neutro,4.23,0.575,12.2,0.574,1.304,1.015,0.856,0.275,0.421,0.461
93371,Rodrigo Rodrigues,CFC,Atacante,6,3.28,0.0,-0.9,1,0.0,False,False,SAO,-1.366,armadilha_leve,0.627,0.0,0.125,36.1,desfavoravel,0.83,0.3,-17.5,0.489,1.214,0.646,1.176,0.4,0.368,0.48
105048,Jajá,REM,Atacante,7,7.63,0.89,5.59,18,10.2,True,False,INT,1.61,valor_oculto,5.375,2.65,1.0,54.5,neutro,4.51,0.5,-12.2,1.015,0.856,0.574,1.304,0.45,,0.461
104666,Moisés,SAN,Atacante,5,4.78,0.0,2.35,13,0.0,False,False,VAS,-0.498,neutro,2.305,0.73,1.0,54.4,neutro,2.45,0.8,-36.7,1.159,1.2,0.183,0.813,0.275,0.264,0.47
131964,Jhoan Hernández,BOT,Lateral,6,3.69,0.0,0.0,1,0.0,False,False,VIT,-0.787,armadilha_leve,1.682,0.0,0.125,48.7,neutro,2.03,0.45,-30.9,0.6,0.509,0.2,1.067,0.65,0.277,0.475
141595,Gabriel Mec,GRE,Atacante,6,4.45,0.0,2.82,14,0.0,False,False,CAM,0.051,neutro,2.606,1.68,1.0,64.7,neutro,2.84,0.95,-46.0,1.4,1.4,0.933,0.778,0.525,,0.467
124386,Kainã,CHA,Goleiro,6,1.0,0.0,0.0,0,0.0,False,True,BAH,0.266,neutro,0.0,0.0,0.0,36.5,neutro,0.37,0.25,-26.7,0.63,1.074,0.607,0.352,0.125,0.28,0.47
126189,Tomás Pérez,CAM,Meia,2,4.13,0.0,1.54,12,0.0,False,True,GRE,-0.397,neutro,1.729,1.54,1.0,68.5,neutro,2.48,0.475,46.0,0.933,0.778,1.4,1.4,0.65,0.507,0.467
109987,Medina,BOT,Meia,7,7.05,0.13,3.83,12,3.3,True,False,VIT,0.714,valor_bom,3.942,3.41,1.0,28.1,desfavoravel,3.4,0.1,-30.9,0.6,0.509,0.2,1.067,0.65,0.277,0.475
92747,Eduardo Domínguez,CAM,Técnico,7,10.3,-0.21,5.24,17,4.68,True,True,GRE,0.157,neutro,5.483,5.24,1.0,69.4,favoravel,4.0,0.475,46.0,0.933,0.778,1.4,1.4,0.65,0.507,0.467
104036,Labyad,COR,Meia,5,4.52,0.0,2.05,11,0.0,False,True,CRU,-0.276,neutro,2.034,0.69,1.0,72.6,neutro,2.89,0.7,7.8,1.65,0.44,1.027,0.568,0.775,0.414,
93368,Lucas Veríssimo,SAN,Zagueiro,5,8.63,0.0,4.01,12,0.0,False,False,VAS,0.155,neutro,3.935,3.01,1.0,34.5,desfavoravel,4.41,0.85,-36.7,1.159,1.2,0.183,0.813,0.275,0.264,0.47
133671,Gustavo Reis,RBB,Goleiro,6,1.0,0.0,0.0,0,0.0,False,False,CAP,0.266,neutro,0.0,0.0,0.0,33.0,desfavoravel,0.23,0.1,-32.1,1.131,0.764,1.027,0.232,0.475,0.23,0.424
101807,Oliva,SAN,Meia,7,6.17,-0.09,2.94,13,0.6,True,False,VAS,0.442,neutro,3.386,2.17,1.0,52.1,neutro,2.71,0.8,-36.7,1.159,1.2,0.183,0.813,0.275,0.264,0.47
147875,Daniel Silva,FLA,Zagueiro,6,1.0,0.0,0.0,0,0.0,False,False,MIR,0.282,neutro,0.0,0.0,0.0,58.0,neutro,1.26,0.675,9.1,1.185,0.467,1.05,0.98,0.775,,0.467
147545,Jefinho,GRE,Meia,6,1.46,0.0,1.5,1,0.0,False,False,CAM,0.981,valor_bom,1.078,1.5,0.125,62.4,neutro,2.2,0.95,-46.0,1.4,1.4,0.933,0.778,0.525,,0.467
142261,Jeferson,GRE,Atacante,6,1.0,0.0,0.0,0,0.0,False,False,CAM,0.571,valor_bom,0.0,0.0,0.0,64.7,neutro,1.54,0.95,-46.0,1.4,1.4,0.933,0.778,0.525,,0.467
143465,Keven Samuel,FLU,Atacante,6,1.0,0.0,0.0,0,0.0,False,True,PAL,0.571,valor_bom,0.0,0.0,0.0,34.9,neutro,0.31,0.05,0.0,0.568,0.677,1.042,0.825,0.5,0.662,0.527
139200,Pedro Kauã,INT,Zagueiro,6,1.0,0.0,0.0,0,0.0,False,True,REM,0.282,neutro,0.0,0.0,0.0,46.2,neutro,0.78,0.575,12.2,0.574,1.304,1.015,0.856,0.275,0.421,0.461
141400,Huguinho,BOT,Meia,7,5.99,0.0,5.2,4,0.0,False,False,VIT,1.687,valor_oculto,4.473,3.95,0.5,28.1,desfavoravel,2.07,0.1,-30.9,0.6,0.509,0.2,1.067,0.65,0.277,0.475
142275,Luiz Felipe,FLA,Meia,6,1.0,0.0,0.0,0,0.0,False,False,MIR,0.404,neutro,0.0,0.0,0.0,65.6,neutro,1.58,0.675,9.1,1.185,0.467,1.05,0.98,0.775,,0.467
100804,Tchamba,REM,Zagueiro,7,5.11,0.0,2.08,14,0.0,False,False,INT,-0.421,neutro,2.291,1.65,1.0,48.1,neutro,2.25,0.85,-12.2,1.015,0.856,0.574,1.304,0.45,,0.461
88963,Leonardo Jardim,FLA,Técnico,7,13.54,0.73,7.09,18,8.96,True,False,MIR,0.496,neutro,6.755,7.09,1.0,66.6,neutro,3.8,0.675,9.1,1.185,0.467,1.05,0.98,0.775,,0.467
93834,Keiller,CFC,Goleiro,6,4.0,0.0,0.0,0,0.0,False,False,SAO,-2.147,armadilha_forte,0.0,0.0,0.0,38.2,desfavoravel,0.44,0.15,-17.5,0.489,1.214,0.646,1.176,0.4,0.368,0.48
124424,Rodrigo Castillo,FLU,Atacante,6,7.87,0.89,3.86,13,6.4,True,True,PAL,0.233,neutro,4.253,1.63,1.0,34.9,neutro,2.85,0.05,0.0,0.568,0.677,1.042,0.825,0.5,0.662,0.527
129661,Wendel,BAH,Meia,6,1.0,0.0,0.0,0,0.0,False,False,CHA,0.404,neutro,0.0,0.0,0.0,66.7,neutro,1.62,1.0,26.7,0.607,0.352,0.63,1.074,0.55,,0.47
142260,Bernardo Zortea,GRE,Meia,6,0.77,0.0,0.13,3,0.0,False,False,CAM,1.592,valor_oculto,0.781,0.13,0.375,62.4,neutro,2.05,0.95,-46.0,1.4,1.4,0.933,0.778,0.525,,0.467
124219,Millán,FLU,Zagueiro,5,4.86,0.0,1.0,3,0.0,False,True,PAL,-0.392,neutro,2.207,1.0,0.375,53.1,neutro,2.5,0.0,0.0,0.568,0.677,1.042,0.825,0.5,0.662,0.527
81720,Lingard,COR,Atacante,7,4.2,-0.28,1.88,12,1.5,True,True,CRU,-0.453,neutro,2.021,1.46,1.0,75.4,neutro,2.97,0.7,7.8,1.65,0.44,1.027,0.568,0.775,0.414,
37457,Léo Condé,REM,Técnico,7,7.97,-0.03,4.72,18,3.95,True,False,INT,0.156,neutro,4.699,4.72,1.0,53.5,neutro,4.27,0.5,-12.2,1.015,0.856,0.574,1.304,0.45,,0.461
133690,Bruno Lopes,VAS,Atacante,6,1.57,0.0,1.7,1,0.0,False,True,SAN,0.742,valor_bom,0.916,1.7,0.125,65.6,favoravel,2.22,0.95,36.7,0.183,0.813,1.159,1.2,0.275,0.488,0.47
115537,Marcos Victor,BAH,Zagueiro,6,4.18,0.0,2.67,3,0.0,False,False,CHA,0.544,valor_bom,2.662,1.67,0.375,74.6,favoravel_visitante,5.15,0.75,26.7,0.607,0.352,0.63,1.074,0.55,,0.47
107093,Luciano Juba,BAH,Lateral,6,11.26,-0.66,7.3,18,4.7,True,False,CHA,1.309,valor_bom,6.659,3.69,1.0,74.5,favoravel_visitante,5.0,0.75,26.7,0.607,0.352,0.63,1.074,0.55,,0.47
147268,Anderson Pato,VIT,Atacante,5,3.12,0.0,1.38,4,0.0,False,True,BOT,-0.802,armadilha_leve,1.005,1.38,0.5,48.0,neutro,1.64,0.825,30.9,0.2,1.067,0.6,0.509,0.175,0.359,0.475
148125,Ryan Augusto,RBB,Lateral,6,3.78,0.0,3.7,5,0.0,False,False,CAP,0.148,neutro,2.588,3.1,0.625,32.8,desfavoravel,1.99,0.1,-32.1,1.131,0.764,1.027,0.232,0.475,0.23,0.424
140726,David Martins,BAH,Meia,6,0.65,0.0,-0.1,3,0.0,False,False,CHA,1.723,valor_oculto,0.718,0.0,0.375,66.7,neutro,2.19,1.0,26.7,0.607,0.352,0.63,1.074,0.55,,0.47
141752,Caio Valle,BOT,Meia,6,1.0,0.0,0.0,0,0.0,False,False,VIT,0.404,neutro,0.0,0.0,0.0,28.1,desfavoravel,0.03,0.1,-30.9,0.6,0.509,0.2,1.067,0.65,0.277,0.475
145659,Nicolas,SAO,Lateral,6,2.79,0.0,5.0,1,0.0,False,True,CFC,0.584,valor_bom,2.238,2.0,0.125,59.9,neutro,2.84,0.2,17.5,0.646,1.176,0.489,1.214,0.175,0.551,0.48
84268,Georgemy,MIR,Goleiro,6,3.0,0.0,0.0,0,0.0,False,True,FLA,-1.559,armadilha_forte,0.0,0.0,0.0,38.0,neutro,0.44,0.05,-9.1,1.05,0.98,1.185,0.467,0.5,0.246,0.467
95131,Gabriel Taliari,REM,Atacante,7,10.06,1.17,5.7,10,10.2,True,False,INT,0.706,valor_bom,5.341,2.5,1.0,54.5,neutro,3.25,0.5,-12.2,1.015,0.856,0.574,1.304,0.45,,0.461
141184,Walace Falcão,VAS,Zagueiro,6,1.0,0.0,0.0,0,0.0,False,True,SAN,0.282,neutro,0.0,0.0,0.0,65.3,favoravel,1.56,0.15,36.7,0.183,0.813,1.159,1.2,0.275,0.488,0.47
142257,Luis Eduardo,GRE,Zagueiro,6,1.45,0.0,-0.3,2,0.0,False,False,CAM,1.15,valor_bom,1.237,0.0,0.25,17.3,desfavoravel,0.52,0.35,-46.0,1.4,1.4,0.933,0.778,0.525,,0.467
121823,Kauê,COR,Goleiro,6,5.52,0.0,8.7,2,0.0,False,True,CRU,1.883,valor_oculto,5.044,6.2,0.25,59.0,neutro,4.46,0.35,7.8,1.65,0.44,1.027,0.568,0.775,0.414,
141594,Pedro Gabriel,GRE,Lateral,6,4.7,0.0,3.52,10,0.0,False,False,CAM,0.478,neutro,3.451,1.82,1.0,16.3,desfavoravel,2.06,0.35,-46.0,1.4,1.4,0.933,0.778,0.525,,0.467
110605,Vinícius Balieiro,CHA,Meia,7,3.62,0.0,1.84,5,0.0,False,True,BAH,0.133,neutro,1.946,1.84,0.625,26.6,neutro,1.41,0.475,-26.7,0.63,1.074,0.607,0.352,0.125,0.28,0.47
147192,Claudinho,CAP,Lateral,5,7.84,0.0,7.52,6,0.0,False,True,RBB,1.965,valor_oculto,6.203,5.19,0.75,72.0,favoravel,5.11,0.575,32.1,1.027,0.232,1.131,0.764,0.875,0.456,0.424
143252,Gean,VIT,Lateral,6,1.0,0.0,0.0,0,0.0,False,True,BOT,0.377,neutro,0.0,0.0,0.0,64.7,favoravel,1.54,0.1,30.9,0.2,1.067,0.6,0.509,0.175,0.359,0.475
127273,Artur Jorge,CRU,Técnico,7,12.0,-0.12,6.37,14,6.91,True,False,COR,0.382,neutro,6.235,6.37,1.0,39.7,desfavoravel,3.34,0.175,-7.8,1.027,0.568,1.65,0.44,0.75,0.382,
103347,Matheus Alexandre,REM,Lateral,7,4.19,0.06,1.92,11,1.5,True,False,INT,-0.896,armadilha_leve,1.909,1.1,1.0,47.6,neutro,2.08,0.85,-12.2,1.015,0.856,0.574,1.304,0.45,,0.461
102877,Gabriel Poveda,REM,Atacante,6,2.68,0.0,0.66,11,0.0,False,False,INT,-0.726,armadilha_leve,0.726,0.66,1.0,54.5,neutro,2.43,0.5,-12.2,1.015,0.856,0.574,1.304,0.45,,0.461
143153,Tarzia,VIT,Atacante,6,3.69,-0.38,2.97,15,1.7,True,True,BOT,0.698,valor_bom,2.714,1.57,1.0,48.0,neutro,2.44,0.825,30.9,0.2,1.067,0.6,0.509,0.175,0.359,0.475
149715,Rafael Gonzaga,SAN,Lateral,6,2.79,0.0,2.4,1,0.0,False,False,VAS,0.264,neutro,1.949,2.4,0.125,33.8,desfavoravel,1.61,0.85,-36.7,1.159,1.2,0.183,0.813,0.275,0.264,0.47
42411,Cuca,SAN,Técnico,7,9.82,-0.5,5.52,13,3.66,True,False,VAS,0.204,neutro,5.394,5.52,1.0,53.4,neutro,4.87,0.8,-36.7,1.159,1.2,0.183,0.813,0.275,0.264,0.47
130209,Renê,VIT,Atacante,7,8.44,-0.23,6.53,13,0.8,True,True,BOT,1.903,valor_oculto,5.906,3.07,1.0,48.0,neutro,2.83,0.825,30.9,0.2,1.067,0.6,0.509,0.175,0.359,0.475
123005,Sidney,BAH,Meia,6,1.0,0.0,0.0,0,0.0,False,False,CHA,0.404,neutro,0.0,0.0,0.0,66.7,neutro,1.62,1.0,26.7,0.607,0.352,0.63,1.074,0.55,,0.47
107256,Zé Vitor,VIT,Meia,2,5.29,-0.09,3.89,12,0.9,True,True,BOT,0.546,valor_bom,3.139,3.47,1.0,45.5,neutro,2.56,0.825,30.9,0.2,1.067,0.6,0.509,0.175,0.359,0.475
94034,Kevin Ramírez,CHA,Atacante,6,4.83,2.08,3.1,4,10.2,True,True,BAH,-0.28,neutro,2.522,1.85,0.5,29.1,neutro,1.63,0.475,-26.7,0.63,1.074,0.607,0.352,0.125,0.28,0.47
121811,Da Silva,CHA,Meia,6,3.0,0.0,0.0,0,0.0,False,True,BAH,-1.558,armadilha_forte,0.0,0.0,0.0,26.6,neutro,-0.03,0.475,-26.7,0.63,1.074,0.607,0.352,0.125,0.28,0.47
147560,Caio Suassuna,BAH,Atacante,6,2.64,0.0,2.0,1,0.0,False,False,CHA,-0.434,neutro,0.949,2.0,0.125,69.0,neutro,2.38,1.0,26.7,0.607,0.352,0.63,1.074,0.55,,0.47
123016,David Braga,REM,Meia,6,3.03,-0.11,1.26,8,0.5,True,False,INT,-0.347,neutro,1.142,1.26,1.0,52.2,neutro,2.14,0.5,-12.2,1.015,0.856,0.574,1.304,0.45,,0.461
130282,Anthony,BOT,Zagueiro,6,3.0,0.0,0.0,0,0.0,False,False,VIT,-1.879,armadilha_forte,0.0,0.0,0.0,49.2,neutro,0.9,0.45,-30.9,0.6,0.509,0.2,1.067,0.65,0.277,0.475
97905,Matheus Aurélio,CHA,Goleiro,6,2.61,0.0,1.7,2,0.0,False,True,BAH,1.072,valor_bom,2.518,1.7,0.25,36.5,neutro,1.84,0.25,-26.7,0.63,1.074,0.607,0.352,0.125,0.28,0.47
101820,Mayk,REM,Lateral,5,5.75,-0.28,3.27,14,-0.3,True,False,INT,-0.284,neutro,3.305,2.27,1.0,47.6,neutro,3.06,0.85,-12.2,1.015,0.856,0.574,1.304,0.45,,0.461
130309,Rodrigo Falcão,SAN,Goleiro,6,1.0,0.0,0.0,0,0.0,False,False,VAS,0.266,neutro,0.0,0.0,0.0,34.1,desfavoravel,0.28,0.85,-36.7,1.159,1.2,0.183,0.813,0.275,0.264,0.47
149993,Iago Machado,COR,Zagueiro,6,1.0,0.0,0.0,0,0.0,False,True,CRU,0.282,neutro,0.0,0.0,0.0,59.0,neutro,1.3,0.35,7.8,1.65,0.44,1.027,0.568,0.775,0.414,
124264,Kauan Jesus,INT,Goleiro,6,1.0,0.0,0.0,0,0.0,False,True,REM,0.266,neutro,0.0,0.0,0.0,46.0,neutro,0.77,0.575,12.2,0.574,1.304,1.015,0.856,0.275,0.421,0.461
149990,Franclim Carvalho,BOT,Técnico,7,11.22,-0.6,5.22,10,4.35,True,False,VIT,0.01,neutro,5.567,5.22,1.0,29.9,desfavoravel,3.69,0.1,-30.9,0.6,0.509,0.2,1.067,0.65,0.277,0.475
148717,Tetê,SAO,Atacante,6,0.65,0.0,-0.4,4,0.0,False,True,CFC,1.711,valor_oculto,0.412,0.0,0.5,57.2,neutro,1.68,0.6,17.5,0.646,1.176,0.489,1.214,0.175,0.551,0.48
149991,David,CFC,Atacante,6,0.92,0.0,0.0,1,0.0,False,False,SAO,1.543,valor_oculto,0.727,0.0,0.125,36.1,desfavoravel,0.9,0.3,-17.5,0.489,1.214,0.646,1.176,0.4,0.368,0.48
147089,Cauã Soares,CAM,Atacante,6,1.24,0.0,0.64,5,0.0,False,True,GRE,1.031,valor_bom,0.749,0.64,0.625,71.9,favoravel,2.45,0.475,46.0,0.933,0.778,1.4,1.4,0.65,0.507,0.467
141405,Avellar,VAS,Lateral,6,1.49,0.0,1.5,1,0.0,False,True,SAN,1.645,valor_oculto,1.849,1.5,0.125,65.0,favoravel,2.79,0.15,36.7,0.183,0.813,1.159,1.2,0.275,0.488,0.47
130399,Igor Felisberto,SAO,Lateral,6,1.0,0.0,0.0,0,0.0,False,True,CFC,0.377,neutro,0.0,0.0,0.0,59.9,neutro,1.34,0.2,17.5,0.646,1.176,0.489,1.214,0.175,0.551,0.48
85465,Alex Santana,COR,Meia,5,4.02,0.0,0.8,1,0.0,False,True,CRU,-0.175,neutro,1.878,0.8,0.125,72.6,neutro,3.12,0.7,7.8,1.65,0.44,1.027,0.568,0.775,0.414,
141795,Kauan Coutinho,VIT,Zagueiro,6,1.0,0.0,0.0,0,0.0,False,True,BOT,0.282,neutro,0.0,0.0,0.0,65.0,favoravel,1.55,0.1,30.9,0.2,1.067,0.6,0.509,0.175,0.359,0.475
149994,Jhuan Nunes,RBB,Atacante,6,1.83,0.0,2.3,1,0.0,False,False,CAP,0.481,neutro,0.982,2.3,0.125,27.2,desfavoravel,0.71,0.05,-32.1,1.131,0.764,1.027,0.232,0.475,0.23,0.424
150757,Samuel Pierri,SAN,Meia,6,1.88,0.0,0.45,2,0.0,False,False,VAS,0.353,neutro,0.91,0.45,0.25,52.1,neutro,1.69,0.8,-36.7,1.159,1.2,0.183,0.813,0.275,0.264,0.47
150180,Ramon Rique,VAS,Meia,6,2.93,-0.26,2.83,4,1.2,True,True,SAN,0.247,neutro,1.627,1.58,0.5,62.3,favoravel,2.5,0.95,36.7,0.183,0.813,1.159,1.2,0.275,0.488,0.47
146701,Benjamin Arhin,INT,Meia,5,1.73,0.0,-0.3,1,0.0,False,True,REM,0.47,neutro,0.878,0.0,0.125,55.7,neutro,1.79,0.9,12.2,0.574,1.304,1.015,0.856,0.275,0.421,0.461
143253,Wendell,VIT,Meia,6,2.0,0.0,0.0,0,0.0,False,True,BOT,-0.744,armadilha_leve,0.0,0.0,0.0,45.5,neutro,0.75,0.825,30.9,0.2,1.067,0.6,0.509,0.175,0.359,0.475
143255,Kauan Vitor,VIT,Lateral,6,1.0,0.0,0.0,0,0.0,False,True,BOT,0.377,neutro,0.0,0.0,0.0,64.7,favoravel,1.54,0.1,30.9,0.2,1.067,0.6,0.509,0.175,0.359,0.475
150825,Breno,RBB,Zagueiro,6,2.8,0.0,3.35,2,0.0,False,False,CAP,0.667,valor_bom,1.967,1.85,0.25,33.5,desfavoravel,1.63,0.1,-32.1,1.131,0.764,1.027,0.232,0.475,0.23,0.424
150826,Nícollas,COR,Atacante,6,1.0,0.0,0.0,0,0.0,False,True,CRU,0.571,valor_bom,0.0,0.0,0.0,75.4,favoravel,1.98,0.7,7.8,1.65,0.44,1.027,0.568,0.775,0.414,
145660,Luiz Felipe,INT,Lateral,6,1.65,0.0,1.45,2,0.0,False,True,REM,1.374,valor_bom,1.804,1.45,0.25,45.7,neutro,1.99,0.575,12.2,0.574,1.304,1.015,0.856,0.275,0.421,0.461
130233,Iuri,BAH,Goleiro,6,1.0,0.0,0.0,0,0.0,False,False,CHA,0.266,neutro,0.0,0.0,0.0,74.8,favoravel_visitante,1.96,0.75,26.7,0.607,0.352,0.63,1.074,0.55,,0.47
132750,João Pedro,SAN,Goleiro,6,1.0,0.0,0.0,0,0.0,False,False,VAS,0.266,neutro,0.0,0.0,0.0,34.1,desfavoravel,0.28,0.85,-36.7,1.159,1.2,0.183,0.813,0.275,0.264,0.47
142868,Johnny,FLA,Lateral,6,1.0,0.0,0.0,0,0.0,False,False,MIR,0.377,neutro,0.0,0.0,0.0,57.6,neutro,1.25,0.675,9.1,1.185,0.467,1.05,0.98,0.775,,0.467
141606,Hugo Leonardo,SAO,Meia,6,0.91,0.0,0.0,1,0.0,False,True,CFC,1.517,valor_oculto,0.911,0.0,0.125,53.6,neutro,1.73,0.6,17.5,0.646,1.176,0.489,1.214,0.175,0.551,0.48
129665,Pablo,VAS,Goleiro,6,1.0,0.0,0.0,0,0.0,False,True,SAN,0.266,neutro,0.0,0.0,0.0,65.4,favoravel,1.57,0.15,36.7,0.183,0.813,1.159,1.2,0.275,0.488,0.47
144898,Vitinho,CAP,Lateral,6,1.0,0.0,0.0,0,0.0,False,True,RBB,0.377,neutro,0.0,0.0,0.0,72.0,favoravel,1.84,0.575,32.1,1.027,0.232,1.131,0.764,0.875,0.456,0.424
147792,Koné,PAL,Zagueiro,6,2.0,0.0,0.0,0,0.0,False,False,FLU,-0.982,armadilha_leve,0.0,0.0,0.0,54.6,neutro,1.12,0.225,0.0,1.042,0.825,0.568,0.677,0.65,0.149,0.527
148092,Vitor Ramon,GRE,Lateral,6,1.0,0.0,0.2,1,0.0,False,False,CAM,2.263,valor_oculto,1.705,0.2,0.125,16.3,desfavoravel,0.75,0.35,-46.0,1.4,1.4,0.933,0.778,0.525,,0.467
150959,Davizinho,SAN,Lateral,7,0.81,0.0,0.0,2,0.0,False,False,VAS,2.406,valor_oculto,1.514,0.0,0.25,33.8,desfavoravel,1.35,0.85,-36.7,1.159,1.2,0.183,0.813,0.275,0.264,0.47
141382,Gustavo Santana,SAO,Atacante,6,1.81,-0.19,0.0,1,0.0,True,True,CFC,0.215,neutro,0.727,0.0,0.125,57.2,neutro,1.76,0.6,17.5,0.646,1.176,0.489,1.214,0.175,0.551,0.48
150952,Arthur Monteiro,CAP,Lateral,6,1.0,0.0,0.0,0,0.0,False,True,RBB,0.377,neutro,0.0,0.0,0.0,72.0,favoravel,1.84,0.575,32.1,1.027,0.232,1.131,0.764,0.875,0.456,0.424
131766,Filipinho,RBB,Atacante,6,1.0,0.0,0.0,0,0.0,False,False,CAP,0.571,valor_bom,0.0,0.0,0.0,27.2,desfavoravel,-0.01,0.05,-32.1,1.131,0.764,1.027,0.232,0.475,0.23,0.424
144255,João Alencar,SAN,Zagueiro,6,1.0,0.0,0.0,0,0.0,False,False,VAS,0.282,neutro,0.0,0.0,0.0,34.5,desfavoravel,0.29,0.85,-36.7,1.159,1.2,0.183,0.813,0.275,0.264,0.47
148126,Weimar Palacios,RBB,Zagueiro,6,1.0,0.0,0.0,0,0.0,False,False,CAP,0.282,neutro,0.0,0.0,0.0,33.5,desfavoravel,0.25,0.1,-32.1,1.131,0.764,1.027,0.232,0.475,0.23,0.424
147877,Cauan Farias,VIT,Zagueiro,6,1.0,0.0,0.0,0,0.0,False,True,BOT,0.282,neutro,0.0,0.0,0.0,65.0,favoravel,1.55,0.1,30.9,0.2,1.067,0.6,0.509,0.175,0.359,0.475
130279,Lukas Zuccarello,VAS,Meia,6,2.32,0.0,1.3,1,0.0,False,True,SAN,0.107,neutro,1.055,1.3,0.125,62.3,favoravel,2.18,0.95,36.7,0.183,0.813,1.159,1.2,0.275,0.488,0.47
132553,Jemmes,FLU,Zagueiro,7,6.82,-0.56,3.62,15,3.5,True,True,PAL,0.507,valor_bom,3.69,2.69,1.0,53.1,neutro,2.95,0.0,0.0,0.568,0.677,1.042,0.825,0.5,0.662,0.527
147544,Gabriel Menegon,GRE,Goleiro,6,1.81,0.0,0.0,1,0.0,False,False,CAM,2.509,valor_oculto,3.347,0.0,0.125,16.5,desfavoravel,1.87,0.35,-46.0,1.4,1.4,0.933,0.778,0.525,,0.467
147736,Pepê Fermino,SAN,Meia,5,1.0,0.0,0.0,0,0.0,False,False,VAS,0.404,neutro,0.0,0.0,0.0,52.1,neutro,1.02,0.8,-36.7,1.159,1.2,0.183,0.813,0.275,0.264,0.47
145703,Kaio Nóbrega,FLA,Meia,6,1.0,0.0,0.0,0,0.0,False,False,MIR,0.404,neutro,0.0,0.0,0.0,65.6,neutro,1.58,0.675,9.1,1.185,0.467,1.05,0.98,0.775,,0.467
141536,Yuri Alves,RBB,Meia,6,1.48,0.48,1.5,1,1.5,True,False,CAP,0.958,valor_bom,1.078,1.5,0.125,24.7,desfavoravel,0.67,0.05,-32.1,1.131,0.764,1.027,0.232,0.475,0.23,0.424
141125,Robert,CAM,Goleiro,6,1.0,0.0,0.0,0,0.0,False,True,GRE,0.266,neutro,0.0,0.0,0.0,67.2,favoravel,1.64,0.9,46.0,0.933,0.778,1.4,1.4,0.65,0.507,0.467
151003,Eduardo,PAL,Atacante,6,1.0,0.0,0.0,0,0.0,False,False,FLU,0.571,valor_bom,0.0,0.0,0.0,51.3,neutro,0.99,0.425,0.0,1.042,0.825,0.568,0.677,0.65,0.149,0.527
144889,Victor Gabriel,PAL,Meia,6,1.0,0.0,0.0,0,0.0,False,False,FLU,0.404,neutro,0.0,0.0,0.0,49.0,neutro,0.89,0.425,0.0,1.042,0.825,0.568,0.677,0.65,0.149,0.527
107203,Max,CHA,Meia,5,4.39,-0.51,1.85,2,0.5,True,True,BAH,-0.267,neutro,1.98,1.85,0.25,26.6,neutro,1.85,0.475,-26.7,0.63,1.074,0.607,0.352,0.125,0.28,0.47
97101,Gabriel Rojas,CRU,Lateral,6,6.83,-1.38,3.85,4,0.5,True,False,COR,-0.565,armadilha_leve,3.527,3.1,0.5,39.0,desfavoravel,2.74,0.95,-7.8,1.027,0.568,1.65,0.44,0.75,0.382,
145413,Rafael Coutinho,PAL,Meia,6,1.0,0.0,0.0,0,0.0,False,False,FLU,0.404,neutro,0.0,0.0,0.0,49.0,neutro,0.89,0.425,0.0,1.042,0.825,0.568,0.677,0.65,0.149,0.527
130307,Wallace,GRE,Zagueiro,7,6.08,3.08,8.7,1,8.7,True,False,CAM,1.634,valor_oculto,4.364,2.7,0.125,17.3,desfavoravel,3.22,0.35,-46.0,1.4,1.4,0.933,0.778,0.525,,0.467
37715,Thiago Silva,FLU,Zagueiro,6,7.07,0.0,2.5,2,0.0,False,True,PAL,0.249,neutro,3.558,1.0,0.25,53.1,neutro,3.35,0.0,0.0,0.568,0.677,1.042,0.825,0.5,0.662,0.527
94214,Léo Duarte,CAM,Zagueiro,5,5.0,0.0,0.0,0,0.0,False,True,GRE,-3.143,armadilha_forte,0.0,0.0,0.0,67.0,neutro,1.63,0.9,46.0,0.933,0.778,1.4,1.4,0.65,0.507,0.467
114208,Alejo Véliz,BAH,Atacante,7,4.01,-0.72,0.67,3,-0.3,True,False,CHA,-0.568,armadilha_leve,1.807,0.67,0.375,69.0,neutro,2.96,1.0,26.7,0.607,0.352,0.63,1.074,0.55,,0.47
108946,Victor Sá,SAO,Atacante,6,4.32,-0.77,0.3,3,0.0,True,True,CFC,-0.892,armadilha_leve,1.706,0.3,0.375,57.2,neutro,2.37,0.6,17.5,0.646,1.176,0.489,1.214,0.175,0.551,0.48
98617,Maripán,INT,Zagueiro,7,4.74,0.4,1.92,4,4.7,True,True,REM,-0.078,neutro,2.413,1.17,0.5,46.2,neutro,3.19,0.575,12.2,0.574,1.304,1.015,0.856,0.275,0.421,0.461
146663,Kauan Lima,PAL,Goleiro,6,1.0,0.0,0.0,0,0.0,False,False,FLU,0.266,neutro,0.0,0.0,0.0,54.5,neutro,1.12,0.225,0.0,1.042,0.825,0.568,0.677,0.65,0.149,0.527
151120,Jorge Rivaldo,CAP,Atacante,6,4.42,0.0,-0.3,1,0.0,False,True,RBB,-0.678,armadilha_leve,1.951,0.0,0.125,55.3,neutro,2.47,0.2,32.1,1.027,0.232,1.131,0.764,0.875,0.456,0.424
106907,Rafael Lacerda,CHA,Técnico,7,7.72,-0.32,3.34,3,3.15,True,True,BAH,-0.094,neutro,4.295,3.34,0.375,28.5,neutro,2.54,0.475,-26.7,0.63,1.074,0.607,0.352,0.125,0.28,0.47
102310,Matheus Felipe,REM,Zagueiro,6,4.14,-0.51,2.7,2,0.5,True,False,INT,0.575,valor_bom,2.668,1.2,0.25,48.1,neutro,2.62,0.85,-12.2,1.015,0.856,0.574,1.304,0.45,,0.461
130443,Luciano,CHA,Zagueiro,6,1.0,0.0,0.0,0,0.0,False,True,BAH,0.282,neutro,0.0,0.0,0.0,36.9,neutro,0.39,0.25,-26.7,0.63,1.074,0.607,0.352,0.125,0.28,0.47
120681,Marco Moreno,BAH,Zagueiro,6,4.0,0.0,0.0,0,0.0,False,False,CHA,-2.575,armadilha_forte,0.0,0.0,0.0,74.6,neutro,1.95,0.75,26.7,0.607,0.352,0.63,1.074,0.55,,0.47
124369,Léo Aragão,CRU,Goleiro,5,2.0,0.0,0.0,0,0.0,False,False,COR,-0.802,armadilha_leve,0.0,0.0,0.0,39.3,desfavoravel,0.49,0.95,-7.8,1.027,0.568,1.65,0.44,0.75,0.382,
103626,Ocampo,CFC,Atacante,6,4.51,-0.57,1.1,3,0.0,True,False,SAO,-0.766,armadilha_leve,1.924,1.1,0.375,36.1,desfavoravel,1.71,0.3,-17.5,0.489,1.214,0.646,1.176,0.4,0.368,0.48
99267,Pochettino,VIT,Meia,6,5.21,-0.62,1.23,3,0.5,True,True,BOT,-0.863,armadilha_leve,1.799,1.23,0.375,45.5,neutro,1.98,0.825,30.9,0.2,1.067,0.6,0.509,0.175,0.359,0.475
117061,Gabriel Knesowitsch,MIR,Zagueiro,6,2.25,-0.19,-0.03,3,0.0,True,True,FLA,0.189,neutro,1.171,0.0,0.375,38.4,neutro,0.92,0.05,-9.1,1.05,0.98,1.185,0.467,0.5,0.246,0.467
112985,Peralta,CRU,Meia,5,4.0,0.0,0.0,0,0.0,False,False,COR,-2.19,armadilha_forte,0.0,0.0,0.0,38.1,desfavoravel,0.44,0.175,-7.8,1.027,0.568,1.65,0.44,0.75,0.382,
151294,Juan Ferreira,CHA,Meia,6,1.0,0.0,0.0,0,0.0,False,True,BAH,0.404,neutro,0.0,0.0,0.0,26.6,neutro,-0.03,0.475,-26.7,0.63,1.074,0.607,0.352,0.125,0.28,0.47
105901,Edson Fernando,REM,Meia,6,2.62,0.0,-0.3,1,0.0,False,False,INT,-0.328,neutro,0.878,0.0,0.125,52.2,neutro,1.65,0.5,-12.2,1.015,0.856,0.574,1.304,0.45,,0.461
106199,Gabriel Pec,CRU,Atacante,5,7.94,0.0,4.1,1,0.0,False,False,COR,0.834,valor_bom,4.803,4.1,0.125,40.7,neutro,3.77,0.175,-7.8,1.027,0.568,1.65,0.44,0.75,0.382,
141763,Fabiano Souza,VIT,Lateral,7,3.85,-0.04,0.23,3,1.3,True,True,BOT,-1.175,armadilha_leve,1.439,0.23,0.375,64.7,neutro,4.36,0.1,30.9,0.2,1.067,0.6,0.509,0.175,0.359,0.475
101995,Brítez,VIT,Zagueiro,6,5.26,0.26,2.1,2,3.0,True,True,BOT,-0.185,neutro,2.548,2.1,0.25,65.0,neutro,4.43,0.1,30.9,0.2,1.067,0.6,0.509,0.175,0.359,0.475
123445,Dantas,CAP,Zagueiro,6,5.1,0.1,1.5,1,1.5,True,True,RBB,-0.125,neutro,2.531,1.5,0.125,72.1,neutro,3.51,0.575,32.1,1.027,0.232,1.131,0.764,0.875,0.456,0.424
109114,Matheus Nascimento,GRE,Atacante,6,4.0,0.0,0.0,0,0.0,False,False,CAM,-2.624,armadilha_forte,0.0,0.0,0.0,64.7,neutro,1.54,0.95,-46.0,1.4,1.4,0.933,0.778,0.525,,0.467
128177,Pedro Emanuel,VAS,Técnico,7,11.37,0.75,5.8,2,7.3,True,True,SAN,0.295,neutro,5.96,5.8,0.25,63.3,favoravel,5.16,0.95,36.7,0.183,0.813,1.159,1.2,0.275,0.488,0.47
99034,Elias,MIR,Lateral,6,3.41,0.41,1.8,1,1.8,True,True,FLA,-0.348,neutro,1.882,1.8,0.125,37.8,neutro,1.73,0.05,-9.1,1.05,0.98,1.185,0.467,0.5,0.246,0.467
103967,Bruno Santos,MIR,Atacante,7,3.32,-0.04,0.6,3,1.4,True,True,FLA,-1.249,armadilha_leve,0.758,0.6,0.375,34.4,neutro,1.01,0.1,-9.1,1.05,0.98,1.185,0.467,0.5,0.246,0.467
103562,Guido Herrera,BAH,Goleiro,6,6.0,0.0,0.0,0,0.0,False,False,CHA,-3.033,armadilha_forte,0.0,0.0,0.0,74.8,neutro,1.96,0.75,26.7,0.607,0.352,0.63,1.074,0.55,,0.47
122121,Túlio Eduardo,CHA,Atacante,7,6.35,3.35,9.4,1,9.4,True,True,BAH,2.189,valor_oculto,5.392,1.4,0.125,29.1,neutro,3.72,0.475,-26.7,0.63,1.074,0.607,0.352,0.125,0.28,0.47
91130,Fernandinho,MIR,Atacante,2,4.94,0.83,4.15,2,4.8,True,True,FLA,-0.238,neutro,2.616,4.15,0.25,34.4,neutro,2.07,0.1,-9.1,1.05,0.98,1.185,0.467,0.5,0.246,0.467
126996,Paulinho,VAS,Lateral,6,4.0,0.0,0.0,0,0.0,False,True,SAN,-2.876,armadilha_forte,0.0,0.0,0.0,65.0,neutro,1.55,0.15,36.7,0.183,0.813,1.159,1.2,0.275,0.488,0.47
113558,Bruninho,RBB,Meia,6,4.0,0.0,0.0,0,0.0,False,False,CAP,-2.19,armadilha_forte,0.0,0.0,0.0,24.7,desfavoravel,-0.11,0.05,-32.1,1.131,0.764,1.027,0.232,0.475,0.23,0.424
101352,Bruno Matias,CHA,Meia,6,3.21,0.99,1.23,3,4.5,True,True,BAH,-0.537,armadilha_leve,1.081,1.23,0.375,26.6,neutro,0.82,0.475,-26.7,0.63,1.074,0.607,0.352,0.125,0.28,0.47
91204,Warleson,BOT,Goleiro,2,6.32,0.19,7.45,2,3.9,True,False,VIT,1.343,valor_bom,4.794,4.95,0.25,49.0,neutro,3.97,0.45,-30.9,0.6,0.509,0.2,1.067,0.65,0.277,0.475
151404,Lucas Emanuel,BOT,Atacante,6,1.45,0.45,1.4,1,1.4,True,False,VIT,0.87,valor_bom,0.882,1.4,0.125,30.5,desfavoravel,0.77,0.1,-30.9,0.6,0.509,0.2,1.067,0.65,0.277,0.475
146833,Cléber Lucas,BOT,Goleiro,6,1.0,0.0,0.0,0,0.0,False,False,VIT,0.266,neutro,0.0,0.0,0.0,49.0,neutro,0.89,0.45,-30.9,0.6,0.509,0.2,1.067,0.65,0.277,0.475
124483,Lucas Monzón,BOT,Zagueiro,7,4.0,0.0,0.0,0,0.0,False,False,VIT,-2.575,armadilha_forte,0.0,0.0,0.0,49.2,neutro,0.9,0.45,-30.9,0.6,0.509,0.2,1.067,0.65,0.277,0.475
151406,Herick,BOT,Zagueiro,6,1.0,0.0,0.0,0,0.0,False,False,VIT,0.282,neutro,0.0,0.0,0.0,49.2,neutro,0.9,0.45,-30.9,0.6,0.509,0.2,1.067,0.65,0.277,0.475
97450,Gustavo Mosquito,MIR,Atacante,6,4.99,0.0,1.65,2,0.0,False,True,FLA,-0.838,armadilha_leve,2.116,1.65,0.25,34.4,neutro,2.43,0.1,-9.1,1.05,0.98,1.185,0.467,0.5,0.246,0.467
151405,Victor Hugo,BOT,Meia,6,1.0,0.0,0.0,0,0.0,False,False,VIT,0.404,neutro,0.0,0.0,0.0,28.1,desfavoravel,0.03,0.1,-30.9,0.6,0.509,0.2,1.067,0.65,0.277,0.475
122321,Lorran,FLA,Meia,6,8.0,-1.16,5.93,3,-0.7,True,False,MIR,1.115,valor_bom,4.606,4.26,0.375,65.6,neutro,4.27,0.675,9.1,1.185,0.467,1.05,0.98,0.775,,0.467
141339,Paulo Roberto,CFC,Atacante,6,3.54,0.0,4.1,2,0.0,False,False,SAO,0.688,valor_bom,2.606,0.1,0.25,36.1,desfavoravel,2.13,0.3,-17.5,0.489,1.214,0.646,1.176,0.4,0.368,0.48
91626,Paulinho,BOT,Lateral,6,4.4,-0.6,-0.3,1,-0.3,True,False,VIT,0.124,neutro,2.958,0.0,0.125,48.7,neutro,2.87,0.45,-30.9,0.6,0.509,0.2,1.067,0.65,0.277,0.475
98333,Gabriel Batista,BOT,Goleiro,2,3.0,0.0,0.0,0,0.0,False,False,VIT,-1.559,armadilha_forte,0.0,0.0,0.0,49.0,neutro,0.89,0.45,-30.9,0.6,0.509,0.2,1.067,0.65,0.277,0.475
118806,Buta,SAO,Lateral,6,5.0,0.0,0.0,0,0.0,False,True,CFC,-3.523,armadilha_forte,0.0,0.0,0.0,59.9,neutro,1.34,0.2,17.5,0.646,1.176,0.489,1.214,0.175,0.551,0.48
109573,Martinelli,FLU,Meia,7,5.27,0.0,1.76,14,0.0,False,True,PAL,-0.833,armadilha_leve,1.852,1.4,1.0,31.3,neutro,2.09,0.05,0.0,0.568,0.677,1.042,0.825,0.5,0.662,0.527
151436,Miguel Bilong,PAL,Atacante,6,2.0,0.0,0.0,0,0.0,False,False,FLU,-0.843,armadilha_leve,0.0,0.0,0.0,51.3,neutro,0.99,0.425,0.0,1.042,0.825,0.568,0.677,0.65,0.149,0.527
146624,Heittor,PAL,Atacante,6,1.17,0.0,0.55,2,0.0,False,False,FLU,1.158,valor_bom,0.764,0.55,0.25,51.3,neutro,1.57,0.425,0.0,1.042,0.825,0.568,0.677,0.65,0.149,0.527
115247,Kaique,PAL,Goleiro,6,1.0,0.0,0.0,0,0.0,False,False,FLU,0.266,neutro,0.0,0.0,0.0,54.5,neutro,1.12,0.225,0.0,1.042,0.825,0.568,0.677,0.65,0.149,0.527
131762,Isac,SAO,Zagueiro,6,1.0,0.0,0.0,0,0.0,False,True,CFC,0.282,neutro,0.0,0.0,0.0,60.3,favoravel,1.36,0.2,17.5,0.646,1.176,0.489,1.214,0.175,0.551,0.48
146964,Filipe Sirio,INT,Goleiro,6,1.0,0.0,0.0,0,0.0,False,True,REM,0.266,neutro,0.0,0.0,0.0,46.0,neutro,0.77,0.575,12.2,0.574,1.304,1.015,0.856,0.275,0.421,0.461
144424,Vitor Lamounier,CRU,Goleiro,6,2.0,0.0,0.0,0,0.0,False,False,COR,-0.802,armadilha_leve,0.0,0.0,0.0,39.3,desfavoravel,0.49,0.95,-7.8,1.027,0.568,1.65,0.44,0.75,0.382,
151412,Kássio,CHA,Atacante,6,1.49,0.0,1.5,1,0.0,False,True,BAH,0.826,valor_bom,0.893,1.5,0.125,29.1,neutro,0.72,0.475,-26.7,0.63,1.074,0.607,0.352,0.125,0.28,0.47
151440,Gutte,CAM,Meia,6,1.0,0.0,0.0,0,0.0,False,True,GRE,0.404,neutro,0.0,0.0,0.0,68.5,favoravel,1.7,0.475,46.0,0.933,0.778,1.4,1.4,0.65,0.507,0.467
150841,Fabricio Prado,INT,Atacante,6,1.0,0.0,0.0,0,0.0,False,True,REM,0.571,valor_bom,0.0,0.0,0.0,58.5,neutro,1.28,0.9,12.2,0.574,1.304,1.015,0.856,0.275,0.421,0.461
122670,Diego Caito,GRE,Lateral,7,5.82,-0.36,5.35,2,1.9,True,False,CAM,0.185,neutro,3.762,2.35,0.25,16.3,desfavoravel,2.88,0.35,-46.0,1.4,1.4,0.933,0.778,0.525,,0.467
147468,Wellington,CHA,Goleiro,6,1.0,0.0,0.0,0,0.0,False,True,BAH,0.266,neutro,0.0,0.0,0.0,36.5,neutro,0.37,0.25,-26.7,0.63,1.074,0.607,0.352,0.125,0.28,0.47
93637,Bruno Tubarão,CHA,Lateral,6,3.17,0.0,1.1,1,0.0,False,True,BAH,-0.234,neutro,1.805,1.1,0.125,36.2,neutro,2.26,0.25,-26.7,0.63,1.074,0.607,0.352,0.125,0.28,0.47
114801,Danilo Pereira,BOT,Atacante,6,4.98,-0.02,1.2,1,1.2,True,False,VIT,-0.83,armadilha_leve,2.118,1.2,0.125,30.5,desfavoravel,1.6,0.1,-30.9,0.6,0.509,0.2,1.067,0.65,0.277,0.475
141160,Zé Lucas,CRU,Meia,7,6.54,0.54,2.9,1,2.9,True,False,COR,0.936,valor_bom,3.976,2.9,0.125,38.1,desfavoravel,3.12,0.175,-7.8,1.027,0.568,1.65,0.44,0.75,0.382,
144976,Domingos Andrade,BOT,Meia,6,5.0,0.0,0.0,0,0.0,False,False,VIT,-2.706,armadilha_forte,0.0,0.0,0.0,28.1,desfavoravel,0.03,0.1,-30.9,0.6,0.509,0.2,1.067,0.65,0.277,0.475
109097,Jovane Cabral,GRE,Atacante,2,8.34,-0.32,4.35,2,2.9,True,False,CAM,0.658,valor_bom,4.783,1.85,0.25,64.7,neutro,4.78,0.95,-46.0,1.4,1.4,0.933,0.778,0.525,,0.467
106950,Fernando,CHA,Lateral,7,4.38,-0.31,3.1,2,1.2,True,True,BAH,0.529,valor_bom,3.312,3.1,0.25,36.2,neutro,3.32,0.25,-26.7,0.63,1.074,0.607,0.352,0.125,0.28,0.47
95541,Gustavo Cazonatti,MIR,Meia,6,3.88,1.16,2.55,2,5.1,True,True,FLA,0.166,neutro,2.12,2.55,0.25,32.0,neutro,1.44,0.1,-9.1,1.05,0.98,1.185,0.467,0.5,0.246,0.467
151292,Felipe Morais,CRU,Meia,6,1.96,0.0,2.7,1,0.0,False,False,COR,0.601,valor_bom,1.211,2.7,0.125,38.1,desfavoravel,1.3,0.175,-7.8,1.027,0.568,1.65,0.44,0.75,0.382,
127871,Vargas,CAP,Atacante,6,7.23,-0.77,0.0,1,0.0,True,True,RBB,0.603,valor_bom,4.348,0.0,0.125,55.3,neutro,4.03,0.2,32.1,1.027,0.232,1.131,0.764,0.875,0.456,0.424
109461,Calebe,INT,Meia,6,5.63,0.0,0.5,1,0.0,False,True,REM,1.012,valor_bom,3.709,0.5,0.125,55.7,neutro,3.09,0.9,12.2,0.574,1.304,1.015,0.856,0.275,0.421,0.461
147878,Alejandro,VIT,Meia,6,2.0,0.0,0.0,0,0.0,False,True,BOT,-0.744,armadilha_leve,0.0,0.0,0.0,45.5,neutro,0.75,0.825,30.9,0.2,1.067,0.6,0.509,0.175,0.359,0.475
117314,Thiago Borbas,CAM,Atacante,6,3.5,-0.5,-0.3,1,-0.3,True,True,GRE,-0.029,neutro,1.951,0.0,0.125,71.9,neutro,3.14,0.475,46.0,0.933,0.778,1.4,1.4,0.65,0.507,0.467
106313,Domingos Duarte,SAO,Zagueiro,7,5.0,0.0,0.0,0,0.0,False,True,CFC,-3.143,armadilha_forte,0.0,0.0,0.0,60.3,neutro,1.36,0.2,17.5,0.646,1.176,0.489,1.214,0.175,0.551,0.48
141344,Vitor Tissi,CFC,Meia,6,1.01,0.0,0.35,2,0.0,False,False,SAO,1.35,valor_bom,0.89,0.35,0.25,33.5,desfavoravel,0.94,0.3,-17.5,0.489,1.214,0.646,1.176,0.4,0.368,0.48
147201,João Kempes,INT,Meia,6,2.0,0.0,0.0,0,0.0,False,True,REM,-0.744,armadilha_leve,0.0,0.0,0.0,55.7,neutro,1.17,0.9,12.2,0.574,1.304,1.015,0.856,0.275,0.421,0.461
142764,Franco Rossi,CHA,Atacante,7,3.17,0.17,1.2,1,1.2,True,True,BAH,-1.009,armadilha_leve,0.86,1.2,0.125,29.1,neutro,0.7,0.475,-26.7,0.63,1.074,0.607,0.352,0.125,0.28,0.47
117909,Wesley,CRU,Atacante,7,10.9,2.9,9.5,1,9.5,True,False,COR,0.522,valor_bom,5.403,1.5,0.125,40.7,neutro,4.16,0.175,-7.8,1.027,0.568,1.65,0.44,0.75,0.382,
130444,Rodrigo,CHA,Atacante,6,1.0,0.0,0.0,0,0.0,False,True,BAH,0.571,valor_bom,0.0,0.0,0.0,29.1,neutro,0.07,0.475,-26.7,0.63,1.074,0.607,0.352,0.125,0.28,0.47
100596,Krovinovic,GRE,Meia,2,5.0,0.0,0.0,0,0.0,False,False,CAM,-2.706,armadilha_forte,0.0,0.0,0.0,62.4,neutro,1.44,0.95,-46.0,1.4,1.4,0.933,0.778,0.525,,0.467
151492,Marquinhos,RBB,Lateral,6,1.0,0.0,0.0,0,0.0,False,False,CAP,0.377,neutro,0.0,0.0,0.0,32.8,desfavoravel,0.22,0.1,-32.1,1.131,0.764,1.027,0.232,0.475,0.23,0.424
130121,João Costa,CRU,Atacante,7,4.4,-0.6,-0.3,1,-0.3,True,False,COR,-0.665,armadilha_leve,1.951,0.0,0.125,40.7,neutro,1.89,0.175,-7.8,1.027,0.568,1.65,0.44,0.75,0.382,
114323,Colidio,VAS,Atacante,7,7.0,0.0,0.0,0,0.0,False,True,SAN,-4.262,armadilha_forte,0.0,0.0,0.0,65.6,neutro,1.58,0.95,36.7,0.183,0.813,1.159,1.2,0.275,0.488,0.47
73476,Marcão,FLU,Técnico,7,10.07,0.0,0.0,0,0.0,False,True,PAL,-4.24,armadilha_forte,0.0,0.0,0.0,33.1,neutro,0.23,0.05,0.0,0.568,0.677,1.042,0.825,0.5,0.662,0.527
104649,Heitor,CHA,Lateral,2,4.0,0.0,0.0,0,0.0,False,True,BAH,-2.876,armadilha_forte,0.0,0.0,0.0,36.2,neutro,0.36,0.25,-26.7,0.63,1.074,0.607,0.352,0.125,0.28,0.47
86777,Danilo Barbosa,GRE,Meia,6,6.0,0.0,0.0,0,0.0,False,False,CAM,-3.142,armadilha_forte,0.0,0.0,0.0,62.4,neutro,1.44,0.95,-46.0,1.4,1.4,0.933,0.778,0.525,,0.467
123795,Lucho Rodríguez,CRU,Atacante,2,7.0,0.0,0.0,0,0.0,False,False,COR,-4.262,armadilha_forte,0.0,0.0,0.0,40.7,neutro,0.55,0.175,-7.8,1.027,0.568,1.65,0.44,0.75,0.382,
101254,Alef Manga,REM,Atacante,6,8.35,0.04,4.8,22,4.2,True,False,INT,0.701,valor_bom,4.824,2.3,1.0,54.5,neutro,4.5,0.5,-12.2,1.015,0.856,0.574,1.304,0.45,,0.461
77510,Fred,CAM,Meia,6,9.0,0.0,0.0,0,0.0,False,True,GRE,-4.152,armadilha_forte,0.0,0.0,0.0,68.5,neutro,1.7,0.475,46.0,0.933,0.778,1.4,1.4,0.65,0.507,0.467
102255,Santi Sosa,VAS,Meia,2,8.0,0.0,0.0,0,0.0,False,True,SAN,-3.854,armadilha_forte,0.0,0.0,0.0,62.3,neutro,1.44,0.95,36.7,0.183,0.813,1.159,1.2,0.275,0.488,0.47
124961,Castaño,CAM,Meia,6,7.0,0.0,0.0,0,0.0,False,True,GRE,-3.52,armadilha_forte,0.0,0.0,0.0,68.5,neutro,1.7,0.475,46.0,0.933,0.778,1.4,1.4,0.65,0.507,0.467
86864,Marlon,REM,Lateral,7,5.0,0.0,0.0,0,0.0,False,False,INT,-3.523,armadilha_forte,0.0,0.0,0.0,47.6,neutro,0.83,0.85,-12.2,1.015,0.856,0.574,1.304,0.45,,0.461
68685,Alan Patrick,INT,Meia,7,7.28,-0.7,3.86,17,2.0,True,True,REM,0.632,valor_bom,3.94,2.98,1.0,55.7,neutro,4.31,0.9,12.2,0.574,1.304,1.015,0.856,0.275,0.421,0.461
97810,Erick,VIT,Atacante,7,7.98,-0.23,4.29,17,1.3,True,True,BOT,0.452,neutro,4.482,2.17,1.0,48.0,neutro,2.65,0.825,30.9,0.2,1.067,0.6,0.509,0.175,0.359,0.475
130438,Diego,INT,Goleiro,6,1.0,0.0,0.0,0,0.0,False,True,REM,0.266,neutro,0.0,0.0,0.0,46.0,neutro,0.77,0.575,12.2,0.574,1.304,1.015,0.856,0.275,0.421,0.461
69012,Santos,CAP,Goleiro,7,9.22,0.0,4.25,19,0.0,False,True,RBB,-0.08,neutro,4.214,2.41,1.0,72.4,neutro,5.2,0.575,32.1,1.027,0.232,1.131,0.764,0.875,0.456,0.424
130232,Caio Roque,BOT,Lateral,6,5.72,0.0,4.0,3,0.0,False,False,VIT,-0.009,neutro,3.539,2.33,0.375,48.7,neutro,3.12,0.45,-30.9,0.6,0.509,0.2,1.067,0.65,0.277,0.475
105949,Rochet,INT,Goleiro,5,6.28,0.0,3.33,11,0.0,False,True,REM,0.301,neutro,3.667,1.97,1.0,46.0,neutro,2.35,0.575,12.2,0.574,1.304,1.015,0.856,0.275,0.421,0.461
92171,Arthur Cabral,BOT,Atacante,7,10.23,0.04,6.33,16,4.6,True,False,VIT,1.234,valor_bom,5.85,2.52,1.0,30.5,desfavoravel,3.09,0.1,-30.9,0.6,0.509,0.2,1.067,0.65,0.277,0.475
106593,Villalba,CRU,Zagueiro,2,7.01,-0.01,2.69,11,4.7,True,False,COR,-0.202,neutro,3.167,1.42,1.0,39.7,desfavoravel,2.44,0.95,-7.8,1.027,0.568,1.65,0.44,0.75,0.382,
87747,Yago Felipe,CHA,Meia,6,5.0,0.0,0.0,0,0.0,False,True,BAH,-2.706,armadilha_forte,0.0,0.0,0.0,26.6,neutro,-0.03,0.475,-26.7,0.63,1.074,0.607,0.352,0.125,0.28,0.47
63007,Neymar,SAN,Meia,7,21.85,0.0,10.02,9,0.0,False,False,VAS,1.317,valor_bom,7.239,6.13,1.0,52.1,neutro,5.61,0.8,-36.7,1.159,1.2,0.183,0.813,0.275,0.264,0.47
68928,Rafael,SAO,Goleiro,7,7.39,-0.5,3.39,21,1.9,True,True,CFC,-0.141,neutro,3.594,2.44,1.0,60.3,neutro,4.99,0.2,17.5,0.646,1.176,0.489,1.214,0.175,0.551,0.48
150842,Gabriel Vinicius,INT,Meia,6,1.0,0.0,0.0,0,0.0,False,True,REM,0.404,neutro,0.0,0.0,0.0,55.7,neutro,1.17,0.9,12.2,0.574,1.304,1.015,0.856,0.275,0.421,0.461
72294,Everson,CAM,Goleiro,7,8.86,-0.68,4.31,21,1.6,True,True,GRE,0.058,neutro,4.26,3.12,1.0,67.2,favoravel,3.3,0.9,46.0,0.933,0.778,1.4,1.4,0.65,0.507,0.467
103056,Gabriel Brazão,SAN,Goleiro,7,5.11,-0.14,2.38,17,0.6,True,False,VAS,-0.341,neutro,2.49,1.5,1.0,34.1,desfavoravel,3.47,0.85,-36.7,1.159,1.2,0.183,0.813,0.275,0.264,0.47
150995,Sayago,FLA,Meia,6,2.0,0.0,0.0,0,0.0,False,False,MIR,-0.744,armadilha_leve,0.0,0.0,0.0,65.6,neutro,1.58,0.675,9.1,1.185,0.467,1.05,0.98,0.775,,0.467
42234,Cássio,CRU,Goleiro,5,6.89,0.0,1.32,5,0.0,False,False,COR,-0.49,neutro,3.049,1.32,0.625,39.3,desfavoravel,2.45,0.95,-7.8,1.027,0.568,1.65,0.44,0.75,0.382,
87008,Léo Jardim,VAS,Goleiro,7,6.97,0.81,2.95,20,7.6,True,True,SAN,-0.294,neutro,3.287,2.45,1.0,65.4,neutro,2.24,0.15,36.7,0.183,0.813,1.159,1.2,0.275,0.488,0.47
61987,Alex Sandro,FLA,Lateral,5,8.2,0.0,3.53,15,0.0,False,False,MIR,-0.486,neutro,4.116,2.33,1.0,57.6,neutro,2.3,0.675,9.1,1.185,0.467,1.05,0.98,0.775,,0.467
105436,Carrascal,FLA,Meia,2,11.45,1.69,4.93,14,14.5,True,False,MIR,0.224,neutro,4.632,3.5,1.0,65.6,neutro,3.61,0.675,9.1,1.185,0.467,1.05,0.98,0.775,,0.467
96591,Renan Lodi,CAM,Lateral,7,9.52,0.0,4.84,19,0.0,False,True,GRE,-0.038,neutro,4.951,3.68,1.0,66.8,neutro,3.69,0.9,46.0,0.933,0.778,1.4,1.4,0.65,0.507,0.467
101727,Matheuzinho,COR,Lateral,2,12.62,1.25,6.44,17,18.5,True,True,CRU,0.26,neutro,6.048,4.26,1.0,58.7,neutro,3.89,0.35,7.8,1.65,0.44,1.027,0.568,0.775,0.414,
99274,Alexander Barboza,PAL,Zagueiro,6,10.94,0.79,5.1,14,9.7,True,False,FLU,0.334,neutro,4.635,3.31,1.0,54.6,neutro,4.53,0.225,0.0,1.042,0.825,0.568,0.677,0.65,0.149,0.527
105531,Matheus Bidu,COR,Lateral,6,12.92,-0.38,7.81,16,7.0,True,True,CRU,1.175,valor_bom,6.945,5.43,1.0,58.7,neutro,4.2,0.35,7.8,1.65,0.44,1.027,0.568,0.775,0.414,
91101,Ronaldo,BAH,Goleiro,7,8.81,-0.76,5.68,12,8.9,True,False,CHA,0.821,valor_bom,5.06,3.6,1.0,74.8,favoravel_visitante,4.99,0.75,26.7,0.607,0.352,0.63,1.074,0.55,,0.47
80196,Yago Pikachu,REM,Meia,7,4.77,-0.02,2.15,21,0.5,True,False,INT,-0.317,neutro,2.112,1.44,1.0,52.2,neutro,2.87,0.5,-12.2,1.015,0.856,0.574,1.304,0.45,,0.461
80313,Gilberto,CAP,Lateral,7,7.91,0.28,4.65,11,8.0,True,True,RBB,0.482,neutro,4.888,3.38,1.0,72.0,favoravel,4.08,0.575,32.1,1.027,0.232,1.131,0.764,0.875,0.456,0.424
37656,Fábio,FLU,Goleiro,7,10.21,0.71,4.67,21,9.9,True,True,PAL,-0.035,neutro,4.521,3.72,1.0,53.0,neutro,4.14,0.0,0.0,0.568,0.677,1.042,0.825,0.5,0.662,0.527
109401,Erick Pulga,BAH,Atacante,7,7.23,0.0,3.65,20,0.0,False,False,CHA,0.211,neutro,4.005,3.0,1.0,69.0,neutro,4.05,1.0,26.7,0.607,0.352,0.63,1.074,0.55,,0.47
90768,Fabrício Bruno,CRU,Zagueiro,7,6.89,0.0,2.29,20,0.0,False,False,COR,-0.688,armadilha_leve,2.728,1.69,1.0,39.7,desfavoravel,2.23,0.95,-7.8,1.027,0.568,1.65,0.44,0.75,0.382,
104758,Enzo Díaz,SAO,Lateral,6,9.04,0.0,3.9,13,0.0,False,True,CFC,-0.48,neutro,4.401,3.28,1.0,59.9,neutro,4.68,0.2,17.5,0.646,1.176,0.489,1.214,0.175,0.551,0.48
85425,João Paulo,SAN,Goleiro,6,5.2,0.0,0.15,2,0.0,False,False,VAS,0.412,neutro,3.334,0.15,0.25,34.1,desfavoravel,2.52,0.85,-36.7,1.159,1.2,0.183,0.813,0.275,0.264,0.47
91772,David Duarte,BAH,Zagueiro,7,7.03,0.01,4.38,14,8.0,True,False,CHA,1.015,valor_bom,4.177,2.67,1.0,74.6,favoravel_visitante,3.9,0.75,26.7,0.607,0.352,0.63,1.074,0.55,,0.47
104783,Acevedo,BAH,Meia,7,7.02,-0.05,4.39,19,3.4,True,False,CHA,1.118,valor_bom,4.307,4.39,1.0,66.7,neutro,3.76,1.0,26.7,0.607,0.352,0.63,1.074,0.55,,0.47
105990,Santiago Mingo,BAH,Zagueiro,7,4.87,0.07,2.22,19,5.0,True,False,CHA,-0.224,neutro,2.35,1.27,1.0,74.6,neutro,4.9,0.75,26.7,0.607,0.352,0.63,1.074,0.55,,0.47
113397,Cristian Olivera,BAH,Atacante,2,7.16,0.0,4.1,16,0.0,False,False,CHA,0.651,valor_bom,4.364,3.29,1.0,69.0,neutro,2.59,1.0,26.7,0.607,0.352,0.63,1.074,0.55,,0.47
101314,Ademir,BAH,Atacante,5,5.59,-0.28,2.35,21,2.0,True,False,CHA,-0.94,armadilha_leve,2.318,1.73,1.0,69.0,neutro,3.02,1.0,26.7,0.607,0.352,0.63,1.074,0.55,,0.47
98022,Erick,BAH,Meia,6,6.04,0.0,3.71,15,0.0,False,False,CHA,0.993,valor_bom,3.849,3.04,1.0,66.7,neutro,2.98,1.0,26.7,0.607,0.352,0.63,1.074,0.55,,0.47
98517,Jean Lucas,BAH,Meia,2,9.37,0.03,5.12,18,3.5,True,False,CHA,0.932,valor_bom,4.809,4.01,1.0,66.7,neutro,2.93,1.0,26.7,0.607,0.352,0.63,1.074,0.55,,0.47
106822,Rodrigo Nestor,BAH,Meia,7,6.1,0.46,3.42,14,7.1,True,False,CHA,0.777,valor_bom,3.671,2.71,1.0,66.7,neutro,3.43,1.0,26.7,0.607,0.352,0.63,1.074,0.55,,0.47
98484,Kanu,BAH,Zagueiro,6,3.68,0.0,0.83,3,0.0,False,False,CHA,-0.663,armadilha_leve,1.406,0.0,0.375,74.6,neutro,2.87,0.75,26.7,0.607,0.352,0.63,1.074,0.55,,0.47
68996,Willian José,BAH,Atacante,6,7.29,-0.07,2.45,20,0.5,True,False,CHA,-0.794,armadilha_leve,3.147,0.75,1.0,69.0,neutro,3.93,1.0,26.7,0.607,0.352,0.63,1.074,0.55,,0.47
97868,Iago,SAO,Lateral,6,4.5,0.0,2.2,4,0.0,False,True,CFC,0.08,neutro,2.977,1.45,0.5,59.9,neutro,2.55,0.2,17.5,0.646,1.176,0.489,1.214,0.175,0.551,0.48
97341,Rogério Ceni,BAH,Técnico,7,10.61,-0.08,5.46,21,5.96,True,False,CHA,0.185,neutro,5.609,5.46,1.0,67.7,neutro,4.35,1.0,26.7,0.607,0.352,0.63,1.074,0.55,,0.47
122994,Victor Nascimento,BAH,Goleiro,6,1.0,0.0,0.0,0,0.0,False,False,CHA,0.266,neutro,0.0,0.0,0.0,74.8,favoravel_visitante,1.96,0.75,26.7,0.607,0.352,0.63,1.074,0.55,,0.47
123717,Zé Guilherme,BAH,Lateral,7,4.74,1.06,2.9,4,6.5,True,False,CHA,0.186,neutro,3.21,2.15,0.5,74.5,favoravel_visitante,3.13,0.75,26.7,0.607,0.352,0.63,1.074,0.55,,0.47
145379,Kauê Furquim,BAH,Atacante,2,2.0,0.16,0.93,4,1.7,True,False,CHA,0.133,neutro,0.855,0.93,0.5,69.0,neutro,2.51,1.0,26.7,0.607,0.352,0.63,1.074,0.55,,0.47
106323,Caio Alexandre,BAH,Meia,2,4.01,0.04,1.22,12,1.5,True,False,CHA,-0.538,armadilha_leve,1.537,1.22,1.0,66.7,neutro,2.65,1.0,26.7,0.607,0.352,0.63,1.074,0.55,,0.47
111829,Kayky,INT,Atacante,5,3.63,0.0,1.27,6,0.0,False,True,REM,-0.278,neutro,1.82,1.27,0.75,58.5,neutro,2.43,0.9,12.2,0.574,1.304,1.015,0.856,0.275,0.421,0.461
107173,Michel Araújo,BAH,Meia,6,2.83,0.2,0.96,14,2.0,True,False,CHA,-0.374,neutro,0.984,0.96,1.0,66.7,neutro,2.41,1.0,26.7,0.607,0.352,0.63,1.074,0.55,,0.47
72493,Alex Telles,BOT,Lateral,7,10.27,0.2,4.5,16,10.3,True,False,VIT,-0.518,armadilha_leve,4.738,2.06,1.0,48.7,neutro,6.16,0.45,-30.9,0.6,0.509,0.2,1.067,0.65,0.277,0.475
123360,Cauly,SAO,Meia,6,6.08,-0.5,2.79,13,1.4,True,True,CFC,0.378,neutro,3.293,2.41,1.0,53.6,neutro,2.63,0.6,17.5,0.646,1.176,0.489,1.214,0.175,0.551,0.48
97468,Marçal,BOT,Lateral,3,5.85,-0.88,2.62,5,-3.0,False,False,VIT,-0.586,armadilha_leve,3.079,1.42,0.625,48.7,neutro,3.7,0.45,-30.9,0.6,0.509,0.2,1.067,0.65,0.277,0.475
136955,Sanabria,BAH,Atacante,6,6.01,-0.15,2.93,13,2.2,True,False,CHA,-0.76,armadilha_leve,2.664,1.31,1.0,69.0,neutro,2.97,1.0,26.7,0.607,0.352,0.63,1.074,0.55,,0.47
107231,Danilo,BOT,Meia,7,15.0,0.52,8.37,14,7.1,True,False,VIT,1.875,valor_oculto,6.821,5.16,1.0,28.1,desfavoravel,4.54,0.1,-30.9,0.6,0.509,0.2,1.067,0.65,0.277,0.475
129663,Ruan Pablo,BAH,Atacante,2,1.81,0.0,0.0,1,0.0,False,False,CHA,0.215,neutro,0.727,0.0,0.125,69.0,neutro,2.42,1.0,26.7,0.607,0.352,0.63,1.074,0.55,,0.47
141419,Fredi Lippert,BAH,Zagueiro,6,2.0,0.0,0.0,0,0.0,False,False,CHA,-0.982,armadilha_leve,0.0,0.0,0.0,74.6,neutro,1.95,0.75,26.7,0.607,0.352,0.63,1.074,0.55,,0.47
111831,Matheus Martins,BOT,Atacante,2,7.01,-0.07,4.46,16,1.9,True,False,VIT,0.989,valor_bom,4.604,2.46,1.0,30.5,desfavoravel,4.07,0.1,-30.9,0.6,0.509,0.2,1.067,0.65,0.277,0.475
129930,Cristhian Loor,BOT,Goleiro,6,2.0,0.0,0.0,0,0.0,False,False,VIT,-0.802,armadilha_leve,0.0,0.0,0.0,49.0,neutro,0.89,0.45,-30.9,0.6,0.509,0.2,1.067,0.65,0.277,0.475
142890,Montoro,BOT,Meia,7,7.29,-0.27,2.89,16,3.4,True,False,VIT,-0.065,neutro,3.297,1.95,1.0,28.1,desfavoravel,1.97,0.1,-30.9,0.6,0.509,0.2,1.067,0.65,0.277,0.475
95799,Artur,SAO,Atacante,7,8.98,0.0,5.52,16,0.0,False,True,CFC,1.029,valor_bom,5.31,3.39,1.0,57.2,neutro,3.24,0.6,17.5,0.646,1.176,0.489,1.214,0.175,0.551,0.48
105214,Santi Rodríguez,BOT,Meia,6,5.68,0.0,2.13,10,0.0,False,False,VIT,0.237,neutro,3.01,2.13,1.0,28.1,desfavoravel,1.51,0.1,-30.9,0.6,0.509,0.2,1.067,0.65,0.277,0.475
126013,Ythallo,BOT,Zagueiro,6,3.5,0.0,0.2,1,0.0,False,False,VIT,-0.47,neutro,1.464,0.2,0.125,49.2,neutro,1.91,0.45,-30.9,0.6,0.509,0.2,1.067,0.65,0.277,0.475
124481,Mateo Ponte,BOT,Lateral,6,5.53,0.0,2.8,8,0.0,False,False,VIT,-0.412,neutro,3.083,1.8,1.0,48.7,neutro,2.61,0.45,-30.9,0.6,0.509,0.2,1.067,0.65,0.277,0.475
104693,Newton,SAO,Meia,6,4.18,0.0,1.94,7,0.0,False,True,CFC,-0.155,neutro,1.979,1.94,0.875,53.6,neutro,2.32,0.6,17.5,0.646,1.176,0.489,1.214,0.175,0.551,0.48
98672,Savarino,FLU,Meia,6,9.02,0.11,4.67,17,3.0,True,True,PAL,0.687,valor_bom,4.491,3.2,1.0,31.3,neutro,2.0,0.05,0.0,0.568,0.677,1.042,0.825,0.5,0.662,0.527
91158,Kaio,BOT,Zagueiro,5,7.0,0.0,0.0,0,0.0,False,False,VIT,-4.04,armadilha_forte,0.0,0.0,0.0,49.2,neutro,0.9,0.45,-30.9,0.6,0.509,0.2,1.067,0.65,0.277,0.475
39850,Vagner Mancini,RBB,Técnico,7,8.34,-0.41,5.45,20,3.09,True,False,CAP,0.47,neutro,5.222,5.45,1.0,26.6,desfavoravel,3.23,0.05,-32.1,1.131,0.764,1.027,0.232,0.475,0.23,0.424
69140,Allan,BOT,Meia,5,4.48,0.0,2.03,10,0.0,False,False,VIT,-0.268,neutro,2.022,2.03,1.0,28.1,desfavoravel,1.56,0.1,-30.9,0.6,0.509,0.2,1.067,0.65,0.277,0.475
94968,Juninho Capixaba,RBB,Lateral,7,13.21,-0.18,7.31,18,5.7,True,False,CAP,0.792,valor_bom,6.665,4.59,1.0,32.8,desfavoravel,4.02,0.1,-32.1,1.131,0.764,1.027,0.232,0.475,0.23,0.424
70360,Eduardo Sasha,RBB,Atacante,2,4.09,-0.12,1.02,16,0.7,True,False,CAP,-1.06,armadilha_leve,1.424,1.02,1.0,27.2,desfavoravel,1.22,0.05,-32.1,1.131,0.764,1.027,0.232,0.475,0.23,0.424
87225,Pedro Henrique,RBB,Zagueiro,6,6.73,-0.08,3.4,13,4.3,True,False,CAP,0.386,neutro,3.561,2.25,1.0,33.5,desfavoravel,2.49,0.1,-32.1,1.131,0.764,1.027,0.232,0.475,0.23,0.424
100848,Luan Cândido,VIT,Lateral,7,5.15,0.0,3.41,11,0.0,False,True,BOT,0.142,neutro,3.391,1.68,1.0,64.7,favoravel,4.72,0.1,30.9,0.2,1.067,0.6,0.509,0.175,0.359,0.475
146375,Kadir,BOT,Atacante,6,4.15,0.0,2.12,9,0.0,False,False,VIT,-0.246,neutro,2.173,1.56,1.0,30.5,desfavoravel,2.17,0.1,-30.9,0.6,0.509,0.2,1.067,0.65,0.277,0.475
142484,Barrera,BOT,Meia,5,4.93,-1.52,2.46,11,0.9,True,False,VIT,-0.222,neutro,2.272,2.01,1.0,28.1,desfavoravel,1.7,0.1,-30.9,0.6,0.509,0.2,1.067,0.65,0.277,0.475
142877,Villalba,BOT,Atacante,6,4.33,0.25,1.61,10,2.2,True,False,VIT,-0.692,armadilha_leve,1.887,0.81,1.0,30.5,desfavoravel,1.41,0.1,-30.9,0.6,0.509,0.2,1.067,0.65,0.277,0.475
78605,Gabriel,RBB,Meia,6,5.17,0.0,3.17,16,0.0,False,False,CAP,0.218,neutro,2.784,2.54,1.0,24.7,desfavoravel,1.88,0.05,-32.1,1.131,0.764,1.027,0.232,0.475,0.23,0.424
93882,Cleiton,RBB,Goleiro,6,6.19,0.0,2.56,7,0.0,False,False,CAP,0.081,neutro,3.397,1.13,0.875,33.0,desfavoravel,2.42,0.1,-32.1,1.131,0.764,1.027,0.232,0.475,0.23,0.424
143072,Gabriel Abdias,BOT,Lateral,6,3.0,0.0,0.0,0,0.0,False,False,VIT,-2.084,armadilha_forte,0.0,0.0,0.0,48.7,neutro,0.88,0.45,-30.9,0.6,0.509,0.2,1.067,0.65,0.277,0.475
94067,Matheus Fernandes,RBB,Meia,6,4.42,0.1,2.45,12,1.5,True,False,CAP,0.036,neutro,2.275,2.03,1.0,24.7,desfavoravel,1.6,0.05,-32.1,1.131,0.764,1.027,0.232,0.475,0.23,0.424
107236,Vanderlan,RBB,Lateral,5,4.41,0.0,-0.3,1,0.0,False,False,CAP,0.118,neutro,2.958,0.0,0.125,32.8,desfavoravel,2.24,0.1,-32.1,1.131,0.764,1.027,0.232,0.475,0.23,0.424
107908,Hugo,COR,Lateral,6,4.0,0.0,0.0,0,0.0,False,True,CRU,-2.876,armadilha_forte,0.0,0.0,0.0,58.7,neutro,1.29,0.35,7.8,1.65,0.44,1.027,0.568,0.775,0.414,
106434,Eduardo Santos,RBB,Zagueiro,6,4.6,0.0,1.4,3,0.0,False,False,CAP,-0.119,neutro,2.316,1.4,0.375,33.5,desfavoravel,1.85,0.1,-32.1,1.131,0.764,1.027,0.232,0.475,0.23,0.424
110715,Andrés Hurtado,RBB,Lateral,6,5.43,-0.71,3.51,14,1.5,True,False,CAP,0.057,neutro,3.457,2.22,1.0,32.8,desfavoravel,2.42,0.1,-32.1,1.131,0.764,1.027,0.232,0.475,0.23,0.424
104588,Fabrício,RBB,Goleiro,6,2.0,0.0,0.0,0,0.0,False,False,CAP,-0.802,armadilha_leve,0.0,0.0,0.0,33.0,desfavoravel,0.23,0.1,-32.1,1.131,0.764,1.027,0.232,0.475,0.23,0.424
110750,Gustavo Marques,RBB,Zagueiro,7,7.36,0.0,4.31,17,0.0,False,False,CAP,0.861,valor_bom,4.154,3.07,1.0,33.5,desfavoravel,2.78,0.1,-32.1,1.131,0.764,1.027,0.232,0.475,0.23,0.424
112886,Lucas Barbosa,RBB,Atacante,7,9.53,-0.28,6.28,18,2.8,True,False,CAP,1.462,valor_bom,5.853,3.95,1.0,27.2,desfavoravel,3.57,0.05,-32.1,1.131,0.764,1.027,0.232,0.475,0.23,0.424
107744,Praxedes,RBB,Meia,6,4.0,0.0,0.0,0,0.0,False,False,CAP,-2.19,armadilha_forte,0.0,0.0,0.0,24.7,desfavoravel,-0.11,0.05,-32.1,1.131,0.764,1.027,0.232,0.475,0.23,0.424
105213,Sant'Anna,RBB,Lateral,7,8.88,0.0,6.23,7,0.0,False,False,CAP,1.002,valor_bom,5.689,3.37,0.875,32.8,desfavoravel,3.61,0.1,-32.1,1.131,0.764,1.027,0.232,0.475,0.23,0.424
103295,Eric Ramires,RBB,Meia,7,2.59,0.4,0.58,13,2.6,True,False,CAP,-0.444,neutro,0.749,0.58,1.0,24.7,desfavoravel,0.77,0.05,-32.1,1.131,0.764,1.027,0.232,0.475,0.23,0.424
111246,Alix Vinicius,RBB,Zagueiro,7,5.15,-0.87,3.0,17,0.8,True,False,CAP,0.287,neutro,2.891,1.76,1.0,33.5,desfavoravel,2.16,0.1,-32.1,1.131,0.764,1.027,0.232,0.475,0.23,0.424
113157,Nathan Mendes,VIT,Lateral,5,7.52,0.0,5.02,12,0.0,False,True,BOT,0.873,valor_bom,5.098,3.35,1.0,64.7,favoravel,4.86,0.1,30.9,0.2,1.067,0.6,0.509,0.175,0.359,0.475
122394,Gustavinho,RBB,Meia,6,5.55,-0.15,2.59,15,0.0,True,False,CAP,0.41,neutro,3.119,1.92,1.0,24.7,desfavoravel,2.06,0.05,-32.1,1.131,0.764,1.027,0.232,0.475,0.23,0.424
108133,Isidro Pitta,RBB,Atacante,2,5.4,-0.14,3.84,19,0.7,True,False,CAP,0.356,neutro,3.364,1.21,1.0,27.2,desfavoravel,2.25,0.05,-32.1,1.131,0.764,1.027,0.232,0.475,0.23,0.424
122897,Guzmán Rodríguez,RBB,Zagueiro,6,5.54,0.0,-1.0,0,0.0,False,False,CAP,-3.412,armadilha_forte,0.0,0.0,0.0,33.5,desfavoravel,0.25,0.1,-32.1,1.131,0.764,1.027,0.232,0.475,0.23,0.424
72605,Vitor Hugo,CAM,Zagueiro,7,6.2,-0.47,3.3,8,-0.6,True,True,GRE,0.608,valor_bom,3.561,1.8,1.0,67.0,favoravel,3.19,0.9,46.0,0.933,0.778,1.4,1.4,0.65,0.507,0.467
122755,Lucas Cunha,RBB,Zagueiro,6,3.0,0.0,0.0,0,0.0,False,False,CAP,-1.879,armadilha_forte,0.0,0.0,0.0,33.5,desfavoravel,0.25,0.1,-32.1,1.131,0.764,1.027,0.232,0.475,0.23,0.424
111760,Fabinho,RBB,Meia,6,2.04,0.0,-0.08,5,0.0,False,False,CAP,-0.134,neutro,0.6,0.0,0.625,24.7,desfavoravel,0.54,0.05,-32.1,1.131,0.764,1.027,0.232,0.475,0.23,0.424
138021,Palacios,RBB,Zagueiro,6,3.0,0.0,0.0,0,0.0,False,False,CAP,-1.879,armadilha_forte,0.0,0.0,0.0,33.5,desfavoravel,0.25,0.1,-32.1,1.131,0.764,1.027,0.232,0.475,0.23,0.424
132274,Ignacio Sosa,RBB,Meia,6,3.41,0.0,1.5,15,0.0,False,False,CAP,-0.024,neutro,1.678,1.5,1.0,24.7,desfavoravel,1.28,0.05,-32.1,1.131,0.764,1.027,0.232,0.475,0.23,0.424
72460,Bernard,CAM,Meia,7,5.6,0.78,3.28,18,7.4,True,True,GRE,0.837,valor_bom,3.535,1.89,1.0,68.5,favoravel,5.93,0.475,46.0,0.933,0.778,1.4,1.4,0.65,0.507,0.467
68920,Dudu,CAM,Atacante,6,6.16,0.0,2.57,13,0.0,False,True,GRE,0.068,neutro,3.454,1.34,1.0,71.9,favoravel,2.65,0.475,46.0,0.933,0.778,1.4,1.4,0.65,0.507,0.467
132580,Vinicinho,RBB,Atacante,6,4.32,0.36,2.28,10,3.0,True,False,CAP,-0.261,neutro,2.259,2.28,1.0,27.2,desfavoravel,1.66,0.05,-32.1,1.131,0.764,1.027,0.232,0.475,0.23,0.424
98909,Cuello,CAM,Atacante,2,8.78,-0.63,5.71,19,1.4,True,True,GRE,1.279,valor_bom,5.467,4.6,1.0,71.9,favoravel,4.68,0.475,46.0,0.933,0.778,1.4,1.4,0.65,0.507,0.467
92087,Lyanco,CAM,Zagueiro,5,7.8,0.0,3.04,9,0.0,False,True,GRE,-0.203,neutro,3.408,2.04,1.0,67.0,neutro,2.54,0.9,46.0,0.933,0.778,1.4,1.4,0.65,0.507,0.467
140906,Davi Gomes,RBB,Atacante,5,5.19,0.0,4.25,2,0.0,False,False,CAP,-0.359,neutro,2.636,4.25,0.25,27.2,desfavoravel,1.82,0.05,-32.1,1.131,0.764,1.027,0.232,0.475,0.23,0.424
124239,Henry Mosquera,RBB,Atacante,7,5.62,0.11,3.63,16,2.8,True,False,CAP,0.01,neutro,3.164,2.69,1.0,27.2,desfavoravel,2.14,0.05,-32.1,1.131,0.764,1.027,0.232,0.475,0.23,0.424
87999,Gustavo Scarpa,CAM,Meia,5,7.06,0.0,3.09,10,0.0,False,True,GRE,0.28,neutro,3.543,2.09,1.0,68.5,favoravel,3.21,0.475,46.0,0.933,0.778,1.4,1.4,0.65,0.507,0.467
91607,R. Rústico,SAN,Atacante,6,5.15,-0.28,2.12,15,0.9,True,False,VAS,-0.881,armadilha_leve,2.159,2.12,1.0,54.4,neutro,2.13,0.8,-36.7,1.159,1.2,0.183,0.813,0.275,0.264,0.47
100084,Igor Gomes,CAM,Meia,6,4.58,-1.04,1.5,7,1.7,True,True,GRE,-0.588,armadilha_leve,1.773,0.79,0.875,68.5,neutro,2.72,0.475,46.0,0.933,0.778,1.4,1.4,0.65,0.507,0.467
101002,Júnior Santos,BOT,Atacante,6,4.55,0.0,2.24,8,0.0,False,False,VIT,-0.435,neutro,2.236,1.24,1.0,30.5,desfavoravel,1.91,0.1,-30.9,0.6,0.509,0.2,1.067,0.65,0.277,0.475
100842,Ruan,CAM,Zagueiro,7,5.44,-0.27,3.18,18,3.0,True,True,GRE,0.299,neutro,3.02,2.18,1.0,67.0,favoravel,6.78,0.9,46.0,0.933,0.778,1.4,1.4,0.65,0.507,0.467
107554,Natanael,CAM,Lateral,2,8.48,0.0,4.85,13,0.0,False,True,GRE,0.374,neutro,4.989,3.62,1.0,66.8,favoravel,4.09,0.9,46.0,0.933,0.778,1.4,1.4,0.65,0.507,0.467
40990,Dorival Júnior,SAO,Técnico,7,9.21,-0.4,4.06,14,2.59,True,True,CFC,-0.385,neutro,4.471,4.06,1.0,54.8,neutro,3.75,0.6,17.5,0.646,1.176,0.489,1.214,0.175,0.551,0.48
103767,Gabriel Menino,SAN,Meia,6,9.92,0.69,5.45,9,8.5,True,False,VAS,0.797,valor_bom,4.819,4.89,1.0,52.1,neutro,3.37,0.8,-36.7,1.159,1.2,0.183,0.813,0.275,0.264,0.47
39656,Alan Franco,CAM,Meia,7,4.88,-0.11,2.34,16,1.2,True,True,GRE,-0.242,neutro,2.231,2.03,1.0,68.5,neutro,3.0,0.475,46.0,0.933,0.778,1.4,1.4,0.65,0.507,0.467
92440,André Ramalho,COR,Zagueiro,7,5.73,0.0,2.55,6,0.0,False,True,CRU,-0.332,neutro,2.613,1.55,0.75,59.0,neutro,2.79,0.35,7.8,1.65,0.44,1.027,0.568,0.775,0.414,
78248,Gustavo Henrique,COR,Zagueiro,2,8.59,0.18,3.77,17,5.0,True,True,CRU,-0.012,neutro,3.787,2.53,1.0,59.0,neutro,3.1,0.35,7.8,1.65,0.44,1.027,0.568,0.775,0.414,
118774,Alexsander,CAM,Meia,6,4.85,0.0,0.84,5,0.0,False,True,GRE,-0.95,armadilha_leve,1.561,0.84,0.625,68.5,neutro,2.68,0.475,46.0,0.933,0.778,1.4,1.4,0.65,0.507,0.467
115674,Gabriel Delfim,CAM,Goleiro,6,2.0,0.0,0.0,0,0.0,False,True,GRE,-0.802,armadilha_leve,0.0,0.0,0.0,67.2,neutro,1.64,0.9,46.0,0.933,0.778,1.4,1.4,0.65,0.507,0.467
122990,Patrick,CAM,Meia,6,4.0,0.0,0.0,0,0.0,False,True,GRE,-2.19,armadilha_forte,0.0,0.0,0.0,68.5,neutro,1.7,0.475,46.0,0.933,0.778,1.4,1.4,0.65,0.507,0.467
98720,Angileri,COR,Lateral,7,6.1,0.0,3.99,8,0.0,False,True,CRU,-0.051,neutro,3.678,2.12,1.0,58.7,neutro,3.06,0.35,7.8,1.65,0.44,1.027,0.568,0.775,0.414,
77485,Carrillo,COR,Meia,2,4.04,-0.57,1.39,17,-0.4,True,True,CRU,-0.498,neutro,1.589,1.1,1.0,72.6,neutro,2.77,0.7,7.8,1.65,0.44,1.027,0.568,0.775,0.414,
85048,Memphis Depay,COR,Atacante,6,9.56,0.0,1.99,7,0.0,False,True,CRU,-1.192,armadilha_leve,3.537,0.85,0.875,75.4,neutro,3.49,0.7,7.8,1.65,0.44,1.027,0.568,0.775,0.414,
78435,Vitinho,COR,Atacante,5,5.06,0.0,2.13,7,0.0,False,True,CRU,-0.8,armadilha_leve,2.185,2.13,0.875,75.4,neutro,3.07,0.7,7.8,1.65,0.44,1.027,0.568,0.775,0.414,
93790,Marlon Freitas,PAL,Meia,7,6.31,0.83,2.77,21,5.1,True,False,FLU,0.122,neutro,3.14,2.06,1.0,49.0,neutro,1.74,0.425,0.0,1.042,0.825,0.568,0.677,0.65,0.149,0.527
105068,Reinier,CAM,Meia,2,5.39,1.4,2.97,16,9.5,True,True,GRE,-0.025,neutro,2.651,2.03,1.0,68.5,neutro,2.63,0.475,46.0,0.933,0.778,1.4,1.4,0.65,0.507,0.467
101574,Hugo Souza,COR,Goleiro,7,9.67,0.02,4.26,19,7.6,True,True,CRU,-0.186,neutro,4.221,2.15,1.0,59.0,neutro,3.25,0.35,7.8,1.65,0.44,1.027,0.568,0.775,0.414,
117910,Breno Bidon,COR,Meia,7,8.58,0.27,3.64,20,2.9,True,True,CRU,0.04,neutro,3.774,2.89,1.0,72.6,favoravel,3.36,0.7,7.8,1.65,0.44,1.027,0.568,0.775,0.414,
100695,Fernando,RBB,Atacante,6,5.37,0.0,4.89,9,0.0,False,False,CAP,0.688,valor_bom,3.64,2.56,1.0,27.2,desfavoravel,2.4,0.05,-32.1,1.131,0.764,1.027,0.232,0.475,0.23,0.424
102340,Cacá,VIT,Zagueiro,7,4.84,0.0,2.55,14,0.0,False,True,BOT,0.083,neutro,2.59,1.05,1.0,65.0,favoravel,4.71,0.1,30.9,0.2,1.067,0.6,0.509,0.175,0.359,0.475
98225,Pedro Raul,COR,Atacante,7,4.43,1.8,1.18,9,10.5,True,True,CRU,-0.999,armadilha_leve,1.675,0.29,1.0,75.4,neutro,2.88,0.7,7.8,1.65,0.44,1.027,0.568,0.775,0.414,
100898,Vitinho,BOT,Lateral,7,9.8,-0.66,5.2,16,5.1,True,False,VIT,0.15,neutro,5.205,4.2,1.0,48.7,neutro,4.61,0.45,-30.9,0.6,0.509,0.2,1.067,0.65,0.277,0.475
97642,Félix Torres,INT,Zagueiro,6,5.55,1.11,3.69,16,8.5,True,True,REM,0.643,valor_bom,3.347,2.56,1.0,46.2,neutro,3.21,0.575,12.2,0.574,1.304,1.015,0.856,0.275,0.421,0.461
122396,Ryan,COR,Meia,6,3.0,0.0,0.0,0,0.0,False,True,CRU,-1.558,armadilha_forte,0.0,0.0,0.0,72.6,neutro,1.86,0.7,7.8,1.65,0.44,1.027,0.568,0.775,0.414,
117632,Garro,COR,Meia,2,11.13,1.18,5.04,20,9.3,True,True,CRU,0.451,neutro,4.774,3.04,1.0,72.6,favoravel,3.64,0.7,7.8,1.65,0.44,1.027,0.568,0.775,0.414,
95556,Raniele,COR,Meia,2,7.8,-0.49,4.23,18,3.5,True,True,CRU,0.733,valor_bom,4.193,3.95,1.0,72.6,favoravel,3.48,0.7,7.8,1.65,0.44,1.027,0.568,0.775,0.414,
104085,Bruno Fuchs,PAL,Zagueiro,2,8.5,0.0,4.21,7,0.0,False,False,FLU,0.28,neutro,4.003,2.5,0.875,54.6,neutro,3.19,0.225,0.0,1.042,0.825,0.568,0.677,0.65,0.149,0.527
125488,João Pedro,COR,Zagueiro,6,8.84,0.0,7.7,2,0.0,False,True,CRU,0.892,valor_bom,4.598,3.2,0.25,59.0,neutro,4.19,0.35,7.8,1.65,0.44,1.027,0.568,0.775,0.414,
42500,Fagner,CRU,Lateral,7,6.93,1.74,3.55,15,11.1,True,False,COR,-0.656,armadilha_leve,3.486,1.82,1.0,39.0,desfavoravel,2.57,0.95,-7.8,1.027,0.568,1.65,0.44,0.75,0.382,
96342,Charles,COR,Meia,6,3.53,0.0,1.03,3,0.0,False,True,CRU,-0.029,neutro,1.744,1.03,0.375,72.6,neutro,2.97,0.7,7.8,1.65,0.44,1.027,0.568,0.775,0.414,
145744,André,COR,Meia,5,6.15,0.0,4.07,16,0.0,False,True,CRU,1.202,valor_bom,4.083,2.51,1.0,72.6,favoravel,3.45,0.7,7.8,1.65,0.44,1.027,0.568,0.775,0.414,
89275,William,CRU,Lateral,6,9.17,0.0,3.66,11,0.0,False,False,COR,-0.621,armadilha_leve,4.315,2.84,1.0,39.0,desfavoravel,2.95,0.95,-7.8,1.027,0.568,1.65,0.44,0.75,0.382,
133543,Gui Negão,COR,Atacante,6,3.97,0.0,1.35,4,0.0,False,True,CRU,-0.39,neutro,1.938,1.35,0.5,75.4,neutro,3.13,0.7,7.8,1.65,0.44,1.027,0.568,0.775,0.414,
131753,Felipe Longo,COR,Goleiro,6,2.0,0.0,0.0,0,0.0,False,True,CRU,-0.802,armadilha_leve,0.0,0.0,0.0,59.0,neutro,1.3,0.35,7.8,1.65,0.44,1.027,0.568,0.775,0.414,
127242,Bahia,COR,Meia,6,2.0,0.0,0.0,0,0.0,False,True,CRU,-0.744,armadilha_leve,0.0,0.0,0.0,72.6,neutro,1.86,0.7,7.8,1.65,0.44,1.027,0.568,0.775,0.414,
84558,Lucas Romero,CRU,Meia,6,8.45,-0.12,4.5,15,2.9,True,False,COR,0.715,valor_bom,4.364,3.17,1.0,38.1,desfavoravel,2.87,0.175,-7.8,1.027,0.568,1.65,0.44,0.75,0.382,
88479,Walace,VIT,Meia,6,3.37,-0.11,0.67,3,1.2,True,True,BOT,-0.033,neutro,1.646,0.67,0.375,45.5,neutro,1.89,0.825,30.9,0.2,1.067,0.6,0.509,0.175,0.359,0.475
96610,Matheus Pereira,CRU,Meia,6,13.8,-1.86,6.76,19,2.2,True,False,COR,1.183,valor_bom,5.975,4.92,1.0,38.1,desfavoravel,3.72,0.175,-7.8,1.027,0.568,1.65,0.44,0.75,0.382,
124912,Jonathan Jesus,CRU,Zagueiro,7,6.2,-0.71,4.15,14,2.3,True,False,COR,1.178,valor_bom,4.031,3.51,1.0,39.7,desfavoravel,3.5,0.95,-7.8,1.027,0.568,1.65,0.44,0.75,0.382,
141995,Dieguinho,COR,Meia,6,3.24,0.0,1.42,10,0.0,False,True,CRU,-0.381,neutro,1.244,0.92,1.0,72.6,neutro,2.67,0.7,7.8,1.65,0.44,1.027,0.568,0.775,0.414,
111690,Matheus Cunha,INT,Goleiro,7,5.02,0.75,3.55,11,7.1,True,True,REM,0.366,neutro,3.202,0.82,1.0,46.0,neutro,3.22,0.575,12.2,0.574,1.304,1.015,0.856,0.275,0.421,0.461
105047,João Marcelo,CRU,Zagueiro,6,5.42,1.94,2.81,7,10.4,True,False,COR,-0.043,neutro,2.73,1.52,0.875,39.7,desfavoravel,3.21,0.95,-7.8,1.027,0.568,1.65,0.44,0.75,0.382,
79701,Lucas Silva,CRU,Meia,6,3.86,0.64,0.41,15,3.5,True,False,COR,-1.066,armadilha_leve,0.967,0.41,1.0,38.1,desfavoravel,1.37,0.175,-7.8,1.027,0.568,1.65,0.44,0.75,0.382,
100742,Matheus Henrique,CRU,Meia,7,4.54,0.0,1.88,20,0.0,False,False,COR,-0.411,neutro,1.918,1.88,1.0,38.1,desfavoravel,1.81,0.175,-7.8,1.027,0.568,1.65,0.44,0.75,0.382,
132264,Arroyo,CRU,Atacante,6,5.09,-0.34,3.0,18,0.5,True,False,COR,-0.156,neutro,2.764,1.83,1.0,40.7,neutro,1.86,0.175,-7.8,1.027,0.568,1.65,0.44,0.75,0.382,
114405,Sinisterra,CRU,Atacante,5,5.85,0.0,3.27,8,0.0,False,False,COR,-0.581,armadilha_leve,2.751,2.27,1.0,40.7,neutro,2.27,0.175,-7.8,1.027,0.568,1.65,0.44,0.75,0.382,
117404,Otávio,CRU,Goleiro,7,2.43,-0.77,2.07,9,1.6,True,False,COR,1.074,valor_bom,2.377,1.51,1.0,39.3,desfavoravel,2.06,0.95,-7.8,1.027,0.568,1.65,0.44,0.75,0.382,
122660,Japa,MIR,Meia,7,6.53,0.0,5.32,5,0.0,False,True,FLA,1.586,valor_oculto,4.575,4.32,0.625,32.0,neutro,3.21,0.1,-9.1,1.05,0.98,1.185,0.467,0.5,0.246,0.467
137543,Tevis,CRU,Atacante,6,2.0,0.0,0.0,0,0.0,False,False,COR,-0.843,armadilha_leve,0.0,0.0,0.0,40.7,neutro,0.55,0.175,-7.8,1.027,0.568,1.65,0.44,0.75,0.382,
93478,Wanderson,CRU,Atacante,6,4.91,0.0,1.61,16,0.0,False,False,COR,-1.131,armadilha_leve,1.818,1.11,1.0,40.7,neutro,1.85,0.175,-7.8,1.027,0.568,1.65,0.44,0.75,0.382,
113158,Marquinhos,CRU,Atacante,6,3.54,0.0,0.45,2,0.0,False,False,COR,-0.146,neutro,1.876,0.45,0.25,40.7,neutro,1.85,0.175,-7.8,1.027,0.568,1.65,0.44,0.75,0.382,
84735,Jorginho,FLA,Meia,7,9.3,-0.15,4.22,15,3.7,True,False,MIR,0.275,neutro,4.182,3.22,1.0,65.6,neutro,3.72,0.675,9.1,1.185,0.467,1.05,0.98,0.775,,0.467
83528,Léo Pereira,FLA,Zagueiro,2,10.59,1.68,4.74,17,12.7,True,False,MIR,0.197,neutro,4.446,2.33,1.0,58.0,neutro,2.7,0.675,9.1,1.185,0.467,1.05,0.98,0.775,,0.467
69783,Danilo,FLA,Zagueiro,2,5.3,0.0,1.4,6,0.0,False,False,MIR,-0.724,armadilha_leve,2.12,0.9,0.75,58.0,neutro,2.75,0.675,9.1,1.185,0.467,1.05,0.98,0.775,,0.467
146807,Rayan Lelis,CRU,Atacante,6,2.0,0.0,0.0,0,0.0,False,False,COR,-0.843,armadilha_leve,0.0,0.0,0.0,40.7,neutro,0.55,0.175,-7.8,1.027,0.568,1.65,0.44,0.75,0.382,
82627,Luiz Araújo,FLA,Atacante,6,7.88,0.0,2.99,11,0.0,False,False,MIR,-0.298,neutro,3.791,1.81,1.0,67.9,neutro,3.06,0.675,9.1,1.185,0.467,1.05,0.98,0.775,,0.467
131967,Villarreal,CRU,Atacante,5,8.62,0.0,5.65,12,0.0,False,False,COR,1.198,valor_bom,5.346,3.23,1.0,40.7,neutro,3.45,0.175,-7.8,1.027,0.568,1.65,0.44,0.75,0.382,
137542,Kaique Kenji,CRU,Atacante,3,2.39,0.03,1.2,9,0.7,True,False,COR,-0.105,neutro,1.02,0.31,1.0,40.7,neutro,1.48,0.175,-7.8,1.027,0.568,1.65,0.44,0.75,0.382,
80061,Saúl,FLA,Meia,6,6.28,0.0,2.43,6,0.0,False,False,MIR,0.403,neutro,3.39,1.6,0.75,65.6,neutro,3.31,0.675,9.1,1.185,0.467,1.05,0.98,0.775,,0.467
90285,Bruno Henrique,FLA,Atacante,6,6.45,0.36,2.84,15,8.0,True,False,MIR,0.042,neutro,3.553,1.31,1.0,67.9,neutro,4.98,0.675,9.1,1.185,0.467,1.05,0.98,0.775,,0.467
84816,Varela,FLA,Lateral,7,8.95,1.18,4.82,16,8.3,True,False,MIR,0.161,neutro,4.952,2.88,1.0,57.6,neutro,2.35,0.675,9.1,1.185,0.467,1.05,0.98,0.775,,0.467
97867,Léo Ortiz,FLA,Zagueiro,7,9.41,0.29,4.28,17,7.0,True,False,MIR,0.152,neutro,4.133,2.52,1.0,58.0,neutro,3.84,0.675,9.1,1.185,0.467,1.05,0.98,0.775,,0.467
143600,Kauã Moraes,CRU,Lateral,2,6.81,0.0,4.83,10,0.0,False,False,COR,0.165,neutro,4.179,2.53,1.0,39.0,desfavoravel,4.1,0.95,-7.8,1.027,0.568,1.65,0.44,0.75,0.382,
91473,Erick Pulgar,FLA,Meia,7,7.17,1.15,2.77,11,7.7,True,False,MIR,0.016,neutro,3.334,2.32,1.0,65.6,neutro,2.91,0.675,9.1,1.185,0.467,1.05,0.98,0.775,,0.467
98873,Samuel Lino,FLA,Atacante,7,11.7,-0.36,7.58,20,7.4,True,False,MIR,1.903,valor_oculto,6.812,3.83,1.0,67.9,neutro,5.87,0.675,9.1,1.185,0.467,1.05,0.98,0.775,,0.467
96652,Allan,COR,Meia,7,3.26,0.41,1.04,16,3.9,True,True,CRU,-0.62,armadilha_leve,1.035,1.04,1.0,72.6,neutro,2.62,0.7,7.8,1.65,0.44,1.027,0.568,0.775,0.414,
109096,Plata,FLA,Atacante,2,9.94,-1.02,6.25,11,-1.3,True,False,MIR,1.129,valor_bom,5.678,4.34,1.0,67.9,neutro,3.84,0.675,9.1,1.185,0.467,1.05,0.98,0.775,,0.467
87863,Arrascaeta,FLA,Meia,2,14.59,0.43,5.2,13,6.4,True,False,MIR,-0.248,neutro,4.785,3.66,1.0,65.6,neutro,3.06,0.675,9.1,1.185,0.467,1.05,0.98,0.775,,0.467
122318,Dyogo Alves,FLA,Goleiro,6,3.0,0.0,0.0,0,0.0,False,False,MIR,-1.559,armadilha_forte,0.0,0.0,0.0,57.9,neutro,1.26,0.675,9.1,1.185,0.467,1.05,0.98,0.775,,0.467
88393,Ayrton Lucas,FLA,Lateral,7,8.64,-0.45,4.74,11,4.1,True,False,MIR,0.26,neutro,4.94,2.38,1.0,57.6,neutro,4.56,0.675,9.1,1.185,0.467,1.05,0.98,0.775,,0.467
96870,Emerson Royal,FLA,Lateral,6,7.39,0.0,5.48,10,0.0,False,False,MIR,1.22,valor_bom,5.362,3.48,1.0,57.6,neutro,3.15,0.675,9.1,1.185,0.467,1.05,0.98,0.775,,0.467
115914,Evertton Araújo,FLA,Meia,6,3.03,0.19,1.32,16,2.3,True,False,MIR,-0.261,neutro,1.222,1.01,1.0,65.6,neutro,3.14,0.675,9.1,1.185,0.467,1.05,0.98,0.775,,0.467
122320,Daniel Sales,FLA,Lateral,5,2.0,0.0,0.0,0,0.0,False,False,MIR,-1.063,armadilha_leve,0.0,0.0,0.0,57.6,neutro,1.25,0.675,9.1,1.185,0.467,1.05,0.98,0.775,,0.467
130189,Léo Nannetti,FLA,Goleiro,6,2.0,0.0,0.0,0,0.0,False,False,MIR,-0.802,armadilha_leve,0.0,0.0,0.0,57.9,neutro,1.26,0.675,9.1,1.185,0.467,1.05,0.98,0.775,,0.467
86757,Everton,FLA,Atacante,6,5.67,0.0,1.42,9,0.0,False,False,MIR,-1.571,armadilha_forte,1.802,1.42,1.0,67.9,neutro,2.68,0.675,9.1,1.185,0.467,1.05,0.98,0.775,,0.467
143295,Joshua,FLA,Meia,6,2.6,0.0,-0.3,1,0.0,False,False,MIR,-0.313,neutro,0.878,0.0,0.125,65.6,neutro,2.2,0.675,9.1,1.185,0.467,1.05,0.98,0.775,,0.467
62977,Ganso,FLU,Meia,7,3.41,0.14,0.85,13,0.9,True,True,PAL,-0.44,neutro,1.293,0.85,1.0,31.3,neutro,1.29,0.05,0.0,0.568,0.677,1.042,0.825,0.5,0.662,0.527
78855,Thiago Santos,CFC,Zagueiro,7,4.36,0.25,3.16,15,2.3,True,False,SAO,0.83,valor_bom,2.986,2.16,1.0,38.6,desfavoravel,1.99,0.15,-17.5,0.489,1.214,0.646,1.176,0.4,0.368,0.48
99228,De la Cruz,FLA,Meia,6,4.41,0.0,0.82,10,0.0,False,False,MIR,-0.957,armadilha_leve,1.35,0.82,1.0,65.6,neutro,2.09,0.675,9.1,1.185,0.467,1.05,0.98,0.775,,0.467
105647,Maurício,PAL,Meia,6,6.93,-0.83,3.85,19,2.4,True,False,FLU,0.74,valor_bom,3.927,2.53,1.0,49.0,neutro,2.47,0.425,0.0,1.042,0.825,0.568,0.677,0.65,0.149,0.527
130382,Guilherme Gomes,FLA,Meia,6,3.0,0.0,0.0,0,0.0,False,False,MIR,-1.558,armadilha_forte,0.0,0.0,0.0,65.6,neutro,1.58,0.675,9.1,1.185,0.467,1.05,0.98,0.775,,0.467
122573,Wallace Yan,FLA,Atacante,6,2.44,0.0,0.1,7,0.0,False,False,MIR,-0.769,armadilha_leve,0.483,0.1,0.875,67.9,neutro,2.25,0.675,9.1,1.185,0.467,1.05,0.98,0.775,,0.467
78445,Renê,FLU,Lateral,7,9.65,-0.7,5.84,14,4.2,True,True,PAL,0.651,valor_bom,5.613,4.48,1.0,52.7,neutro,3.89,0.0,0.0,0.568,0.677,1.042,0.825,0.5,0.662,0.527
140492,João Victor,FLA,Zagueiro,6,4.34,0.0,6.5,1,0.0,False,False,MIR,0.963,valor_bom,3.086,3.5,0.125,58.0,neutro,4.26,0.675,9.1,1.185,0.467,1.05,0.98,0.775,,0.467
145705,Douglas Telles,FLA,Atacante,6,2.0,0.0,0.0,0,0.0,False,False,MIR,-0.843,armadilha_leve,0.0,0.0,0.0,67.9,neutro,1.67,0.675,9.1,1.185,0.467,1.05,0.98,0.775,,0.467
101319,Guga,FLU,Lateral,7,5.55,0.0,3.01,12,0.0,False,True,PAL,-0.346,neutro,3.152,1.68,1.0,52.7,neutro,3.8,0.0,0.0,0.568,0.677,1.042,0.825,0.5,0.662,0.527
78117,Everaldo,BAH,Atacante,6,6.29,0.0,4.04,15,0.0,False,False,CHA,1.012,valor_bom,4.336,1.91,1.0,69.0,neutro,3.46,1.0,26.7,0.607,0.352,0.63,1.074,0.55,,0.47
73384,Samuel Xavier,FLU,Lateral,6,7.48,-1.73,3.75,14,0.1,True,True,PAL,-0.012,neutro,4.283,3.11,1.0,52.7,neutro,4.9,0.0,0.0,0.568,0.677,1.042,0.825,0.5,0.662,0.527
82463,Otávio,FLU,Meia,6,2.87,0.36,0.58,6,1.9,True,True,PAL,-0.565,armadilha_leve,0.834,0.58,0.75,31.3,neutro,0.97,0.05,0.0,0.568,0.677,1.042,0.825,0.5,0.662,0.527
103523,Ignácio,FLU,Zagueiro,3,7.32,1.35,3.45,10,12.7,True,True,PAL,0.223,neutro,3.615,2.55,1.0,53.1,neutro,3.68,0.0,0.0,0.568,0.677,1.042,0.825,0.5,0.662,0.527
102137,Vitor Eudes,FLU,Goleiro,6,2.0,0.0,0.0,0,0.0,False,True,PAL,-0.802,armadilha_leve,0.0,0.0,0.0,53.0,neutro,1.06,0.0,0.0,0.568,0.677,1.042,0.825,0.5,0.662,0.527
89493,Igor Rabello,FLU,Zagueiro,7,7.95,0.0,8.8,1,0.0,False,True,PAL,0.917,valor_bom,4.375,5.8,0.125,53.1,neutro,3.96,0.0,0.0,0.568,0.677,1.042,0.825,0.5,0.662,0.527
100987,Nonato,FLU,Meia,6,5.94,-0.04,2.6,9,2.8,True,True,PAL,0.453,neutro,3.311,1.49,1.0,31.3,neutro,2.13,0.05,0.0,0.568,0.677,1.042,0.825,0.5,0.662,0.527
102928,Canobbio,FLU,Atacante,7,10.45,-0.57,7.0,14,2.0,True,True,PAL,1.604,valor_oculto,6.233,4.0,1.0,34.9,neutro,2.79,0.05,0.0,0.568,0.677,1.042,0.825,0.5,0.662,0.527
101478,Marcelo Pitaluga,FLU,Goleiro,6,3.0,0.0,0.0,0,0.0,False,True,PAL,-1.559,armadilha_forte,0.0,0.0,0.0,53.0,neutro,1.06,0.0,0.0,0.568,0.677,1.042,0.825,0.5,0.662,0.527
110759,John Kennedy,FLU,Atacante,5,10.92,0.0,7.3,17,0.0,False,True,PAL,1.801,valor_oculto,6.529,2.77,1.0,34.9,neutro,2.46,0.05,0.0,0.568,0.677,1.042,0.825,0.5,0.662,0.527
87228,Guilherme Arana,FLU,Lateral,6,7.42,0.0,3.25,14,0.0,False,True,PAL,-0.338,neutro,3.965,2.39,1.0,52.7,neutro,3.73,0.0,0.0,0.568,0.677,1.042,0.825,0.5,0.662,0.527
116447,Hércules,FLU,Meia,7,6.82,-1.0,3.79,19,0.5,True,True,PAL,0.735,valor_bom,3.885,3.0,1.0,31.3,neutro,1.87,0.05,0.0,0.568,0.677,1.042,0.825,0.5,0.662,0.527
127932,Júlio Fidelis,FLU,Lateral,6,2.0,0.0,0.0,0,0.0,False,True,PAL,-1.063,armadilha_leve,0.0,0.0,0.0,52.7,neutro,1.04,0.0,0.0,0.568,0.677,1.042,0.825,0.5,0.662,0.527
86485,Keno,CFC,Atacante,6,3.28,0.0,0.65,6,0.0,False,False,SAO,-1.23,armadilha_leve,0.746,0.65,0.75,36.1,desfavoravel,1.11,0.3,-17.5,0.489,1.214,0.646,1.176,0.4,0.368,0.48
113034,Freytes,FLU,Zagueiro,5,5.23,0.0,2.63,17,0.0,False,True,PAL,-0.059,neutro,2.639,1.92,1.0,53.1,neutro,4.17,0.0,0.0,0.568,0.677,1.042,0.825,0.5,0.662,0.527
72018,Tiago Volpi,RBB,Goleiro,7,9.14,-1.41,5.57,13,-0.7,True,False,CAP,0.698,valor_bom,5.021,2.72,1.0,33.0,desfavoravel,3.2,0.1,-32.1,1.131,0.764,1.027,0.232,0.475,0.23,0.424
88037,Luís Castro,GRE,Técnico,7,9.48,0.26,4.74,20,5.85,True,False,CAM,-0.134,neutro,4.869,4.74,1.0,63.5,neutro,3.68,0.95,-46.0,1.4,1.4,0.933,0.778,0.525,,0.467
87258,Soteldo,FLU,Atacante,7,3.96,-0.67,1.56,15,2.1,True,True,PAL,-0.548,armadilha_leve,1.794,1.56,1.0,34.9,neutro,2.39,0.05,0.0,0.568,0.677,1.042,0.825,0.5,0.662,0.527
87342,Kannemann,GRE,Zagueiro,6,3.78,-0.86,-0.4,2,-1.0,True,False,CAM,-0.958,armadilha_leve,1.217,0.0,0.25,17.3,desfavoravel,0.51,0.35,-46.0,1.4,1.4,0.933,0.778,0.525,,0.467
140484,Riquelme Felipe,FLU,Atacante,6,3.53,0.0,0.7,3,0.0,False,True,PAL,-0.208,neutro,1.815,0.7,0.375,34.9,neutro,1.6,0.05,0.0,0.568,0.677,1.042,0.825,0.5,0.662,0.527
91706,Marlon,GRE,Lateral,7,8.97,0.12,5.49,8,3.5,True,False,CAM,0.598,valor_bom,5.353,3.74,1.0,16.3,desfavoravel,3.48,0.35,-46.0,1.4,1.4,0.933,0.778,0.525,,0.467
63013,Marcos Rocha,GRE,Lateral,6,5.95,0.0,0.8,4,0.0,False,False,CAM,-1.267,armadilha_leve,2.51,0.8,0.5,16.3,desfavoravel,1.38,0.35,-46.0,1.4,1.4,0.933,0.778,0.525,,0.467
105563,Carlos Vinícius,GRE,Atacante,7,14.47,0.4,5.62,19,7.9,True,False,CAM,-0.392,neutro,5.404,1.57,1.0,64.7,neutro,2.78,0.95,-46.0,1.4,1.4,0.933,0.778,0.525,,0.467
87887,Balbuena,GRE,Zagueiro,6,6.98,0.0,3.94,7,0.0,False,False,CAM,0.671,valor_bom,3.877,3.08,0.875,17.3,desfavoravel,2.32,0.35,-46.0,1.4,1.4,0.933,0.778,0.525,,0.467
111309,Gustavo Martins,GRE,Zagueiro,7,5.5,-0.63,2.76,13,-1.3,True,False,CAM,-0.091,neutro,2.722,1.3,1.0,17.3,desfavoravel,2.7,0.35,-46.0,1.4,1.4,0.933,0.778,0.525,,0.467
89883,Dodi,GRE,Meia,6,2.52,-0.52,0.07,7,-0.3,True,False,CAM,-0.572,armadilha_leve,0.579,0.07,0.875,62.4,neutro,2.07,0.95,-46.0,1.4,1.4,0.933,0.778,0.525,,0.467
97145,Villasanti,GRE,Meia,7,6.99,0.13,2.3,2,3.4,True,False,CAM,0.526,valor_bom,3.748,2.3,0.25,62.4,neutro,3.54,0.95,-46.0,1.4,1.4,0.933,0.778,0.525,,0.467
112616,Gabriel Grando,GRE,Goleiro,6,3.77,0.0,0.3,1,0.0,False,False,CAM,0.278,neutro,2.454,0.3,0.125,16.5,desfavoravel,1.27,0.35,-46.0,1.4,1.4,0.933,0.778,0.525,,0.467
132071,Serna,FLU,Atacante,6,6.72,0.7,3.21,20,7.9,True,True,PAL,0.075,neutro,3.69,2.31,1.0,34.9,neutro,2.58,0.05,0.0,0.568,0.677,1.042,0.825,0.5,0.662,0.527
91908,Pavón,GRE,Atacante,7,7.44,1.33,4.21,18,11.1,True,False,CAM,0.597,valor_bom,4.42,3.21,1.0,64.7,neutro,3.45,0.95,-46.0,1.4,1.4,0.933,0.778,0.525,,0.467
89273,João Pedro,GRE,Lateral,6,3.11,0.0,0.72,5,0.0,False,False,CAM,-0.584,armadilha_leve,1.442,0.72,0.625,16.3,desfavoravel,0.74,0.35,-46.0,1.4,1.4,0.933,0.778,0.525,,0.467
102318,Caio Paulista,GRE,Lateral,6,5.62,0.0,3.43,7,0.0,False,False,CAM,-0.114,neutro,3.396,2.57,0.875,16.3,desfavoravel,2.01,0.35,-46.0,1.4,1.4,0.933,0.778,0.525,,0.467
63289,Edenílson,BOT,Meia,6,6.15,0.0,3.2,14,0.0,False,False,VIT,0.606,valor_bom,3.531,1.41,1.0,28.1,desfavoravel,1.81,0.1,-30.9,0.6,0.509,0.2,1.067,0.65,0.277,0.475
116067,Thiago Beltrame,GRE,Goleiro,6,2.08,0.0,0.7,1,0.0,False,False,CAM,1.471,valor_bom,2.498,0.7,0.125,16.5,desfavoravel,1.3,0.35,-46.0,1.4,1.4,0.933,0.778,0.525,,0.467
72951,Mercado,INT,Zagueiro,7,6.38,0.0,3.84,13,0.0,False,True,REM,0.861,valor_bom,3.833,2.69,1.0,46.2,neutro,4.09,0.575,12.2,0.574,1.304,1.015,0.856,0.275,0.421,0.461
109966,Monsalve,GRE,Meia,6,3.12,0.0,0.64,7,0.0,False,False,CAM,-0.73,armadilha_leve,0.845,0.64,0.875,62.4,neutro,2.17,0.95,-46.0,1.4,1.4,0.933,0.778,0.525,,0.467
118238,Ronald,GRE,Meia,6,3.0,0.0,0.0,0,0.0,False,False,CAM,-1.558,armadilha_forte,0.0,0.0,0.0,62.4,neutro,1.44,0.95,-46.0,1.4,1.4,0.933,0.778,0.525,,0.467
104994,Wagner Leonardo,GRE,Zagueiro,6,5.36,0.0,2.78,9,0.0,False,False,CAM,-0.022,neutro,2.723,2.11,1.0,17.3,desfavoravel,1.66,0.35,-46.0,1.4,1.4,0.933,0.778,0.525,,0.467
88136,Ivan,REM,Goleiro,6,7.58,0.0,10.2,1,0.0,False,False,INT,0.934,valor_bom,4.804,5.2,0.125,47.9,neutro,4.04,0.85,-12.2,1.015,0.856,0.574,1.304,0.45,,0.461
70944,Bruno Henrique,INT,Meia,7,3.74,-0.06,1.73,19,0.3,True,True,REM,-0.082,neutro,1.814,1.47,1.0,55.7,neutro,3.0,0.9,12.2,0.574,1.304,1.015,0.856,0.275,0.421,0.461
92182,Juninho,INT,Zagueiro,6,5.36,0.79,2.17,6,5.0,True,True,REM,-0.353,neutro,2.45,1.17,0.75,46.2,neutro,2.82,0.575,12.2,0.574,1.304,1.015,0.856,0.275,0.421,0.461
130889,Riquelme,GRE,Meia,6,2.42,0.0,-1.45,2,0.0,False,False,CAM,-0.543,armadilha_leve,0.53,0.0,0.25,62.4,neutro,1.88,0.95,-46.0,1.4,1.4,0.933,0.778,0.525,,0.467
107989,Carbonero,INT,Atacante,7,8.68,-0.46,5.15,21,2.8,True,True,REM,0.872,valor_bom,5.079,2.53,1.0,58.5,neutro,4.94,0.9,12.2,0.574,1.304,1.015,0.856,0.275,0.421,0.461
106202,Bruno Gomes,INT,Meia,7,6.37,-0.62,3.41,22,1.7,True,True,REM,0.592,valor_bom,3.597,3.41,1.0,55.7,neutro,4.75,0.9,12.2,0.574,1.304,1.015,0.856,0.275,0.421,0.461
110510,Aguirre,INT,Lateral,6,5.86,0.3,3.62,15,4.9,True,True,REM,-0.091,neutro,3.531,2.29,1.0,45.7,neutro,2.73,0.575,12.2,0.574,1.304,1.015,0.856,0.275,0.421,0.461
101960,Vitinho,INT,Atacante,7,7.68,-1.35,4.78,21,3.8,True,True,REM,0.946,valor_bom,4.811,3.68,1.0,58.5,neutro,7.15,0.9,12.2,0.574,1.304,1.015,0.856,0.275,0.421,0.461
142004,Amuzu,GRE,Atacante,2,7.21,-0.19,4.0,18,2.5,True,False,CAM,0.527,valor_bom,4.274,2.72,1.0,64.7,neutro,3.37,0.95,-46.0,1.4,1.4,0.933,0.778,0.525,,0.467
115479,Paulo Pezzolano,INT,Técnico,7,7.79,0.05,4.78,22,5.54,True,True,REM,0.25,neutro,4.746,4.78,1.0,56.9,neutro,4.61,0.9,12.2,0.574,1.304,1.015,0.856,0.275,0.421,0.461
111683,Anthoni,INT,Goleiro,6,3.91,0.0,2.55,9,0.0,False,True,REM,0.367,neutro,2.631,1.99,1.0,46.0,neutro,2.94,0.575,12.2,0.574,1.304,1.015,0.856,0.275,0.421,0.461
92981,Ronaldo,INT,Meia,6,3.88,0.05,2.38,9,1.5,True,True,REM,0.26,neutro,2.207,1.82,1.0,55.7,neutro,2.45,0.9,12.2,0.574,1.304,1.015,0.856,0.275,0.421,0.461
89637,Thiago Maia,INT,Meia,5,3.6,0.0,0.92,10,0.0,False,True,REM,-0.438,neutro,1.405,0.92,1.0,55.7,neutro,2.16,0.9,12.2,0.574,1.304,1.015,0.856,0.275,0.421,0.461
71684,Gustavo Gómez,PAL,Zagueiro,7,10.56,0.0,4.71,19,0.0,False,False,FLU,0.207,neutro,4.447,2.39,1.0,54.6,neutro,3.81,0.225,0.0,1.042,0.825,0.568,0.677,0.65,0.149,0.527
71631,Weverton,GRE,Goleiro,7,8.19,0.52,4.92,18,5.5,True,False,CAM,0.634,valor_bom,4.677,3.25,1.0,16.5,desfavoravel,3.65,0.35,-46.0,1.4,1.4,0.933,0.778,0.525,,0.467
111466,Victor Gabriel,INT,Zagueiro,3,3.51,0.0,2.16,16,0.0,False,True,REM,0.15,neutro,1.981,1.6,1.0,46.2,neutro,3.1,0.575,12.2,0.574,1.304,1.015,0.856,0.275,0.421,0.461
108683,Emiliano Martínez,PAL,Meia,2,4.89,0.8,2.41,10,5.9,True,False,FLU,-0.245,neutro,2.233,2.41,1.0,49.0,neutro,2.27,0.425,0.0,1.042,0.825,0.568,0.677,0.65,0.149,0.527
97653,Murilo,PAL,Zagueiro,7,7.19,0.01,3.55,19,5.7,True,False,FLU,0.291,neutro,3.631,1.87,1.0,54.6,neutro,3.62,0.225,0.0,1.042,0.825,0.568,0.677,0.65,0.149,0.527
86711,Richard,INT,Meia,6,4.0,0.0,0.0,0,0.0,False,True,REM,-2.19,armadilha_forte,0.0,0.0,0.0,55.7,neutro,1.17,0.9,12.2,0.574,1.304,1.015,0.856,0.275,0.421,0.461
68872,Marcelo Lomba,PAL,Goleiro,6,7.08,0.0,8.9,1,0.0,False,False,FLU,0.957,valor_bom,4.66,3.9,0.125,54.5,neutro,4.2,0.225,0.0,1.042,0.825,0.568,0.677,0.65,0.149,0.527
102130,Piquerez,PAL,Lateral,7,11.85,-0.63,6.97,10,8.0,True,False,FLU,0.623,valor_bom,6.19,4.27,1.0,54.2,neutro,4.62,0.225,0.0,1.042,0.825,0.568,0.677,0.65,0.149,0.527
110506,Abel Ferreira,PAL,Técnico,7,12.08,-0.44,6.62,22,6.31,True,False,FLU,0.544,valor_bom,6.455,6.62,1.0,50.3,neutro,3.32,0.425,0.0,1.042,0.825,0.568,0.677,0.65,0.149,0.527
71227,Maicon,CFC,Zagueiro,6,3.86,-0.28,1.93,14,0.0,True,False,SAO,-0.281,neutro,1.818,1.07,1.0,38.6,desfavoravel,1.78,0.15,-17.5,0.489,1.214,0.646,1.176,0.4,0.368,0.48
84674,Lucas Evangelista,PAL,Meia,6,3.94,0.0,1.09,19,0.0,False,False,FLU,-0.685,armadilha_leve,1.363,0.83,1.0,49.0,neutro,1.92,0.425,0.0,1.042,0.825,0.568,0.677,0.65,0.149,0.527
143488,Raykkonen,INT,Atacante,6,2.63,0.0,0.5,1,0.0,False,True,REM,-0.615,armadilha_leve,0.782,0.5,0.125,58.5,neutro,1.85,0.9,12.2,0.574,1.304,1.015,0.856,0.275,0.421,0.461
104084,Carlos Miguel,PAL,Goleiro,7,8.9,-0.03,5.21,21,8.1,True,False,FLU,0.659,valor_bom,4.912,3.31,1.0,54.5,neutro,3.85,0.225,0.0,1.042,0.825,0.568,0.677,0.65,0.149,0.527
105175,Khellven,PAL,Lateral,5,5.69,0.0,2.9,15,0.0,False,False,FLU,-0.521,armadilha_leve,3.062,2.1,1.0,54.2,neutro,2.73,0.225,0.0,1.042,0.825,0.568,0.677,0.65,0.149,0.527
121824,Kayke,COR,Atacante,5,3.64,0.0,1.65,6,0.0,False,True,CRU,-0.099,neutro,1.983,1.65,0.75,75.4,neutro,3.06,0.7,7.8,1.65,0.44,1.027,0.568,0.775,0.414,
137618,Clayton Sampaio,INT,Zagueiro,6,2.63,0.0,-1.0,0,0.0,False,True,REM,-1.576,armadilha_forte,0.0,0.0,0.0,46.2,neutro,0.78,0.575,12.2,0.574,1.304,1.015,0.856,0.275,0.421,0.461
133679,Benedetti,PAL,Zagueiro,6,5.42,0.0,4.85,2,0.0,False,False,FLU,0.404,neutro,3.098,1.85,0.25,54.6,neutro,3.13,0.225,0.0,1.042,0.825,0.568,0.677,0.65,0.149,0.527
92811,Bruno Rodrigues,CRU,Atacante,6,3.56,0.75,1.74,14,5.0,True,False,COR,-0.112,neutro,1.919,1.03,1.0,40.7,neutro,2.07,0.175,-7.8,1.027,0.568,1.65,0.44,0.75,0.382,
99818,Paulinho,PAL,Atacante,5,10.37,0.0,3.42,6,0.0,False,False,FLU,-0.623,armadilha_leve,4.261,0.75,0.75,51.3,neutro,3.33,0.425,0.0,1.042,0.825,0.568,0.677,0.65,0.149,0.527
113103,Flaco López,PAL,Atacante,7,12.92,-0.48,6.17,19,0.5,True,False,FLU,0.418,neutro,5.791,3.12,1.0,51.3,neutro,3.74,0.425,0.0,1.042,0.825,0.568,0.677,0.65,0.149,0.527
112863,Ramón Sosa,PAL,Atacante,6,5.69,-1.37,3.38,18,-0.4,True,False,FLU,-0.183,neutro,3.027,1.05,1.0,51.3,neutro,2.13,0.425,0.0,1.042,0.825,0.568,0.677,0.65,0.149,0.527
70592,Felipe Anderson,PAL,Meia,6,6.25,-1.32,3.1,15,0.8,True,False,FLU,0.481,neutro,3.451,2.1,1.0,49.0,neutro,2.77,0.425,0.0,1.042,0.825,0.568,0.677,0.65,0.149,0.527
124526,Giay,PAL,Lateral,6,7.29,0.28,4.67,17,5.5,True,False,FLU,0.691,valor_bom,4.845,3.43,1.0,54.2,neutro,3.4,0.225,0.0,1.042,0.825,0.568,0.677,0.65,0.149,0.527
79631,Cano,FLU,Atacante,6,4.07,0.0,1.13,6,0.0,False,True,PAL,-0.663,armadilha_leve,1.76,1.13,0.75,34.9,neutro,1.61,0.05,0.0,0.568,0.677,1.042,0.825,0.5,0.662,0.527
141451,Allan,PAL,Meia,7,12.39,-0.22,5.91,19,3.3,True,False,FLU,0.822,valor_bom,5.377,4.33,1.0,49.0,neutro,3.39,0.425,0.0,1.042,0.825,0.568,0.677,0.65,0.149,0.527
87742,Neto Moura,MIR,Meia,7,3.31,0.0,1.56,11,0.0,False,True,FLA,-0.329,neutro,1.335,1.56,1.0,32.0,neutro,1.33,0.1,-9.1,1.05,0.98,1.185,0.467,0.5,0.246,0.467
81005,André Luis,MIR,Atacante,6,3.05,-0.19,1.02,11,-0.1,True,True,FLA,-0.822,armadilha_leve,0.935,0.29,1.0,34.4,neutro,1.22,0.1,-9.1,1.05,0.98,1.185,0.467,0.5,0.246,0.467
72279,Thomazella,MIR,Goleiro,6,0.83,-1.1,-1.35,2,-3.0,True,True,FLA,3.071,valor_oculto,2.742,0.0,0.25,38.0,neutro,1.97,0.05,-9.1,1.05,0.98,1.185,0.467,0.5,0.246,0.467
82775,Lucas Ramon,SAO,Lateral,7,10.2,-0.22,5.42,15,2.9,True,True,CFC,0.18,neutro,5.349,4.49,1.0,59.9,neutro,4.72,0.2,17.5,0.646,1.176,0.489,1.214,0.175,0.551,0.48
97460,João Victor,MIR,Zagueiro,7,4.9,-1.25,2.59,19,2.7,True,True,FLA,0.076,neutro,2.611,1.85,1.0,38.4,neutro,6.03,0.05,-9.1,1.05,0.98,1.185,0.467,0.5,0.246,0.467
136156,Larson,PAL,Meia,6,2.1,0.0,0.48,4,0.0,False,False,FLU,0.073,neutro,0.843,0.48,0.5,49.0,neutro,1.59,0.425,0.0,1.042,0.825,0.568,0.677,0.65,0.149,0.527
111832,Jefté,PAL,Lateral,5,4.16,0.0,2.47,7,0.0,False,False,FLU,-0.595,armadilha_leve,2.162,0.9,0.875,54.2,neutro,2.42,0.225,0.0,1.042,0.825,0.568,0.677,0.65,0.149,0.527
104027,Rafael Guanaes,MIR,Técnico,7,6.99,-0.45,4.15,19,2.5,True,True,FLA,0.15,neutro,4.299,4.15,1.0,33.7,neutro,4.34,0.1,-9.1,1.05,0.98,1.185,0.467,0.5,0.246,0.467
101708,Felipe Jonatan,CFC,Lateral,6,4.54,-0.24,2.38,15,-0.3,True,False,SAO,-0.227,neutro,2.723,1.78,1.0,37.9,desfavoravel,4.45,0.15,-17.5,0.489,1.214,0.646,1.176,0.4,0.368,0.48
79066,Alex Muralha,MIR,Goleiro,6,2.64,0.0,-1.0,0,0.0,False,True,FLA,-1.311,armadilha_leve,0.0,0.0,0.0,38.0,neutro,0.44,0.05,-9.1,1.05,0.98,1.185,0.467,0.5,0.246,0.467
97321,Alesson,MIR,Atacante,2,8.3,-0.99,4.92,17,1.5,True,True,FLA,0.819,valor_bom,4.911,4.04,1.0,34.4,neutro,3.95,0.1,-9.1,1.05,0.98,1.185,0.467,0.5,0.246,0.467
83257,Gabriel,SAN,Atacante,7,8.73,0.05,4.7,13,3.6,True,False,VAS,0.504,valor_bom,4.773,0.85,1.0,54.4,neutro,2.82,0.8,-36.7,1.159,1.2,0.183,0.813,0.275,0.264,0.47
98384,Negueba,MIR,Atacante,5,8.57,0.0,5.23,8,0.0,False,True,FLA,0.891,valor_bom,5.061,4.23,1.0,34.4,neutro,3.24,0.1,-9.1,1.05,0.98,1.185,0.467,0.5,0.246,0.467
73318,Daniel Borges,MIR,Lateral,6,5.75,0.0,4.04,5,0.0,False,True,FLA,0.07,neutro,3.625,3.44,0.625,37.8,neutro,5.42,0.05,-9.1,1.05,0.98,1.185,0.467,0.5,0.246,0.467
97520,Shaylon,MIR,Meia,6,3.48,-0.47,1.63,15,-1.1,True,True,FLA,0.023,neutro,1.763,1.3,1.0,32.0,neutro,2.3,0.1,-9.1,1.05,0.98,1.185,0.467,0.5,0.246,0.467
104204,Edson Carioca,MIR,Atacante,7,4.05,-0.53,2.16,13,0.0,True,True,FLA,-0.161,neutro,2.188,1.54,1.0,34.4,neutro,3.27,0.1,-9.1,1.05,0.98,1.185,0.467,0.5,0.246,0.467
78478,Willian Arão,SAN,Meia,7,5.31,-1.0,2.9,14,0.7,True,False,VAS,-0.069,neutro,2.577,2.9,1.0,52.1,neutro,3.87,0.8,-36.7,1.159,1.2,0.183,0.813,0.275,0.264,0.47
105903,Aldo Filho,MIR,Meia,5,3.8,0.0,2.09,15,0.0,False,True,FLA,0.151,neutro,2.063,1.76,1.0,32.0,neutro,2.1,0.1,-9.1,1.05,0.98,1.185,0.467,0.5,0.246,0.467
77777,João Schmidt,SAN,Meia,7,4.72,0.11,1.79,10,4.2,True,False,VAS,-0.533,armadilha_leve,1.889,1.79,1.0,52.1,neutro,1.98,0.8,-36.7,1.159,1.2,0.183,0.813,0.275,0.264,0.47
90917,Carlos Eduardo,MIR,Atacante,6,4.97,0.0,3.06,12,0.0,False,True,FLA,-0.126,neutro,2.729,1.98,1.0,34.4,neutro,2.9,0.1,-9.1,1.05,0.98,1.185,0.467,0.5,0.246,0.467
95466,Igor Vinícius,SAN,Lateral,5,9.33,0.0,5.82,13,0.0,False,False,VAS,0.734,valor_bom,5.59,4.51,1.0,33.8,desfavoravel,4.41,0.85,-36.7,1.159,1.2,0.183,0.813,0.275,0.264,0.47
102256,Rollheiser,SAN,Meia,7,5.34,-0.14,2.48,15,1.0,True,False,VAS,-0.363,neutro,2.317,1.48,1.0,52.1,neutro,2.4,0.8,-36.7,1.159,1.2,0.183,0.813,0.275,0.264,0.47
108469,Adonis Frías,SAN,Zagueiro,6,5.64,-0.02,3.4,8,2.1,True,False,VAS,0.216,neutro,3.03,2.27,1.0,34.5,desfavoravel,2.25,0.85,-36.7,1.159,1.2,0.183,0.813,0.275,0.264,0.47
141754,Gabriel Bontempo,SAN,Meia,6,5.38,-0.24,3.7,17,4.0,True,False,VAS,0.529,valor_bom,3.16,3.11,1.0,52.1,neutro,4.16,0.8,-36.7,1.159,1.2,0.183,0.813,0.275,0.264,0.47
102975,Escobar,SAN,Lateral,7,9.53,-0.64,5.98,14,1.7,True,False,VAS,0.79,valor_bom,5.702,4.77,1.0,33.8,desfavoravel,4.67,0.85,-36.7,1.159,1.2,0.183,0.813,0.275,0.264,0.47
117403,Renato Marques,CFC,Atacante,6,2.73,0.0,0.74,7,0.0,False,False,SAO,-0.711,armadilha_leve,0.781,0.74,0.875,36.1,desfavoravel,1.17,0.3,-17.5,0.489,1.214,0.646,1.176,0.4,0.368,0.48
91866,Zé Ivaldo,REM,Zagueiro,6,5.48,0.0,2.47,7,0.0,False,False,INT,-0.265,neutro,2.571,2.04,0.875,48.1,neutro,2.12,0.85,-12.2,1.015,0.856,0.574,1.304,0.45,,0.461
87470,Thaciano,SAN,Meia,6,6.24,-0.17,2.71,12,1.5,True,False,VAS,0.289,neutro,3.27,1.88,1.0,52.1,neutro,2.64,0.8,-36.7,1.159,1.2,0.183,0.813,0.275,0.264,0.47
118775,Lautaro Díaz,SAN,Atacante,6,5.26,0.0,2.28,8,0.0,False,False,VAS,-0.832,armadilha_leve,2.256,1.28,1.0,54.4,neutro,2.43,0.8,-36.7,1.159,1.2,0.183,0.813,0.275,0.264,0.47
113690,Diógenes,SAN,Goleiro,6,5.0,0.0,5.55,2,0.0,False,False,VAS,0.455,neutro,3.288,3.05,0.25,34.1,desfavoravel,3.38,0.85,-36.7,1.159,1.2,0.183,0.813,0.275,0.264,0.47
85403,Danielzinho,SAO,Meia,7,6.34,-0.39,2.68,19,1.2,True,True,CFC,0.072,neutro,3.104,2.15,1.0,53.6,neutro,2.92,0.6,17.5,0.646,1.176,0.489,1.214,0.175,0.551,0.48
70164,Lucas Moura,SAO,Meia,5,7.5,0.0,2.32,8,0.0,False,True,CFC,-0.224,neutro,3.215,1.07,1.0,53.6,neutro,2.78,0.6,17.5,0.646,1.176,0.489,1.214,0.175,0.551,0.48
91573,Arboleda,SAO,Zagueiro,7,8.55,-1.25,4.02,9,0.4,True,True,CFC,0.171,neutro,3.927,3.35,1.0,60.3,favoravel,3.87,0.2,17.5,0.646,1.176,0.489,1.214,0.175,0.551,0.48
80570,Wendell,SAO,Lateral,7,8.24,-0.05,4.13,15,3.6,True,True,CFC,-0.067,neutro,4.508,2.53,1.0,59.9,neutro,5.11,0.2,17.5,0.646,1.176,0.489,1.214,0.175,0.551,0.48
84847,Luan Peres,SAN,Zagueiro,2,4.07,0.0,1.99,14,0.0,False,False,VAS,-0.367,neutro,1.856,1.35,1.0,34.5,desfavoravel,1.67,0.85,-36.7,1.159,1.2,0.183,0.813,0.275,0.264,0.47
142867,Robinho Jr.,SAN,Atacante,6,2.76,0.0,0.62,4,0.0,False,False,VAS,-0.772,armadilha_leve,0.752,0.62,0.5,54.4,neutro,1.75,0.8,-36.7,1.159,1.2,0.183,0.813,0.275,0.264,0.47
141868,Vini Lira,SAN,Lateral,5,3.79,0.0,2.42,4,0.0,False,False,VAS,-0.435,neutro,2.068,2.42,0.5,33.8,desfavoravel,1.72,0.85,-36.7,1.159,1.2,0.183,0.813,0.275,0.264,0.47
89840,Calleri,SAO,Atacante,7,11.39,-1.4,5.66,19,1.1,True,True,CFC,0.414,neutro,5.432,2.45,1.0,57.2,neutro,3.01,0.6,17.5,0.646,1.176,0.489,1.214,0.175,0.551,0.48
81845,Alisson,FLU,Meia,6,3.52,0.0,0.96,8,0.0,False,True,PAL,-0.301,neutro,1.486,0.33,1.0,31.3,neutro,1.39,0.05,0.0,0.568,0.677,1.042,0.825,0.5,0.662,0.527
110708,Pedro Rangel,CFC,Goleiro,5,7.48,0.0,4.67,17,0.0,False,False,SAO,0.677,valor_bom,4.497,2.91,1.0,38.2,desfavoravel,4.59,0.15,-17.5,0.489,1.214,0.646,1.176,0.4,0.368,0.48
105300,Ferraresi,BOT,Zagueiro,7,5.53,-0.64,2.44,16,0.2,True,False,VIT,-0.359,neutro,2.513,1.69,1.0,49.2,neutro,4.34,0.45,-30.9,0.6,0.509,0.2,1.067,0.65,0.277,0.475
77656,Cédric Soares,SAO,Lateral,6,3.73,0.0,0.94,8,0.0,False,True,CFC,-1.112,armadilha_leve,1.416,0.94,1.0,59.9,neutro,3.73,0.2,17.5,0.646,1.176,0.489,1.214,0.175,0.551,0.48
106294,Marcos Antônio,SAO,Meia,7,6.39,0.01,2.66,15,2.9,True,True,CFC,0.117,neutro,3.164,1.99,1.0,53.6,neutro,3.17,0.6,17.5,0.646,1.176,0.489,1.214,0.175,0.551,0.48
113359,Pablo Maia,SAO,Meia,7,4.35,0.16,1.48,13,2.7,True,True,CFC,-0.566,armadilha_leve,1.683,1.48,1.0,53.6,neutro,2.48,0.6,17.5,0.646,1.176,0.489,1.214,0.175,0.551,0.48
118563,Rodriguinho,RBB,Meia,7,6.07,-0.05,3.54,11,4.8,True,False,CAP,0.907,valor_bom,3.78,2.63,1.0,24.7,desfavoravel,2.42,0.05,-32.1,1.131,0.764,1.027,0.232,0.475,0.23,0.424
106028,Coronel,SAO,Goleiro,6,5.0,0.0,0.0,0,0.0,False,True,CFC,-2.627,armadilha_forte,0.0,0.0,0.0,60.3,neutro,1.36,0.2,17.5,0.646,1.176,0.489,1.214,0.175,0.551,0.48
131617,André Silva,SAO,Atacante,6,3.22,-0.26,0.22,13,-1.0,True,True,CFC,-1.521,armadilha_forte,0.448,0.22,1.0,57.2,neutro,2.99,0.6,17.5,0.646,1.176,0.489,1.214,0.175,0.551,0.48
71123,Thiago Mendes,VAS,Meia,7,7.15,-0.68,4.17,17,0.7,True,True,SAN,0.905,valor_bom,4.151,2.7,1.0,62.3,favoravel,2.47,0.95,36.7,0.183,0.813,1.159,1.2,0.275,0.488,0.47
104075,Sabino,SAO,Zagueiro,6,6.86,0.0,3.89,16,0.0,False,True,CFC,0.706,valor_bom,3.867,2.95,1.0,60.3,favoravel,4.65,0.2,17.5,0.646,1.176,0.489,1.214,0.175,0.551,0.48
93716,Paulo Henrique,VAS,Lateral,7,8.3,1.05,3.29,13,7.5,True,True,SAN,-0.627,armadilha_leve,4.023,2.29,1.0,65.0,neutro,3.01,0.15,36.7,0.183,0.813,1.159,1.2,0.275,0.488,0.47
63008,Rafael Tolói,SAO,Zagueiro,5,6.92,0.0,4.1,6,0.0,False,True,CFC,0.772,valor_bom,3.941,3.1,0.75,60.3,favoravel,4.1,0.2,17.5,0.646,1.176,0.489,1.214,0.175,0.551,0.48
140542,Ryan Francisco,SAO,Atacante,6,5.0,0.0,0.0,0,0.0,False,True,CFC,-3.259,armadilha_forte,0.0,0.0,0.0,57.2,neutro,1.23,0.6,17.5,0.646,1.176,0.489,1.214,0.175,0.551,0.48
97095,Carlos Cuesta,VAS,Zagueiro,7,6.04,1.08,2.18,10,7.0,True,True,SAN,-0.112,neutro,2.91,1.08,1.0,65.3,neutro,3.27,0.15,36.7,0.183,0.813,1.159,1.2,0.275,0.488,0.47
105584,Lucas Piton,VAS,Lateral,7,4.96,0.0,2.0,14,0.0,False,True,SAN,-0.736,armadilha_leve,2.497,1.79,1.0,65.0,neutro,2.62,0.15,36.7,0.183,0.813,1.159,1.2,0.275,0.488,0.47
99213,Puma Rodríguez,VAS,Lateral,6,7.99,0.0,5.15,13,0.0,False,True,SAN,0.768,valor_bom,5.175,2.46,1.0,65.0,favoravel,2.54,0.15,36.7,0.183,0.813,1.159,1.2,0.275,0.488,0.47
81091,Jair,VAS,Meia,7,7.65,1.0,4.7,2,6.4,True,True,SAN,0.819,valor_bom,4.228,4.7,0.25,62.3,favoravel,4.09,0.95,36.7,0.183,0.813,1.159,1.2,0.275,0.488,0.47
111682,Adson,VAS,Meia,2,6.63,0.27,3.69,10,5.3,True,True,SAN,0.796,valor_bom,3.877,3.69,1.0,62.3,favoravel,3.19,0.95,36.7,0.183,0.813,1.159,1.2,0.275,0.488,0.47
107873,Bobadilla,SAO,Meia,6,8.06,-0.16,3.94,16,1.2,True,True,CFC,0.439,neutro,3.997,3.31,1.0,53.6,neutro,3.03,0.6,17.5,0.646,1.176,0.489,1.214,0.175,0.551,0.48
90309,David,VAS,Atacante,6,4.22,0.05,2.11,17,0.8,True,True,SAN,-0.321,neutro,2.149,0.87,1.0,65.6,neutro,2.48,0.95,36.7,0.183,0.813,1.159,1.2,0.275,0.488,0.47
72391,Fernando Diniz,COR,Técnico,7,9.61,0.45,5.74,15,8.0,True,True,CRU,0.384,neutro,5.549,5.74,1.0,73.4,favoravel,3.85,0.7,7.8,1.65,0.44,1.027,0.568,0.775,0.414,
141611,Maik,SAO,Lateral,6,5.52,0.0,3.48,5,0.0,False,True,CFC,-0.045,neutro,3.41,2.88,0.625,59.9,neutro,3.25,0.2,17.5,0.646,1.176,0.489,1.214,0.175,0.551,0.48
117818,Young,SAO,Goleiro,6,3.0,0.0,0.0,0,0.0,False,True,CFC,-1.559,armadilha_forte,0.0,0.0,0.0,60.3,neutro,1.36,0.2,17.5,0.646,1.176,0.489,1.214,0.175,0.551,0.48
86686,Tchê Tchê,VAS,Meia,2,4.98,1.11,2.12,14,7.9,True,True,SAN,-0.452,neutro,2.081,1.76,1.0,62.3,neutro,3.43,0.95,36.7,0.183,0.813,1.159,1.2,0.275,0.488,0.47
86410,Victor Luis,MIR,Lateral,6,3.65,0.0,1.2,7,0.0,False,True,FLA,-0.882,armadilha_leve,1.569,0.77,0.875,37.8,neutro,1.62,0.05,-9.1,1.05,0.98,1.185,0.467,0.5,0.246,0.467
117330,Robert Renan,VAS,Zagueiro,7,6.05,0.23,2.66,20,8.5,True,True,SAN,-0.017,neutro,2.992,2.06,1.0,65.3,neutro,2.89,0.15,36.7,0.183,0.813,1.159,1.2,0.275,0.488,0.47
116706,Andrés Gómez,VAS,Atacante,2,13.56,0.0,7.66,17,0.0,False,True,SAN,1.384,valor_bom,6.774,5.19,1.0,65.6,favoravel,3.3,0.95,36.7,0.183,0.813,1.159,1.2,0.275,0.488,0.47
142279,Nuno Moreira,VAS,Meia,7,4.77,0.0,2.07,16,0.0,False,True,SAN,-0.383,neutro,2.051,1.44,1.0,62.3,neutro,2.35,0.95,36.7,0.183,0.813,1.159,1.2,0.275,0.488,0.47
90703,Matheuzinho,VIT,Meia,7,5.67,-0.23,3.24,18,1.7,True,True,BOT,0.778,valor_bom,3.508,2.68,1.0,45.5,neutro,3.0,0.825,30.9,0.2,1.067,0.6,0.509,0.175,0.359,0.475
141609,Lucca,SAO,Atacante,5,2.05,0.0,0.23,4,0.0,False,True,CFC,-0.191,neutro,0.622,0.23,0.5,57.2,neutro,2.0,0.6,17.5,0.646,1.176,0.489,1.214,0.175,0.551,0.48
101597,Ramon,VIT,Lateral,7,7.72,0.0,4.84,15,0.0,False,True,BOT,0.651,valor_bom,4.971,3.04,1.0,64.7,favoravel,4.37,0.1,30.9,0.2,1.067,0.6,0.509,0.175,0.359,0.475
115141,Lucas Freitas,VAS,Zagueiro,6,4.77,0.0,2.5,2,0.0,False,True,SAN,0.166,neutro,2.628,1.0,0.25,65.3,favoravel,3.24,0.15,36.7,0.183,0.813,1.159,1.2,0.275,0.488,0.47
104118,Lucas Arcanjo,VIT,Goleiro,7,8.88,0.1,5.42,16,1.9,True,True,BOT,0.737,valor_bom,4.99,3.86,1.0,65.1,favoravel,5.13,0.1,30.9,0.2,1.067,0.6,0.509,0.175,0.359,0.475
92180,Jair Ventura,VIT,Técnico,7,8.21,0.06,5.02,19,2.54,True,True,BOT,0.256,neutro,4.911,5.02,1.0,46.9,neutro,4.07,0.825,30.9,0.2,1.067,0.6,0.509,0.175,0.359,0.475
99440,Baralhas,VIT,Meia,7,9.25,0.0,5.24,15,0.0,False,True,BOT,1.006,valor_bom,4.847,3.91,1.0,45.5,neutro,4.48,0.825,30.9,0.2,1.067,0.6,0.509,0.175,0.359,0.475
95936,Daniel Fuzato,VAS,Goleiro,6,2.0,0.0,0.0,0,0.0,False,True,SAN,-0.802,armadilha_leve,0.0,0.0,0.0,65.4,neutro,1.57,0.15,36.7,0.183,0.813,1.159,1.2,0.275,0.488,0.47
96793,Camutanga,VIT,Zagueiro,5,6.71,0.0,3.95,7,0.0,False,True,BOT,0.784,valor_bom,3.882,2.66,0.875,65.0,favoravel,3.37,0.1,30.9,0.2,1.067,0.6,0.509,0.175,0.359,0.475
118752,Mateus Carvalho,VAS,Meia,5,4.0,0.0,0.0,0,0.0,False,True,SAN,-2.19,armadilha_forte,0.0,0.0,0.0,62.3,neutro,1.44,0.95,36.7,0.183,0.813,1.159,1.2,0.275,0.488,0.47
90588,Caíque,VIT,Meia,2,4.64,-0.74,2.5,17,1.5,True,True,BOT,-0.002,neutro,2.344,2.5,1.0,45.5,neutro,2.7,0.825,30.9,0.2,1.067,0.6,0.509,0.175,0.359,0.475
122485,Barros,VAS,Meia,6,8.75,-0.11,4.7,17,3.0,True,True,SAN,0.785,valor_bom,4.511,3.82,1.0,62.3,favoravel,3.1,0.95,36.7,0.183,0.813,1.159,1.2,0.275,0.488,0.47
111879,Mateus Silva,VIT,Lateral,6,4.95,0.0,4.85,2,0.0,False,True,BOT,0.559,valor_bom,3.662,3.35,0.25,64.7,favoravel,3.83,0.1,30.9,0.2,1.067,0.6,0.509,0.175,0.359,0.475
90031,Mendoza,CAP,Atacante,7,7.49,-0.17,4.21,20,-0.3,True,True,RBB,0.559,valor_bom,4.405,2.21,1.0,55.3,neutro,2.69,0.2,32.1,1.027,0.232,1.131,0.764,0.875,0.456,0.424
80129,Jadson,CAP,Meia,7,4.93,-0.43,3.0,15,2.1,True,True,RBB,0.192,neutro,2.656,2.67,1.0,52.3,neutro,3.0,0.2,32.1,1.027,0.232,1.131,0.764,0.875,0.456,0.424
42222,Osvaldo,VIT,Atacante,6,4.07,0.0,0.4,2,0.0,False,True,BOT,-0.542,armadilha_leve,1.866,0.4,0.25,48.0,neutro,2.12,0.825,30.9,0.2,1.067,0.6,0.509,0.175,0.359,0.475
92696,Renato Kayzer,VIT,Atacante,6,6.63,0.0,3.27,12,0.0,False,True,BOT,0.376,neutro,3.918,0.85,1.0,48.0,neutro,2.19,0.825,30.9,0.2,1.067,0.6,0.509,0.175,0.359,0.475
116461,Jamerson,VIT,Lateral,6,5.79,0.01,3.54,9,2.3,True,True,BOT,-0.136,neutro,3.458,2.54,1.0,64.7,neutro,3.94,0.1,30.9,0.2,1.067,0.6,0.509,0.175,0.359,0.475
92273,Odair Hellmann,CAP,Técnico,7,9.44,0.32,5.89,20,8.44,True,True,RBB,0.543,valor_bom,5.69,5.89,1.0,53.6,neutro,4.55,0.2,32.1,1.027,0.232,1.131,0.764,0.875,0.456,0.424
97645,Thiago Couto,VIT,Goleiro,6,3.0,0.0,0.0,0,0.0,False,True,BOT,-1.559,armadilha_forte,0.0,0.0,0.0,65.1,neutro,1.56,0.1,30.9,0.2,1.067,0.6,0.509,0.175,0.359,0.475
107985,Terán,CAP,Zagueiro,6,6.98,0.0,4.09,13,0.0,False,True,RBB,0.805,valor_bom,3.988,2.94,1.0,72.1,favoravel,4.53,0.575,32.1,1.027,0.232,1.131,0.764,0.875,0.456,0.424
104330,Dudu,VIT,Meia,5,5.01,0.0,3.95,2,0.0,False,True,BOT,-0.122,neutro,2.4,1.45,0.25,45.5,neutro,2.36,0.825,30.9,0.2,1.067,0.6,0.509,0.175,0.359,0.475
110698,Mycael,CAP,Goleiro,6,7.46,2.86,7.6,1,7.6,True,True,RBB,0.701,valor_bom,4.516,2.6,0.125,72.4,favoravel,4.79,0.575,32.1,1.027,0.232,1.131,0.764,0.875,0.456,0.424
130620,Edenílson,VIT,Meia,6,3.1,-0.18,1.55,9,0.0,True,True,BOT,-0.223,neutro,1.303,1.55,1.0,45.5,neutro,1.77,0.825,30.9,0.2,1.067,0.6,0.509,0.175,0.359,0.475
145387,Rúben Ismael,VIT,Meia,6,4.0,0.0,0.0,0,0.0,False,True,BOT,-2.19,armadilha_forte,0.0,0.0,0.0,45.5,neutro,0.75,0.825,30.9,0.2,1.067,0.6,0.509,0.175,0.359,0.475
85626,Léo,CAP,Zagueiro,6,6.77,0.0,4.9,2,0.0,False,True,RBB,0.949,valor_bom,4.038,3.4,0.25,72.1,favoravel,4.32,0.575,32.1,1.027,0.232,1.131,0.764,0.875,0.456,0.424
105518,Renan Peixoto,CAP,Atacante,6,2.73,0.0,0.9,7,0.0,False,True,RBB,-0.625,armadilha_leve,0.856,0.9,0.875,55.3,neutro,1.91,0.2,32.1,1.027,0.232,1.131,0.764,0.875,0.456,0.424
113113,Benavídez,CAP,Lateral,7,7.76,0.37,4.77,16,7.4,True,True,RBB,0.576,valor_bom,4.918,2.21,1.0,72.0,favoravel,4.43,0.575,32.1,1.027,0.232,1.131,0.764,0.875,0.456,0.424
123869,Aguirre,CAP,Zagueiro,7,6.59,0.52,3.86,17,8.0,True,True,RBB,0.792,valor_bom,3.848,2.62,1.0,72.1,favoravel,4.44,0.575,32.1,1.027,0.232,1.131,0.764,0.875,0.456,0.424
120433,Léo Derik,CAP,Lateral,6,5.81,0.0,3.65,9,0.0,False,True,RBB,-0.082,neutro,3.516,2.65,1.0,72.0,neutro,3.28,0.575,32.1,1.027,0.232,1.131,0.764,0.875,0.456,0.424
112017,Felipinho,CAP,Meia,6,4.79,-0.78,2.99,8,1.7,True,True,RBB,0.093,neutro,2.501,2.99,1.0,52.3,neutro,3.0,0.2,32.1,1.027,0.232,1.131,0.764,0.875,0.456,0.424
110668,Esquivel,CAP,Lateral,5,7.9,0.0,4.88,14,0.0,False,True,RBB,0.612,valor_bom,5.002,2.74,1.0,72.0,favoravel,5.4,0.575,32.1,1.027,0.232,1.131,0.764,0.875,0.456,0.424
104811,Sebastián Gómez,CFC,Meia,7,4.05,-0.21,2.49,18,1.2,True,False,SAO,0.309,neutro,2.343,2.49,1.0,33.5,desfavoravel,2.98,0.3,-17.5,0.489,1.214,0.646,1.176,0.4,0.368,0.48
128431,João Cruz,CAP,Meia,7,6.15,1.28,3.25,15,9.5,True,True,RBB,0.626,valor_bom,3.549,1.92,1.0,52.3,neutro,2.88,0.2,32.1,1.027,0.232,1.131,0.764,0.875,0.456,0.424
115266,Renan Viana,CAP,Atacante,6,2.0,0.0,0.0,0,0.0,False,True,RBB,-0.843,armadilha_leve,0.0,0.0,0.0,55.3,neutro,1.15,0.2,32.1,1.027,0.232,1.131,0.764,0.875,0.456,0.424
125746,Dudu,CAP,Meia,6,2.1,-0.26,1.67,13,0.0,True,True,RBB,0.7,valor_bom,1.424,1.29,1.0,52.3,neutro,2.05,0.2,32.1,1.027,0.232,1.131,0.764,0.875,0.456,0.424
122316,Batata,CAP,Lateral,6,1.0,0.0,0.0,0,0.0,False,True,RBB,0.377,neutro,0.0,0.0,0.0,72.0,favoravel,1.84,0.575,32.1,1.027,0.232,1.131,0.764,0.875,0.456,0.424
143193,Viveros,CAP,Atacante,7,14.34,2.26,8.77,19,17.9,True,True,RBB,2.169,valor_oculto,7.621,3.19,1.0,55.3,neutro,3.12,0.2,32.1,1.027,0.232,1.131,0.764,0.875,0.456,0.424
130842,Matheus Soares,CAP,Goleiro,6,1.0,0.0,0.0,0,0.0,False,True,RBB,0.266,neutro,0.0,0.0,0.0,72.4,favoravel,1.86,0.575,32.1,1.027,0.232,1.131,0.764,0.875,0.456,0.424
82628,Tinga,CFC,Lateral,7,6.38,0.13,3.83,15,5.3,True,False,SAO,-0.199,neutro,3.668,2.76,1.0,37.9,desfavoravel,3.4,0.15,-17.5,0.489,1.214,0.646,1.176,0.4,0.368,0.48
84339,Bruno Melo,CFC,Lateral,7,5.21,-0.33,3.34,20,-0.8,True,False,SAO,0.059,neutro,3.347,1.89,1.0,37.9,desfavoravel,2.07,0.15,-17.5,0.489,1.214,0.646,1.176,0.4,0.368,0.48
122439,Isaac,CAP,Atacante,6,1.66,0.0,0.4,3,0.0,False,True,RBB,0.38,neutro,0.704,0.4,0.375,55.3,neutro,1.73,0.2,32.1,1.027,0.232,1.131,0.764,0.875,0.456,0.424
127970,Felipe Chiqueti,CAP,Meia,6,2.07,0.0,1.35,7,0.0,False,True,RBB,0.461,neutro,1.177,1.35,0.875,52.3,neutro,1.94,0.2,32.1,1.027,0.232,1.131,0.764,0.875,0.456,0.424
131832,Portilla,CAP,Meia,6,2.87,0.0,1.17,15,0.0,False,True,RBB,-0.256,neutro,1.12,1.17,1.0,52.3,neutro,1.93,0.2,32.1,1.027,0.232,1.131,0.764,0.875,0.456,0.424
143532,Carlos Eduardo,CAP,Goleiro,6,1.0,0.0,0.0,0,0.0,False,True,RBB,0.266,neutro,0.0,0.0,0.0,72.4,favoravel,1.86,0.575,32.1,1.027,0.232,1.131,0.764,0.875,0.456,0.424
63354,Rodrigo Moledo,CFC,Zagueiro,6,6.53,-0.87,5.57,3,1.2,True,False,SAO,1.363,valor_bom,4.299,2.57,0.375,38.6,desfavoravel,3.24,0.15,-17.5,0.489,1.214,0.646,1.176,0.4,0.368,0.48
145609,Élan Ricardo,CAP,Meia,6,3.0,0.0,0.0,0,0.0,False,True,RBB,-1.558,armadilha_forte,0.0,0.0,0.0,52.3,neutro,1.03,0.2,32.1,1.027,0.232,1.131,0.764,0.875,0.456,0.424
84626,Josué,CFC,Meia,6,6.56,0.33,4.24,21,6.3,True,False,SAO,1.175,valor_bom,4.204,1.86,1.0,33.5,desfavoravel,2.53,0.3,-17.5,0.489,1.214,0.646,1.176,0.4,0.368,0.48
90302,Pedro Rocha,CFC,Atacante,7,7.85,1.26,3.85,21,9.6,True,False,SAO,0.109,neutro,4.137,1.71,1.0,36.1,desfavoravel,1.8,0.3,-17.5,0.489,1.214,0.646,1.176,0.4,0.368,0.48
128427,Alejandro García,CAP,Meia,6,4.0,0.0,0.0,0,0.0,False,True,RBB,-2.19,armadilha_forte,0.0,0.0,0.0,52.3,neutro,1.03,0.2,32.1,1.027,0.232,1.131,0.764,0.875,0.456,0.424
117930,Lavega,CFC,Atacante,7,6.1,1.07,3.56,20,8.6,True,False,SAO,0.652,valor_bom,3.94,1.06,1.0,36.1,desfavoravel,2.05,0.3,-17.5,0.489,1.214,0.646,1.176,0.4,0.368,0.48
125926,Zapelli,CAP,Meia,6,4.23,0.0,1.37,13,0.0,False,True,RBB,-0.575,armadilha_leve,1.615,0.99,1.0,52.3,neutro,2.19,0.2,32.1,1.027,0.232,1.131,0.764,0.875,0.456,0.424
101290,Ferreira,SAO,Atacante,6,7.56,0.87,4.1,16,7.4,True,True,CFC,0.484,neutro,4.364,2.1,1.0,57.2,neutro,4.05,0.6,17.5,0.646,1.176,0.489,1.214,0.175,0.551,0.48
126977,Fernando Seabra,CFC,Técnico,7,8.04,0.38,5.11,22,5.65,True,False,SAO,0.37,neutro,4.988,5.11,1.0,35.2,desfavoravel,2.81,0.3,-17.5,0.489,1.214,0.646,1.176,0.4,0.368,0.48
141628,Pablo Lúcio,FLA,Meia,6,2.0,0.0,0.0,0,0.0,False,False,MIR,-0.744,armadilha_leve,0.0,0.0,0.0,65.6,neutro,1.58,0.675,9.1,1.185,0.467,1.05,0.98,0.775,,0.467
125803,Pedro Morisco,CFC,Goleiro,7,7.6,-0.62,4.3,6,1.6,True,False,SAO,0.365,neutro,4.203,4.3,0.75,38.2,desfavoravel,3.0,0.15,-17.5,0.489,1.214,0.646,1.176,0.4,0.368,0.48
112576,Vini Paulista,CFC,Meia,7,3.88,0.2,2.32,21,2.4,True,False,SAO,0.29,neutro,2.235,2.32,1.0,33.5,desfavoravel,2.24,0.3,-17.5,0.489,1.214,0.646,1.176,0.4,0.368,0.48
97878,Jacy,CFC,Zagueiro,7,5.36,0.12,3.92,19,1.9,True,False,SAO,0.978,valor_bom,3.547,2.97,1.0,38.6,desfavoravel,3.11,0.15,-17.5,0.489,1.214,0.646,1.176,0.4,0.368,0.48
123648,Lucas Ronier,CFC,Atacante,5,10.77,0.0,6.7,18,0.0,False,False,SAO,1.405,valor_bom,6.143,5.42,1.0,36.1,desfavoravel,2.27,0.3,-17.5,0.489,1.214,0.646,1.176,0.4,0.368,0.48
109127,Tiago Cóser,CFC,Zagueiro,7,4.39,1.06,2.66,19,8.2,True,False,SAO,0.418,neutro,2.66,1.08,1.0,38.6,desfavoravel,1.7,0.15,-17.5,0.489,1.214,0.646,1.176,0.4,0.368,0.48
123101,Leozinho,CAP,Atacante,7,5.8,-0.04,5.66,9,2.5,True,True,RBB,0.924,valor_bom,4.047,2.99,1.0,55.3,neutro,5.85,0.2,32.1,1.027,0.232,1.131,0.764,0.875,0.456,0.424
101405,Wallisson,MIR,Meia,6,4.71,0.35,2.4,13,3.2,True,True,FLA,-0.137,neutro,2.252,2.4,1.0,32.0,neutro,1.8,0.1,-9.1,1.05,0.98,1.185,0.467,0.5,0.246,0.467
124358,João Almeida,CFC,Lateral,6,0.92,0.0,0.0,1,0.0,False,False,SAO,2.383,valor_oculto,1.682,0.0,0.125,37.9,desfavoravel,1.6,0.15,-17.5,0.489,1.214,0.646,1.176,0.4,0.368,0.48
84428,Fernando Sobral,CFC,Meia,6,4.34,0.0,1.0,3,0.0,False,False,SAO,-0.503,armadilha_leve,1.736,1.0,0.375,33.5,desfavoravel,1.5,0.3,-17.5,0.489,1.214,0.646,1.176,0.4,0.368,0.48
124834,Ruan Assis,CFC,Atacante,6,1.0,0.0,0.0,0,0.0,False,False,SAO,0.571,valor_bom,0.0,0.0,0.0,36.1,desfavoravel,0.36,0.3,-17.5,0.489,1.214,0.646,1.176,0.4,0.368,0.48
97795,Marcelinho,REM,Lateral,6,5.98,0.0,5.1,18,0.0,False,False,INT,0.992,valor_bom,4.566,3.66,1.0,47.6,neutro,3.81,0.85,-12.2,1.015,0.856,0.574,1.304,0.45,,0.461
82730,Marcelo Rangel,REM,Goleiro,7,5.11,-0.66,3.86,21,-2.0,True,False,INT,0.649,valor_bom,3.546,3.38,1.0,47.9,neutro,3.53,0.85,-12.2,1.015,0.856,0.574,1.304,0.45,,0.461
141337,Lucas Taverna,CFC,Lateral,6,2.58,0.0,2.1,3,0.0,False,False,SAO,0.467,neutro,1.949,1.1,0.375,37.9,desfavoravel,1.79,0.15,-17.5,0.489,1.214,0.646,1.176,0.4,0.368,0.48
102911,Zé Ricardo,REM,Meia,7,4.31,-0.28,2.57,20,1.5,True,False,INT,0.241,neutro,2.411,2.32,1.0,52.2,neutro,3.85,0.5,-12.2,1.015,0.856,0.574,1.304,0.45,,0.461
104257,João Lucas,REM,Lateral,6,4.59,0.0,2.82,6,0.0,False,False,INT,0.194,neutro,3.132,2.82,0.75,47.6,neutro,2.7,0.85,-12.2,1.015,0.856,0.574,1.304,0.45,,0.461
115840,Benassi,CFC,Goleiro,6,1.0,0.0,0.0,0,0.0,False,False,SAO,0.266,neutro,0.0,0.0,0.0,38.2,desfavoravel,0.44,0.15,-17.5,0.489,1.214,0.646,1.176,0.4,0.368,0.48
68822,Rafael Santos,CHA,Goleiro,6,4.94,0.0,3.75,4,0.0,False,True,BAH,0.273,neutro,3.065,3.75,0.5,36.5,neutro,1.32,0.25,-26.7,0.63,1.074,0.607,0.352,0.125,0.28,0.47
98224,Jáderson,REM,Meia,6,2.44,-0.2,0.85,11,-0.3,True,False,INT,-0.134,neutro,0.924,0.85,1.0,52.2,neutro,1.85,0.5,-12.2,1.015,0.856,0.574,1.304,0.45,,0.461
143455,PH Gama,REM,Meia,6,2.0,0.0,0.0,0,0.0,False,False,INT,-0.744,armadilha_leve,0.0,0.0,0.0,52.2,neutro,1.02,0.5,-12.2,1.015,0.856,0.574,1.304,0.45,,0.461
130283,Matheus Dias,CFC,Meia,6,1.0,0.0,0.0,0,0.0,False,False,SAO,0.404,neutro,0.0,0.0,0.0,33.5,desfavoravel,0.25,0.3,-17.5,0.489,1.214,0.646,1.176,0.4,0.368,0.48
83074,Ygor Vinhas,REM,Goleiro,6,3.0,0.0,0.0,0,0.0,False,False,INT,-1.559,armadilha_forte,0.0,0.0,0.0,47.9,neutro,0.85,0.85,-12.2,1.015,0.856,0.574,1.304,0.45,,0.461
107700,Eduardo Melo,REM,Atacante,6,2.13,0.0,1.4,1,0.0,False,False,INT,0.016,neutro,0.882,1.4,0.125,54.5,neutro,1.75,0.5,-12.2,1.015,0.856,0.574,1.304,0.45,,0.461
131279,Thiago Azaf,CFC,Atacante,6,1.0,0.0,0.0,0,0.0,False,False,SAO,0.571,valor_bom,0.0,0.0,0.0,36.1,desfavoravel,0.36,0.3,-17.5,0.489,1.214,0.646,1.176,0.4,0.368,0.48
141385,João Victor,REM,Goleiro,6,1.0,0.0,0.0,0,0.0,False,False,INT,0.266,neutro,0.0,0.0,0.0,47.9,neutro,0.85,0.85,-12.2,1.015,0.856,0.574,1.304,0.45,,0.461
145782,Tassano,REM,Zagueiro,6,3.0,0.0,0.0,0,0.0,False,False,INT,-1.879,armadilha_forte,0.0,0.0,0.0,48.1,neutro,0.85,0.85,-12.2,1.015,0.856,0.574,1.304,0.45,,0.461
141386,Marcos Alexandre,REM,Goleiro,6,1.0,0.0,0.0,0,0.0,False,False,INT,0.266,neutro,0.0,0.0,0.0,47.9,neutro,0.85,0.85,-12.2,1.015,0.856,0.574,1.304,0.45,,0.461
95332,Marcinho,CHA,Atacante,7,4.37,-0.78,3.21,19,2.0,True,True,BAH,0.461,neutro,2.92,2.1,1.0,29.1,neutro,1.95,0.475,-26.7,0.63,1.074,0.607,0.352,0.125,0.28,0.47
83048,Rafael Thyere,CHA,Zagueiro,6,2.75,0.0,-0.1,3,0.0,False,True,BAH,-0.281,neutro,1.152,0.0,0.375,36.9,neutro,1.27,0.25,-26.7,0.63,1.074,0.607,0.352,0.125,0.28,0.47
104470,Everton,CHA,Lateral,2,3.52,-0.58,1.88,16,0.0,True,True,BAH,-0.433,neutro,1.884,1.38,1.0,36.2,neutro,1.58,0.25,-26.7,0.63,1.074,0.607,0.352,0.125,0.28,0.47
97432,Victor Caetano,CHA,Zagueiro,5,3.19,0.0,1.6,8,0.0,False,True,BAH,-0.07,neutro,1.611,1.6,1.0,36.9,neutro,1.63,0.25,-26.7,0.63,1.074,0.607,0.352,0.125,0.28,0.47
88293,Neto Pessoa,CHA,Atacante,6,4.74,0.0,3.49,9,0.0,False,True,BAH,0.204,neutro,2.898,1.16,1.0,29.1,neutro,2.05,0.475,-26.7,0.63,1.074,0.607,0.352,0.125,0.28,0.47
101393,Eduardo Doma,CHA,Zagueiro,7,4.02,-0.07,2.34,18,1.5,True,True,BAH,-0.017,neutro,2.119,1.84,1.0,36.9,neutro,2.47,0.25,-26.7,0.63,1.074,0.607,0.352,0.125,0.28,0.47
71043,Léo Vieira,BAH,Goleiro,5,6.82,0.0,5.02,16,0.0,False,False,CHA,1.103,valor_bom,4.723,4.39,1.0,74.8,favoravel_visitante,2.76,0.75,26.7,0.607,0.352,0.63,1.074,0.55,,0.47
68938,Giovanni Augusto,CHA,Meia,7,3.81,-0.45,1.88,13,2.3,True,True,BAH,0.002,neutro,1.93,1.5,1.0,26.6,neutro,1.47,0.475,-26.7,0.63,1.074,0.607,0.352,0.125,0.28,0.47
107516,Ênio,CHA,Atacante,6,5.04,-0.04,2.93,12,0.8,True,True,BAH,-0.256,neutro,2.651,2.26,1.0,29.1,neutro,1.51,0.475,-26.7,0.63,1.074,0.607,0.352,0.125,0.28,0.47
109336,Rafael Carvalheira,CHA,Meia,5,5.7,0.0,2.72,14,0.0,False,True,BAH,0.461,neutro,3.226,2.01,1.0,26.6,neutro,2.16,0.475,-26.7,0.63,1.074,0.607,0.352,0.125,0.28,0.47
102906,Anderson,CHA,Goleiro,7,5.36,-0.51,3.04,7,0.6,True,True,BAH,0.614,valor_bom,3.621,3.04,0.875,36.5,neutro,2.61,0.25,-26.7,0.63,1.074,0.607,0.352,0.125,0.28,0.47
111279,Mancha,CHA,Lateral,6,3.0,0.0,0.0,0,0.0,False,True,BAH,-2.084,armadilha_forte,0.0,0.0,0.0,36.2,neutro,0.36,0.25,-26.7,0.63,1.074,0.607,0.352,0.125,0.28,0.47
121870,Gustavo Talles,CHA,Lateral,6,2.0,0.0,0.0,0,0.0,False,True,BAH,-1.063,armadilha_leve,0.0,0.0,0.0,36.2,neutro,0.36,0.25,-26.7,0.63,1.074,0.607,0.352,0.125,0.28,0.47
104519,Camilo,CHA,Meia,7,4.72,-0.72,3.07,17,-0.3,True,True,BAH,0.376,neutro,2.732,3.07,1.0,26.6,neutro,2.08,0.475,-26.7,0.63,1.074,0.607,0.352,0.125,0.28,0.47
116066,Rubens,CHA,Atacante,6,2.48,-0.29,1.38,9,-0.2,True,True,BAH,-0.087,neutro,1.115,0.49,1.0,29.1,neutro,1.12,0.475,-26.7,0.63,1.074,0.607,0.352,0.125,0.28,0.47
130843,Arthur Dias,CAP,Zagueiro,7,6.45,0.46,3.72,18,7.0,True,True,RBB,0.732,valor_bom,3.751,2.55,1.0,72.1,favoravel,4.1,0.575,32.1,1.027,0.232,1.131,0.764,0.875,0.456,0.424
107453,João Paulo,CHA,Zagueiro,5,4.8,0.0,3.3,6,0.0,False,True,BAH,0.521,valor_bom,2.934,1.47,0.75,36.9,neutro,2.3,0.25,-26.7,0.63,1.074,0.607,0.352,0.125,0.28,0.47
130414,Robert,CHA,Meia,5,3.51,0.0,3.0,1,0.0,False,True,BAH,0.391,neutro,2.122,3.0,0.125,26.6,neutro,1.44,0.475,-26.7,0.63,1.074,0.607,0.352,0.125,0.28,0.47
110426,Bernabei,INT,Lateral,7,10.84,1.07,6.28,19,11.4,True,True,REM,0.665,valor_bom,5.965,3.96,1.0,45.7,neutro,4.35,0.575,12.2,0.574,1.304,1.015,0.856,0.275,0.421,0.461
97900,Vitão,FLA,Zagueiro,5,6.62,0.0,2.37,9,0.0,False,False,MIR,-0.185,neutro,3.053,1.04,1.0,58.0,neutro,2.5,0.675,9.1,1.185,0.467,1.05,0.98,0.775,,0.467
99552,Rossi,FLA,Goleiro,7,8.96,0.28,4.97,20,6.3,True,False,MIR,0.472,neutro,4.73,2.72,1.0,57.9,neutro,4.01,0.675,9.1,1.185,0.467,1.05,0.98,0.775,,0.467
78850,Reinaldo,MIR,Lateral,7,8.98,0.23,3.04,16,8.0,True,True,FLA,-1.163,armadilha_leve,3.765,1.54,1.0,37.8,neutro,4.71,0.05,-9.1,1.05,0.98,1.185,0.467,0.5,0.246,0.467
80287,Luciano,SAO,Atacante,7,12.89,0.17,4.89,17,3.4,True,True,CFC,-0.603,armadilha_leve,4.89,1.77,1.0,57.2,neutro,4.17,0.6,17.5,0.646,1.176,0.489,1.214,0.175,0.551,0.48
89837,Lucho Acosta,FLU,Meia,6,10.37,-0.6,5.1,17,1.5,True,True,PAL,0.644,valor_bom,4.783,3.04,1.0,31.3,neutro,2.45,0.05,0.0,0.568,0.677,1.042,0.825,0.5,0.662,0.527
140438,David,CHA,Meia,6,1.4,0.0,0.97,6,0.0,False,True,BAH,0.968,valor_bom,1.001,0.97,0.75,26.6,neutro,1.82,0.475,-26.7,0.63,1.074,0.607,0.352,0.125,0.28,0.47
68708,Eduardo,MIR,Meia,7,5.41,-0.09,2.33,14,0.8,True,True,FLA,0.318,neutro,2.977,1.62,1.0,32.0,neutro,2.19,0.1,-9.1,1.05,0.98,1.185,0.467,0.5,0.246,0.467
126471,Barreal,SAN,Meia,7,10.8,-0.32,4.89,16,6.4,True,False,VAS,0.374,neutro,4.63,3.64,1.0,52.1,neutro,4.22,0.8,-36.7,1.159,1.2,0.183,0.813,0.275,0.264,0.47
89274,Andreas Pereira,PAL,Meia,7,12.21,-0.6,4.96,21,3.1,True,False,FLU,0.158,neutro,4.726,2.58,1.0,49.0,neutro,2.45,0.425,0.0,1.042,0.825,0.568,0.677,0.65,0.149,0.527
89368,Braithwaite,GRE,Atacante,6,5.48,-0.21,0.3,13,0.0,True,False,CAM,-2.345,armadilha_forte,1.036,0.3,1.0,64.7,neutro,2.34,0.95,-46.0,1.4,1.4,0.933,0.778,0.525,,0.467
39148,Hulk,FLU,Atacante,7,11.16,-0.44,4.64,15,1.6,True,True,PAL,-0.325,neutro,4.727,2.57,1.0,34.9,neutro,2.33,0.05,0.0,0.568,0.677,1.042,0.825,0.5,0.662,0.527
130806,Kauan,CHA,Zagueiro,7,0.67,-0.33,-0.6,1,-0.6,True,True,BAH,2.512,valor_oculto,1.375,0.0,0.125,36.9,neutro,1.36,0.25,-26.7,0.63,1.074,0.607,0.352,0.125,0.28,0.47
141776,Gustavo Henrique,SAN,Meia,5,2.48,0.0,1.5,8,0.0,False,False,VAS,0.197,neutro,1.262,1.5,1.0,52.1,neutro,1.98,0.8,-36.7,1.159,1.2,0.183,0.813,0.275,0.264,0.47
103445,Kaio Jorge,CRU,Atacante,2,11.8,1.1,4.85,16,8.5,True,False,COR,-0.348,neutro,4.864,1.85,1.0,40.7,neutro,2.21,0.175,-7.8,1.027,0.568,1.65,0.44,0.75,0.382,
133673,Mateus Xavier,SAN,Atacante,6,2.33,0.0,1.2,1,0.0,False,False,VAS,-0.225,neutro,0.86,1.2,0.125,54.4,neutro,1.73,0.8,-36.7,1.159,1.2,0.183,0.813,0.275,0.264,0.47
51772,Everton Ribeiro,BAH,Meia,5,8.86,0.0,4.48,16,0.0,False,False,CHA,0.588,valor_bom,4.357,3.23,1.0,66.7,neutro,2.7,1.0,26.7,0.607,0.352,0.63,1.074,0.55,,0.47
115025,Miguelito,SAN,Meia,6,7.41,0.0,4.88,8,0.0,False,False,VAS,1.187,valor_bom,4.495,3.0,1.0,52.1,neutro,3.24,0.8,-36.7,1.159,1.2,0.183,0.813,0.275,0.264,0.47
122781,Caballero,SAN,Atacante,6,4.54,0.08,2.53,3,3.0,True,False,VAS,-0.34,neutro,2.314,2.53,0.375,54.4,neutro,2.61,0.8,-36.7,1.159,1.2,0.183,0.813,0.275,0.264,0.47
106104,Enamorado,GRE,Atacante,6,6.68,0.0,3.31,18,0.0,False,False,CAM,0.215,neutro,3.797,2.75,1.0,64.7,neutro,3.21,0.95,-46.0,1.4,1.4,0.933,0.778,0.525,,0.467
100652,Yuri Alberto,COR,Atacante,5,10.58,0.0,4.1,17,0.0,False,True,CRU,-0.582,armadilha_leve,4.353,2.1,1.0,75.4,neutro,3.57,0.7,7.8,1.65,0.44,1.027,0.568,0.775,0.414,
94583,Pedro,FLA,Atacante,7,15.42,-0.62,8.16,20,-0.3,True,False,MIR,1.48,valor_bom,7.226,2.36,1.0,67.9,neutro,3.28,0.675,9.1,1.185,0.467,1.05,0.98,0.775,,0.467
101908,Willian Machado,MIR,Zagueiro,7,5.34,0.0,3.58,15,0.0,False,True,FLA,0.639,valor_bom,3.26,2.65,1.0,38.4,neutro,3.14,0.05,-9.1,1.05,0.98,1.185,0.467,0.5,0.246,0.467
146991,Rhuan Gabriel,CRU,Meia,6,1.39,0.0,1.2,1,0.0,False,False,COR,1.026,valor_bom,1.044,1.2,0.125,38.1,desfavoravel,1.19,0.175,-7.8,1.027,0.568,1.65,0.44,0.75,0.382,
86292,Bolasie,CHA,Atacante,5,4.49,0.0,2.21,16,0.0,False,True,BAH,-0.418,neutro,2.218,1.4,1.0,29.1,neutro,2.38,0.475,-26.7,0.63,1.074,0.607,0.352,0.125,0.28,0.47
144423,Nicolas Pontes,CRU,Lateral,6,1.0,0.0,0.0,0,0.0,False,False,COR,0.377,neutro,0.0,0.0,0.0,39.0,desfavoravel,0.48,0.95,-7.8,1.027,0.568,1.65,0.44,0.75,0.382,
114802,Vitor Roque,PAL,Atacante,7,15.52,0.1,5.87,10,4.0,True,False,FLU,-0.585,armadilha_leve,5.435,3.47,1.0,51.3,neutro,3.6,0.425,0.0,1.042,0.825,0.568,0.677,0.65,0.149,0.527
118655,Saldivia,VAS,Zagueiro,6,5.83,1.04,2.55,11,8.0,True,True,SAN,-0.398,neutro,2.596,2.28,1.0,65.3,neutro,2.85,0.15,36.7,0.183,0.813,1.159,1.2,0.275,0.488,0.47
128433,Johan Rojas,VAS,Meia,6,3.78,0.0,1.58,16,0.0,False,True,SAN,-0.203,neutro,1.724,1.27,1.0,62.3,neutro,2.37,0.95,36.7,0.183,0.813,1.159,1.2,0.275,0.488,0.47
142130,Marcelo Eráclito,CRU,Goleiro,6,1.0,0.0,0.0,0,0.0,False,False,COR,0.266,neutro,0.0,0.0,0.0,39.3,desfavoravel,0.49,0.95,-7.8,1.027,0.568,1.65,0.44,0.75,0.382,
132412,Román Gómez,BAH,Lateral,7,9.35,0.26,5.96,7,8.9,True,False,CHA,0.697,valor_bom,5.563,4.67,0.875,74.5,favoravel_visitante,5.12,0.75,26.7,0.607,0.352,0.63,1.074,0.55,,0.47
126182,Paulinho,INT,Meia,6,3.84,-0.3,1.95,16,-0.2,True,True,REM,0.028,neutro,1.971,1.95,1.0,55.7,neutro,2.59,0.9,12.2,0.574,1.304,1.015,0.856,0.275,0.421,0.461
133696,Wallace Davi,BOT,Meia,6,4.0,0.0,0.0,0,0.0,False,False,VIT,-2.19,armadilha_forte,0.0,0.0,0.0,28.1,desfavoravel,0.03,0.1,-30.9,0.6,0.509,0.2,1.067,0.65,0.277,0.475
108713,Galeano,REM,Atacante,6,4.42,0.0,1.19,10,0.0,False,False,INT,-1.018,armadilha_leve,1.653,1.19,1.0,54.5,neutro,2.21,0.5,-12.2,1.015,0.856,0.574,1.304,0.45,,0.461
94514,Lucas Oliveira,MIR,Zagueiro,6,5.07,0.0,3.13,8,0.0,False,True,FLA,0.332,neutro,2.895,2.0,1.0,38.4,neutro,2.7,0.05,-9.1,1.05,0.98,1.185,0.467,0.5,0.246,0.467
115986,Denilson,MIR,Meia,6,5.08,-1.73,3.73,13,0.9,True,True,FLA,0.575,valor_bom,3.076,3.35,1.0,32.0,neutro,6.38,0.1,-9.1,1.05,0.98,1.185,0.467,0.5,0.246,0.467
145400,Cauê,RBB,Lateral,5,4.23,0.0,3.47,3,0.0,False,False,CAP,0.72,valor_bom,3.394,2.47,0.375,32.8,desfavoravel,2.49,0.1,-32.1,1.131,0.764,1.027,0.232,0.475,0.23,0.424
90061,Bruno Pacheco,CHA,Lateral,6,6.05,0.03,3.72,12,1.5,True,True,BAH,-0.136,neutro,3.578,2.47,1.0,36.2,neutro,2.48,0.25,-26.7,0.63,1.074,0.607,0.352,0.125,0.28,0.47
147090,Kauã Pascini,CAM,Lateral,6,3.99,0.44,3.24,5,5.0,True,True,GRE,-0.201,neutro,2.411,2.04,0.625,66.8,neutro,3.0,0.9,46.0,0.933,0.778,1.4,1.4,0.65,0.507,0.467
131516,JP Chermont,CFC,Lateral,6,4.51,0.0,2.7,12,0.0,False,False,SAO,0.061,neutro,2.966,1.53,1.0,37.9,desfavoravel,2.41,0.15,-17.5,0.489,1.214,0.646,1.176,0.4,0.368,0.48
130280,Phillipe Gabriel,VAS,Goleiro,6,1.0,0.0,0.0,0,0.0,False,True,SAN,0.266,neutro,0.0,0.0,0.0,65.4,favoravel,1.57,0.15,36.7,0.183,0.813,1.159,1.2,0.275,0.488,0.47
126120,Marcelinho,RBB,Meia,6,3.16,0.21,2.18,5,2.0,True,False,CAP,-0.085,neutro,1.469,1.18,0.625,24.7,desfavoravel,1.06,0.05,-32.1,1.131,0.764,1.027,0.232,0.475,0.23,0.424
94154,Maycon,CAM,Meia,2,5.28,-0.13,2.6,13,0.2,True,True,GRE,-0.272,neutro,2.376,1.83,1.0,68.5,neutro,3.35,0.475,46.0,0.933,0.778,1.4,1.4,0.65,0.507,0.467
93988,Breno Lopes,CFC,Atacante,7,9.19,0.1,5.33,19,3.7,True,False,SAO,0.831,valor_bom,5.2,1.96,1.0,36.1,desfavoravel,2.36,0.3,-17.5,0.489,1.214,0.646,1.176,0.4,0.368,0.48
103183,Andrew,FLA,Goleiro,6,3.0,0.0,0.0,0,0.0,False,False,MIR,-1.559,armadilha_forte,0.0,0.0,0.0,57.9,neutro,1.26,0.675,9.1,1.185,0.467,1.05,0.98,0.775,,0.467
130048,Noriega,GRE,Zagueiro,7,7.95,0.5,4.38,15,6.7,True,False,CAM,0.688,valor_bom,4.186,3.05,1.0,17.3,desfavoravel,3.72,0.35,-46.0,1.4,1.4,0.933,0.778,0.525,,0.467
100342,Léo Andrade,REM,Zagueiro,6,4.79,0.0,2.95,4,0.0,False,False,INT,0.311,neutro,2.756,2.95,0.5,48.1,neutro,2.6,0.85,-12.2,1.015,0.856,0.574,1.304,0.45,,0.461
70666,Marllon,REM,Zagueiro,7,5.82,1.2,2.83,21,6.0,True,False,INT,-0.167,neutro,2.783,2.02,1.0,48.1,neutro,2.06,0.85,-12.2,1.015,0.856,0.574,1.304,0.45,,0.461
116034,Victor Hugo,CAM,Meia,2,6.45,-1.21,3.73,18,0.7,True,True,GRE,0.831,valor_bom,3.847,2.34,1.0,68.5,favoravel,2.72,0.475,46.0,0.933,0.778,1.4,1.4,0.65,0.507,0.467
114040,Minda,CAM,Atacante,2,8.13,0.0,4.36,11,5.8,True,True,GRE,0.51,valor_bom,4.584,2.0,1.0,71.9,favoravel,5.39,0.475,46.0,0.933,0.778,1.4,1.4,0.65,0.507,0.467
106302,Preciado,CAM,Lateral,2,8.86,2.4,4.44,9,13.6,True,True,GRE,0.031,neutro,4.805,3.22,1.0,66.8,favoravel,3.56,0.9,46.0,0.933,0.778,1.4,1.4,0.65,0.507,0.467
106708,Igor Formiga,MIR,Lateral,7,7.5,-0.34,4.8,16,1.5,True,True,FLA,0.705,valor_bom,4.938,3.67,1.0,37.8,neutro,3.11,0.05,-9.1,1.05,0.98,1.185,0.467,0.5,0.246,0.467
102909,Luan,SAO,Meia,6,2.69,0.0,0.96,7,0.0,False,True,CFC,-0.256,neutro,0.995,0.96,0.875,53.6,neutro,1.91,0.6,17.5,0.646,1.176,0.489,1.214,0.175,0.551,0.48
141131,Vitão,CAM,Zagueiro,6,1.0,0.0,0.0,0,0.0,False,True,GRE,0.282,neutro,0.0,0.0,0.0,67.0,favoravel,1.63,0.9,46.0,0.933,0.778,1.4,1.4,0.65,0.507,0.467
70449,Gabriel,VIT,Goleiro,6,5.02,0.0,0.9,3,0.0,False,True,BOT,-0.549,armadilha_leve,2.226,0.0,0.375,65.1,neutro,2.95,0.1,30.9,0.2,1.067,0.6,0.509,0.175,0.359,0.475
69208,Gabriel Paulista,COR,Zagueiro,6,9.34,0.37,4.56,16,4.8,True,True,CRU,0.393,neutro,4.314,2.87,1.0,59.0,neutro,3.28,0.35,7.8,1.65,0.44,1.027,0.568,0.775,0.414,
83433,Patrick,REM,Meia,6,5.3,-1.02,3.92,19,1.2,True,False,INT,0.775,valor_bom,3.355,3.92,1.0,52.2,neutro,5.44,0.5,-12.2,1.015,0.856,0.574,1.304,0.45,,0.461
71536,Luiz Gustavo,CAP,Meia,7,6.71,0.28,3.72,14,5.9,True,True,RBB,0.75,valor_bom,3.862,3.01,1.0,52.3,neutro,2.32,0.2,32.1,1.027,0.232,1.131,0.764,0.875,0.456,0.424
103388,Emmanuel Martínez,VIT,Meia,7,6.7,1.04,3.29,15,5.9,True,True,BOT,0.444,neutro,3.575,3.29,1.0,45.5,neutro,2.71,0.825,30.9,0.2,1.067,0.6,0.509,0.175,0.359,0.475
89256,Gerson,CRU,Meia,7,8.23,-0.81,4.32,19,-1.0,False,False,COR,0.668,valor_bom,4.258,3.79,1.0,38.1,desfavoravel,2.7,0.175,-7.8,1.027,0.568,1.65,0.44,0.75,0.382,
141873,Jacaré,COR,Lateral,6,2.0,0.0,0.0,0,0.0,False,True,CRU,-1.063,armadilha_leve,0.0,0.0,0.0,58.7,neutro,1.29,0.35,7.8,1.65,0.44,1.027,0.568,0.775,0.414,
105157,Villagra,INT,Meia,7,5.2,0.0,2.05,16,0.0,False,True,REM,-0.602,armadilha_leve,2.037,2.05,1.0,55.7,neutro,3.47,0.9,12.2,0.574,1.304,1.015,0.856,0.275,0.421,0.461
95362,Cassierra,CAM,Atacante,2,5.31,-0.47,2.19,17,0.0,True,True,GRE,-0.919,armadilha_leve,2.204,0.95,1.0,71.9,neutro,3.95,0.475,46.0,0.933,0.778,1.4,1.4,0.65,0.507,0.467
110633,Gustavo,CFC,Meia,6,3.3,0.0,0.9,4,0.0,False,False,SAO,-0.703,armadilha_leve,0.983,0.9,0.5,33.5,desfavoravel,1.07,0.3,-17.5,0.489,1.214,0.646,1.176,0.4,0.368,0.48
146374,Gilberto Junior,CAP,Lateral,6,6.14,0.0,4.62,6,0.0,False,True,RBB,0.178,neutro,3.903,3.62,0.75,72.0,favoravel,3.67,0.575,32.1,1.027,0.232,1.131,0.764,0.875,0.456,0.424
113125,Picco,REM,Meia,7,6.34,-1.91,3.63,19,1.2,True,False,INT,0.792,valor_bom,3.772,3.1,1.0,52.2,neutro,6.81,0.5,-12.2,1.015,0.856,0.574,1.304,0.45,,0.461
105089,Tetê,GRE,Atacante,6,9.09,0.0,3.73,15,0.0,False,False,CAM,-0.352,neutro,4.134,2.66,1.0,64.7,neutro,3.32,0.95,-46.0,1.4,1.4,0.933,0.778,0.525,,0.467
105842,Edu,VIT,Zagueiro,5,4.13,0.0,1.5,1,0.0,False,True,BOT,-0.704,armadilha_leve,1.608,1.5,0.125,65.0,neutro,2.64,0.1,30.9,0.2,1.067,0.6,0.509,0.175,0.359,0.475
150197,Osorio,SAO,Zagueiro,6,2.24,-0.97,2.32,5,-0.6,True,True,CFC,1.07,valor_bom,1.89,1.32,0.625,60.3,favoravel,4.27,0.2,17.5,0.646,1.176,0.489,1.214,0.175,0.551,0.48
86859,José Welison,REM,Meia,7,3.57,-0.47,2.59,18,1.6,True,False,INT,0.667,valor_bom,2.412,2.59,1.0,52.2,neutro,2.89,0.5,-12.2,1.015,0.856,0.574,1.304,0.45,,0.461
123689,Milans,COR,Lateral,2,8.55,0.0,5.28,5,0.0,False,True,CRU,0.626,valor_bom,5.24,3.48,0.625,58.7,neutro,4.09,0.35,7.8,1.65,0.44,1.027,0.568,0.775,0.414,
142265,Dell,BAH,Atacante,6,1.82,0.0,0.65,4,0.0,False,False,CHA,0.243,neutro,0.762,0.65,0.5,69.0,neutro,2.33,1.0,26.7,0.607,0.352,0.63,1.074,0.55,,0.47
141614,Paulinho,SAO,Atacante,6,2.0,0.0,0.0,0,0.0,False,True,CFC,-0.843,armadilha_leve,0.0,0.0,0.0,57.2,neutro,1.23,0.6,17.5,0.646,1.176,0.489,1.214,0.175,0.551,0.48
140496,Tiaguinho,GRE,Meia,6,0.93,0.0,0.0,1,0.0,False,False,CAM,1.488,valor_bom,0.911,0.0,0.125,62.4,neutro,2.09,0.95,-46.0,1.4,1.4,0.933,0.778,0.525,,0.467
107859,Fintelman,VIT,Goleiro,6,2.0,0.0,0.0,0,0.0,False,True,BOT,-0.802,armadilha_leve,0.0,0.0,0.0,65.1,neutro,1.56,0.1,30.9,0.2,1.067,0.6,0.509,0.175,0.359,0.475
68952,Marinho,VIT,Atacante,6,5.27,0.54,2.06,7,3.9,True,True,BOT,-0.956,armadilha_leve,2.152,2.06,0.875,48.0,neutro,2.22,0.825,30.9,0.2,1.067,0.6,0.509,0.175,0.359,0.475
90370,Matheus Pereira,COR,Meia,7,3.6,0.0,1.04,13,0.0,False,True,CRU,-0.433,neutro,1.41,1.04,1.0,72.6,neutro,2.72,0.7,7.8,1.65,0.44,1.027,0.568,0.775,0.414,
110598,Marino Hinestroza,VAS,Atacante,6,5.63,-0.13,1.83,9,1.0,True,True,SAN,-1.301,armadilha_leve,2.02,1.83,1.0,65.6,neutro,2.68,0.95,36.7,0.183,0.813,1.159,1.2,0.275,0.488,0.47
