atleta_id,nome,clube,posicao,status_id,preco,variacao,media,jogos,pontos_rodada,entrou_em_campo,mandante,adversario,residuo_z,armadilha_label,media_bayesiana,pb_media,confiabilidade,score_confronto_100,condicao_mando,pontos_esperados,oportunidade_confronto,vantagem_mando,time_momentum_of,time_momentum_def,adv_momentum_of,adv_momentum_def,forma_score_time,prob_vitoria,prob_gols
108946,Victor Sá,SAO,Atacante,6,4.94,-0.57,2.75,6,1.2,True,True,VIT,-0.614,armadilha_leve,2.589,1.92,0.75,61.7,neutro,2.93,1.0,52.4,0.703,1.024,1.631,0.967,0.3,0.555,0.459
145413,Rafael Coutinho,PAL,Meia,6,1.0,0.0,0.0,0,0.0,False,True,COR,0.612,valor_bom,0.0,0.0,0.0,49.2,neutro,2.41,0.25,45.3,0.483,0.276,0.773,1.706,0.75,0.6,0.476
37715,Thiago Silva,FLU,Zagueiro,7,7.61,1.44,4.26,5,10.0,True,False,FLA,0.391,neutro,4.148,2.06,0.625,28.7,desfavoravel,3.48,0.0,-42.9,1.45,1.128,0.916,0.928,0.75,0.138,0.553
106907,Rafael Lacerda,CHA,Técnico,7,7.75,-0.6,4.77,10,1.47,True,True,CAP,0.44,neutro,4.74,4.77,1.0,46.6,neutro,4.01,0.45,-14.7,0.966,1.081,1.418,2.047,0.275,0.261,0.496
130307,Wallace,GRE,Zagueiro,7,6.68,0.16,4.69,8,8.5,True,True,INT,1.13,valor_bom,4.384,2.94,1.0,56.1,neutro,4.24,0.6,26.2,0.748,1.041,1.45,1.411,0.275,0.34,0.488
151120,Jorge Rivaldo,CAP,Atacante,6,4.07,-0.93,2.16,5,1.7,True,False,CHA,-0.266,neutro,2.349,0.56,0.625,68.9,neutro,3.06,1.0,14.7,1.418,2.047,0.966,1.081,0.55,0.462,0.496
144889,Victor Gabriel,PAL,Meia,6,1.0,0.0,0.0,0,0.0,False,True,COR,0.612,valor_bom,0.0,0.0,0.0,49.2,neutro,2.41,0.25,45.3,0.483,0.276,0.773,1.706,0.75,0.6,0.476
94214,Léo Duarte,CAM,Zagueiro,6,5.0,0.0,0.0,0,0.0,False,True,SAN,-3.861,armadilha_forte,0.0,0.0,0.0,43.5,neutro,2.33,0.05,23.8,1.041,1.024,1.418,0.944,0.65,0.471,0.488
107203,Max,CHA,Meia,5,4.39,0.0,1.85,2,0.0,False,True,CAP,-0.393,neutro,2.164,1.85,0.25,46.6,neutro,3.25,0.45,-14.7,0.966,1.081,1.418,2.047,0.275,0.261,0.496
102310,Matheus Felipe,REM,Zagueiro,5,3.85,0.0,2.03,3,0.0,False,False,VAS,0.391,neutro,2.575,1.03,0.375,34.9,desfavoravel,2.85,0.5,-33.4,0.879,1.088,1.867,0.533,0.15,0.098,
114208,Alejo Véliz,BAH,Atacante,7,6.46,-0.27,4.98,10,0.7,True,True,MIR,1.569,valor_oculto,4.976,2.08,1.0,56.7,neutro,4.1,0.575,33.3,1.214,1.289,1.194,0.809,0.45,0.552,0.554
98617,Maripán,INT,Zagueiro,5,3.53,0.0,1.76,9,0.0,False,False,GRE,-0.615,armadilha_leve,1.64,1.09,1.0,43.1,neutro,2.74,0.4,-26.2,1.45,1.411,0.748,1.041,0.5,0.377,0.488
97101,Gabriel Rojas,CRU,Lateral,7,6.74,0.74,3.3,9,6.9,True,False,RBB,-0.903,armadilha_leve,3.476,2.63,1.0,59.3,neutro,3.05,0.65,-2.4,1.318,1.015,0.853,1.406,0.7,0.295,0.551
146663,Kauan Lima,PAL,Goleiro,6,1.0,0.0,0.0,0,0.0,False,True,COR,0.204,neutro,0.0,0.0,0.0,72.8,favoravel,2.76,0.475,45.3,0.483,0.276,0.773,1.706,0.75,0.6,0.476
130443,Luciano,CHA,Zagueiro,6,1.0,0.0,0.0,0,0.0,False,True,CAP,0.195,neutro,0.0,0.0,0.0,36.7,neutro,2.23,0.275,-14.7,0.966,1.081,1.418,2.047,0.275,0.261,0.496
105901,Edson Fernando,REM,Meia,3,1.76,0.0,-1.05,2,0.0,False,False,VAS,0.209,neutro,0.647,0.0,0.25,34.6,desfavoravel,2.2,0.7,-33.4,0.879,1.088,1.867,0.533,0.15,0.098,
124369,Léo Aragão,CRU,Goleiro,6,2.0,0.0,0.0,0,0.0,False,False,RBB,-0.925,armadilha_leve,0.0,0.0,0.0,60.0,neutro,2.57,0.65,-2.4,1.318,1.015,0.853,1.406,0.7,0.295,0.551
106199,Gabriel Pec,CRU,Atacante,5,7.94,0.0,4.1,1,0.0,False,False,RBB,0.676,valor_bom,4.874,4.1,0.125,54.0,neutro,4.27,0.5,-2.4,1.318,1.015,0.853,1.406,0.7,0.295,0.551
99267,Pochettino,VIT,Meia,6,4.54,-0.46,2.1,9,0.5,True,False,SAO,-0.498,neutro,2.167,2.1,1.0,38.6,desfavoravel,2.15,0.2,-52.4,1.631,0.967,0.703,1.024,0.55,0.187,0.459
151294,Juan Ferreira,CHA,Meia,6,1.0,0.0,0.0,0,0.0,False,True,CAP,0.612,valor_bom,0.0,0.0,0.0,46.6,neutro,2.38,0.45,-14.7,0.966,1.081,1.418,2.047,0.275,0.261,0.496
123445,Dantas,CAP,Zagueiro,6,4.84,0.0,2.52,5,0.0,False,False,CHA,-0.153,neutro,2.68,1.52,0.625,58.5,neutro,3.03,0.75,14.7,1.418,2.047,0.966,1.081,0.55,0.462,0.496
101995,Brítez,VIT,Zagueiro,6,4.55,0.0,2.4,8,0.0,False,False,SAO,-0.086,neutro,2.59,1.65,1.0,42.5,neutro,2.91,0.4,-52.4,1.631,0.967,0.703,1.024,0.55,0.187,0.459
117061,Gabriel Knesowitsch,MIR,Zagueiro,2,2.21,0.8,0.47,7,4.5,True,False,BAH,-0.176,neutro,1.022,0.47,0.875,42.5,neutro,1.88,0.4,-33.3,1.194,0.809,1.214,1.289,0.65,0.205,0.554
112985,Peralta,CRU,Meia,5,4.0,0.0,0.0,0,0.0,False,False,RBB,-3.055,armadilha_forte,0.0,0.0,0.0,54.4,neutro,2.49,0.5,-2.4,1.318,1.015,0.853,1.406,0.7,0.295,0.551
103562,Guido Herrera,BAH,Goleiro,6,6.0,0.0,0.0,0,0.0,False,True,MIR,-3.285,armadilha_forte,0.0,0.0,0.0,68.3,neutro,2.69,0.75,33.3,1.214,1.289,1.194,0.809,0.45,0.552,0.554
141763,Fabiano Souza,VIT,Lateral,5,3.85,0.0,0.23,3,0.0,False,False,SAO,-1.729,armadilha_forte,1.288,0.23,0.375,42.2,neutro,3.18,0.4,-52.4,1.631,0.967,0.703,1.024,0.55,0.187,0.459
103626,Ocampo,CFC,Atacante,6,4.51,0.0,1.1,3,0.0,False,True,BOT,-0.949,armadilha_leve,2.095,1.1,0.375,50.8,neutro,2.9,0.8,11.9,1.097,1.974,0.69,0.864,0.2,0.351,0.529
128177,Pedro Emanuel,VAS,Técnico,7,10.74,-0.59,6.42,9,7.41,True,True,REM,0.5,neutro,6.544,6.42,1.0,86.7,favoravel,5.2,0.95,33.4,1.867,0.533,0.879,1.088,0.85,0.729,
109114,Matheus Nascimento,GRE,Atacante,5,4.01,0.0,1.2,1,0.0,False,True,INT,-0.245,neutro,2.327,1.2,0.125,40.4,neutro,3.23,0.3,26.2,0.748,1.041,1.45,1.411,0.275,0.34,0.488
113558,Bruninho,RBB,Meia,6,3.54,-0.46,0.0,1,0.0,True,True,CRU,0.061,neutro,1.994,0.0,0.125,47.2,neutro,3.04,0.725,2.4,0.853,1.406,1.318,1.015,0.225,0.437,0.551
120681,Marco Moreno,BAH,Zagueiro,2,4.0,0.0,0.0,0,0.0,False,True,MIR,-3.188,armadilha_forte,0.0,0.0,0.0,67.3,neutro,2.68,0.75,33.3,1.214,1.289,1.194,0.809,0.45,0.552,0.554
122121,Túlio Eduardo,CHA,Atacante,7,6.32,-0.81,4.14,8,2.1,True,True,CAP,1.095,valor_bom,4.555,1.14,1.0,46.3,neutro,3.94,0.45,-14.7,0.966,1.081,1.418,2.047,0.275,0.261,0.496
51413,Walter,MIR,Goleiro,7,6.78,0.48,3.46,22,12.0,True,False,BAH,-0.134,neutro,3.707,3.01,1.0,42.3,neutro,4.02,0.4,-33.3,1.194,0.809,1.214,1.289,0.65,0.205,0.554
91130,Fernandinho,MIR,Atacante,6,3.53,0.0,1.79,7,0.0,False,False,BAH,-1.071,armadilha_leve,1.378,1.79,0.875,42.5,neutro,2.0,0.35,-33.3,1.194,0.809,1.214,1.289,0.65,0.205,0.554
126996,Paulinho,VAS,Lateral,6,4.0,0.0,0.0,0,0.0,False,True,REM,-3.578,armadilha_forte,0.0,0.0,0.0,80.3,neutro,2.87,0.6,33.4,1.867,0.533,0.879,1.088,0.85,0.729,
101352,Bruno Matias,CHA,Meia,6,3.0,0.17,1.81,10,1.5,True,True,CAP,-0.133,neutro,1.482,1.81,1.0,46.6,neutro,2.25,0.45,-14.7,0.966,1.081,1.418,2.047,0.275,0.261,0.496
91204,Warleson,BOT,Goleiro,6,6.12,0.0,5.67,3,0.0,False,False,CFC,1.07,valor_bom,4.736,4.0,0.375,56.7,neutro,4.05,0.8,-11.9,0.69,0.864,1.097,1.974,0.325,0.375,0.529
103967,Bruno Santos,MIR,Atacante,7,4.74,-0.06,3.86,10,1.5,True,False,BAH,0.386,neutro,3.241,2.26,1.0,42.5,neutro,3.17,0.35,-33.3,1.194,0.809,1.214,1.289,0.65,0.205,0.554
151405,Victor Hugo,BOT,Meia,6,1.0,0.0,0.0,0,0.0,False,False,CFC,0.612,valor_bom,0.0,0.0,0.0,54.2,neutro,2.49,0.85,-11.9,0.69,0.864,1.097,1.974,0.325,0.375,0.529
118806,Buta,SAO,Lateral,5,5.94,0.0,4.0,1,0.0,False,True,VIT,-0.107,neutro,3.709,4.0,0.125,72.9,neutro,4.1,0.9,52.4,0.703,1.024,1.631,0.967,0.3,0.555,0.459
146833,Cléber Lucas,BOT,Goleiro,6,1.0,0.0,0.0,0,0.0,False,False,CFC,0.204,neutro,0.0,0.0,0.0,56.7,neutro,2.52,0.8,-11.9,0.69,0.864,1.097,1.974,0.325,0.375,0.529
151406,Herick,BOT,Zagueiro,6,1.0,0.0,0.0,0,0.0,False,False,CFC,0.195,neutro,0.0,0.0,0.0,56.2,neutro,2.52,0.8,-11.9,0.69,0.864,1.097,1.974,0.325,0.375,0.529
151404,Lucas Emanuel,BOT,Atacante,6,1.45,0.0,1.4,1,0.0,False,False,CFC,1.085,valor_bom,1.059,1.4,0.125,54.1,neutro,2.77,0.85,-11.9,0.69,0.864,1.097,1.974,0.325,0.375,0.529
141339,Paulo Roberto,CFC,Atacante,6,4.66,0.28,3.48,8,1.5,True,True,BOT,0.094,neutro,2.974,0.85,1.0,50.8,neutro,2.69,0.8,11.9,1.097,1.974,0.69,0.864,0.2,0.351,0.529
146624,Heittor,PAL,Atacante,6,1.15,0.0,0.53,3,0.0,False,True,COR,1.402,valor_bom,0.884,0.53,0.375,50.2,neutro,2.4,0.25,45.3,0.483,0.276,0.773,1.706,0.75,0.6,0.476
98333,Gabriel Batista,BOT,Goleiro,7,5.86,0.14,5.07,6,4.5,True,False,CFC,1.121,valor_bom,4.679,4.24,0.75,56.7,neutro,3.62,0.8,-11.9,0.69,0.864,1.097,1.974,0.325,0.375,0.529
91626,Paulinho,BOT,Lateral,6,3.83,0.0,-0.15,2,0.0,False,False,CFC,-1.671,armadilha_forte,1.318,0.0,0.25,56.1,neutro,2.79,0.8,-11.9,0.69,0.864,1.097,1.974,0.325,0.375,0.529
151436,Miguel Bilong,PAL,Atacante,6,2.0,0.0,0.0,0,0.0,False,True,COR,-1.156,armadilha_leve,0.0,0.0,0.0,50.2,neutro,2.43,0.25,45.3,0.483,0.276,0.773,1.706,0.75,0.6,0.476
131762,Isac,SAO,Zagueiro,6,1.0,0.0,0.0,0,0.0,False,True,VIT,0.195,neutro,0.0,0.0,0.0,72.8,favoravel,2.76,0.9,52.4,0.703,1.024,1.631,0.967,0.3,0.555,0.459
146964,Filipe Sirio,INT,Goleiro,6,1.0,0.0,0.0,0,0.0,False,False,GRE,0.204,neutro,0.0,0.0,0.0,42.9,neutro,2.32,0.4,-26.2,1.45,1.411,0.748,1.041,0.5,0.377,0.488
97450,Gustavo Mosquito,MIR,Atacante,6,4.99,0.0,3.12,6,0.0,False,False,BAH,-0.442,neutro,2.747,1.79,0.75,42.5,neutro,2.98,0.35,-33.3,1.194,0.809,1.214,1.289,0.65,0.205,0.554
150842,Gabriel Vinicius,INT,Meia,6,1.0,0.0,0.0,0,0.0,False,False,GRE,0.612,valor_bom,0.0,0.0,0.0,50.7,neutro,2.44,0.625,-26.2,1.45,1.411,0.748,1.041,0.5,0.377,0.488
144424,Vitor Lamounier,CRU,Goleiro,6,2.0,0.0,0.0,0,0.0,False,False,RBB,-0.925,armadilha_leve,0.0,0.0,0.0,60.0,neutro,2.57,0.65,-2.4,1.318,1.015,0.853,1.406,0.7,0.295,0.551
151440,Gutte,CAM,Meia,6,1.0,0.0,0.0,0,0.0,False,True,SAN,0.612,valor_bom,0.0,0.0,0.0,55.1,neutro,2.5,0.65,23.8,1.041,1.024,1.418,0.944,0.65,0.471,0.488
151412,Kássio,CHA,Atacante,6,1.49,0.0,1.5,1,0.0,False,True,CAP,1.033,valor_bom,1.071,1.5,0.125,46.3,neutro,2.66,0.45,-14.7,0.966,1.081,1.418,2.047,0.275,0.261,0.496
124483,Lucas Monzón,BOT,Zagueiro,2,3.24,0.0,1.44,5,0.0,False,False,CFC,-0.587,armadilha_leve,1.48,0.84,0.625,56.2,neutro,2.8,0.8,-11.9,0.69,0.864,1.097,1.974,0.325,0.375,0.529
147468,Wellington,CHA,Goleiro,6,1.0,0.0,0.0,0,0.0,False,True,CAP,0.204,neutro,0.0,0.0,0.0,36.3,neutro,2.22,0.275,-14.7,0.966,1.081,1.418,2.047,0.275,0.261,0.496
150841,Fabricio Prado,INT,Atacante,6,1.0,0.0,0.0,0,0.0,False,False,GRE,0.543,valor_bom,0.0,0.0,0.0,50.6,neutro,2.43,0.625,-26.2,1.45,1.411,0.748,1.041,0.5,0.377,0.488
144976,Domingos Andrade,BOT,Meia,6,5.04,0.0,1.5,1,0.0,False,False,CFC,-0.854,armadilha_leve,2.16,1.5,0.125,54.2,neutro,3.21,0.85,-11.9,0.69,0.864,1.097,1.974,0.325,0.375,0.529
114801,Danilo Pereira,BOT,Atacante,2,5.06,0.0,3.05,7,0.0,False,False,CFC,-0.501,armadilha_leve,2.739,2.34,0.875,54.1,neutro,2.81,0.85,-11.9,0.69,0.864,1.097,1.974,0.325,0.375,0.529
122670,Diego Caito,GRE,Lateral,5,6.68,0.0,4.55,6,0.0,False,True,INT,-0.106,neutro,4.049,3.55,0.75,56.0,neutro,4.12,0.6,26.2,0.748,1.041,1.45,1.411,0.275,0.34,0.488
141160,Zé Lucas,CRU,Meia,2,6.75,1.88,3.3,8,11.5,True,False,RBB,0.342,neutro,3.762,2.67,1.0,54.4,neutro,3.09,0.5,-2.4,1.318,1.015,0.853,1.406,0.7,0.295,0.551
109097,Jovane Cabral,GRE,Atacante,5,6.44,0.0,2.92,5,0.0,False,True,INT,0.536,valor_bom,4.182,1.92,0.625,40.4,neutro,3.88,0.3,26.2,0.748,1.041,1.45,1.411,0.275,0.34,0.488
106950,Fernando,CHA,Lateral,3,3.61,0.01,1.64,9,0.0,True,True,CAP,-1.007,armadilha_leve,1.661,1.31,1.0,36.3,neutro,2.5,0.275,-14.7,0.966,1.081,1.418,2.047,0.275,0.261,0.496
93637,Bruno Tubarão,CHA,Lateral,7,3.14,-0.03,1.3,2,1.5,True,True,CAP,-0.598,armadilha_leve,1.608,1.3,0.25,36.3,neutro,3.14,0.275,-14.7,0.966,1.081,1.418,2.047,0.275,0.261,0.496
151292,Felipe Morais,CRU,Meia,2,5.84,1.48,5.7,5,9.5,True,False,RBB,2.252,valor_oculto,4.792,4.7,0.625,54.4,neutro,3.83,0.5,-2.4,1.318,1.015,0.853,1.406,0.7,0.295,0.551
127871,Vargas,CAP,Atacante,7,9.34,0.07,5.79,7,9.2,True,False,CHA,0.696,valor_bom,5.353,1.36,0.875,68.9,neutro,4.13,1.0,14.7,1.418,2.047,0.966,1.081,0.55,0.462,0.496
109461,Calebe,INT,Meia,6,4.65,0.0,0.83,3,0.0,False,False,GRE,-1.0,armadilha_leve,1.858,0.83,0.375,50.7,neutro,2.94,0.625,-26.2,1.45,1.411,0.748,1.041,0.5,0.377,0.488
147878,Alejandro,VIT,Meia,6,2.0,0.0,0.0,0,0.0,False,False,SAO,-1.011,armadilha_leve,0.0,0.0,0.0,38.6,desfavoravel,2.26,0.2,-52.4,1.631,0.967,0.703,1.024,0.55,0.187,0.459
142764,Franco Rossi,CHA,Atacante,6,3.12,-0.79,1.92,5,0.0,True,True,CAP,-0.692,armadilha_leve,1.364,1.92,0.625,46.3,neutro,2.3,0.45,-14.7,0.966,1.081,1.418,2.047,0.275,0.261,0.496
141344,Vitor Tissi,CFC,Meia,6,1.83,0.0,1.27,7,0.0,False,True,BOT,0.817,valor_bom,1.164,1.27,0.875,51.0,neutro,2.04,0.8,11.9,1.097,1.974,0.69,0.864,0.2,0.351,0.529
95541,Gustavo Cazonatti,MIR,Meia,5,3.42,0.0,2.33,6,0.0,False,False,BAH,0.56,valor_bom,2.28,2.33,0.75,42.7,neutro,2.55,0.35,-33.3,1.194,0.809,1.214,1.289,0.65,0.205,0.554
117314,Thiago Borbas,CAM,Atacante,6,6.04,0.29,4.9,4,6.7,True,True,SAN,1.773,valor_oculto,4.947,1.65,0.5,55.4,neutro,4.02,0.65,23.8,1.041,1.024,1.418,0.944,0.65,0.471,0.488
147201,João Kempes,INT,Meia,6,2.0,0.0,0.0,0,0.0,False,False,GRE,-1.011,armadilha_leve,0.0,0.0,0.0,50.7,neutro,2.44,0.625,-26.2,1.45,1.411,0.748,1.041,0.5,0.377,0.488
130444,Rodrigo,CHA,Atacante,6,1.0,0.0,0.0,0,0.0,False,True,CAP,0.543,valor_bom,0.0,0.0,0.0,46.3,neutro,2.37,0.45,-14.7,0.966,1.081,1.418,2.047,0.275,0.261,0.496
100596,Krovinovic,GRE,Meia,6,4.71,0.0,2.14,5,0.0,False,True,INT,-0.57,armadilha_leve,2.203,2.14,0.625,40.5,neutro,2.86,0.3,26.2,0.748,1.041,1.45,1.411,0.275,0.34,0.488
151492,Marquinhos,RBB,Lateral,6,1.0,0.0,0.0,0,0.0,False,True,CRU,0.507,valor_bom,0.0,0.0,0.0,37.8,neutro,2.25,0.275,2.4,0.853,1.406,1.318,1.015,0.225,0.437,0.551
86777,Danilo Barbosa,GRE,Meia,7,3.76,-0.29,0.92,5,1.4,True,True,INT,-0.484,neutro,1.734,0.92,0.625,40.5,neutro,2.6,0.3,26.2,0.748,1.041,1.45,1.411,0.275,0.34,0.488
117909,Wesley,CRU,Atacante,2,6.97,0.0,2.45,6,0.0,False,False,RBB,-0.136,neutro,3.89,1.12,0.75,54.0,neutro,3.35,0.5,-2.4,1.318,1.015,0.853,1.406,0.7,0.295,0.551
130121,João Costa,CRU,Atacante,6,3.85,0.0,1.48,6,0.0,False,False,RBB,-0.481,neutro,2.044,1.48,0.75,54.0,neutro,2.58,0.5,-2.4,1.318,1.015,0.853,1.406,0.7,0.295,0.551
114323,Colidio,VAS,Atacante,7,11.51,0.31,8.57,7,11.2,True,True,REM,1.603,valor_oculto,6.65,4.43,0.875,88.9,favoravel,5.84,0.95,33.4,1.867,0.533,0.879,1.088,0.85,0.729,
104649,Heitor,CHA,Lateral,5,8.3,0.0,7.05,4,0.0,False,True,CAP,1.372,valor_bom,5.802,5.05,0.5,36.3,neutro,4.04,0.275,-14.7,0.966,1.081,1.418,2.047,0.275,0.261,0.496
106313,Domingos Duarte,SAO,Zagueiro,5,8.02,0.0,6.06,5,0.0,False,True,VIT,1.152,valor_bom,4.841,4.86,0.625,72.8,favoravel,4.17,0.9,52.4,0.703,1.024,1.631,0.967,0.3,0.555,0.459
73476,Marcão,FLU,Técnico,7,13.01,0.72,7.96,7,10.81,True,False,FLA,0.247,neutro,7.279,7.96,0.875,36.6,desfavoravel,4.78,0.1,-42.9,1.45,1.128,0.916,0.928,0.75,0.138,0.553
86864,Marlon,REM,Lateral,7,6.18,-0.07,4.14,7,4.2,True,False,VAS,-0.016,neutro,3.891,4.14,0.875,34.5,desfavoravel,3.53,0.5,-33.4,0.879,1.088,1.867,0.533,0.15,0.098,
107093,Luciano Juba,BAH,Lateral,7,10.48,-0.32,6.82,25,1.5,True,True,MIR,1.258,valor_bom,6.422,3.62,1.0,67.4,favoravel,5.09,0.75,33.3,1.214,1.289,1.194,0.809,0.45,0.552,0.554
77510,Fred,CAM,Meia,6,6.66,-0.81,2.74,5,1.7,True,True,SAN,0.239,neutro,3.653,2.74,0.625,55.1,neutro,3.99,0.65,23.8,1.041,1.024,1.418,0.944,0.65,0.471,0.488
124961,Castaño,CAM,Meia,7,4.06,-0.1,0.95,6,0.7,True,True,SAN,-0.79,armadilha_leve,1.689,0.95,0.75,55.1,neutro,2.96,0.65,23.8,1.041,1.024,1.418,0.944,0.65,0.471,0.488
101237,Eliasson,INT,Atacante,6,2.56,0.0,0.1,5,0.0,False,False,GRE,-1.0,armadilha_leve,0.664,0.1,0.625,50.6,neutro,2.07,0.625,-26.2,1.45,1.411,0.748,1.041,0.5,0.377,0.488
123795,Lucho Rodríguez,CRU,Atacante,6,6.2,-1.28,2.62,5,0.0,True,False,RBB,0.522,valor_bom,4.067,0.62,0.625,54.0,neutro,3.53,0.5,-2.4,1.318,1.015,0.853,1.406,0.7,0.295,0.551
85035,Sanabria,INT,Atacante,5,3.31,0.0,-0.17,4,0.0,False,False,GRE,-1.857,armadilha_forte,0.621,0.0,0.5,50.6,neutro,2.18,0.625,-26.2,1.45,1.411,0.748,1.041,0.5,0.377,0.488
151632,Lemos,CAM,Zagueiro,6,1.0,0.0,0.0,0,0.0,False,True,SAN,0.195,neutro,0.0,0.0,0.0,43.5,neutro,2.33,0.05,23.8,1.041,1.024,1.418,0.944,0.65,0.471,0.488
151600,Miguel Carvalho,CHA,Meia,6,3.92,-0.73,2.04,5,0.0,True,True,CAP,-0.026,neutro,2.165,2.04,0.625,46.6,neutro,3.13,0.45,-14.7,0.966,1.081,1.418,2.047,0.275,0.261,0.496
102255,Santiago Sosa,VAS,Meia,7,7.42,-0.52,3.96,7,2.1,True,True,REM,0.474,neutro,4.101,3.96,0.875,86.7,favoravel,3.87,0.95,33.4,1.867,0.533,0.879,1.088,0.85,0.729,
87747,Yago Felipe,CHA,Meia,7,8.55,-0.09,5.5,7,4.6,True,True,CAP,0.955,valor_bom,4.82,4.79,0.875,46.6,neutro,4.12,0.45,-14.7,0.966,1.081,1.418,2.047,0.275,0.261,0.496
146814,Josmar,FLA,Atacante,6,2.0,0.0,0.0,0,0.0,False,True,FLU,-1.156,armadilha_leve,0.0,0.0,0.0,63.1,neutro,2.62,0.575,42.9,0.916,0.928,1.45,1.128,0.85,0.649,0.553
145781,Bruno André,VAS,Zagueiro,6,1.0,0.0,0.0,0,0.0,False,True,REM,0.195,neutro,0.0,0.0,0.0,80.0,favoravel,2.87,0.6,33.4,1.867,0.533,0.879,1.088,0.85,0.729,
107300,Alex Bruno,VIT,Atacante,6,3.49,0.0,0.65,2,0.0,False,False,SAO,-1.604,armadilha_forte,0.944,0.65,0.25,38.4,desfavoravel,2.37,0.2,-52.4,1.631,0.967,0.703,1.024,0.55,0.187,0.459
141954,Khensane,CFC,Meia,6,1.0,0.0,0.0,0,0.0,False,True,BOT,0.612,valor_bom,0.0,0.0,0.0,51.0,neutro,2.44,0.8,11.9,1.097,1.974,0.69,0.864,0.2,0.351,0.529
141335,Lucas Crepaldi,CFC,Atacante,6,1.0,0.0,0.0,0,0.0,False,True,BOT,0.543,valor_bom,0.0,0.0,0.0,50.8,neutro,2.44,0.8,11.9,1.097,1.974,0.69,0.864,0.2,0.351,0.529
138941,Bruno Duarte,VAS,Atacante,2,9.35,-0.77,7.68,4,5.8,True,True,REM,1.377,valor_bom,5.874,3.18,0.5,88.9,favoravel,5.25,0.95,33.4,1.867,0.533,0.879,1.088,0.85,0.729,
140167,Luizinho,COR,Atacante,6,1.0,0.0,0.0,0,0.0,False,False,PAL,0.543,valor_bom,0.0,0.0,0.0,11.5,desfavoravel,1.86,0.05,-45.3,0.773,1.706,0.483,0.276,0.0,0.161,0.476
140908,Bruno Bertinato,PAL,Goleiro,6,3.0,0.0,0.0,0,0.0,False,True,COR,-1.727,armadilha_forte,0.0,0.0,0.0,72.8,neutro,2.76,0.475,45.3,0.483,0.276,0.773,1.706,0.75,0.6,0.476
108602,Valencia,FLA,Atacante,6,5.91,0.0,1.5,1,0.0,False,True,FLU,-1.549,armadilha_forte,2.36,1.5,0.125,63.1,neutro,3.42,0.575,42.9,0.916,0.928,1.45,1.128,0.85,0.649,0.553
151742,André Lucas,PAL,Lateral,6,1.0,0.0,0.0,0,0.0,False,True,COR,0.507,valor_bom,0.0,0.0,0.0,71.7,favoravel,2.74,0.475,45.3,0.483,0.276,0.773,1.706,0.75,0.6,0.476
150251,Joaquín Freitas,FLA,Atacante,6,4.37,0.0,2.57,3,0.0,False,True,FLU,-0.314,neutro,2.496,0.9,0.375,63.1,neutro,3.25,0.575,42.9,0.916,0.928,1.45,1.128,0.85,0.649,0.553
151289,Kelvin,CRU,Zagueiro,6,1.0,0.0,0.0,0,0.0,False,False,RBB,0.195,neutro,0.0,0.0,0.0,59.4,neutro,2.56,0.65,-2.4,1.318,1.015,0.853,1.406,0.7,0.295,0.551
130252,Euder,VAS,Meia,6,1.0,0.0,0.0,0,0.0,False,True,REM,0.612,valor_bom,0.0,0.0,0.0,86.7,favoravel,2.96,0.95,33.4,1.867,0.533,0.879,1.088,0.85,0.729,
111412,Arthur Chaves,BOT,Zagueiro,2,5.5,-0.5,0.5,1,0.5,True,False,CFC,-0.756,armadilha_leve,2.526,0.5,0.125,56.2,neutro,3.38,0.8,-11.9,0.69,0.864,1.097,1.974,0.325,0.375,0.529
117926,Nicolás Fonseca,CFC,Meia,6,4.08,-0.23,-0.85,2,0.9,True,True,BOT,-0.895,armadilha_leve,1.624,0.0,0.25,51.0,neutro,2.83,0.8,11.9,1.097,1.974,0.69,0.864,0.2,0.351,0.529
149807,Wanderson,VIT,Lateral,6,1.0,0.0,0.0,0,0.0,False,False,SAO,0.507,valor_bom,0.0,0.0,0.0,42.2,neutro,2.31,0.4,-52.4,1.631,0.967,0.703,1.024,0.55,0.187,0.459
80076,Zé Roberto,MIR,Atacante,6,4.06,0.0,1.4,1,0.0,False,False,BAH,-0.258,neutro,2.349,1.4,0.125,42.5,neutro,3.11,0.35,-33.3,1.194,0.809,1.214,1.289,0.65,0.205,0.554
131454,Athos,GRE,Zagueiro,6,1.0,0.0,0.0,0,0.0,False,True,INT,0.195,neutro,0.0,0.0,0.0,56.1,neutro,2.51,0.6,26.2,0.748,1.041,1.45,1.411,0.275,0.34,0.488
127628,Lautaro López,BAH,Meia,6,4.0,0.0,0.0,0,0.0,False,True,MIR,-3.055,armadilha_forte,0.0,0.0,0.0,55.9,neutro,2.51,0.575,33.3,1.214,1.289,1.194,0.809,0.45,0.552,0.554
124552,Lescano,VAS,Meia,7,11.44,0.7,9.8,3,10.9,True,True,REM,1.163,valor_bom,5.745,6.47,0.375,86.7,favoravel,4.96,0.95,33.4,1.867,0.533,0.879,1.088,0.85,0.729,
148439,Darlan Dutra,VIT,Zagueiro,6,1.0,0.0,0.0,0,0.0,False,False,SAO,0.195,neutro,0.0,0.0,0.0,42.5,neutro,2.32,0.4,-52.4,1.631,0.967,0.703,1.024,0.55,0.187,0.459
73992,Rodinei,SAN,Lateral,7,6.31,0.29,2.07,3,4.2,True,False,CAM,-0.967,armadilha_leve,3.236,2.07,0.375,41.8,neutro,3.22,0.225,-23.8,1.418,0.944,1.041,1.024,0.85,0.257,0.488
151825,Gabriel Ibson,CFC,Zagueiro,6,1.0,0.0,0.0,0,0.0,False,True,BOT,0.195,neutro,0.0,0.0,0.0,42.5,neutro,2.32,0.35,11.9,1.097,1.974,0.69,0.864,0.2,0.351,0.529
122390,Rodrigo Gelado,CFC,Lateral,6,1.76,0.0,0.0,1,0.0,False,True,BOT,1.062,valor_bom,1.497,0.0,0.125,42.2,neutro,2.77,0.35,11.9,1.097,1.974,0.69,0.864,0.2,0.351,0.529
151347,Ruan Sales,FLU,Meia,6,2.0,0.0,0.0,0,0.0,False,False,FLA,-1.011,armadilha_leve,0.0,0.0,0.0,36.5,desfavoravel,2.23,0.1,-42.9,1.45,1.128,0.916,0.928,0.75,0.138,0.553
97133,Dudu,CHA,Lateral,5,5.98,0.0,6.5,1,0.0,False,True,CAP,0.238,neutro,3.987,1.5,0.125,36.3,neutro,4.14,0.275,-14.7,0.966,1.081,1.418,2.047,0.275,0.261,0.496
106147,Thiago Carpini,REM,Técnico,7,8.83,0.36,4.65,2,5.16,True,False,VAS,-0.166,neutro,4.692,4.65,0.25,34.6,desfavoravel,3.71,0.7,-33.4,0.879,1.088,1.867,0.533,0.15,0.098,
104387,Gabriel Pereira,VAS,Zagueiro,6,5.0,0.0,0.0,0,0.0,False,True,REM,-3.861,armadilha_forte,0.0,0.0,0.0,80.0,neutro,2.87,0.6,33.4,1.867,0.533,0.879,1.088,0.85,0.729,
98974,Viña,CRU,Lateral,6,8.6,3.6,11.0,1,11.0,True,False,RBB,1.261,valor_bom,5.825,8.0,0.125,59.3,neutro,4.72,0.65,-2.4,1.318,1.015,0.853,1.406,0.7,0.295,0.551
87211,Eduardo Baptista,INT,Técnico,7,9.09,1.91,7.22,1,7.22,True,False,GRE,0.444,neutro,5.584,7.22,0.125,50.7,neutro,4.87,0.625,-26.2,1.45,1.411,0.748,1.041,0.5,0.377,0.488
146985,Yago Melo,COR,Zagueiro,6,1.0,0.0,0.0,0,0.0,False,False,PAL,0.195,neutro,0.0,0.0,0.0,24.9,desfavoravel,2.06,0.225,-45.3,0.773,1.706,0.483,0.276,0.0,0.161,0.476
141608,Pedro Bezerra,SAO,Meia,6,1.0,0.0,0.0,0,0.0,False,True,VIT,0.612,valor_bom,0.0,0.0,0.0,60.8,favoravel,2.58,1.0,52.4,0.703,1.024,1.631,0.967,0.3,0.555,0.459
123433,Rosivan,CHA,Meia,6,2.0,0.0,0.0,0,0.0,False,True,CAP,-1.011,armadilha_leve,0.0,0.0,0.0,46.6,neutro,2.38,0.45,-14.7,0.966,1.081,1.418,2.047,0.275,0.261,0.496
149175,Andrés González,REM,Atacante,6,1.0,0.0,0.0,0,0.0,False,False,VAS,0.543,valor_bom,0.0,0.0,0.0,34.5,desfavoravel,2.2,0.7,-33.4,0.879,1.088,1.867,0.533,0.15,0.098,
152259,João Borne,GRE,Meia,6,1.0,0.0,0.0,0,0.0,False,True,INT,0.612,valor_bom,0.0,0.0,0.0,40.5,neutro,2.29,0.3,26.2,0.748,1.041,1.45,1.411,0.275,0.34,0.488
130525,Pedro Lima,SAO,Lateral,7,7.76,0.49,7.7,2,5.5,True,True,VIT,1.479,valor_bom,5.682,6.2,0.25,72.9,favoravel,4.79,0.9,52.4,0.703,1.024,1.631,0.967,0.3,0.555,0.459
99520,Ziyech,BOT,Meia,7,8.39,-0.88,1.1,2,1.0,True,False,CFC,-0.65,armadilha_leve,3.599,1.1,0.25,54.2,neutro,3.6,0.85,-11.9,0.69,0.864,1.097,1.974,0.325,0.375,0.529
130454,Samuel,CAM,Zagueiro,6,1.0,0.0,0.0,0,0.0,False,True,SAN,0.195,neutro,0.0,0.0,0.0,43.5,neutro,2.33,0.05,23.8,1.041,1.024,1.418,0.944,0.65,0.471,0.488
132733,Fabiano,PAL,Atacante,6,1.0,0.0,0.0,0,0.0,False,True,COR,0.543,valor_bom,0.0,0.0,0.0,50.2,neutro,2.43,0.25,45.3,0.483,0.276,0.773,1.706,0.75,0.6,0.476
141610,João Pedro,SAO,Goleiro,6,1.0,0.0,0.0,0,0.0,False,True,VIT,0.204,neutro,0.0,0.0,0.0,74.1,favoravel,2.78,0.9,52.4,0.703,1.024,1.631,0.967,0.3,0.555,0.459
116825,Jhonny,FLU,Lateral,6,1.0,0.0,0.0,0,0.0,False,False,FLA,0.507,valor_bom,0.0,0.0,0.0,28.2,desfavoravel,2.11,0.0,-42.9,1.45,1.128,0.916,0.928,0.75,0.138,0.553
99034,Elias,MIR,Lateral,6,3.41,0.0,1.8,1,0.0,False,False,BAH,-0.761,armadilha_leve,1.697,1.8,0.125,42.2,neutro,2.85,0.4,-33.3,1.194,0.809,1.214,1.289,0.65,0.205,0.554
125468,William Batista,COR,Técnico,7,9.02,0.0,0.0,0,0.0,False,False,PAL,-4.14,armadilha_forte,0.0,0.0,0.0,11.2,desfavoravel,1.86,0.05,-45.3,0.773,1.706,0.483,0.276,0.0,0.161,0.476
152260,Emanuel,GRE,Lateral,6,1.0,0.0,0.0,0,0.0,False,True,INT,0.507,valor_bom,0.0,0.0,0.0,56.0,neutro,2.51,0.6,26.2,0.748,1.041,1.45,1.411,0.275,0.34,0.488
116128,Gabriel Werner,CHA,Goleiro,6,2.0,0.0,0.0,0,0.0,False,True,CAP,-0.925,armadilha_leve,0.0,0.0,0.0,36.3,neutro,2.22,0.275,-14.7,0.966,1.081,1.418,2.047,0.275,0.261,0.496
109573,Martinelli,FLU,Meia,7,5.27,-1.38,2.68,20,-0.4,True,False,FLA,-0.463,neutro,2.555,1.93,1.0,36.5,desfavoravel,2.95,0.1,-42.9,1.45,1.128,0.916,0.928,0.75,0.138,0.553
97810,Erick,VIT,Atacante,7,9.75,1.61,4.67,24,16.0,True,False,SAO,-0.266,neutro,4.745,1.96,1.0,38.4,desfavoravel,3.69,0.2,-52.4,1.631,0.967,0.703,1.024,0.55,0.187,0.459
152261,Guilherme Pires,CAM,Goleiro,6,1.0,0.0,0.0,0,0.0,False,True,SAN,0.204,neutro,0.0,0.0,0.0,43.4,neutro,2.33,0.05,23.8,1.041,1.024,1.418,0.944,0.65,0.471,0.488
152258,Gustavo Inácio,CRU,Zagueiro,6,1.0,0.0,0.0,0,0.0,False,False,RBB,0.195,neutro,0.0,0.0,0.0,59.4,neutro,2.56,0.65,-2.4,1.318,1.015,0.853,1.406,0.7,0.295,0.551
105949,Rochet,INT,Goleiro,6,6.28,0.0,3.33,11,0.0,False,False,GRE,0.115,neutro,3.775,1.97,1.0,42.9,neutro,2.88,0.4,-26.2,1.45,1.411,0.748,1.041,0.5,0.377,0.488
132553,Jemmes,FLU,Zagueiro,6,6.22,0.0,3.26,18,0.0,False,False,FLA,0.184,neutro,3.512,2.48,1.0,28.7,desfavoravel,2.87,0.0,-42.9,1.45,1.128,0.916,0.928,0.75,0.138,0.553
106593,Villalba,CRU,Zagueiro,6,7.31,0.0,3.19,15,0.0,False,False,RBB,-0.352,neutro,3.499,1.52,1.0,59.4,neutro,3.06,0.65,-2.4,1.318,1.015,0.853,1.406,0.7,0.295,0.551
68685,Alan Patrick,INT,Meia,7,9.22,2.0,4.4,24,17.0,True,False,GRE,0.048,neutro,4.356,2.94,1.0,50.7,neutro,4.05,0.625,-26.2,1.45,1.411,0.748,1.041,0.5,0.377,0.488
69012,Santos,CAP,Goleiro,6,7.97,0.0,4.21,22,0.0,False,False,CHA,-0.019,neutro,4.257,2.62,1.0,59.1,neutro,4.29,0.75,14.7,1.418,2.047,0.966,1.081,0.55,0.462,0.496
117632,Garro,COR,Meia,3,10.22,-0.14,4.83,26,5.9,True,False,PAL,0.127,neutro,4.687,3.29,1.0,11.2,desfavoravel,2.82,0.05,-45.3,0.773,1.706,0.483,0.276,0.0,0.161,0.476
106843,Borrero,CHA,Meia,6,3.99,0.0,1.5,3,0.0,False,True,CAP,-0.254,neutro,2.04,1.5,0.375,46.6,neutro,2.81,0.45,-14.7,0.966,1.081,1.418,2.047,0.275,0.261,0.496
68899,Philippe Coutinho,SAN,Meia,2,12.65,-0.56,6.8,4,2.5,True,False,CAM,-0.115,neutro,5.083,5.55,0.5,53.3,neutro,4.04,0.625,-23.8,1.418,0.944,1.041,1.024,0.85,0.257,0.488
68928,Rafael,SAO,Goleiro,7,7.68,0.0,3.37,26,0.0,False,True,VIT,-0.53,armadilha_leve,3.609,2.22,1.0,74.1,neutro,4.29,0.9,52.4,0.703,1.024,1.631,0.967,0.3,0.555,0.459
63007,Neymar,SAN,Meia,2,20.23,1.33,10.24,13,15.7,True,False,CAM,2.04,valor_oculto,7.948,6.39,1.0,53.3,neutro,5.34,0.625,-23.8,1.418,0.944,1.041,1.024,0.85,0.257,0.488
96591,Renan Lodi,CAM,Lateral,7,9.6,0.31,4.91,24,3.2,True,True,SAN,-0.308,neutro,4.977,3.54,1.0,43.2,neutro,4.27,0.05,23.8,1.041,1.024,1.418,0.944,0.65,0.471,0.488
72294,Everson,CAM,Goleiro,5,9.67,0.0,4.58,23,0.0,False,True,SAN,-0.248,neutro,4.53,3.06,1.0,43.4,neutro,3.68,0.05,23.8,1.041,1.024,1.418,0.944,0.65,0.471,0.488
92171,Arthur Cabral,BOT,Atacante,7,9.19,-0.29,5.44,21,1.7,True,False,CFC,0.702,valor_bom,5.311,2.54,1.0,54.1,neutro,4.2,0.85,-11.9,0.69,0.864,1.097,1.974,0.325,0.375,0.529
103056,Gabriel Brazão,SAN,Goleiro,5,5.21,0.0,2.81,22,0.0,False,False,CAM,-0.159,neutro,3.004,1.67,1.0,41.9,neutro,3.11,0.225,-23.8,1.418,0.944,1.041,1.024,0.85,0.257,0.488
37656,Fábio,FLU,Goleiro,7,9.23,-0.2,4.6,28,5.0,True,False,FLA,-0.111,neutro,4.552,3.53,1.0,27.9,desfavoravel,3.64,0.0,-42.9,1.45,1.128,0.916,0.928,0.75,0.138,0.553
61987,Alex Sandro,FLA,Lateral,7,7.41,-0.3,2.91,18,-0.9,True,True,FLU,-1.097,armadilha_leve,3.608,1.91,1.0,53.4,neutro,2.91,0.15,42.9,0.916,0.928,1.45,1.128,0.85,0.649,0.553
87008,Léo Jardim,VAS,Goleiro,7,5.71,-0.78,2.79,27,0.3,True,True,REM,-0.235,neutro,3.155,2.23,1.0,81.7,neutro,3.81,0.6,33.4,1.867,0.533,0.879,1.088,0.85,0.729,
101727,Matheuzinho,COR,Lateral,7,11.07,0.44,6.22,23,8.7,True,False,PAL,0.408,neutro,5.951,4.61,1.0,24.3,desfavoravel,3.56,0.225,-45.3,0.773,1.706,0.483,0.276,0.0,0.161,0.476
42234,Cássio,CRU,Goleiro,6,6.89,0.0,1.32,5,0.0,False,False,RBB,-0.638,armadilha_leve,3.207,1.32,0.625,60.0,neutro,3.27,0.65,-2.4,1.318,1.015,0.853,1.406,0.7,0.295,0.551
100898,Vitinho,BOT,Lateral,2,8.84,-0.19,4.74,23,2.0,True,False,CFC,-0.141,neutro,4.853,3.65,1.0,56.1,neutro,4.42,0.8,-11.9,0.69,0.864,1.097,1.974,0.325,0.375,0.529
105436,Carrascal,FLA,Meia,7,11.99,0.49,6.61,21,13.0,True,True,FLU,1.273,valor_bom,5.952,3.99,1.0,61.8,favoravel,4.23,0.575,42.9,0.916,0.928,1.45,1.128,0.85,0.649,0.553
99274,Alexander Barboza,PAL,Zagueiro,2,11.86,1.5,5.89,18,16.0,True,True,COR,0.505,valor_bom,5.333,3.72,1.0,71.5,favoravel,4.88,0.475,45.3,0.483,0.276,0.773,1.706,0.75,0.6,0.476
109401,Erick Pulga,BAH,Atacante,7,7.5,-0.88,4.64,27,0.9,True,True,MIR,0.68,valor_bom,4.716,3.08,1.0,56.7,neutro,4.1,0.575,33.3,1.214,1.289,1.194,0.809,0.45,0.552,0.554
113397,Cristian Olivera,BAH,Atacante,7,6.89,-1.21,3.93,21,0.5,True,True,MIR,0.336,neutro,4.217,3.07,1.0,56.7,neutro,3.57,0.575,33.3,1.214,1.289,1.194,0.809,0.45,0.552,0.554
85425,João Paulo,SAN,Goleiro,6,6.94,0.0,-0.35,2,0.0,False,False,CAM,-0.439,neutro,3.439,0.0,0.25,41.9,neutro,3.41,0.225,-23.8,1.418,0.944,1.041,1.024,0.85,0.257,0.488
97868,Iago,SAO,Lateral,7,6.24,0.0,4.54,10,0.0,False,True,VIT,0.298,neutro,4.155,3.04,1.0,72.9,favoravel,3.44,0.9,52.4,0.703,1.024,1.631,0.967,0.3,0.555,0.459
80196,Yago Pikachu,REM,Meia,7,5.18,-0.16,2.46,28,3.9,True,False,VAS,-0.601,armadilha_leve,2.412,1.57,1.0,34.6,desfavoravel,2.99,0.7,-33.4,0.879,1.088,1.867,0.533,0.15,0.098,
80313,Gilberto,CAP,Lateral,7,7.5,0.81,4.5,15,5.9,True,False,CHA,0.356,neutro,4.736,3.23,1.0,58.4,neutro,3.86,0.75,14.7,1.418,2.047,0.966,1.081,0.55,0.462,0.496
123717,Zé Guilherme,BAH,Lateral,6,4.29,0.0,2.88,5,0.0,False,True,MIR,0.65,valor_bom,3.368,2.28,0.625,67.4,favoravel,3.4,0.75,33.3,1.214,1.289,1.194,0.809,0.45,0.552,0.554
98022,Erick,BAH,Meia,6,6.33,-0.37,4.39,21,1.2,True,True,MIR,1.362,valor_bom,4.344,3.44,1.0,55.9,neutro,3.94,0.575,33.3,1.214,1.289,1.194,0.809,0.45,0.552,0.554
90768,Fabrício Bruno,CRU,Zagueiro,5,5.48,0.0,1.81,24,0.0,False,False,RBB,-1.382,armadilha_leve,2.052,1.31,1.0,59.4,neutro,2.44,0.65,-2.4,1.318,1.015,0.853,1.406,0.7,0.295,0.551
98484,Kanu,BAH,Zagueiro,2,2.65,-0.49,0.68,6,-0.6,True,True,MIR,-0.477,neutro,1.151,0.18,0.75,67.3,neutro,2.41,0.75,33.3,1.214,1.289,1.194,0.809,0.45,0.552,0.554
68996,Willian José,BAH,Atacante,6,7.04,0.04,2.28,22,1.3,True,True,MIR,-1.345,armadilha_leve,2.998,0.73,1.0,56.7,neutro,3.44,0.575,33.3,1.214,1.289,1.194,0.809,0.45,0.552,0.554
91772,David Duarte,BAH,Zagueiro,7,5.63,-0.7,3.74,21,-0.3,True,True,MIR,0.449,neutro,3.475,2.45,1.0,67.3,favoravel,3.69,0.75,33.3,1.214,1.289,1.194,0.809,0.45,0.552,0.554
91101,Ronaldo,BAH,Goleiro,7,9.02,1.01,5.4,19,12.0,True,True,MIR,0.457,neutro,5.1,3.82,1.0,68.3,favoravel,4.74,0.75,33.3,1.214,1.289,1.194,0.809,0.45,0.552,0.554
104783,Acevedo,BAH,Meia,3,6.78,-0.77,4.88,26,-0.8,True,True,MIR,1.646,valor_oculto,4.726,4.5,1.0,55.9,neutro,4.03,0.575,33.3,1.214,1.289,1.194,0.809,0.45,0.552,0.554
122994,Victor Nascimento,BAH,Goleiro,6,1.0,0.0,0.0,0,0.0,False,True,MIR,0.204,neutro,0.0,0.0,0.0,68.3,favoravel,2.69,0.75,33.3,1.214,1.289,1.194,0.809,0.45,0.552,0.554
123360,Cauly,SAO,Meia,6,6.41,0.0,2.95,15,0.0,False,True,VIT,0.016,neutro,3.393,2.62,1.0,60.8,favoravel,3.25,1.0,52.4,0.703,1.024,1.631,0.967,0.3,0.555,0.459
98517,Jean Lucas,BAH,Meia,7,9.11,0.26,5.26,24,2.4,True,True,MIR,0.974,valor_bom,5.001,3.8,1.0,55.9,neutro,4.04,0.575,33.3,1.214,1.289,1.194,0.809,0.45,0.552,0.554
141419,Fredi Lippert,BAH,Zagueiro,6,2.0,0.0,0.0,0,0.0,False,True,MIR,-1.302,armadilha_leve,0.0,0.0,0.0,67.3,neutro,2.68,0.75,33.3,1.214,1.289,1.194,0.809,0.45,0.552,0.554
145379,Kauê Furquim,BAH,Atacante,6,2.15,0.0,1.35,6,0.0,False,True,MIR,0.165,neutro,1.16,1.35,0.75,56.7,neutro,2.41,0.575,33.3,1.214,1.289,1.194,0.809,0.45,0.552,0.554
107173,Michel Araújo,BAH,Meia,6,2.37,0.0,0.98,18,0.0,False,True,MIR,-0.096,neutro,1.008,0.7,1.0,55.9,neutro,2.31,0.575,33.3,1.214,1.289,1.194,0.809,0.45,0.552,0.554
72493,Alex Telles,BOT,Lateral,7,10.38,1.73,4.59,22,14.0,True,False,CFC,-0.931,armadilha_leve,4.747,2.32,1.0,56.1,neutro,4.51,0.8,-11.9,0.69,0.864,1.097,1.974,0.325,0.375,0.529
106822,Rodrigo Nestor,BAH,Meia,7,5.7,-0.34,3.85,21,2.0,True,True,MIR,1.186,valor_bom,3.953,2.9,1.0,55.9,neutro,4.44,0.575,33.3,1.214,1.289,1.194,0.809,0.45,0.552,0.554
129663,Ruan Pablo,BAH,Atacante,6,1.44,0.0,0.17,3,0.0,False,True,MIR,0.743,valor_bom,0.786,0.17,0.375,56.7,neutro,2.65,0.575,33.3,1.214,1.289,1.194,0.809,0.45,0.552,0.554
101314,Ademir,BAH,Atacante,6,5.27,0.22,2.19,26,2.0,True,True,MIR,-1.28,armadilha_leve,2.255,1.69,1.0,56.7,neutro,3.63,0.575,33.3,1.214,1.289,1.194,0.809,0.45,0.552,0.554
111831,Matheus Martins,BOT,Atacante,7,7.16,0.47,4.19,19,5.3,True,False,CFC,0.463,neutro,4.421,2.51,1.0,54.1,neutro,4.17,0.85,-11.9,0.69,0.864,1.097,1.974,0.325,0.375,0.529
97341,Rogério Ceni,BAH,Técnico,7,9.94,-0.29,5.59,28,2.2,True,True,MIR,0.016,neutro,5.543,5.59,1.0,56.0,neutro,4.58,0.575,33.3,1.214,1.289,1.194,0.809,0.45,0.552,0.554
111829,Kayky,INT,Atacante,5,3.63,0.0,1.27,6,0.0,False,False,GRE,-0.405,neutro,1.954,1.27,0.75,50.6,neutro,2.49,0.625,-26.2,1.45,1.411,0.748,1.041,0.5,0.377,0.488
106323,Caio Alexandre,BAH,Meia,7,3.35,-0.11,0.97,18,0.0,True,True,MIR,-1.127,armadilha_leve,1.001,0.97,1.0,55.9,neutro,2.39,0.575,33.3,1.214,1.289,1.194,0.809,0.45,0.552,0.554
124481,Mateo Ponte,BOT,Lateral,2,5.27,-0.11,3.15,11,1.5,True,False,CFC,-0.105,neutro,3.37,2.15,1.0,56.1,neutro,2.95,0.8,-11.9,0.69,0.864,1.097,1.974,0.325,0.375,0.529
97468,Marçal,BOT,Lateral,6,7.03,0.0,3.33,7,0.0,False,False,CFC,-1.018,armadilha_leve,3.513,2.04,0.875,56.1,neutro,3.51,0.8,-11.9,0.69,0.864,1.097,1.974,0.325,0.375,0.529
95799,Artur,SAO,Atacante,7,8.83,0.18,5.02,23,4.6,True,True,VIT,0.454,neutro,5.007,3.32,1.0,61.7,favoravel,4.08,1.0,52.4,0.703,1.024,1.631,0.967,0.3,0.555,0.459
129930,Cristhian Loor,BOT,Goleiro,6,2.0,0.0,0.0,0,0.0,False,False,CFC,-0.925,armadilha_leve,0.0,0.0,0.0,56.7,neutro,2.52,0.8,-11.9,0.69,0.864,1.097,1.974,0.325,0.375,0.529
136955,Sanabria,BAH,Atacante,6,5.33,-0.11,2.51,15,0.0,True,True,MIR,-1.004,armadilha_leve,2.495,1.11,1.0,56.7,neutro,2.58,0.575,33.3,1.214,1.289,1.194,0.809,0.45,0.552,0.554
107231,Danilo,BOT,Meia,7,13.4,0.4,6.88,20,4.5,True,False,CFC,1.092,valor_bom,6.121,4.63,1.0,54.2,neutro,4.71,0.85,-11.9,0.69,0.864,1.097,1.974,0.325,0.375,0.529
104693,Newton,SAO,Meia,6,4.18,-0.36,1.95,11,1.0,True,True,VIT,-0.358,neutro,2.073,1.95,1.0,60.8,neutro,2.47,1.0,52.4,0.703,1.024,1.631,0.967,0.3,0.555,0.459
142877,Villalba,BOT,Atacante,6,3.76,0.0,1.53,14,0.0,False,False,CFC,-0.63,armadilha_leve,1.871,0.96,1.0,54.1,neutro,2.36,0.85,-11.9,0.69,0.864,1.097,1.974,0.325,0.375,0.529
142484,Barrera,BOT,Meia,5,4.93,0.0,2.46,11,0.0,False,False,CFC,-0.494,neutro,2.369,2.01,1.0,54.2,neutro,2.49,0.85,-11.9,0.69,0.864,1.097,1.974,0.325,0.375,0.529
146375,Kadir,BOT,Atacante,6,3.82,-0.33,1.88,13,0.0,True,False,CFC,-0.376,neutro,2.104,1.5,1.0,54.1,neutro,2.66,0.85,-11.9,0.69,0.864,1.097,1.974,0.325,0.375,0.529
142890,Montoro,BOT,Meia,6,6.52,0.0,2.67,22,0.0,False,False,CFC,-0.466,neutro,3.084,1.99,1.0,54.2,neutro,3.42,0.85,-11.9,0.69,0.864,1.097,1.974,0.325,0.375,0.529
98672,Savarino,FLU,Meia,2,12.44,3.46,5.65,20,28.2,True,False,FLA,0.166,neutro,5.243,3.65,1.0,36.5,desfavoravel,3.6,0.1,-42.9,1.45,1.128,0.916,0.928,0.75,0.138,0.553
91158,Kaio,BOT,Zagueiro,5,7.0,0.0,0.0,0,0.0,False,False,CFC,-4.923,armadilha_forte,0.0,0.0,0.0,56.2,neutro,2.52,0.8,-11.9,0.69,0.864,1.097,1.974,0.325,0.375,0.529
69140,Allan,BOT,Meia,6,4.5,0.0,2.05,11,0.0,False,False,CFC,-0.519,armadilha_leve,2.131,2.05,1.0,54.2,neutro,2.39,0.85,-11.9,0.69,0.864,1.097,1.974,0.325,0.375,0.529
94968,Juninho Capixaba,RBB,Lateral,7,11.82,-0.87,6.7,24,-0.1,True,True,CRU,0.63,valor_bom,6.32,4.53,1.0,37.8,neutro,4.21,0.275,2.4,0.853,1.406,1.318,1.015,0.225,0.437,0.551
70360,Eduardo Sasha,RBB,Atacante,7,5.37,1.46,1.49,19,10.7,True,True,CRU,-1.97,armadilha_forte,1.78,1.07,1.0,47.4,neutro,2.35,0.725,2.4,0.853,1.406,1.318,1.015,0.225,0.437,0.551
117910,Breno Bidon,COR,Meia,7,8.05,-0.18,3.47,26,2.4,True,False,PAL,-0.436,neutro,3.647,2.89,1.0,11.2,desfavoravel,2.43,0.05,-45.3,0.773,1.706,0.483,0.276,0.0,0.161,0.476
78605,Gabriel,RBB,Meia,6,5.28,0.0,3.08,18,0.0,False,True,CRU,-0.103,neutro,2.822,2.52,1.0,47.2,neutro,2.56,0.725,2.4,0.853,1.406,1.318,1.015,0.225,0.437,0.551
100695,Fernando,RBB,Atacante,7,6.29,0.59,5.21,14,7.2,True,True,CRU,1.858,valor_oculto,5.123,3.14,1.0,47.4,neutro,3.71,0.725,2.4,0.853,1.406,1.318,1.015,0.225,0.437,0.551
100848,Luan Cândido,VIT,Lateral,7,6.37,0.34,3.68,18,6.4,True,False,SAO,-0.416,neutro,3.678,2.12,1.0,42.2,neutro,3.74,0.4,-52.4,1.631,0.967,0.703,1.024,0.55,0.187,0.459
105213,Sant'Anna,RBB,Lateral,6,8.56,0.0,5.61,12,0.0,False,True,CRU,0.764,valor_bom,5.437,3.28,1.0,37.8,neutro,3.49,0.275,2.4,0.853,1.406,1.318,1.015,0.225,0.437,0.551
143072,Gabriel Abdias,BOT,Lateral,6,3.0,0.0,0.0,0,0.0,False,False,CFC,-2.583,armadilha_forte,0.0,0.0,0.0,56.1,neutro,2.51,0.8,-11.9,0.69,0.864,1.097,1.974,0.325,0.375,0.529
93882,Cleiton,RBB,Goleiro,6,5.9,0.0,2.24,8,0.0,False,True,CRU,-0.165,neutro,3.313,0.99,1.0,37.8,neutro,2.61,0.275,2.4,0.853,1.406,1.318,1.015,0.225,0.437,0.551
106434,Eduardo Santos,RBB,Zagueiro,6,3.6,0.0,1.05,4,0.0,False,True,CRU,-1.059,armadilha_leve,1.353,1.05,0.5,38.1,neutro,2.29,0.275,2.4,0.853,1.406,1.318,1.015,0.225,0.437,0.551
110715,Andrés Hurtado,RBB,Lateral,6,5.23,0.0,3.35,16,0.0,False,True,CRU,0.041,neutro,3.458,2.23,1.0,37.8,neutro,2.77,0.275,2.4,0.853,1.406,1.318,1.015,0.225,0.437,0.551
107236,Vanderlan,RBB,Lateral,6,4.23,0.0,0.6,2,0.0,False,True,CRU,0.289,neutro,3.058,0.6,0.25,37.8,neutro,3.2,0.275,2.4,0.853,1.406,1.318,1.015,0.225,0.437,0.551
94067,Matheus Fernandes,RBB,Meia,6,4.54,0.0,2.78,14,0.0,False,True,CRU,0.074,neutro,2.585,2.42,1.0,47.2,neutro,2.46,0.725,2.4,0.853,1.406,1.318,1.015,0.225,0.437,0.551
104588,Fabrício,RBB,Goleiro,6,2.0,0.0,0.0,0,0.0,False,True,CRU,-0.925,armadilha_leve,0.0,0.0,0.0,37.8,neutro,2.25,0.275,2.4,0.853,1.406,1.318,1.015,0.225,0.437,0.551
107744,Praxedes,RBB,Meia,6,4.0,0.0,0.0,0,0.0,False,True,CRU,-3.055,armadilha_forte,0.0,0.0,0.0,47.2,neutro,2.38,0.725,2.4,0.853,1.406,1.318,1.015,0.225,0.437,0.551
103014,Laquintana,VIT,Atacante,6,3.92,-0.08,1.0,1,1.0,True,False,SAO,-0.198,neutro,2.305,1.0,0.125,38.4,desfavoravel,3.03,0.2,-52.4,1.631,0.967,0.703,1.024,0.55,0.187,0.459
122897,Guzmán Rodríguez,RBB,Zagueiro,6,4.94,-0.64,1.0,3,0.0,True,True,CRU,-0.735,armadilha_leve,2.294,1.0,0.375,38.1,neutro,3.29,0.275,2.4,0.853,1.406,1.318,1.015,0.225,0.437,0.551
110750,Gustavo Marques,RBB,Zagueiro,7,7.21,0.4,4.42,24,3.5,True,True,CRU,0.818,valor_bom,4.335,3.17,1.0,38.1,neutro,3.59,0.275,2.4,0.853,1.406,1.318,1.015,0.225,0.437,0.551
113157,Nathan Mendes,VIT,Lateral,6,7.52,0.0,5.02,12,0.0,False,False,SAO,0.807,valor_bom,5.083,3.35,1.0,42.2,neutro,3.99,0.4,-52.4,1.631,0.967,0.703,1.024,0.55,0.187,0.459
111246,Alix Vinicius,RBB,Zagueiro,7,5.08,0.0,2.81,19,0.0,False,True,CRU,-0.139,neutro,2.801,1.7,1.0,38.1,neutro,2.65,0.275,2.4,0.853,1.406,1.318,1.015,0.225,0.437,0.551
112886,Lucas Barbosa,RBB,Atacante,7,9.57,-0.3,6.18,25,4.2,True,True,CRU,1.306,valor_bom,5.887,4.18,1.0,47.4,neutro,4.8,0.725,2.4,0.853,1.406,1.318,1.015,0.225,0.437,0.551
122394,Gustavinho,RBB,Meia,6,5.32,0.0,2.46,18,0.0,False,True,CRU,-0.716,armadilha_leve,2.393,1.63,1.0,47.2,neutro,2.38,0.725,2.4,0.853,1.406,1.318,1.015,0.225,0.437,0.551
108133,Isidro Pitta,RBB,Atacante,6,4.81,-0.07,3.12,25,-0.4,True,True,CRU,-0.031,neutro,2.962,1.12,1.0,47.4,neutro,2.63,0.725,2.4,0.853,1.406,1.318,1.015,0.225,0.437,0.551
132580,Vinicinho,RBB,Atacante,6,3.87,-0.05,2.13,15,0.8,True,True,CRU,-0.232,neutro,2.247,2.13,1.0,47.4,neutro,2.43,0.725,2.4,0.853,1.406,1.318,1.015,0.225,0.437,0.551
103295,Eric Ramires,RBB,Meia,7,2.32,0.16,0.68,19,1.7,True,True,CRU,-0.326,neutro,0.796,0.68,1.0,47.2,neutro,1.98,0.725,2.4,0.853,1.406,1.318,1.015,0.225,0.437,0.551
140906,Davi Gomes,RBB,Atacante,5,5.19,0.0,4.25,2,0.0,False,True,CRU,-0.478,neutro,2.824,4.25,0.25,47.4,neutro,3.25,0.725,2.4,0.853,1.406,1.318,1.015,0.225,0.437,0.551
132274,Ignacio Sosa,RBB,Meia,6,4.44,0.0,1.91,16,0.0,False,True,CRU,-0.626,armadilha_leve,2.021,1.6,1.0,47.2,neutro,2.23,0.725,2.4,0.853,1.406,1.318,1.015,0.225,0.437,0.551
111760,Fabinho,RBB,Meia,6,2.85,0.0,1.29,11,0.0,False,True,CRU,-0.369,neutro,1.198,1.29,1.0,47.2,neutro,2.26,0.725,2.4,0.853,1.406,1.318,1.015,0.225,0.437,0.551
72605,Vitor Hugo,CAM,Zagueiro,6,5.88,0.0,3.15,14,0.0,False,True,SAN,0.33,neutro,3.488,1.44,1.0,43.5,neutro,2.99,0.05,23.8,1.041,1.024,1.418,0.944,0.65,0.471,0.488
68920,Dudu,CAM,Atacante,7,5.77,0.0,2.24,17,0.0,False,True,SAN,-1.525,armadilha_forte,2.313,1.3,1.0,55.4,neutro,2.83,0.65,23.8,1.041,1.024,1.418,0.944,0.65,0.471,0.488
122755,Lucas Cunha,RBB,Zagueiro,6,3.0,0.0,0.0,0,0.0,False,True,CRU,-2.364,armadilha_forte,0.0,0.0,0.0,38.1,neutro,2.25,0.275,2.4,0.853,1.406,1.318,1.015,0.225,0.437,0.551
100084,Igor Gomes,CAM,Meia,6,4.47,-0.04,1.82,10,1.5,True,True,SAN,-0.665,armadilha_leve,2.008,0.82,1.0,55.1,neutro,2.53,0.65,23.8,1.041,1.024,1.418,0.944,0.65,0.471,0.488
98909,Cuello,CAM,Atacante,3,9.41,-0.5,6.5,24,3.3,True,True,SAN,1.674,valor_oculto,6.118,4.42,1.0,55.4,neutro,5.26,0.65,23.8,1.041,1.024,1.418,0.944,0.65,0.471,0.488
87999,Gustavo Scarpa,CAM,Meia,5,6.41,0.0,2.88,13,0.0,False,True,SAN,0.015,neutro,3.392,2.11,1.0,55.1,neutro,3.14,0.65,23.8,1.041,1.024,1.418,0.944,0.65,0.471,0.488
91607,Rony,SAN,Atacante,6,5.84,-1.17,2.84,21,5.3,True,False,CAM,-1.011,armadilha_leve,2.737,2.46,1.0,52.9,neutro,2.63,0.625,-23.8,1.418,0.944,1.041,1.024,0.85,0.257,0.488
101002,Júnior Santos,BOT,Atacante,6,4.34,0.48,1.86,15,3.0,True,False,CFC,-0.849,armadilha_leve,2.071,1.33,1.0,54.1,neutro,2.96,0.85,-11.9,0.69,0.864,1.097,1.974,0.325,0.375,0.529
103767,Gabriel Menino,SAN,Meia,6,8.53,0.0,4.99,10,0.0,False,False,CAM,0.73,valor_bom,4.65,4.49,1.0,53.3,neutro,3.45,0.625,-23.8,1.418,0.944,1.041,1.024,0.85,0.257,0.488
124239,Henry Mosquera,RBB,Atacante,5,5.11,0.0,3.3,20,0.0,False,True,CRU,-0.111,neutro,3.062,2.3,1.0,47.4,neutro,2.85,0.725,2.4,0.853,1.406,1.318,1.015,0.225,0.437,0.551
39656,Alan Franco,CAM,Meia,7,4.58,0.0,1.95,20,0.0,False,True,SAN,-0.709,armadilha_leve,2.034,1.7,1.0,55.1,neutro,2.81,0.65,23.8,1.041,1.024,1.418,0.944,0.65,0.471,0.488
118774,Alexsander,CAM,Meia,6,5.78,0.0,2.48,8,0.0,False,True,SAN,0.316,neutro,3.352,2.48,1.0,55.1,neutro,3.19,0.65,23.8,1.041,1.024,1.418,0.944,0.65,0.471,0.488
115674,Gabriel Delfim,CAM,Goleiro,7,3.89,1.8,2.6,5,8.4,True,True,SAN,0.667,valor_bom,3.177,2.6,0.625,43.4,neutro,3.29,0.05,23.8,1.041,1.024,1.418,0.944,0.65,0.471,0.488
72460,Bernard,CAM,Meia,7,6.34,0.83,3.5,24,12.8,True,True,SAN,0.449,neutro,3.681,2.04,1.0,55.1,neutro,4.07,0.65,23.8,1.041,1.024,1.418,0.944,0.65,0.471,0.488
100842,Ruan,CAM,Zagueiro,5,6.2,0.0,3.7,20,0.0,False,True,SAN,0.593,valor_bom,3.808,2.5,1.0,43.5,neutro,3.81,0.05,23.8,1.041,1.024,1.418,0.944,0.65,0.471,0.488
105068,Reinier,CAM,Meia,7,5.49,-1.54,4.2,20,4.5,True,True,SAN,1.661,valor_oculto,4.207,2.7,1.0,55.1,neutro,3.88,0.65,23.8,1.041,1.024,1.418,0.944,0.65,0.471,0.488
78435,Vitinho,COR,Atacante,6,5.08,0.02,2.45,8,4.7,True,False,PAL,-0.883,armadilha_leve,2.459,1.83,1.0,11.5,desfavoravel,1.82,0.05,-45.3,0.773,1.706,0.483,0.276,0.0,0.161,0.476
95556,Raniele,COR,Meia,7,7.36,-0.83,4.39,23,0.5,True,False,PAL,0.84,valor_bom,4.347,3.96,1.0,11.2,desfavoravel,2.47,0.05,-45.3,0.773,1.706,0.483,0.276,0.0,0.161,0.476
92440,André Ramalho,COR,Zagueiro,6,5.73,0.0,2.55,6,0.0,False,False,PAL,0.325,neutro,3.424,1.55,0.75,24.9,desfavoravel,2.67,0.225,-45.3,0.773,1.706,0.483,0.276,0.0,0.161,0.476
78248,Gustavo Henrique,COR,Zagueiro,7,8.13,-1.33,4.22,23,1.8,True,False,PAL,0.223,neutro,4.184,2.57,1.0,24.9,desfavoravel,2.62,0.225,-45.3,0.773,1.706,0.483,0.276,0.0,0.161,0.476
92087,Lyanco,CAM,Zagueiro,7,8.7,0.9,3.58,10,8.4,True,True,SAN,-0.515,armadilha_leve,3.802,2.08,1.0,43.5,neutro,2.83,0.05,23.8,1.041,1.024,1.418,0.944,0.65,0.471,0.488
77485,Carrillo,COR,Meia,6,4.35,0.0,1.53,20,0.0,False,False,PAL,-0.952,armadilha_leve,1.734,1.28,1.0,11.2,desfavoravel,1.53,0.05,-45.3,0.773,1.706,0.483,0.276,0.0,0.161,0.476
85048,Memphis Depay,COR,Atacante,7,9.33,0.6,2.67,12,6.8,True,False,PAL,-1.617,armadilha_forte,3.59,2.0,1.0,11.5,desfavoravel,2.38,0.05,-45.3,0.773,1.706,0.483,0.276,0.0,0.161,0.476
107554,Natanael,CAM,Lateral,7,8.79,-0.75,5.19,19,5.4,True,True,SAN,0.324,neutro,5.186,4.19,1.0,43.2,neutro,4.45,0.05,23.8,1.041,1.024,1.418,0.944,0.65,0.471,0.488
122990,Patrick,RBB,Meia,7,3.84,-0.16,0.8,1,0.8,True,True,CRU,-0.073,neutro,2.083,0.8,0.125,47.2,neutro,3.22,0.725,2.4,0.853,1.406,1.318,1.015,0.225,0.437,0.551
40990,Dorival Júnior,SAO,Técnico,7,9.18,-0.6,4.6,21,3.45,True,True,VIT,-0.235,neutro,4.815,4.6,1.0,60.9,neutro,3.98,1.0,52.4,0.703,1.024,1.631,0.967,0.3,0.555,0.459
96342,Charles,COR,Meia,6,4.49,0.0,2.25,4,0.0,False,False,PAL,-0.355,neutro,2.245,2.25,0.5,11.2,desfavoravel,2.23,0.05,-45.3,0.773,1.706,0.483,0.276,0.0,0.161,0.476
98225,Pedro Raul,COR,Atacante,6,2.94,0.07,1.13,15,0.5,True,False,PAL,-0.863,armadilha_leve,1.091,0.6,1.0,11.5,desfavoravel,1.28,0.05,-45.3,0.773,1.706,0.483,0.276,0.0,0.161,0.476
98720,Angileri,COR,Lateral,6,5.32,0.0,4.09,10,0.0,False,False,PAL,0.571,valor_bom,3.905,2.59,1.0,24.3,desfavoravel,2.62,0.225,-45.3,0.773,1.706,0.483,0.276,0.0,0.161,0.476
121824,Kayke,COR,Atacante,5,3.64,0.0,1.65,6,0.0,False,False,PAL,-0.2,neutro,2.117,1.65,0.75,11.5,desfavoravel,1.93,0.05,-45.3,0.773,1.706,0.483,0.276,0.0,0.161,0.476
101574,Hugo Souza,COR,Goleiro,7,8.87,0.46,4.11,24,4.5,True,False,PAL,-0.358,neutro,4.179,2.44,1.0,23.9,desfavoravel,2.87,0.225,-45.3,0.773,1.706,0.483,0.276,0.0,0.161,0.476
105647,Maurício,PAL,Meia,6,7.29,0.0,4.56,24,0.0,False,True,COR,1.05,valor_bom,4.476,2.89,1.0,49.2,neutro,3.24,0.25,45.3,0.483,0.276,0.773,1.706,0.75,0.6,0.476
102340,Cacá,VIT,Zagueiro,7,5.52,0.21,2.59,20,4.4,True,False,SAO,-0.608,armadilha_leve,2.644,1.24,1.0,42.5,neutro,3.4,0.4,-52.4,1.631,0.967,0.703,1.024,0.55,0.187,0.459
97642,Félix Torres,INT,Zagueiro,6,5.18,0.0,3.75,19,0.0,False,False,GRE,0.692,valor_bom,3.463,2.8,1.0,43.1,neutro,3.37,0.4,-26.2,1.45,1.411,0.748,1.041,0.5,0.377,0.488
105531,Matheus Bidu,COR,Lateral,7,12.34,0.21,7.2,22,6.8,True,False,PAL,0.907,valor_bom,6.661,5.2,1.0,24.3,desfavoravel,3.56,0.225,-45.3,0.773,1.706,0.483,0.276,0.0,0.161,0.476
104758,Enzo Díaz,SAO,Lateral,6,9.04,0.0,3.9,13,0.0,False,True,VIT,-0.851,armadilha_leve,4.387,3.28,1.0,72.9,neutro,4.59,0.9,52.4,0.703,1.024,1.631,0.967,0.3,0.555,0.459
131753,Felipe Longo,COR,Goleiro,6,2.0,0.0,0.0,0,0.0,False,False,PAL,-0.925,armadilha_leve,0.0,0.0,0.0,23.9,desfavoravel,2.04,0.225,-45.3,0.773,1.706,0.483,0.276,0.0,0.161,0.476
39850,Vagner Mancini,RBB,Técnico,7,8.39,0.15,5.31,27,4.7,True,True,CRU,0.453,neutro,5.171,5.31,1.0,47.2,neutro,4.01,0.725,2.4,0.853,1.406,1.318,1.015,0.225,0.437,0.551
42500,Fagner,CRU,Lateral,2,5.63,0.0,3.81,20,0.0,False,False,RBB,0.18,neutro,3.771,2.51,1.0,59.3,neutro,3.18,0.65,-2.4,1.318,1.015,0.853,1.406,0.7,0.295,0.551
125488,João Pedro,COR,Zagueiro,6,6.91,0.0,4.12,5,0.0,False,False,PAL,0.632,valor_bom,4.095,2.32,0.625,24.9,desfavoravel,3.06,0.225,-45.3,0.773,1.706,0.483,0.276,0.0,0.161,0.476
122396,Ryan,COR,Meia,6,3.0,0.0,0.0,0,0.0,False,False,PAL,-2.162,armadilha_forte,0.0,0.0,0.0,11.2,desfavoravel,1.86,0.05,-45.3,0.773,1.706,0.483,0.276,0.0,0.161,0.476
145744,André,COR,Meia,7,7.77,1.76,4.39,18,12.8,True,False,PAL,0.637,valor_bom,4.339,2.72,1.0,11.2,desfavoravel,2.56,0.05,-45.3,0.773,1.706,0.483,0.276,0.0,0.161,0.476
127242,Bahia,COR,Meia,6,2.0,0.0,0.0,0,0.0,False,False,PAL,-1.011,armadilha_leve,0.0,0.0,0.0,11.2,desfavoravel,1.86,0.05,-45.3,0.773,1.706,0.483,0.276,0.0,0.161,0.476
107908,Hugo,COR,Lateral,6,4.0,0.0,0.0,0,0.0,False,False,PAL,-3.578,armadilha_forte,0.0,0.0,0.0,24.3,desfavoravel,2.05,0.225,-45.3,0.773,1.706,0.483,0.276,0.0,0.161,0.476
84558,Lucas Romero,CRU,Meia,2,8.04,-0.47,4.67,20,0.5,True,False,RBB,0.795,valor_bom,4.543,3.42,1.0,54.4,neutro,3.52,0.5,-2.4,1.318,1.015,0.853,1.406,0.7,0.295,0.551
88479,Walace,VIT,Meia,2,2.75,-0.24,1.08,7,0.2,True,False,SAO,-0.43,neutro,1.076,1.08,0.875,38.6,desfavoravel,1.81,0.2,-52.4,1.631,0.967,0.703,1.024,0.55,0.187,0.459
89275,William,CRU,Lateral,2,9.29,1.28,4.39,14,10.5,True,False,RBB,-0.575,armadilha_leve,4.677,3.53,1.0,59.3,neutro,3.57,0.65,-2.4,1.318,1.015,0.853,1.406,0.7,0.295,0.551
133543,Gui Negão,COR,Atacante,6,3.27,-0.35,1.8,11,-0.3,True,False,PAL,-0.702,armadilha_leve,1.47,1.07,1.0,11.5,desfavoravel,1.43,0.05,-45.3,0.773,1.706,0.483,0.276,0.0,0.161,0.476
79701,Lucas Silva,CRU,Meia,6,3.22,0.0,0.36,17,0.0,False,False,RBB,-1.571,armadilha_forte,0.588,0.36,1.0,54.4,neutro,1.73,0.5,-2.4,1.318,1.015,0.853,1.406,0.7,0.295,0.551
124912,Jonathan Jesus,CRU,Zagueiro,7,7.15,0.09,4.6,18,8.2,True,False,RBB,0.986,valor_bom,4.44,3.93,1.0,59.4,neutro,3.78,0.65,-2.4,1.318,1.015,0.853,1.406,0.7,0.295,0.551
141995,Dieguinho,COR,Meia,6,3.19,0.0,1.43,15,0.0,False,False,PAL,-0.561,armadilha_leve,1.305,1.1,1.0,11.2,desfavoravel,1.36,0.05,-45.3,0.773,1.706,0.483,0.276,0.0,0.161,0.476
114405,Sinisterra,CRU,Atacante,5,5.85,0.0,3.27,8,0.0,False,False,RBB,-0.843,armadilha_leve,2.869,2.27,1.0,54.0,neutro,2.7,0.5,-2.4,1.318,1.015,0.853,1.406,0.7,0.295,0.551
96610,Matheus Pereira,CRU,Meia,7,14.46,-0.05,7.49,26,8.2,True,False,RBB,1.631,valor_oculto,6.722,4.8,1.0,54.4,neutro,4.36,0.5,-2.4,1.318,1.015,0.853,1.406,0.7,0.295,0.551
93478,Wanderson,CRU,Atacante,6,3.98,0.0,1.95,18,0.0,False,False,RBB,-0.507,armadilha_leve,2.109,1.06,1.0,54.0,neutro,2.37,0.5,-2.4,1.318,1.015,0.853,1.406,0.7,0.295,0.551
100742,Matheus Henrique,CRU,Meia,6,4.55,-0.05,2.02,26,0.0,True,False,RBB,-0.636,armadilha_leve,2.072,1.83,1.0,54.4,neutro,2.36,0.5,-2.4,1.318,1.015,0.853,1.406,0.7,0.295,0.551
105047,João Marcelo,CRU,Zagueiro,7,4.7,0.93,2.46,14,6.6,True,False,RBB,-0.203,neutro,2.576,1.6,1.0,59.4,neutro,3.12,0.65,-2.4,1.318,1.015,0.853,1.406,0.7,0.295,0.551
45125,Tite,BOT,Técnico,7,8.75,0.23,3.88,8,4.98,True,False,CFC,-0.458,neutro,4.291,3.88,1.0,54.2,neutro,3.35,0.85,-11.9,0.69,0.864,1.097,1.974,0.325,0.375,0.529
113158,Marquinhos,CRU,Atacante,6,3.54,0.0,0.45,2,0.0,False,False,RBB,-0.178,neutro,2.064,0.45,0.25,54.0,neutro,3.05,0.5,-2.4,1.318,1.015,0.853,1.406,0.7,0.295,0.551
137543,Tevis,CRU,Atacante,6,2.0,0.0,0.0,0,0.0,False,False,RBB,-1.156,armadilha_leve,0.0,0.0,0.0,54.0,neutro,2.48,0.5,-2.4,1.318,1.015,0.853,1.406,0.7,0.295,0.551
111690,Matheus Cunha,INT,Goleiro,6,4.12,0.0,3.18,16,0.0,False,False,GRE,0.653,valor_bom,3.299,0.99,1.0,42.9,neutro,3.45,0.4,-26.2,1.45,1.411,0.748,1.041,0.5,0.377,0.488
117404,Otávio,CRU,Goleiro,7,4.79,0.33,4.09,16,8.9,True,False,RBB,0.874,valor_bom,3.906,3.46,1.0,60.0,neutro,3.25,0.65,-2.4,1.318,1.015,0.853,1.406,0.7,0.295,0.551
131967,Villarreal,CRU,Atacante,6,7.96,0.0,4.98,14,0.0,False,False,RBB,0.802,valor_bom,4.977,2.91,1.0,54.0,neutro,3.6,0.5,-2.4,1.318,1.015,0.853,1.406,0.7,0.295,0.551
83528,Léo Pereira,FLA,Zagueiro,7,8.75,-0.22,4.66,22,0.5,True,True,FLU,0.412,neutro,4.505,2.52,1.0,53.6,neutro,3.33,0.15,42.9,0.916,0.928,1.45,1.128,0.85,0.649,0.553
82627,Luiz Araújo,FLA,Atacante,6,6.76,-0.52,2.94,16,0.2,True,True,FLU,-0.383,neutro,3.617,1.63,1.0,63.1,neutro,3.26,0.575,42.9,0.916,0.928,1.45,1.128,0.85,0.649,0.553
146807,Rayan Lelis,CRU,Atacante,6,2.0,0.0,0.0,0,0.0,False,False,RBB,-1.156,armadilha_leve,0.0,0.0,0.0,54.0,neutro,2.48,0.5,-2.4,1.318,1.015,0.853,1.406,0.7,0.295,0.551
143600,Kauã Moraes,CRU,Lateral,6,6.81,0.0,4.83,10,0.0,False,False,RBB,0.174,neutro,4.316,2.53,1.0,59.3,neutro,3.92,0.65,-2.4,1.318,1.015,0.853,1.406,0.7,0.295,0.551
84816,Varela,FLA,Lateral,7,8.35,0.0,4.38,20,0.0,False,True,FLU,-0.24,neutro,4.608,2.53,1.0,53.4,neutro,3.25,0.15,42.9,0.916,0.928,1.45,1.128,0.85,0.649,0.553
69783,Danilo,FLA,Zagueiro,6,6.79,1.94,2.56,10,13.0,True,True,FLU,-0.469,neutro,3.235,1.66,1.0,53.6,neutro,2.95,0.15,42.9,0.916,0.928,1.45,1.128,0.85,0.649,0.553
84735,Jorginho,FLA,Meia,3,8.6,-0.45,3.94,22,3.0,True,True,FLU,-0.167,neutro,4.016,2.8,1.0,61.8,neutro,3.6,0.575,42.9,0.916,0.928,1.45,1.128,0.85,0.649,0.553
80061,Saúl,FLA,Meia,2,5.61,-0.82,2.11,9,-0.3,True,True,FLU,0.079,neutro,3.105,1.55,1.0,61.8,favoravel,2.93,0.575,42.9,0.916,0.928,1.45,1.128,0.85,0.649,0.553
122660,Japa,MIR,Meia,6,5.51,0.0,3.71,8,0.0,False,False,BAH,1.32,valor_bom,3.967,3.08,1.0,42.7,neutro,3.2,0.35,-33.3,1.194,0.809,1.214,1.289,0.65,0.205,0.554
132264,Arroyo,CRU,Atacante,7,5.81,-2.61,4.15,24,1.5,True,False,RBB,0.311,neutro,3.729,2.19,1.0,54.0,neutro,2.99,0.5,-2.4,1.318,1.015,0.853,1.406,0.7,0.295,0.551
91473,Erick Pulgar,FLA,Meia,7,6.67,0.27,3.07,17,5.1,True,True,FLU,-0.059,neutro,3.439,2.78,1.0,61.8,neutro,3.21,0.575,42.9,0.916,0.928,1.45,1.128,0.85,0.649,0.553
90285,Bruno Henrique,FLA,Atacante,6,5.08,-0.11,2.63,20,-0.5,True,True,FLU,-0.718,armadilha_leve,2.584,1.08,1.0,63.1,neutro,3.35,0.575,42.9,0.916,0.928,1.45,1.128,0.85,0.649,0.553
137542,Kaique Kenji,CRU,Atacante,6,2.61,0.0,1.25,11,0.0,False,False,RBB,-0.417,neutro,1.152,0.52,1.0,54.0,neutro,1.96,0.5,-2.4,1.318,1.015,0.853,1.406,0.7,0.295,0.551
86757,Everton,SAN,Atacante,7,6.07,0.0,2.07,11,0.0,False,False,CAM,-0.421,neutro,3.291,1.62,1.0,52.9,neutro,2.86,0.625,-23.8,1.418,0.944,1.041,1.024,0.85,0.257,0.488
98873,Samuel Lino,FLA,Atacante,7,12.81,0.36,8.74,26,11.2,True,True,FLU,2.77,valor_oculto,7.853,4.62,1.0,63.1,favoravel,5.87,0.575,42.9,0.916,0.928,1.45,1.128,0.85,0.649,0.553
97867,Léo Ortiz,FLA,Zagueiro,7,8.31,0.0,4.12,22,0.0,False,True,FLU,0.049,neutro,4.109,2.48,1.0,53.6,neutro,3.56,0.15,42.9,0.916,0.928,1.45,1.128,0.85,0.649,0.553
109096,Plata,FLA,Atacante,2,10.31,-0.83,6.53,16,1.5,True,True,FLU,1.184,valor_bom,6.01,4.91,1.0,63.1,favoravel,4.22,0.575,42.9,0.916,0.928,1.45,1.128,0.85,0.649,0.553
96870,Emerson Royal,FLA,Lateral,6,7.19,-0.77,5.27,13,0.9,True,True,FLU,0.423,neutro,4.662,3.27,1.0,53.4,neutro,3.95,0.15,42.9,0.916,0.928,1.45,1.128,0.85,0.649,0.553
115914,Evertton Araújo,FLA,Meia,5,2.59,0.0,1.17,18,0.0,False,True,FLU,-0.168,neutro,1.14,0.89,1.0,61.8,neutro,2.53,0.575,42.9,0.916,0.928,1.45,1.128,0.85,0.649,0.553
122320,Daniel Sales,FLA,Lateral,6,2.0,0.0,0.0,0,0.0,False,True,FLU,-1.301,armadilha_leve,0.0,0.0,0.0,53.4,neutro,2.48,0.15,42.9,0.916,0.928,1.45,1.128,0.85,0.649,0.553
122318,Dyogo Alves,FLA,Goleiro,6,3.0,0.0,0.0,0,0.0,False,True,FLU,-1.727,armadilha_forte,0.0,0.0,0.0,54.0,neutro,2.48,0.15,42.9,0.916,0.928,1.45,1.128,0.85,0.649,0.553
140492,João Victor,FLA,Zagueiro,6,4.34,0.0,6.5,1,0.0,False,True,FLU,0.868,valor_bom,3.193,3.5,0.125,53.6,neutro,4.03,0.15,42.9,0.916,0.928,1.45,1.128,0.85,0.649,0.553
130189,Léo Nannetti,FLA,Goleiro,6,2.0,0.0,0.0,0,0.0,False,True,FLU,-0.925,armadilha_leve,0.0,0.0,0.0,54.0,neutro,2.48,0.15,42.9,0.916,0.928,1.45,1.128,0.85,0.649,0.553
99228,De la Cruz,FLA,Meia,6,4.3,0.0,0.75,11,0.0,False,True,FLU,-1.4,armadilha_leve,1.379,0.75,1.0,61.8,neutro,2.2,0.575,42.9,0.916,0.928,1.45,1.128,0.85,0.649,0.553
87863,Arrascaeta,FLA,Meia,5,13.75,0.0,5.37,19,0.0,False,True,FLU,-0.496,neutro,5.031,3.53,1.0,61.8,neutro,3.74,0.575,42.9,0.916,0.928,1.45,1.128,0.85,0.649,0.553
62977,Ganso,FLU,Meia,2,3.87,-0.37,1.67,20,2.9,True,False,FLA,-0.439,neutro,1.834,1.42,1.0,36.5,desfavoravel,2.85,0.1,-42.9,1.45,1.128,0.916,0.928,0.75,0.138,0.553
96652,Allan,COR,Meia,6,3.12,0.0,1.74,20,0.0,False,False,PAL,-0.159,neutro,1.549,1.49,1.0,11.2,desfavoravel,1.45,0.05,-45.3,0.773,1.706,0.483,0.276,0.0,0.161,0.476
122573,Wallace Yan,RBB,Atacante,7,5.14,2.22,2.44,10,13.2,True,True,CRU,-0.933,armadilha_leve,2.452,1.44,1.0,47.4,neutro,3.5,0.725,2.4,0.853,1.406,1.318,1.015,0.225,0.437,0.551
78445,Renê,FLU,Lateral,2,9.68,0.0,6.18,19,0.0,False,False,FLA,0.863,valor_bom,5.883,5.02,1.0,28.2,desfavoravel,4.15,0.0,-42.9,1.45,1.128,0.916,0.928,0.75,0.138,0.553
111832,Jefté,PAL,Lateral,5,4.16,0.0,2.47,7,0.0,False,True,COR,-0.991,armadilha_leve,2.051,0.9,0.875,71.7,neutro,2.75,0.475,45.3,0.483,0.276,0.773,1.706,0.75,0.6,0.476
82463,Otávio,FLU,Meia,6,2.81,-0.83,1.17,8,0.0,True,False,FLA,-0.432,neutro,1.121,1.17,1.0,36.5,desfavoravel,2.24,0.1,-42.9,1.45,1.128,0.916,0.928,0.75,0.138,0.553
88393,Ayrton Lucas,FLA,Lateral,5,8.18,0.0,5.03,17,0.0,False,True,FLU,0.466,neutro,5.077,2.85,1.0,53.4,neutro,4.09,0.15,42.9,0.916,0.928,1.45,1.128,0.85,0.649,0.553
87228,Guilherme Arana,FLU,Lateral,2,8.4,0.52,3.82,17,8.1,True,False,FLA,-0.733,armadilha_leve,4.255,2.76,1.0,28.2,desfavoravel,3.41,0.0,-42.9,1.45,1.128,0.916,0.928,0.75,0.138,0.553
78117,Everaldo,BAH,Atacante,6,4.97,0.0,3.05,18,0.0,False,True,MIR,-0.265,neutro,2.871,1.27,1.0,56.7,neutro,2.75,0.575,33.3,1.214,1.289,1.194,0.809,0.45,0.552,0.554
143295,Joshua,FLA,Meia,6,2.6,0.0,-0.3,1,0.0,False,True,FLU,-0.482,neutro,0.919,0.0,0.125,61.8,neutro,2.83,0.575,42.9,0.916,0.928,1.45,1.128,0.85,0.649,0.553
86485,Keno,CFC,Atacante,6,3.09,0.0,0.61,7,0.0,False,True,BOT,-1.367,armadilha_leve,0.827,0.61,0.875,50.8,neutro,1.9,0.8,11.9,1.097,1.974,0.69,0.864,0.2,0.351,0.529
78855,Thiago Santos,CFC,Zagueiro,7,4.02,-0.54,3.07,20,-0.3,True,True,BOT,0.819,valor_bom,2.987,2.32,1.0,42.5,neutro,2.59,0.35,11.9,1.097,1.974,0.69,0.864,0.2,0.351,0.529
79631,Cano,FLU,Atacante,6,4.31,0.0,2.28,8,0.0,False,False,FLA,-0.427,neutro,2.374,1.28,1.0,36.5,desfavoravel,2.2,0.1,-42.9,1.45,1.128,0.916,0.928,0.75,0.138,0.553
73384,Samuel Xavier,FLU,Lateral,6,7.75,0.65,3.5,17,5.5,True,False,FLA,-0.703,armadilha_leve,4.037,2.79,1.0,28.2,desfavoravel,3.58,0.0,-42.9,1.45,1.128,0.916,0.928,0.75,0.138,0.553
87258,Soteldo,FLU,Atacante,6,4.53,0.0,2.12,19,0.0,False,False,FLA,-0.796,armadilha_leve,2.223,1.59,1.0,36.5,desfavoravel,2.94,0.1,-42.9,1.45,1.128,0.916,0.928,0.75,0.138,0.553
101319,Guga,FLU,Lateral,7,6.54,0.18,3.67,16,6.7,True,False,FLA,-0.527,armadilha_leve,3.671,2.29,1.0,28.2,desfavoravel,3.16,0.0,-42.9,1.45,1.128,0.916,0.928,0.75,0.138,0.553
101478,Marcelo Pitaluga,FLU,Goleiro,6,3.0,0.0,0.0,0,0.0,False,False,FLA,-1.727,armadilha_forte,0.0,0.0,0.0,27.9,desfavoravel,2.1,0.0,-42.9,1.45,1.128,0.916,0.928,0.75,0.138,0.553
110759,John Kennedy,FLU,Atacante,5,10.92,0.0,7.3,17,0.0,False,False,FLA,1.681,valor_oculto,6.555,2.77,1.0,36.5,desfavoravel,3.6,0.1,-42.9,1.45,1.128,0.916,0.928,0.75,0.138,0.553
103523,Ignácio,FLU,Zagueiro,6,7.19,0.0,4.64,13,0.0,False,False,FLA,0.95,valor_bom,4.426,3.26,1.0,28.7,desfavoravel,3.69,0.0,-42.9,1.45,1.128,0.916,0.928,0.75,0.138,0.553
102137,Vitor Eudes,FLU,Goleiro,6,2.0,0.0,0.0,0,0.0,False,False,FLA,-0.925,armadilha_leve,0.0,0.0,0.0,27.9,desfavoravel,2.1,0.0,-42.9,1.45,1.128,0.916,0.928,0.75,0.138,0.553
116447,Hércules,FLU,Meia,7,6.16,-0.24,3.21,24,-0.6,True,False,FLA,0.251,neutro,3.464,2.58,1.0,36.5,desfavoravel,3.19,0.1,-42.9,1.45,1.128,0.916,0.928,0.75,0.138,0.553
96340,Lima,SAN,Meia,6,2.99,0.0,-0.35,4,0.0,False,False,CAM,-1.333,armadilha_leve,0.598,0.0,0.5,53.3,neutro,2.21,0.625,-23.8,1.418,0.944,1.041,1.024,0.85,0.257,0.488
113034,Freytes,FLU,Zagueiro,6,4.55,0.0,2.49,18,0.0,False,False,FLA,-0.101,neutro,2.579,1.82,1.0,28.7,desfavoravel,3.11,0.0,-42.9,1.45,1.128,0.916,0.928,0.75,0.138,0.553
89493,Igor Rabello,FLU,Zagueiro,6,7.78,0.0,5.43,3,0.0,False,False,FLA,0.721,valor_bom,4.447,4.43,0.375,28.7,desfavoravel,3.86,0.0,-42.9,1.45,1.128,0.916,0.928,0.75,0.138,0.553
127932,Júlio Fidelis,FLU,Lateral,6,4.17,0.0,4.38,4,0.0,False,False,FLA,1.472,valor_bom,3.909,3.63,0.5,28.2,desfavoravel,4.12,0.0,-42.9,1.45,1.128,0.916,0.928,0.75,0.138,0.553
100987,Nonato,FLU,Meia,6,5.35,0.0,2.55,15,0.0,False,False,FLA,-0.667,armadilha_leve,2.443,1.88,1.0,36.5,desfavoravel,2.85,0.1,-42.9,1.45,1.128,0.916,0.928,0.75,0.138,0.553
102928,Canobbio,FLU,Atacante,7,9.81,0.0,6.72,20,0.0,False,False,FLA,1.65,valor_oculto,6.22,3.97,1.0,36.5,desfavoravel,4.34,0.1,-42.9,1.45,1.128,0.916,0.928,0.75,0.138,0.553
63013,Marcos Rocha,GRE,Lateral,6,6.39,0.0,1.94,5,0.0,False,True,INT,-1.32,armadilha_leve,3.007,1.34,0.625,56.0,neutro,3.12,0.6,26.2,0.748,1.041,1.45,1.411,0.275,0.34,0.488
87887,Balbuena,GRE,Zagueiro,6,7.57,0.0,4.45,8,0.0,False,True,INT,0.564,valor_bom,4.264,3.33,1.0,56.1,neutro,3.33,0.6,26.2,0.748,1.041,1.45,1.411,0.275,0.34,0.488
132071,Serna,FLU,Atacante,2,7.18,-0.65,4.25,27,7.7,True,False,FLA,0.445,neutro,4.415,2.32,1.0,36.5,desfavoravel,3.63,0.1,-42.9,1.45,1.128,0.916,0.928,0.75,0.138,0.553
91706,Marlon,GRE,Lateral,5,8.13,0.0,4.68,10,0.0,False,True,INT,0.256,neutro,4.901,3.28,1.0,56.0,neutro,3.88,0.6,26.2,0.748,1.041,1.45,1.411,0.275,0.34,0.488
140484,Riquelme Felipe,FLU,Atacante,5,3.22,0.0,1.43,6,0.0,False,False,FLA,-1.016,armadilha_leve,1.194,0.6,0.75,36.5,desfavoravel,2.22,0.1,-42.9,1.45,1.128,0.916,0.928,0.75,0.138,0.553
63289,Edenílson,BOT,Meia,5,5.55,0.0,2.73,18,0.0,False,False,CFC,0.232,neutro,3.19,1.34,1.0,54.2,neutro,3.68,0.85,-11.9,0.69,0.864,1.097,1.974,0.325,0.375,0.529
91908,Pavón,GRE,Atacante,7,5.69,-0.6,4.0,24,-1.6,True,True,INT,0.239,neutro,3.617,2.71,1.0,40.4,neutro,3.13,0.3,26.2,0.748,1.041,1.45,1.411,0.275,0.34,0.488
72018,Tiago Volpi,RBB,Goleiro,7,9.06,-0.29,5.28,20,1.6,True,True,CRU,0.376,neutro,5.025,3.18,1.0,37.8,neutro,3.55,0.275,2.4,0.853,1.406,1.318,1.015,0.225,0.437,0.551
87342,Kannemann,GRE,Zagueiro,6,5.72,1.9,3.06,5,12.4,True,True,INT,0.685,valor_bom,3.687,1.86,0.625,56.1,neutro,4.28,0.6,26.2,0.748,1.041,1.45,1.411,0.275,0.34,0.488
104994,Wagner Leonardo,GRE,Zagueiro,6,5.23,0.0,2.5,10,0.0,False,True,INT,-0.467,neutro,2.624,1.9,1.0,56.1,neutro,2.63,0.6,26.2,0.748,1.041,1.45,1.411,0.275,0.34,0.488
105563,Carlos Vinícius,GRE,Atacante,7,11.88,-0.16,4.28,26,-0.3,True,True,INT,-1.42,armadilha_leve,4.443,1.32,1.0,40.4,neutro,3.58,0.3,26.2,0.748,1.041,1.45,1.411,0.275,0.34,0.488
102318,Caio Paulista,GRE,Lateral,7,5.59,0.05,3.07,10,3.0,True,True,INT,-0.369,neutro,3.338,2.47,1.0,56.0,neutro,3.48,0.6,26.2,0.748,1.041,1.45,1.411,0.275,0.34,0.488
89883,Dodi,GRE,Meia,3,2.2,-0.1,-0.04,9,-0.3,True,True,INT,-0.608,armadilha_leve,0.483,0.0,1.0,40.5,neutro,1.66,0.3,26.2,0.748,1.041,1.45,1.411,0.275,0.34,0.488
89273,João Pedro,GRE,Lateral,7,2.59,-0.66,0.78,8,-0.8,True,True,INT,-0.463,neutro,1.232,0.41,1.0,56.0,neutro,2.6,0.6,26.2,0.748,1.041,1.45,1.411,0.275,0.34,0.488
111309,Gustavo Martins,GRE,Zagueiro,7,7.11,0.0,3.94,17,0.0,False,True,INT,0.391,neutro,3.984,1.94,1.0,56.1,neutro,3.57,0.6,26.2,0.748,1.041,1.45,1.411,0.275,0.34,0.488
112616,Gabriel Grando,GRE,Goleiro,6,3.77,0.0,0.3,1,0.0,False,True,INT,0.737,valor_bom,3.178,0.3,0.125,56.6,neutro,3.64,0.6,26.2,0.748,1.041,1.45,1.411,0.275,0.34,0.488
70944,Bruno Henrique,INT,Meia,6,4.43,0.74,2.28,26,4.4,True,False,GRE,-0.276,neutro,2.271,1.51,1.0,50.7,neutro,3.13,0.625,-26.2,1.45,1.411,0.748,1.041,0.5,0.377,0.488
92182,Juninho,INT,Zagueiro,2,5.25,0.28,2.76,10,2.7,True,False,GRE,-0.284,neutro,2.769,1.86,1.0,43.1,neutro,3.1,0.4,-26.2,1.45,1.411,0.748,1.041,0.5,0.377,0.488
130889,Riquelme,GRE,Meia,6,2.42,0.0,-1.45,2,0.0,False,True,INT,-0.759,armadilha_leve,0.567,0.0,0.25,40.5,neutro,2.26,0.3,26.2,0.748,1.041,1.45,1.411,0.275,0.34,0.488
118238,Ronald,GRE,Meia,6,3.0,0.0,0.0,0,0.0,False,True,INT,-2.162,armadilha_forte,0.0,0.0,0.0,40.5,neutro,2.29,0.3,26.2,0.748,1.041,1.45,1.411,0.275,0.34,0.488
116067,Thiago Beltrame,GRE,Goleiro,6,2.08,0.0,0.7,1,0.0,False,True,INT,1.997,valor_oculto,3.222,0.7,0.125,56.6,neutro,3.66,0.6,26.2,0.748,1.041,1.45,1.411,0.275,0.34,0.488
90532,Arthur Melo,SAN,Meia,5,7.22,0.0,3.01,13,0.0,False,False,CAM,-0.29,neutro,3.473,3.01,1.0,53.3,neutro,2.95,0.625,-23.8,1.418,0.944,1.041,1.024,0.85,0.257,0.488
92981,Ronaldo,INT,Meia,6,3.35,-0.02,1.81,13,0.5,True,False,GRE,-0.404,neutro,1.529,1.43,1.0,50.7,neutro,2.07,0.625,-26.2,1.45,1.411,0.748,1.041,0.5,0.377,0.488
97145,Villasanti,GRE,Meia,7,6.36,-0.75,4.02,8,0.9,True,True,INT,1.041,valor_bom,4.122,3.39,1.0,40.5,neutro,4.18,0.3,26.2,0.748,1.041,1.45,1.411,0.275,0.34,0.488
88136,Ivan,REM,Goleiro,6,7.58,0.0,10.2,1,0.0,False,False,VAS,0.826,valor_bom,5.032,5.2,0.125,34.4,desfavoravel,4.03,0.5,-33.4,0.879,1.088,1.867,0.533,0.15,0.098,
89637,Thiago Maia,INT,Meia,7,4.17,0.07,2.09,14,2.7,True,False,GRE,-0.251,neutro,2.146,1.38,1.0,50.7,neutro,2.51,0.625,-26.2,1.45,1.411,0.748,1.041,0.5,0.377,0.488
72951,Mercado,INT,Zagueiro,7,5.59,-0.42,3.43,19,0.4,True,False,GRE,0.151,neutro,3.237,2.48,1.0,43.1,neutro,3.4,0.4,-26.2,1.45,1.411,0.748,1.041,0.5,0.377,0.488
142004,Amuzu,GRE,Atacante,7,6.5,-0.2,3.52,23,0.5,True,True,INT,0.124,neutro,3.894,2.52,1.0,40.4,neutro,2.85,0.3,26.2,0.748,1.041,1.45,1.411,0.275,0.34,0.488
112863,Ramón Sosa,PAL,Atacante,6,6.4,0.88,3.33,21,6.7,True,True,COR,0.034,neutro,3.783,1.33,1.0,50.2,neutro,2.93,0.25,45.3,0.483,0.276,0.773,1.706,0.75,0.6,0.476
101960,Vitinho,INT,Atacante,7,8.6,1.03,4.94,28,11.3,True,False,GRE,0.474,neutro,4.947,3.55,1.0,50.6,neutro,4.69,0.625,-26.2,1.45,1.411,0.748,1.041,0.5,0.377,0.488
107989,Carbonero,INT,Atacante,6,8.44,0.12,5.07,28,2.5,True,False,GRE,0.677,valor_bom,5.048,2.36,1.0,50.6,neutro,4.26,0.625,-26.2,1.45,1.411,0.748,1.041,0.5,0.377,0.488
86711,Richard,CFC,Meia,6,4.0,0.0,0.0,0,0.0,False,True,BOT,-3.055,armadilha_forte,0.0,0.0,0.0,51.0,neutro,2.44,0.8,11.9,1.097,1.974,0.69,0.864,0.2,0.351,0.529
84674,Lucas Evangelista,PAL,Meia,2,4.37,0.09,1.42,24,4.0,True,True,COR,-1.115,armadilha_leve,1.626,1.21,1.0,49.2,neutro,2.09,0.25,45.3,0.483,0.276,0.773,1.706,0.75,0.6,0.476
111683,Anthoni,INT,Goleiro,7,5.09,1.38,2.92,12,8.1,True,False,GRE,0.047,neutro,3.167,2.09,1.0,42.9,neutro,3.52,0.4,-26.2,1.45,1.411,0.748,1.041,0.5,0.377,0.488
110510,Aguirre,INT,Lateral,7,5.92,0.19,4.06,20,3.4,True,False,GRE,0.226,neutro,3.949,2.61,1.0,42.8,neutro,3.55,0.4,-26.2,1.45,1.411,0.748,1.041,0.5,0.377,0.488
143488,Raykkonen,INT,Atacante,6,2.63,0.0,0.5,1,0.0,False,False,GRE,-0.694,armadilha_leve,0.959,0.5,0.125,50.6,neutro,2.68,0.625,-26.2,1.45,1.411,0.748,1.041,0.5,0.377,0.488
97653,Murilo,PAL,Zagueiro,7,7.53,-0.58,4.03,24,7.7,True,True,COR,0.282,neutro,4.042,2.2,1.0,71.5,favoravel,4.17,0.475,45.3,0.483,0.276,0.773,1.706,0.75,0.6,0.476
71684,Gustavo Gómez,PAL,Zagueiro,7,11.14,0.47,5.63,26,10.2,True,True,COR,0.626,valor_bom,5.265,2.86,1.0,71.5,favoravel,4.89,0.475,45.3,0.483,0.276,0.773,1.706,0.75,0.6,0.476
106202,Bruno Gomes,INT,Meia,7,6.68,0.21,3.72,28,4.0,True,False,GRE,0.474,neutro,3.832,3.72,1.0,50.7,neutro,3.81,0.625,-26.2,1.45,1.411,0.748,1.041,0.5,0.377,0.488
111466,Victor Gabriel,INT,Zagueiro,2,3.51,0.0,2.16,16,0.0,False,False,GRE,-0.193,neutro,1.942,1.6,1.0,43.1,neutro,2.84,0.4,-26.2,1.45,1.411,0.748,1.041,0.5,0.377,0.488
93790,Marlon Freitas,PAL,Meia,7,6.42,0.12,2.85,27,7.4,True,True,COR,-0.303,neutro,3.164,2.29,1.0,49.2,neutro,2.98,0.25,45.3,0.483,0.276,0.773,1.706,0.75,0.6,0.476
102130,Piquerez,PAL,Lateral,7,10.92,0.0,6.36,14,0.0,False,True,COR,0.436,neutro,5.93,3.43,1.0,71.7,favoravel,5.04,0.475,45.3,0.483,0.276,0.773,1.706,0.75,0.6,0.476
92811,Bruno Rodrigues,CRU,Atacante,6,3.67,-1.05,2.44,16,3.0,True,False,RBB,0.209,neutro,2.449,1.31,1.0,54.0,neutro,2.67,0.5,-2.4,1.318,1.015,0.853,1.406,0.7,0.295,0.551
126977,Fernando Seabra,CFC,Técnico,7,7.41,0.02,4.95,28,1.93,True,True,BOT,0.762,valor_bom,4.895,4.95,1.0,51.1,neutro,3.96,0.8,11.9,1.097,1.974,0.69,0.864,0.2,0.351,0.529
71631,Weverton,GRE,Goleiro,7,9.18,-1.02,5.52,25,11.7,True,True,INT,0.547,valor_bom,5.245,4.12,1.0,56.6,neutro,4.55,0.6,26.2,0.748,1.041,1.45,1.411,0.275,0.34,0.488
110506,Abel Ferreira,PAL,Técnico,7,12.53,0.47,6.91,29,10.69,True,True,COR,0.071,neutro,6.861,6.91,1.0,49.2,neutro,4.55,0.25,45.3,0.483,0.276,0.773,1.706,0.75,0.6,0.476
70592,Felipe Anderson,PAL,Meia,6,5.9,-0.48,3.16,22,-0.3,True,True,COR,0.371,neutro,3.444,2.48,1.0,49.2,neutro,2.86,0.25,45.3,0.483,0.276,0.773,1.706,0.75,0.6,0.476
133679,Benedetti,PAL,Zagueiro,6,5.42,0.0,4.85,2,0.0,False,True,COR,0.19,neutro,3.194,1.85,0.25,71.5,favoravel,3.77,0.475,45.3,0.483,0.276,0.773,1.706,0.75,0.6,0.476
104085,Bruno Fuchs,PAL,Zagueiro,6,8.31,0.0,4.61,8,0.0,False,True,COR,0.366,neutro,4.344,2.74,1.0,71.5,favoravel,3.65,0.475,45.3,0.483,0.276,0.773,1.706,0.75,0.6,0.476
108683,Emiliano Martínez,PAL,Meia,6,3.84,0.0,2.06,13,0.0,False,True,COR,-0.008,neutro,2.13,2.06,1.0,49.2,neutro,2.3,0.25,45.3,0.483,0.276,0.773,1.706,0.75,0.6,0.476
99818,Paulinho,PAL,Atacante,6,10.37,0.0,3.42,6,0.0,False,True,COR,-1.077,armadilha_leve,4.306,0.75,0.75,50.2,neutro,3.46,0.25,45.3,0.483,0.276,0.773,1.706,0.75,0.6,0.476
145705,Douglas Telles,FLA,Atacante,6,2.0,0.0,0.0,0,0.0,False,True,FLU,-1.156,armadilha_leve,0.0,0.0,0.0,63.1,neutro,2.62,0.575,42.9,0.916,0.928,1.45,1.128,0.85,0.649,0.553
136156,Larson,PAL,Meia,6,1.34,0.0,0.05,6,0.0,False,True,COR,0.852,valor_bom,0.634,0.05,0.75,49.2,neutro,1.92,0.25,45.3,0.483,0.276,0.773,1.706,0.75,0.6,0.476
68872,Marcelo Lomba,PAL,Goleiro,6,7.08,0.0,8.9,1,0.0,False,True,COR,0.858,valor_bom,4.887,3.9,0.125,72.8,favoravel,4.56,0.475,45.3,0.483,0.276,0.773,1.706,0.75,0.6,0.476
105175,Khellven,PAL,Lateral,6,6.35,0.59,3.58,21,8.4,True,True,COR,-0.499,neutro,3.606,2.2,1.0,71.7,neutro,3.32,0.475,45.3,0.483,0.276,0.773,1.706,0.75,0.6,0.476
104084,Carlos Miguel,PAL,Goleiro,7,8.68,-0.42,5.42,28,6.3,True,True,COR,0.636,valor_bom,5.19,3.28,1.0,72.8,favoravel,4.59,0.475,45.3,0.483,0.276,0.773,1.706,0.75,0.6,0.476
113103,Flaco López,PAL,Atacante,7,14.41,0.99,7.06,26,12.3,True,True,COR,0.622,valor_bom,6.568,3.71,1.0,50.2,neutro,4.04,0.25,45.3,0.483,0.276,0.773,1.706,0.75,0.6,0.476
81005,André Luis,MIR,Atacante,6,4.07,0.9,1.48,14,7.6,True,False,BAH,-0.937,armadilha_leve,1.839,0.34,1.0,42.5,neutro,2.07,0.35,-33.3,1.194,0.809,1.214,1.289,0.65,0.205,0.554
87742,Neto Moura,MIR,Meia,7,3.23,-0.47,1.71,16,-0.3,True,False,BAH,-0.336,neutro,1.497,1.71,1.0,42.7,neutro,2.49,0.35,-33.3,1.194,0.809,1.214,1.289,0.65,0.205,0.554
79066,Alex Muralha,MIR,Goleiro,6,4.99,0.0,4.35,2,0.0,False,False,BAH,0.588,valor_bom,3.7,4.35,0.25,42.3,neutro,3.52,0.4,-33.3,1.194,0.809,1.214,1.289,0.65,0.205,0.554
97321,Alesson,MIR,Atacante,6,8.83,0.78,4.71,23,8.4,True,False,BAH,0.151,neutro,4.777,3.84,1.0,42.5,neutro,3.76,0.35,-33.3,1.194,0.809,1.214,1.289,0.65,0.205,0.554
98384,Negueba,MIR,Atacante,5,8.57,0.0,5.23,8,0.0,False,False,BAH,0.688,valor_bom,5.1,4.23,1.0,42.5,neutro,3.44,0.35,-33.3,1.194,0.809,1.214,1.289,0.65,0.205,0.554
124526,Giay,PAL,Lateral,7,7.4,0.0,4.89,23,0.0,False,True,COR,0.712,valor_bom,4.964,3.59,1.0,71.7,favoravel,4.28,0.475,45.3,0.483,0.276,0.773,1.706,0.75,0.6,0.476
73318,Daniel Borges,MIR,Lateral,6,6.47,0.0,4.62,6,0.0,False,False,BAH,0.058,neutro,4.079,3.62,0.75,42.2,neutro,3.66,0.4,-33.3,1.194,0.809,1.214,1.289,0.65,0.205,0.554
97460,João Victor,MIR,Zagueiro,3,4.15,-1.57,2.81,25,-3.6,True,False,BAH,0.477,neutro,2.803,1.89,1.0,42.5,neutro,3.68,0.4,-33.3,1.194,0.809,1.214,1.289,0.65,0.205,0.554
97520,Shaylon,MIR,Meia,6,3.98,0.0,1.87,18,0.0,False,False,BAH,-0.321,neutro,1.985,1.31,1.0,42.7,neutro,2.52,0.35,-33.3,1.194,0.809,1.214,1.289,0.65,0.205,0.554
90917,Carlos Eduardo,MIR,Atacante,6,4.42,0.0,2.63,15,0.0,False,False,BAH,-0.25,neutro,2.574,1.76,1.0,42.5,neutro,3.05,0.35,-33.3,1.194,0.809,1.214,1.289,0.65,0.205,0.554
101708,Felipe Jonatan,CFC,Lateral,7,4.51,0.2,2.08,18,2.0,True,True,BOT,-0.593,armadilha_leve,2.57,1.58,1.0,42.2,neutro,3.24,0.35,11.9,1.097,1.974,0.69,0.864,0.2,0.351,0.529
104027,Rafael Guanaes,MIR,Técnico,7,7.35,-0.76,4.6,26,4.21,True,False,BAH,0.573,valor_bom,4.624,4.6,1.0,42.7,neutro,4.17,0.35,-33.3,1.194,0.809,1.214,1.289,0.65,0.205,0.554
72279,Thomazella,MIR,Goleiro,6,0.83,0.0,-1.35,2,0.0,False,False,BAH,3.305,valor_oculto,3.069,0.0,0.25,42.3,neutro,3.28,0.4,-33.3,1.194,0.809,1.214,1.289,0.65,0.205,0.554
83257,Gabriel,SAN,Atacante,7,9.15,-1.01,5.62,19,4.3,True,False,CAM,0.873,valor_bom,5.428,1.04,1.0,52.9,neutro,3.68,0.625,-23.8,1.418,0.944,1.041,1.024,0.85,0.257,0.488
82775,Lucas Ramon,SAO,Lateral,6,10.01,0.0,5.04,20,0.0,False,True,VIT,-0.342,neutro,5.079,3.79,1.0,72.9,neutro,4.77,0.9,52.4,0.703,1.024,1.631,0.967,0.3,0.555,0.459
105903,Aldo Filho,MIR,Meia,5,3.8,0.0,2.09,15,0.0,False,False,BAH,0.043,neutro,2.143,1.76,1.0,42.7,neutro,2.46,0.35,-33.3,1.194,0.809,1.214,1.289,0.65,0.205,0.554
117403,Renato Marques,CFC,Atacante,6,2.73,0.0,0.74,7,0.0,False,True,BOT,-0.901,armadilha_leve,0.888,0.74,0.875,50.8,neutro,1.92,0.8,11.9,1.097,1.974,0.69,0.864,0.2,0.351,0.529
77777,João Schmidt,SAN,Meia,6,4.96,0.0,2.08,14,0.0,False,False,CAM,-0.829,armadilha_leve,2.139,2.08,1.0,53.3,neutro,2.41,0.625,-23.8,1.418,0.944,1.041,1.024,0.85,0.257,0.488
84042,Tiquinho Soares,BOT,Atacante,6,4.58,-0.11,1.38,9,0.4,True,False,CFC,-1.268,armadilha_leve,1.892,1.38,1.0,54.1,neutro,2.28,0.85,-11.9,0.69,0.864,1.097,1.974,0.325,0.375,0.529
104204,Edson Carioca,MIR,Atacante,7,4.62,-0.51,3.04,17,1.2,True,False,BAH,-0.03,neutro,2.857,2.1,1.0,42.5,neutro,3.31,0.35,-33.3,1.194,0.809,1.214,1.289,0.65,0.205,0.554
78478,Willian Arão,SAN,Meia,7,5.54,-0.67,3.32,20,1.5,True,False,CAM,0.769,valor_bom,3.578,3.07,1.0,53.3,neutro,3.47,0.625,-23.8,1.418,0.944,1.041,1.024,0.85,0.257,0.488
84847,Luan Peres,SAN,Zagueiro,2,4.83,0.14,3.07,21,1.5,True,False,CAM,0.271,neutro,2.99,2.07,1.0,42.1,neutro,2.55,0.225,-23.8,1.418,0.944,1.041,1.024,0.85,0.257,0.488
141754,Gabriel Bontempo,SAN,Meia,7,6.1,1.19,3.88,23,8.8,True,False,CAM,0.976,valor_bom,3.969,3.45,1.0,53.3,neutro,3.53,0.625,-23.8,1.418,0.944,1.041,1.024,0.85,0.257,0.488
102256,Rollheiser,SAN,Meia,6,5.56,-2.1,3.41,21,0.0,True,False,CAM,0.835,valor_bom,3.635,1.98,1.0,53.3,neutro,3.68,0.625,-23.8,1.418,0.944,1.041,1.024,0.85,0.257,0.488
141868,Vini Lira,SAN,Lateral,5,3.79,0.0,2.42,4,0.0,False,False,CAM,-0.82,armadilha_leve,1.93,2.42,0.5,41.8,neutro,2.58,0.225,-23.8,1.418,0.944,1.041,1.024,0.85,0.257,0.488
87470,Thaciano,SAN,Meia,6,5.28,0.0,2.0,17,0.0,False,False,CAM,-1.122,armadilha_leve,2.078,1.41,1.0,53.3,neutro,2.56,0.625,-23.8,1.418,0.944,1.041,1.024,0.85,0.257,0.488
95466,Igor Vinícius,SAN,Lateral,6,9.65,0.0,6.39,18,0.0,False,False,CAM,1.054,valor_bom,6.017,5.11,1.0,41.8,neutro,4.2,0.225,-23.8,1.418,0.944,1.041,1.024,0.85,0.257,0.488
81845,Alisson,FLU,Meia,6,3.52,0.0,0.96,8,0.0,False,False,FLA,-0.459,neutro,1.601,0.33,1.0,36.5,desfavoravel,1.88,0.1,-42.9,1.45,1.128,0.916,0.928,0.75,0.138,0.553
77656,Cédric Soares,SAO,Lateral,6,3.73,0.0,0.94,8,0.0,False,True,VIT,-1.586,armadilha_forte,1.312,0.94,1.0,72.9,neutro,2.92,0.9,52.4,0.703,1.024,1.631,0.967,0.3,0.555,0.459
91866,Zé Ivaldo,REM,Zagueiro,7,5.13,-0.39,2.29,10,0.5,True,False,VAS,-0.563,armadilha_leve,2.508,1.99,1.0,34.9,desfavoravel,2.53,0.5,-33.4,0.879,1.088,1.867,0.533,0.15,0.098,
102975,Escobar,SAN,Lateral,2,9.49,-0.59,6.22,20,0.8,True,False,CAM,0.995,valor_bom,5.922,5.07,1.0,41.8,neutro,4.26,0.225,-23.8,1.418,0.944,1.041,1.024,0.85,0.257,0.488
70164,Lucas Moura,SAO,Meia,6,7.5,0.0,2.32,8,0.0,False,True,VIT,-0.699,armadilha_leve,3.272,1.07,1.0,60.8,neutro,2.99,1.0,52.4,0.703,1.024,1.631,0.967,0.3,0.555,0.459
85403,Danielzinho,SAO,Meia,5,5.64,0.0,2.37,24,0.0,False,True,VIT,-0.31,neutro,2.834,1.95,1.0,60.8,neutro,3.32,1.0,52.4,0.703,1.024,1.631,0.967,0.3,0.555,0.459
63008,Rafael Tolói,SAO,Zagueiro,7,8.17,-0.32,5.3,9,6.2,True,True,VIT,0.935,valor_bom,4.725,4.3,1.0,72.8,favoravel,4.12,0.9,52.4,0.703,1.024,1.631,0.967,0.3,0.555,0.459
113690,Diógenes,SAN,Goleiro,7,4.26,-0.51,3.97,4,0.6,True,False,CAM,0.934,valor_bom,3.682,2.72,0.5,41.9,neutro,3.66,0.225,-23.8,1.418,0.944,1.041,1.024,0.85,0.257,0.488
104075,Sabino,SAO,Zagueiro,7,6.6,-0.36,3.75,21,2.0,True,True,VIT,0.438,neutro,3.841,2.75,1.0,72.8,favoravel,4.33,0.9,52.4,0.703,1.024,1.631,0.967,0.3,0.555,0.459
89840,Calleri,SAO,Atacante,7,10.57,-1.12,5.02,24,0.8,True,True,VIT,-0.228,neutro,5.008,2.14,1.0,61.7,neutro,4.13,1.0,52.4,0.703,1.024,1.631,0.967,0.3,0.555,0.459
106294,Marcos Antônio,SAO,Meia,7,5.7,-0.16,2.73,21,-0.6,True,True,VIT,0.076,neutro,3.142,2.25,1.0,60.8,favoravel,3.22,1.0,52.4,0.703,1.024,1.631,0.967,0.3,0.555,0.459
106028,Coronel,SAO,Goleiro,6,7.31,1.16,5.8,2,7.1,True,True,VIT,0.577,valor_bom,4.669,5.8,0.25,74.1,favoravel,4.4,0.9,52.4,0.703,1.024,1.631,0.967,0.3,0.555,0.459
131617,André Silva,SAO,Atacante,6,3.18,0.0,0.48,16,0.0,False,True,VIT,-1.679,armadilha_forte,0.659,0.48,1.0,61.7,neutro,2.38,1.0,52.4,0.703,1.024,1.631,0.967,0.3,0.555,0.459
101290,Ferreira,SAO,Atacante,6,6.1,-0.13,3.45,23,0.0,True,True,VIT,0.285,neutro,3.842,2.06,1.0,61.7,favoravel,3.73,1.0,52.4,0.703,1.024,1.631,0.967,0.3,0.555,0.459
80570,Wendell,SAO,Lateral,6,7.87,-0.4,4.18,19,2.3,True,True,VIT,-0.18,neutro,4.476,2.76,1.0,72.9,neutro,4.57,0.9,52.4,0.703,1.024,1.631,0.967,0.3,0.555,0.459
105300,Ferraresi,BOT,Zagueiro,7,6.6,-0.2,3.75,23,4.3,True,False,CFC,0.43,neutro,3.835,3.1,1.0,56.2,neutro,4.27,0.8,-11.9,0.69,0.864,1.097,1.974,0.325,0.375,0.529
71123,Thiago Mendes,VAS,Meia,7,7.62,0.42,4.29,24,5.3,True,True,REM,0.617,valor_bom,4.274,3.04,1.0,86.7,favoravel,4.33,0.95,33.4,1.867,0.533,0.879,1.088,0.85,0.729,
113359,Pablo Maia,SAO,Meia,6,4.21,-0.23,1.85,19,1.8,True,True,VIT,-0.528,armadilha_leve,1.966,1.59,1.0,60.8,neutro,2.76,1.0,52.4,0.703,1.024,1.631,0.967,0.3,0.555,0.459
140542,Ryan Francisco,SAO,Atacante,6,4.35,0.0,-0.3,1,0.0,False,True,VIT,-0.74,armadilha_leve,2.16,0.0,0.125,61.7,neutro,3.32,1.0,52.4,0.703,1.024,1.631,0.967,0.3,0.555,0.459
131279,Thiago Azaf,CFC,Atacante,6,1.0,0.0,0.0,0,0.0,False,True,BOT,0.543,valor_bom,0.0,0.0,0.0,50.8,neutro,2.44,0.8,11.9,1.097,1.974,0.69,0.864,0.2,0.351,0.529
86410,Victor Luis,MIR,Lateral,6,3.65,0.0,1.2,7,0.0,False,False,BAH,-1.315,armadilha_leve,1.458,0.77,0.875,42.2,neutro,2.03,0.4,-33.3,1.194,0.809,1.214,1.289,0.65,0.205,0.554
93716,Paulo Henrique,VAS,Lateral,7,7.45,-0.36,3.29,20,4.2,True,True,REM,-0.825,armadilha_leve,3.829,2.49,1.0,80.3,neutro,3.9,0.6,33.4,1.867,0.533,0.879,1.088,0.85,0.729,
90309,David,VAS,Atacante,2,5.38,1.43,2.43,22,9.9,True,True,REM,-1.109,armadilha_leve,2.44,0.75,1.0,88.9,neutro,3.13,0.95,33.4,1.867,0.533,0.879,1.088,0.85,0.729,
81091,Jair,VAS,Meia,6,5.2,0.0,2.08,5,0.0,False,True,REM,-0.931,armadilha_leve,2.18,2.08,0.625,86.7,neutro,3.37,0.95,33.4,1.867,0.533,0.879,1.088,0.85,0.729,
107873,Bobadilla,SAO,Meia,7,7.67,-0.39,3.74,17,0.5,True,True,VIT,0.075,neutro,3.895,3.15,1.0,60.8,favoravel,3.55,1.0,52.4,0.703,1.024,1.631,0.967,0.3,0.555,0.459
117818,Young,SAO,Goleiro,6,3.0,0.0,0.0,0,0.0,False,True,VIT,-1.727,armadilha_forte,0.0,0.0,0.0,74.1,neutro,2.78,0.9,52.4,0.703,1.024,1.631,0.967,0.3,0.555,0.459
105584,Lucas Piton,VAS,Lateral,2,4.81,0.0,2.34,18,0.0,False,True,REM,-0.59,armadilha_leve,2.75,1.9,1.0,80.3,neutro,3.37,0.6,33.4,1.867,0.533,0.879,1.088,0.85,0.729,
118563,Rodriguinho,RBB,Meia,5,5.87,0.0,3.63,15,0.0,False,True,CRU,0.927,valor_bom,3.837,2.96,1.0,47.2,neutro,3.38,0.725,2.4,0.853,1.406,1.318,1.015,0.225,0.437,0.551
86686,Tchê Tchê,VAS,Meia,6,4.54,-0.43,2.88,20,1.5,True,True,REM,0.229,neutro,2.698,2.38,1.0,86.7,favoravel,3.85,0.95,33.4,1.867,0.533,0.879,1.088,0.85,0.729,
99213,Puma Rodríguez,VAS,Lateral,6,7.07,0.15,4.04,18,2.0,True,True,REM,-0.489,neutro,3.927,2.1,1.0,80.3,neutro,3.78,0.6,33.4,1.867,0.533,0.879,1.088,0.85,0.729,
141609,Lucca,SAO,Atacante,6,2.05,0.0,0.23,4,0.0,False,True,VIT,-0.232,neutro,0.755,0.23,0.5,61.7,neutro,2.59,1.0,52.4,0.703,1.024,1.631,0.967,0.3,0.555,0.459
115141,Lucas Freitas,VAS,Zagueiro,6,6.03,0.0,4.67,3,0.0,False,True,REM,1.263,valor_bom,4.24,1.67,0.375,80.0,favoravel,4.22,0.6,33.4,1.867,0.533,0.879,1.088,0.85,0.729,
95936,Daniel Fuzato,VAS,Goleiro,6,1.59,0.0,-1.0,0,0.0,False,True,REM,-0.516,armadilha_leve,0.0,0.0,0.0,81.7,neutro,2.89,0.6,33.4,1.867,0.533,0.879,1.088,0.85,0.729,
97095,Carlos Cuesta,VAS,Zagueiro,6,4.47,0.0,1.51,15,0.0,False,True,REM,-0.891,armadilha_leve,1.952,0.78,1.0,80.0,neutro,3.38,0.6,33.4,1.867,0.533,0.879,1.088,0.85,0.729,
90703,Matheuzinho,VIT,Meia,7,9.83,3.08,4.68,24,29.5,True,False,SAO,0.103,neutro,4.566,3.01,1.0,38.6,desfavoravel,3.63,0.2,-52.4,1.631,0.967,0.703,1.024,0.55,0.187,0.459
111682,Adson,VAS,Meia,6,5.7,-0.51,3.29,15,0.5,True,True,REM,0.723,valor_bom,3.615,3.29,1.0,86.7,favoravel,3.85,0.95,33.4,1.867,0.533,0.879,1.088,0.85,0.729,
90588,Caíque,VIT,Meia,7,4.57,-0.2,2.57,22,1.5,True,False,SAO,-0.087,neutro,2.483,2.57,1.0,38.6,desfavoravel,2.84,0.2,-52.4,1.631,0.967,0.703,1.024,0.55,0.187,0.459
117330,Robert Renan,VAS,Zagueiro,7,5.44,-0.82,3.09,26,2.7,True,True,REM,-0.06,neutro,3.017,2.51,1.0,80.0,neutro,3.78,0.6,33.4,1.867,0.533,0.879,1.088,0.85,0.729,
116706,Andrés Gómez,VAS,Atacante,7,13.07,0.0,7.22,23,0.0,False,True,REM,1.098,valor_bom,6.64,4.83,1.0,88.9,favoravel,5.42,0.95,33.4,1.867,0.533,0.879,1.088,0.85,0.729,
142279,Nuno Moreira,VAS,Meia,6,4.7,-0.5,1.98,19,0.5,True,True,REM,-0.762,armadilha_leve,2.058,1.45,1.0,86.7,neutro,2.95,0.95,33.4,1.867,0.533,0.879,1.088,0.85,0.729,
118752,Mateus Carvalho,VAS,Meia,6,4.0,0.0,0.0,0,0.0,False,True,REM,-3.055,armadilha_forte,0.0,0.0,0.0,86.7,neutro,2.96,0.95,33.4,1.867,0.533,0.879,1.088,0.85,0.729,
96793,Camutanga,VIT,Zagueiro,5,6.71,0.0,3.95,7,0.0,False,False,SAO,0.624,valor_bom,4.019,2.66,0.875,42.5,neutro,3.1,0.4,-52.4,1.631,0.967,0.703,1.024,0.55,0.187,0.459
42222,Osvaldo,VIT,Atacante,6,4.07,0.0,0.4,2,0.0,False,False,SAO,-0.654,armadilha_leve,2.054,0.4,0.25,38.4,desfavoravel,2.81,0.2,-52.4,1.631,0.967,0.703,1.024,0.55,0.187,0.459
122485,Barros,VAS,Meia,6,8.61,0.0,4.64,18,0.0,False,True,REM,0.508,valor_bom,4.512,3.81,1.0,86.7,favoravel,4.19,0.95,33.4,1.867,0.533,0.879,1.088,0.85,0.729,
101597,Ramon,VIT,Lateral,5,8.07,0.0,4.81,17,0.0,False,False,SAO,0.322,neutro,4.928,3.05,1.0,42.2,neutro,3.89,0.4,-52.4,1.631,0.967,0.703,1.024,0.55,0.187,0.459
92696,Renato Kayzer,VIT,Atacante,6,5.72,-0.09,2.46,18,0.0,True,False,SAO,-1.298,armadilha_leve,2.462,0.85,1.0,38.4,desfavoravel,2.3,0.2,-52.4,1.631,0.967,0.703,1.024,0.55,0.187,0.459
99440,Baralhas,VIT,Meia,5,9.25,0.0,5.24,15,0.0,False,False,SAO,0.763,valor_bom,4.887,3.91,1.0,38.6,desfavoravel,3.7,0.2,-52.4,1.631,0.967,0.703,1.024,0.55,0.187,0.459
104118,Lucas Arcanjo,VIT,Goleiro,7,10.15,1.53,5.96,23,10.7,True,False,SAO,0.581,valor_bom,5.554,4.0,1.0,42.3,neutro,4.41,0.4,-52.4,1.631,0.967,0.703,1.024,0.55,0.187,0.459
111879,Mateus Silva,VIT,Lateral,7,8.92,2.62,6.57,8,15.7,True,False,SAO,1.18,valor_bom,5.874,4.2,1.0,42.2,neutro,3.91,0.4,-52.4,1.631,0.967,0.703,1.024,0.55,0.187,0.459
92180,Jair Ventura,VIT,Técnico,7,9.5,0.93,5.54,26,11.47,True,False,SAO,0.182,neutro,5.502,5.54,1.0,38.6,desfavoravel,4.11,0.2,-52.4,1.631,0.967,0.703,1.024,0.55,0.187,0.459
97645,Thiago Couto,VIT,Goleiro,6,3.0,0.0,0.0,0,0.0,False,False,SAO,-1.727,armadilha_forte,0.0,0.0,0.0,42.3,neutro,2.31,0.4,-52.4,1.631,0.967,0.703,1.024,0.55,0.187,0.459
130620,Edenílson,VIT,Meia,6,2.96,0.0,1.42,11,0.0,False,False,SAO,-0.379,neutro,1.273,1.42,1.0,38.6,desfavoravel,1.77,0.2,-52.4,1.631,0.967,0.703,1.024,0.55,0.187,0.459
116461,Jamerson,VIT,Lateral,7,8.24,1.42,5.38,15,13.5,True,False,SAO,0.747,valor_bom,5.31,4.18,1.0,42.2,neutro,4.02,0.4,-52.4,1.631,0.967,0.703,1.024,0.55,0.187,0.459
80129,Jadson,CAP,Meia,7,5.32,0.25,3.51,21,2.9,True,False,CHA,0.334,neutro,3.16,3.27,1.0,68.6,neutro,3.39,1.0,14.7,1.418,2.047,0.966,1.081,0.55,0.462,0.496
85626,Léo,CAP,Zagueiro,6,6.77,0.0,4.9,2,0.0,False,False,CHA,0.897,valor_bom,4.243,3.4,0.25,58.5,neutro,3.99,0.75,14.7,1.418,2.047,0.966,1.081,0.55,0.462,0.496
90031,Mendoza,CAP,Atacante,7,7.66,-0.45,4.21,26,2.7,True,False,CHA,0.172,neutro,4.389,2.48,1.0,68.9,neutro,3.79,1.0,14.7,1.418,2.047,0.966,1.081,0.55,0.462,0.496
104330,Dudu,VIT,Meia,6,5.01,0.0,3.95,2,0.0,False,False,SAO,-0.253,neutro,2.584,1.45,0.25,38.6,desfavoravel,3.02,0.2,-52.4,1.631,0.967,0.703,1.024,0.55,0.187,0.459
92273,Odair Hellmann,CAP,Técnico,7,9.08,-0.1,5.95,26,5.76,True,False,CHA,0.641,valor_bom,5.816,5.95,1.0,68.6,neutro,4.69,1.0,14.7,1.418,2.047,0.966,1.081,0.55,0.462,0.496
105518,Renan Peixoto,CAP,Atacante,6,2.67,0.0,0.8,9,0.0,False,False,CHA,-0.814,armadilha_leve,0.902,0.8,1.0,68.9,neutro,2.09,1.0,14.7,1.418,2.047,0.966,1.081,0.55,0.462,0.496
120433,Léo Derik,CAP,Lateral,6,5.81,0.0,3.65,9,0.0,False,False,CHA,-0.086,neutro,3.661,2.65,1.0,58.4,neutro,3.11,0.75,14.7,1.418,2.047,0.966,1.081,0.55,0.462,0.496
107985,Terán,CAP,Zagueiro,6,5.67,-1.31,3.91,14,1.6,True,False,CHA,1.095,valor_bom,3.971,2.84,1.0,58.5,neutro,3.74,0.75,14.7,1.418,2.047,0.966,1.081,0.55,0.462,0.496
145387,Rúben Ismael,VIT,Meia,6,4.0,0.0,0.0,0,0.0,False,False,SAO,-3.055,armadilha_forte,0.0,0.0,0.0,38.6,desfavoravel,2.26,0.2,-52.4,1.631,0.967,0.703,1.024,0.55,0.187,0.459
110668,Esquivel,CAP,Lateral,7,7.43,-1.17,5.14,17,3.8,True,False,CHA,0.946,valor_bom,5.152,3.02,1.0,58.4,neutro,4.36,0.75,14.7,1.418,2.047,0.966,1.081,0.55,0.462,0.496
112017,Felipinho,CAP,Meia,6,4.79,0.0,2.99,8,0.0,False,False,CHA,-0.06,neutro,2.616,2.99,1.0,68.6,neutro,3.13,1.0,14.7,1.418,2.047,0.966,1.081,0.55,0.462,0.496
110698,Mycael,CAP,Goleiro,7,9.01,0.44,6.9,4,7.6,True,False,CHA,0.575,valor_bom,5.224,5.65,0.5,59.1,neutro,4.19,0.75,14.7,1.418,2.047,0.966,1.081,0.55,0.462,0.496
113113,Benavídez,CAP,Lateral,6,9.33,0.0,5.4,19,0.0,False,False,CHA,0.282,neutro,5.334,2.93,1.0,58.4,neutro,4.18,0.75,14.7,1.418,2.047,0.966,1.081,0.55,0.462,0.496
123869,Aguirre,CAP,Zagueiro,7,5.15,0.0,3.26,22,0.0,False,False,CHA,0.265,neutro,3.132,2.31,1.0,58.5,neutro,3.67,0.75,14.7,1.418,2.047,0.966,1.081,0.55,0.462,0.496
128431,João Cruz,CAP,Meia,7,5.81,-0.74,4.12,20,2.9,True,False,CHA,1.391,valor_bom,4.15,2.62,1.0,68.6,neutro,3.51,1.0,14.7,1.418,2.047,0.966,1.081,0.55,0.462,0.496
122316,Batata,CAP,Lateral,6,1.0,0.0,0.0,0,0.0,False,False,CHA,0.507,valor_bom,0.0,0.0,0.0,58.4,neutro,2.55,0.75,14.7,1.418,2.047,0.966,1.081,0.55,0.462,0.496
115266,Renan Viana,CAP,Atacante,6,2.0,0.0,0.0,0,0.0,False,False,CHA,-1.156,armadilha_leve,0.0,0.0,0.0,68.9,neutro,2.7,1.0,14.7,1.418,2.047,0.966,1.081,0.55,0.462,0.496
131832,Portilla,CAP,Meia,6,3.35,0.0,1.42,17,0.0,False,False,CHA,-0.705,armadilha_leve,1.309,1.42,1.0,68.6,neutro,2.26,1.0,14.7,1.418,2.047,0.966,1.081,0.55,0.462,0.496
130283,Matheus Dias,CFC,Meia,6,1.0,0.0,0.0,0,0.0,False,True,BOT,0.612,valor_bom,0.0,0.0,0.0,51.0,neutro,2.44,0.8,11.9,1.097,1.974,0.69,0.864,0.2,0.351,0.529
127970,Felipe Chiqueti,CAP,Meia,6,2.07,0.0,1.35,7,0.0,False,False,CHA,0.543,valor_bom,1.202,1.35,0.875,68.6,neutro,2.33,1.0,14.7,1.418,2.047,0.966,1.081,0.55,0.462,0.496
143532,Carlos Eduardo,CAP,Goleiro,6,1.0,0.0,0.0,0,0.0,False,False,CHA,0.204,neutro,0.0,0.0,0.0,59.1,neutro,2.56,0.75,14.7,1.418,2.047,0.966,1.081,0.55,0.462,0.496
71227,Maicon,CFC,Zagueiro,2,3.7,0.0,1.79,15,0.0,False,True,BOT,-0.086,neutro,2.134,0.99,1.0,42.5,neutro,2.2,0.35,11.9,1.097,1.974,0.69,0.864,0.2,0.351,0.529
123101,Leozinho,CAP,Atacante,6,6.34,0.58,5.06,15,6.2,True,False,CHA,1.706,valor_oculto,5.029,2.93,1.0,68.9,neutro,4.8,1.0,14.7,1.418,2.047,0.966,1.081,0.55,0.462,0.496
63354,Rodrigo Moledo,CFC,Zagueiro,2,5.59,-0.14,3.39,7,1.5,True,True,BOT,-0.081,neutro,3.065,2.1,0.875,42.5,neutro,2.7,0.35,11.9,1.097,1.974,0.69,0.864,0.2,0.351,0.529
130842,Matheus Soares,CAP,Goleiro,6,1.0,0.0,0.0,0,0.0,False,False,CHA,0.204,neutro,0.0,0.0,0.0,59.1,neutro,2.56,0.75,14.7,1.418,2.047,0.966,1.081,0.55,0.462,0.496
128427,Alejandro García,CAP,Meia,6,4.0,0.0,0.0,0,0.0,False,False,CHA,-3.055,armadilha_forte,0.0,0.0,0.0,68.6,neutro,2.7,1.0,14.7,1.418,2.047,0.966,1.081,0.55,0.462,0.496
84339,Bruno Melo,CFC,Lateral,3,5.12,0.09,2.9,26,1.4,True,True,BOT,-0.38,neutro,3.082,1.78,1.0,42.2,neutro,3.22,0.35,11.9,1.097,1.974,0.69,0.864,0.2,0.351,0.529
125926,Zapelli,CAP,Meia,6,3.89,-0.25,1.31,18,0.0,True,False,CHA,-0.779,armadilha_leve,1.597,1.03,1.0,68.6,neutro,2.55,1.0,14.7,1.418,2.047,0.966,1.081,0.55,0.462,0.496
143193,Viveros,CAP,Atacante,7,13.49,0.71,9.02,24,10.4,True,False,CHA,2.772,valor_oculto,8.008,3.06,1.0,68.9,neutro,5.12,1.0,14.7,1.418,2.047,0.966,1.081,0.55,0.462,0.496
82628,Tinga,CFC,Lateral,6,5.37,-0.16,3.38,17,0.0,True,True,BOT,-0.037,neutro,3.474,2.44,1.0,42.2,neutro,3.15,0.35,11.9,1.097,1.974,0.69,0.864,0.2,0.351,0.529
104811,Sebastián Gómez,CFC,Meia,7,4.31,0.15,2.79,24,2.3,True,True,BOT,0.337,neutro,2.653,2.58,1.0,51.0,neutro,2.94,0.8,11.9,1.097,1.974,0.69,0.864,0.2,0.351,0.529
110708,Pedro Rangel,CFC,Goleiro,6,6.43,-1.05,4.55,18,2.5,True,True,BOT,0.731,valor_bom,4.499,2.88,1.0,42.4,neutro,3.81,0.35,11.9,1.097,1.974,0.69,0.864,0.2,0.351,0.529
117930,Lavega,CFC,Atacante,7,5.24,0.0,3.31,25,0.0,False,True,BOT,-0.141,neutro,3.106,1.31,1.0,50.8,neutro,3.53,0.8,11.9,1.097,1.974,0.69,0.864,0.2,0.351,0.529
90302,Pedro Rocha,CFC,Atacante,7,7.2,0.2,4.56,27,2.2,True,True,BOT,0.749,valor_bom,4.654,2.0,1.0,50.8,neutro,3.48,0.8,11.9,1.097,1.974,0.69,0.864,0.2,0.351,0.529
112576,Vini Paulista,CFC,Meia,6,3.45,-0.13,2.2,25,0.0,True,True,BOT,0.437,neutro,2.21,2.2,1.0,51.0,neutro,2.64,0.8,11.9,1.097,1.974,0.69,0.864,0.2,0.351,0.529
124834,Ruan Assis,CFC,Atacante,6,1.0,0.0,0.0,0,0.0,False,True,BOT,0.543,valor_bom,0.0,0.0,0.0,50.8,neutro,2.44,0.8,11.9,1.097,1.974,0.69,0.864,0.2,0.351,0.529
97878,Jacy,CFC,Zagueiro,2,5.08,-0.35,3.82,24,0.0,True,True,BOT,0.883,valor_bom,3.56,3.07,1.0,42.5,neutro,3.51,0.35,11.9,1.097,1.974,0.69,0.864,0.2,0.351,0.529
84626,Josué,CFC,Meia,7,6.38,0.56,4.04,25,6.3,True,True,BOT,0.98,valor_bom,4.085,2.04,1.0,51.0,neutro,3.63,0.8,11.9,1.097,1.974,0.69,0.864,0.2,0.351,0.529
109127,Tiago Cóser,CFC,Zagueiro,2,3.61,0.0,2.72,23,0.0,False,True,BOT,0.351,neutro,2.406,1.15,1.0,42.5,neutro,2.33,0.35,11.9,1.097,1.974,0.69,0.864,0.2,0.351,0.529
125803,Pedro Morisco,CFC,Goleiro,7,7.56,0.0,4.39,11,0.0,False,True,BOT,0.233,neutro,4.388,4.39,1.0,42.4,neutro,3.14,0.35,11.9,1.097,1.974,0.69,0.864,0.2,0.351,0.529
101405,Wallisson,MIR,Meia,6,4.54,-0.26,2.67,19,1.5,True,False,BAH,0.016,neutro,2.543,2.67,1.0,42.7,neutro,2.37,0.35,-33.3,1.194,0.809,1.214,1.289,0.65,0.205,0.554
141406,Andrey Fernandes,VAS,Atacante,6,1.41,0.0,1.7,1,0.0,False,True,REM,1.198,valor_bom,1.093,1.7,0.125,88.9,favoravel,3.3,0.95,33.4,1.867,0.533,0.879,1.088,0.85,0.729,
125746,Dudu,CAP,Meia,6,2.34,0.0,1.59,17,0.0,False,False,CHA,0.51,valor_bom,1.424,1.3,1.0,68.6,neutro,2.31,1.0,14.7,1.418,2.047,0.966,1.081,0.55,0.462,0.496
97795,Marcelinho,REM,Lateral,7,5.71,-0.52,4.88,24,0.5,True,False,VAS,1.2,valor_bom,4.578,3.59,1.0,34.5,desfavoravel,3.85,0.5,-33.4,0.879,1.088,1.867,0.533,0.15,0.098,
91573,Arboleda,SAO,Zagueiro,7,8.03,-0.93,3.96,15,0.5,True,True,VIT,0.017,neutro,4.001,3.16,1.0,72.8,favoravel,3.87,0.9,52.4,0.703,1.024,1.631,0.967,0.3,0.555,0.459
141337,Lucas Taverna,CFC,Lateral,5,2.69,0.0,1.95,4,0.0,False,True,BOT,0.134,neutro,1.773,1.2,0.5,42.2,neutro,2.52,0.35,11.9,1.097,1.974,0.69,0.864,0.2,0.351,0.529
123648,Lucas Ronier,CFC,Atacante,5,10.77,0.0,6.7,18,0.0,False,True,BOT,1.225,valor_bom,6.168,5.42,1.0,50.8,neutro,3.71,0.8,11.9,1.097,1.974,0.69,0.864,0.2,0.351,0.529
104257,João Lucas,REM,Lateral,5,4.59,0.0,2.82,6,0.0,False,False,VAS,0.323,neutro,3.307,2.82,0.75,34.5,desfavoravel,2.78,0.5,-33.4,0.879,1.088,1.867,0.533,0.15,0.098,
98224,Jáderson,REM,Meia,6,2.35,0.0,0.78,12,0.0,False,False,VAS,-0.224,neutro,0.897,0.78,1.0,34.6,desfavoravel,1.56,0.7,-33.4,0.879,1.088,1.867,0.533,0.15,0.098,
115840,Benassi,CFC,Goleiro,6,1.0,0.0,0.0,0,0.0,False,True,BOT,0.204,neutro,0.0,0.0,0.0,42.4,neutro,2.31,0.35,11.9,1.097,1.974,0.69,0.864,0.2,0.351,0.529
83074,Ygor Vinhas,REM,Goleiro,6,3.0,0.0,0.0,0,0.0,False,False,VAS,-1.727,armadilha_forte,0.0,0.0,0.0,34.4,desfavoravel,2.2,0.5,-33.4,0.879,1.088,1.867,0.533,0.15,0.098,
141385,João Victor,REM,Goleiro,6,1.0,0.0,0.0,0,0.0,False,False,VAS,0.204,neutro,0.0,0.0,0.0,34.4,desfavoravel,2.2,0.5,-33.4,0.879,1.088,1.867,0.533,0.15,0.098,
102911,Zé Ricardo,REM,Meia,7,5.09,0.34,3.12,27,5.6,True,False,VAS,0.154,neutro,2.92,2.75,1.0,34.6,desfavoravel,3.07,0.7,-33.4,0.879,1.088,1.867,0.533,0.15,0.098,
145782,Tassano,REM,Zagueiro,6,3.0,0.0,0.0,0,0.0,False,False,VAS,-2.364,armadilha_forte,0.0,0.0,0.0,34.9,desfavoravel,2.2,0.5,-33.4,0.879,1.088,1.867,0.533,0.15,0.098,
107700,Eduardo Melo,REM,Atacante,6,2.54,0.41,1.8,2,2.2,True,False,VAS,-0.306,neutro,1.174,1.8,0.25,34.5,desfavoravel,2.41,0.7,-33.4,0.879,1.088,1.867,0.533,0.15,0.098,
68822,Rafael Santos,CHA,Goleiro,6,4.94,0.0,3.75,4,0.0,False,True,CAP,0.526,valor_bom,3.608,3.75,0.5,36.3,neutro,2.92,0.275,-14.7,0.966,1.081,1.418,2.047,0.275,0.261,0.496
82730,Marcelo Rangel,REM,Goleiro,7,5.7,0.3,3.84,28,2.9,True,False,VAS,0.519,valor_bom,3.961,3.48,1.0,34.4,desfavoravel,3.53,0.5,-33.4,0.879,1.088,1.867,0.533,0.15,0.098,
141386,Marcos Alexandre,REM,Goleiro,6,1.0,0.0,0.0,0,0.0,False,False,VAS,0.204,neutro,0.0,0.0,0.0,34.4,desfavoravel,2.2,0.5,-33.4,0.879,1.088,1.867,0.533,0.15,0.098,
104470,Everton,CHA,Lateral,6,3.89,0.0,1.93,20,0.0,False,True,CAP,-1.005,armadilha_leve,1.86,1.38,1.0,36.3,neutro,2.41,0.275,-14.7,0.966,1.081,1.418,2.047,0.275,0.261,0.496
109336,Rafael Carvalheira,CHA,Meia,5,5.7,0.0,2.72,14,0.0,False,True,CAP,0.247,neutro,3.267,2.01,1.0,46.6,neutro,2.74,0.45,-14.7,0.966,1.081,1.418,2.047,0.275,0.261,0.496
143455,PH Gama,REM,Meia,6,2.0,0.0,0.0,0,0.0,False,False,VAS,-1.011,armadilha_leve,0.0,0.0,0.0,34.6,desfavoravel,2.2,0.7,-33.4,0.879,1.088,1.867,0.533,0.15,0.098,
83048,Rafael Thyere,CHA,Zagueiro,6,2.75,0.0,-0.1,3,0.0,False,True,CAP,-0.689,armadilha_leve,1.067,0.0,0.375,36.7,neutro,2.27,0.275,-14.7,0.966,1.081,1.418,2.047,0.275,0.261,0.496
95332,Marcinho,CHA,Atacante,7,4.66,-0.43,4.05,26,-0.3,True,True,CAP,1.019,valor_bom,3.678,2.13,1.0,46.3,neutro,3.65,0.45,-14.7,0.966,1.081,1.418,2.047,0.275,0.261,0.496
71043,Léo Vieira,BAH,Goleiro,5,6.82,0.0,5.02,16,0.0,False,True,MIR,0.877,valor_bom,4.809,4.39,1.0,68.3,favoravel,3.64,0.75,33.3,1.214,1.289,1.194,0.809,0.45,0.552,0.554
111279,Mancha,CHA,Lateral,6,3.0,0.0,0.0,0,0.0,False,True,CAP,-2.583,armadilha_forte,0.0,0.0,0.0,36.3,neutro,2.22,0.275,-14.7,0.966,1.081,1.418,2.047,0.275,0.261,0.496
97432,Victor Caetano,CHA,Zagueiro,6,3.16,0.0,1.48,8,0.0,False,True,CAP,-0.5,neutro,1.492,1.48,1.0,36.7,neutro,1.84,0.275,-14.7,0.966,1.081,1.418,2.047,0.275,0.261,0.496
104519,Camilo,CHA,Meia,7,4.57,0.04,2.79,23,0.4,True,True,CAP,0.14,neutro,2.649,2.79,1.0,46.6,neutro,3.18,0.45,-14.7,0.966,1.081,1.418,2.047,0.275,0.261,0.496
68938,Giovanni Augusto,CHA,Meia,7,4.69,-0.61,3.6,19,0.9,True,True,CAP,0.806,valor_bom,3.198,2.02,1.0,46.6,neutro,3.27,0.45,-14.7,0.966,1.081,1.418,2.047,0.275,0.261,0.496
121870,Gustavo Talles,CHA,Lateral,6,2.0,0.0,0.0,0,0.0,False,True,CAP,-1.301,armadilha_leve,0.0,0.0,0.0,36.3,neutro,2.22,0.275,-14.7,0.966,1.081,1.418,2.047,0.275,0.261,0.496
116066,Rubens,CHA,Atacante,6,2.38,0.0,1.24,10,0.0,False,True,CAP,-0.155,neutro,1.141,0.44,1.0,46.3,neutro,1.84,0.45,-14.7,0.966,1.081,1.418,2.047,0.275,0.261,0.496
107453,João Paulo,CHA,Zagueiro,6,4.5,0.0,3.13,6,0.0,False,True,CAP,0.405,neutro,2.93,1.3,0.75,36.7,neutro,2.66,0.275,-14.7,0.966,1.081,1.418,2.047,0.275,0.261,0.496
102906,Anderson,CHA,Goleiro,7,5.6,-1.12,3.54,14,1.2,True,True,CAP,0.456,neutro,3.848,3.18,1.0,36.3,neutro,3.58,0.275,-14.7,0.966,1.081,1.418,2.047,0.275,0.261,0.496
130843,Arthur Dias,CAP,Zagueiro,7,5.83,-0.36,3.62,24,3.1,True,False,CHA,0.689,valor_bom,3.735,2.75,1.0,58.5,neutro,3.52,0.75,14.7,1.418,2.047,0.966,1.081,0.55,0.462,0.496
101393,Eduardo Doma,CHA,Zagueiro,7,3.65,-0.41,2.16,25,0.0,True,True,CAP,0.19,neutro,2.31,1.68,1.0,36.7,neutro,2.8,0.275,-14.7,0.966,1.081,1.418,2.047,0.275,0.261,0.496
110426,Bernabei,INT,Lateral,7,9.29,0.46,5.71,25,2.6,True,False,GRE,0.627,valor_bom,5.581,3.83,1.0,42.8,neutro,4.17,0.4,-26.2,1.45,1.411,0.748,1.041,0.5,0.377,0.488
99552,Rossi,FLA,Goleiro,7,7.92,-0.51,4.69,27,0.6,True,True,FLU,0.334,neutro,4.62,2.65,1.0,54.0,neutro,3.98,0.15,42.9,0.916,0.928,1.45,1.128,0.85,0.649,0.553
140438,David,CHA,Meia,6,1.03,0.0,0.65,9,0.0,False,True,CAP,1.714,valor_oculto,0.848,0.65,1.0,46.6,neutro,2.54,0.45,-14.7,0.966,1.081,1.418,2.047,0.275,0.261,0.496
130414,Robert,CHA,Meia,5,3.51,0.0,3.0,1,0.0,False,True,CAP,0.544,valor_bom,2.327,3.0,0.125,46.6,neutro,3.16,0.45,-14.7,0.966,1.081,1.418,2.047,0.275,0.261,0.496
123738,Herrera,RBB,Atacante,6,4.6,-0.19,2.55,22,1.5,True,True,CRU,-0.448,neutro,2.528,2.19,1.0,47.4,neutro,2.89,0.725,2.4,0.853,1.406,1.318,1.015,0.225,0.437,0.551
78850,Reinaldo,MIR,Lateral,7,7.68,-1.26,3.37,23,0.0,True,False,BAH,-0.934,armadilha_leve,3.837,1.98,1.0,42.2,neutro,3.87,0.4,-33.3,1.194,0.809,1.214,1.289,0.65,0.205,0.554
80287,Luciano,SAO,Atacante,5,13.05,0.0,5.59,22,0.0,False,True,VIT,-0.493,neutro,5.425,2.45,1.0,61.7,neutro,4.56,1.0,52.4,0.703,1.024,1.631,0.967,0.3,0.555,0.459
68708,Eduardo,MIR,Meia,7,6.45,-1.92,4.05,21,2.7,True,False,BAH,0.96,valor_bom,4.098,2.62,1.0,42.7,neutro,4.18,0.35,-33.3,1.194,0.809,1.214,1.289,0.65,0.205,0.554
122781,Caballero,SAN,Atacante,6,3.47,0.0,1.69,7,0.0,False,False,CAM,-1.077,armadilha_leve,1.331,1.69,0.875,52.9,neutro,2.14,0.625,-23.8,1.418,0.944,1.041,1.024,0.85,0.257,0.488
89274,Andreas Pereira,PAL,Meia,7,12.03,0.3,4.8,28,7.3,True,True,COR,-0.492,neutro,4.672,2.84,1.0,49.2,neutro,3.51,0.25,45.3,0.483,0.276,0.773,1.706,0.75,0.6,0.476
97900,Vitão,FLA,Zagueiro,6,6.62,0.0,2.37,9,0.0,False,True,FLU,-0.47,neutro,3.174,1.04,1.0,53.6,neutro,3.38,0.15,42.9,0.916,0.928,1.45,1.128,0.85,0.649,0.553
89368,Braithwaite,GRE,Atacante,6,5.19,0.15,0.53,18,1.7,True,True,INT,-2.71,armadilha_forte,1.126,0.53,1.0,40.4,neutro,1.74,0.3,26.2,0.748,1.041,1.45,1.411,0.275,0.34,0.488
126471,Barreal,SAN,Meia,6,9.79,-0.32,5.1,20,-0.1,True,False,CAM,0.507,valor_bom,4.85,3.85,1.0,53.3,neutro,3.94,0.625,-23.8,1.418,0.944,1.041,1.024,0.85,0.257,0.488
39148,Hulk,FLU,Atacante,7,13.05,-1.0,7.06,21,9.3,True,False,FLA,0.899,valor_bom,6.484,3.2,1.0,36.5,desfavoravel,4.52,0.1,-42.9,1.45,1.128,0.916,0.928,0.75,0.138,0.553
141776,Gustavo Henrique,SAN,Meia,7,4.72,0.99,3.58,15,7.7,True,False,CAM,0.672,valor_bom,3.115,3.58,1.0,53.3,neutro,2.79,0.625,-23.8,1.418,0.944,1.041,1.024,0.85,0.257,0.488
100652,Yuri Alberto,COR,Atacante,7,10.25,-0.33,4.07,18,3.5,True,False,PAL,-0.979,armadilha_leve,4.347,2.18,1.0,11.5,desfavoravel,2.75,0.05,-45.3,0.773,1.706,0.483,0.276,0.0,0.161,0.476
89837,Lucho Acosta,FLU,Meia,2,11.1,0.72,5.06,23,11.0,True,False,FLA,0.04,neutro,4.844,2.89,1.0,36.5,desfavoravel,3.58,0.1,-42.9,1.45,1.128,0.916,0.928,0.75,0.138,0.553
146991,Rhuan Gabriel,CRU,Meia,6,1.39,0.0,1.2,1,0.0,False,False,RBB,1.386,valor_bom,1.086,1.2,0.125,54.4,neutro,2.79,0.5,-2.4,1.318,1.015,0.853,1.406,0.7,0.295,0.551
115025,Miguelito,SAN,Meia,6,5.19,0.0,4.05,10,0.0,False,False,CAM,0.536,valor_bom,3.247,2.55,1.0,53.3,neutro,2.85,0.625,-23.8,1.418,0.944,1.041,1.024,0.85,0.257,0.488
103445,Kaio Jorge,CRU,Atacante,7,12.61,1.68,5.33,22,17.2,True,False,RBB,-0.611,armadilha_leve,5.234,2.19,1.0,54.0,neutro,3.5,0.5,-2.4,1.318,1.015,0.853,1.406,0.7,0.295,0.551
144423,Nicolas Pontes,CRU,Lateral,6,1.0,0.0,0.0,0,0.0,False,False,RBB,0.507,valor_bom,0.0,0.0,0.0,59.3,neutro,2.56,0.65,-2.4,1.318,1.015,0.853,1.406,0.7,0.295,0.551
133673,Mateus Xavier,SAN,Atacante,6,2.33,0.0,1.2,1,0.0,False,False,CAM,-0.23,neutro,1.037,1.2,0.125,52.9,neutro,2.75,0.625,-23.8,1.418,0.944,1.041,1.024,0.85,0.257,0.488
128433,Johan Rojas,VAS,Meia,6,4.07,0.0,1.71,17,0.0,False,True,REM,-0.535,armadilha_leve,1.881,1.42,1.0,86.7,neutro,2.89,0.95,33.4,1.867,0.533,0.879,1.088,0.85,0.729,
106104,Enamorado,GRE,Atacante,3,7.82,1.08,3.52,23,10.7,True,True,INT,-0.555,armadilha_leve,3.894,2.87,1.0,40.4,neutro,2.87,0.3,26.2,0.748,1.041,1.45,1.411,0.275,0.34,0.488
51772,Everton Ribeiro,BAH,Meia,6,7.84,0.0,3.96,18,0.0,False,True,MIR,0.197,neutro,4.041,2.85,1.0,55.9,neutro,3.17,0.575,33.3,1.214,1.289,1.194,0.809,0.45,0.552,0.554
142130,Marcelo Eráclito,CRU,Goleiro,6,1.0,0.0,0.0,0,0.0,False,False,RBB,0.204,neutro,0.0,0.0,0.0,60.0,neutro,2.57,0.65,-2.4,1.318,1.015,0.853,1.406,0.7,0.295,0.551
94583,Pedro,FLA,Atacante,7,15.66,-0.58,8.19,27,5.4,True,True,FLU,1.46,valor_bom,7.454,2.52,1.0,63.1,favoravel,5.33,0.575,42.9,0.916,0.928,1.45,1.128,0.85,0.649,0.553
108713,Galeano,REM,Atacante,3,4.26,-0.45,1.75,17,0.4,True,False,VAS,-0.905,armadilha_leve,1.98,1.75,1.0,34.5,desfavoravel,2.04,0.7,-33.4,0.879,1.088,1.867,0.533,0.15,0.098,
101908,Willian Machado,MIR,Zagueiro,7,5.25,-0.86,3.39,22,2.0,True,False,BAH,0.333,neutro,3.227,2.62,1.0,42.5,neutro,3.56,0.4,-33.3,1.194,0.809,1.214,1.289,0.65,0.205,0.554
145400,Cauê,RBB,Lateral,6,4.23,0.0,3.47,3,0.0,False,True,CRU,1.034,valor_bom,3.618,2.47,0.375,37.8,neutro,3.3,0.275,2.4,0.853,1.406,1.318,1.015,0.225,0.437,0.551
114802,Vitor Roque,PAL,Atacante,7,15.15,-0.15,6.44,17,8.3,True,True,COR,-0.361,neutro,5.97,4.09,1.0,50.2,neutro,3.62,0.25,45.3,0.483,0.276,0.773,1.706,0.75,0.6,0.476
86292,Bolasie,CHA,Atacante,6,3.75,-0.06,1.98,20,-0.3,True,True,CAP,-0.295,neutro,2.119,1.08,1.0,46.3,neutro,2.9,0.45,-14.7,0.966,1.081,1.418,2.047,0.275,0.261,0.496
126182,Paulinho,INT,Meia,6,3.85,-0.1,1.9,22,1.3,True,False,GRE,-0.207,neutro,1.991,1.9,1.0,50.7,neutro,2.69,0.625,-26.2,1.45,1.411,0.748,1.041,0.5,0.377,0.488
115986,Denilson,MIR,Meia,7,4.61,-0.28,2.95,18,1.0,True,False,BAH,0.225,neutro,2.732,2.67,1.0,42.7,neutro,3.66,0.35,-33.3,1.194,0.809,1.214,1.289,0.65,0.205,0.554
90061,Bruno Pacheco,CHA,Lateral,7,6.57,-0.77,4.7,18,1.2,True,True,CAP,0.404,neutro,4.384,3.37,1.0,36.3,neutro,3.82,0.275,-14.7,0.966,1.081,1.418,2.047,0.275,0.261,0.496
132412,Román Gómez,BAH,Lateral,2,7.81,-0.01,4.73,13,1.4,True,True,MIR,0.415,neutro,4.901,3.81,1.0,67.4,favoravel,4.71,0.75,33.3,1.214,1.289,1.194,0.809,0.45,0.552,0.554
133696,Wallace Davi,BOT,Meia,6,4.0,0.0,0.0,0,0.0,False,False,CFC,-3.055,armadilha_forte,0.0,0.0,0.0,54.2,neutro,2.49,0.85,-11.9,0.69,0.864,1.097,1.974,0.325,0.375,0.529
130280,Phillipe Gabriel,VAS,Goleiro,6,1.0,0.0,0.0,0,0.0,False,True,REM,0.204,neutro,0.0,0.0,0.0,81.7,favoravel,2.89,0.6,33.4,1.867,0.533,0.879,1.088,0.85,0.729,
126120,Marcelinho,RBB,Meia,6,3.16,0.0,2.18,5,0.0,False,True,CRU,-0.268,neutro,1.498,1.18,0.625,47.2,neutro,2.36,0.725,2.4,0.853,1.406,1.318,1.015,0.225,0.437,0.551
114040,Minda,CAM,Atacante,6,7.2,0.0,3.61,16,0.0,False,True,SAN,-0.026,neutro,4.064,1.98,1.0,55.4,neutro,4.08,0.65,23.8,1.041,1.024,1.418,0.944,0.65,0.471,0.488
147090,Kauã Pascini,CAM,Lateral,6,3.91,0.0,3.35,9,0.0,False,True,SAN,-0.084,neutro,2.566,2.35,1.0,43.2,neutro,2.88,0.05,23.8,1.041,1.024,1.418,0.944,0.65,0.471,0.488
94514,Lucas Oliveira,MIR,Zagueiro,2,4.75,-0.03,2.75,11,1.5,True,False,BAH,0.016,neutro,2.763,1.93,1.0,42.5,neutro,3.16,0.4,-33.3,1.194,0.809,1.214,1.289,0.65,0.205,0.554
70666,Marllon,REM,Zagueiro,7,6.18,0.31,3.04,26,9.2,True,False,VAS,-0.102,neutro,3.284,2.16,1.0,34.9,desfavoravel,3.2,0.5,-33.4,0.879,1.088,1.867,0.533,0.15,0.098,
94154,Maycon,CAM,Meia,6,4.88,0.07,2.12,17,0.9,True,True,SAN,-0.748,armadilha_leve,2.159,1.53,1.0,55.1,neutro,3.05,0.65,23.8,1.041,1.024,1.418,0.944,0.65,0.471,0.488
118655,Saldivia,VAS,Zagueiro,7,5.99,-1.38,3.76,13,4.4,True,True,REM,0.801,valor_bom,3.881,2.91,1.0,80.0,favoravel,3.59,0.6,33.4,1.867,0.533,0.879,1.088,0.85,0.729,
141873,Jacaré,COR,Lateral,6,2.0,0.0,0.0,0,0.0,False,False,PAL,-1.301,armadilha_leve,0.0,0.0,0.0,24.3,desfavoravel,2.05,0.225,-45.3,0.773,1.706,0.483,0.276,0.0,0.161,0.476
103183,Andrew,FLA,Goleiro,6,3.0,0.0,0.0,0,0.0,False,True,FLU,-1.727,armadilha_forte,0.0,0.0,0.0,54.0,neutro,2.48,0.15,42.9,0.916,0.928,1.45,1.128,0.85,0.649,0.553
89256,Gerson,CRU,Meia,7,8.46,0.06,4.56,25,3.0,True,False,RBB,0.526,valor_bom,4.479,3.96,1.0,54.4,neutro,3.45,0.5,-2.4,1.318,1.015,0.853,1.406,0.7,0.295,0.551
116034,Victor Hugo,CAM,Meia,7,6.59,0.19,3.56,21,3.8,True,True,SAN,0.399,neutro,3.743,2.37,1.0,55.1,neutro,3.06,0.65,23.8,1.041,1.024,1.418,0.944,0.65,0.471,0.488
141131,Vitão,CAM,Zagueiro,7,4.68,-0.54,4.52,6,1.2,True,True,SAN,1.089,valor_bom,3.526,3.02,0.75,43.5,neutro,4.22,0.05,23.8,1.041,1.024,1.418,0.944,0.65,0.471,0.488
93988,Breno Lopes,CFC,Atacante,7,8.32,-0.38,4.83,24,0.5,True,True,BOT,0.49,neutro,4.865,1.96,1.0,50.8,neutro,3.36,0.8,11.9,1.097,1.974,0.69,0.864,0.2,0.351,0.529
83433,Patrick,REM,Meia,6,5.24,-0.07,3.66,24,2.0,True,False,VAS,0.585,valor_bom,3.306,3.66,1.0,34.6,desfavoravel,3.44,0.7,-33.4,0.879,1.088,1.867,0.533,0.15,0.098,
106302,Preciado,CAM,Lateral,6,7.65,0.0,4.38,11,0.0,False,True,SAN,0.251,neutro,4.716,3.11,1.0,43.2,neutro,3.29,0.05,23.8,1.041,1.024,1.418,0.944,0.65,0.471,0.488
69208,Gabriel Paulista,COR,Zagueiro,7,8.32,0.07,4.0,20,1.5,True,False,PAL,-0.072,neutro,4.022,2.65,1.0,24.9,desfavoravel,2.71,0.225,-45.3,0.773,1.706,0.483,0.276,0.0,0.161,0.476
105089,Tetê,GRE,Atacante,6,8.28,-0.84,3.52,21,1.2,True,True,INT,-0.734,armadilha_leve,3.92,2.76,1.0,40.4,neutro,3.45,0.3,26.2,0.748,1.041,1.45,1.411,0.275,0.34,0.488
105157,Villagra,INT,Meia,7,5.73,0.57,2.24,21,7.3,True,False,GRE,-0.428,neutro,2.787,2.24,1.0,50.7,neutro,3.46,0.625,-26.2,1.45,1.411,0.748,1.041,0.5,0.377,0.488
106708,Igor Formiga,MIR,Lateral,7,8.67,-1.21,5.98,23,5.8,True,False,BAH,1.16,valor_bom,5.773,4.2,1.0,42.2,neutro,4.86,0.4,-33.3,1.194,0.809,1.214,1.289,0.65,0.205,0.554
100342,Léo Andrade,REM,Zagueiro,6,4.79,0.0,2.95,4,0.0,False,False,VAS,0.089,neutro,2.836,2.95,0.5,34.9,desfavoravel,2.83,0.5,-33.4,0.879,1.088,1.867,0.533,0.15,0.098,
130048,Noriega,GRE,Zagueiro,7,7.14,0.0,3.71,20,0.0,False,True,INT,0.149,neutro,3.815,2.56,1.0,56.1,neutro,3.7,0.6,26.2,0.748,1.041,1.45,1.411,0.275,0.34,0.488
123689,Milans,COR,Lateral,6,7.2,0.0,4.26,7,0.0,False,False,PAL,0.534,valor_bom,4.75,2.97,0.875,24.3,desfavoravel,3.08,0.225,-45.3,0.773,1.706,0.483,0.276,0.0,0.161,0.476
103388,Emmanuel Martínez,VIT,Meia,7,6.02,-0.31,3.25,20,2.0,True,False,SAO,0.417,neutro,3.528,3.25,1.0,38.6,desfavoravel,3.15,0.2,-52.4,1.631,0.967,0.703,1.024,0.55,0.187,0.459
142265,Dell,BAH,Atacante,6,1.82,0.0,0.65,4,0.0,False,True,MIR,0.28,neutro,0.895,0.65,0.5,56.7,neutro,2.38,0.575,33.3,1.214,1.289,1.194,0.809,0.45,0.552,0.554
146374,Gilberto Junior,CAP,Lateral,6,5.56,-0.45,3.67,8,0.0,True,False,CHA,0.095,neutro,3.672,2.92,1.0,58.4,neutro,3.12,0.75,14.7,1.418,2.047,0.966,1.081,0.55,0.462,0.496
95362,Cassierra,CAM,Atacante,5,6.61,0.0,2.5,21,0.0,False,True,SAN,-0.873,armadilha_leve,3.182,1.12,1.0,55.4,neutro,3.63,0.65,23.8,1.041,1.024,1.418,0.944,0.65,0.471,0.488
101715,Alerrandro,INT,Atacante,7,6.06,-0.12,3.32,22,0.5,True,False,GRE,0.201,neutro,3.76,1.55,1.0,50.6,neutro,3.49,0.625,-26.2,1.45,1.411,0.748,1.041,0.5,0.377,0.488
86859,José Welison,REM,Meia,6,3.74,0.0,2.62,23,0.0,False,False,VAS,0.613,valor_bom,2.523,2.62,1.0,34.6,desfavoravel,2.87,0.7,-33.4,0.879,1.088,1.867,0.533,0.15,0.098,
105842,Edu,VIT,Zagueiro,5,4.13,0.0,1.5,1,0.0,False,False,SAO,0.269,neutro,2.638,1.5,0.125,42.5,neutro,3.22,0.4,-52.4,1.631,0.967,0.703,1.024,0.55,0.187,0.459
113125,Picco,REM,Meia,7,6.12,-0.03,3.38,26,2.0,True,False,VAS,0.431,neutro,3.579,3.0,1.0,34.6,desfavoravel,3.84,0.7,-33.4,0.879,1.088,1.867,0.533,0.15,0.098,
140496,Tiaguinho,GRE,Meia,6,0.93,0.0,0.0,1,0.0,False,True,INT,2.06,valor_oculto,0.953,0.0,0.125,40.5,neutro,2.53,0.3,26.2,0.748,1.041,1.45,1.411,0.275,0.34,0.488
110633,Gustavo,CFC,Meia,6,3.3,0.0,0.9,4,0.0,False,True,BOT,-1.063,armadilha_leve,1.014,0.9,0.5,51.0,neutro,2.35,0.8,11.9,1.097,1.974,0.69,0.864,0.2,0.351,0.529
107859,Fintelman,VIT,Goleiro,6,2.0,0.0,0.0,0,0.0,False,False,SAO,-0.925,armadilha_leve,0.0,0.0,0.0,42.3,neutro,2.31,0.4,-52.4,1.631,0.967,0.703,1.024,0.55,0.187,0.459
97906,Riccieli,VIT,Zagueiro,6,4.85,0.0,3.5,2,0.0,False,False,SAO,0.169,neutro,2.924,2.0,0.25,42.5,neutro,3.22,0.4,-52.4,1.631,0.967,0.703,1.024,0.55,0.187,0.459
87552,Vitor Bueno,REM,Meia,7,7.21,0.25,3.9,22,4.0,True,False,VAS,0.418,neutro,3.986,2.31,1.0,34.6,desfavoravel,3.26,0.7,-33.4,0.879,1.088,1.867,0.533,0.15,0.098,
146623,Luis Pacheco,PAL,Meia,6,1.72,0.0,-0.08,4,0.0,False,True,COR,0.324,neutro,0.688,0.0,0.5,49.2,neutro,2.19,0.25,45.3,0.483,0.276,0.773,1.706,0.75,0.6,0.476
141628,Pablo Lúcio,FLA,Meia,6,2.0,0.0,0.0,0,0.0,False,True,FLU,-1.011,armadilha_leve,0.0,0.0,0.0,61.8,neutro,2.6,0.575,42.9,0.916,0.928,1.45,1.128,0.85,0.649,0.553
145404,Arthur,PAL,Lateral,6,5.37,0.41,4.43,20,7.1,True,True,COR,0.947,valor_bom,4.214,3.08,1.0,71.7,favoravel,3.59,0.475,45.3,0.483,0.276,0.773,1.706,0.75,0.6,0.476
68952,Marinho,VIT,Atacante,6,4.6,0.0,2.02,12,0.0,False,False,SAO,-0.88,armadilha_leve,2.199,2.02,1.0,38.4,desfavoravel,2.16,0.2,-52.4,1.631,0.967,0.703,1.024,0.55,0.187,0.459
90370,Matheus Pereira,COR,Meia,7,2.83,-0.04,0.8,20,0.0,True,False,PAL,-0.786,armadilha_leve,0.878,0.8,1.0,11.2,desfavoravel,1.19,0.05,-45.3,0.773,1.706,0.483,0.276,0.0,0.161,0.476
141551,Índio,CAM,Meia,6,1.0,0.0,0.0,0,0.0,False,True,SAN,0.612,valor_bom,0.0,0.0,0.0,55.1,neutro,2.5,0.65,23.8,1.041,1.024,1.418,0.944,0.65,0.471,0.488
99789,Brenner,VAS,Atacante,6,6.94,0.0,2.9,14,0.0,False,True,REM,-0.432,neutro,3.653,2.33,1.0,88.9,neutro,3.62,0.95,33.4,1.867,0.533,0.879,1.088,0.85,0.729,
101729,Fabinho,CFC,Atacante,6,2.17,0.08,1.36,12,0.8,True,True,BOT,0.221,neutro,1.223,0.28,1.0,50.8,neutro,1.94,0.8,11.9,1.097,1.974,0.69,0.864,0.2,0.351,0.529
147088,Cissé,CAM,Meia,6,2.2,-0.21,1.79,16,-0.3,True,True,SAN,0.855,valor_bom,1.551,1.48,1.0,55.1,neutro,2.56,0.65,23.8,1.041,1.024,1.418,0.944,0.65,0.471,0.488
130906,Riquelme,CAP,Meia,6,1.53,0.0,1.06,5,0.0,False,False,CHA,1.132,valor_bom,1.067,1.06,0.625,68.6,neutro,2.51,1.0,14.7,1.418,2.047,0.966,1.081,0.55,0.462,0.496
110598,Marino Hinestroza,VAS,Atacante,6,4.84,-0.82,1.62,15,0.0,True,True,REM,-1.429,armadilha_leve,1.915,1.62,1.0,88.9,neutro,2.85,0.95,33.4,1.867,0.533,0.879,1.088,0.85,0.729,
107075,Yuri Sena,VIT,Goleiro,6,1.0,0.0,0.0,0,0.0,False,False,SAO,0.204,neutro,0.0,0.0,0.0,42.3,neutro,2.31,0.4,-52.4,1.631,0.967,0.703,1.024,0.55,0.187,0.459
147202,João Bezerra,INT,Atacante,6,1.19,0.0,0.6,2,0.0,False,False,GRE,1.39,valor_bom,0.934,0.6,0.25,50.6,neutro,2.55,0.625,-26.2,1.45,1.411,0.748,1.041,0.5,0.377,0.488
145436,Belé,PAL,Atacante,6,3.0,0.0,0.0,0,0.0,False,True,COR,-2.361,armadilha_forte,0.0,0.0,0.0,50.2,neutro,2.43,0.25,45.3,0.483,0.276,0.773,1.706,0.75,0.6,0.476
94930,Lucas Paquetá,FLA,Meia,7,13.94,-0.81,6.58,18,8.0,True,True,FLU,0.581,valor_bom,5.855,5.19,1.0,61.8,favoravel,4.13,0.575,42.9,0.916,0.928,1.45,1.128,0.85,0.649,0.553
147883,João Vitor,VAS,Atacante,6,3.49,0.0,3.13,4,0.0,False,True,REM,-0.583,armadilha_leve,1.721,3.13,0.5,88.9,neutro,3.21,0.95,33.4,1.867,0.533,0.879,1.088,0.85,0.729,
104134,Fabri,VIT,Atacante,6,5.12,0.0,2.49,9,0.0,False,False,SAO,-0.884,armadilha_leve,2.479,1.93,1.0,38.4,desfavoravel,2.27,0.2,-52.4,1.631,0.967,0.703,1.024,0.55,0.187,0.459
124270,Allex,INT,Meia,5,2.25,0.0,1.25,11,0.0,False,False,GRE,0.278,neutro,1.175,1.25,1.0,50.7,neutro,2.37,0.625,-26.2,1.45,1.411,0.748,1.041,0.5,0.377,0.488
142638,João Victor,INT,Atacante,6,0.63,0.0,-0.8,1,0.0,False,False,GRE,2.471,valor_oculto,0.815,0.0,0.125,50.6,neutro,2.63,0.625,-26.2,1.45,1.411,0.748,1.041,0.5,0.377,0.488
147782,Arthur Novaes,BOT,Meia,6,1.0,0.0,0.0,0,0.0,False,False,CFC,0.612,valor_bom,0.0,0.0,0.0,54.2,neutro,2.49,0.85,-11.9,0.69,0.864,1.097,1.974,0.325,0.375,0.529
145036,Fernando Pradella,SAN,Atacante,6,0.82,0.0,0.0,1,0.0,False,False,CAM,2.126,valor_oculto,0.904,0.0,0.125,52.9,neutro,2.7,0.625,-23.8,1.418,0.944,1.041,1.024,0.85,0.257,0.488
130698,Kadu,BOT,Lateral,6,1.0,0.0,0.0,0,0.0,False,False,CFC,0.507,valor_bom,0.0,0.0,0.0,56.1,neutro,2.51,0.8,-11.9,0.69,0.864,1.097,1.974,0.325,0.375,0.529
118844,Kaio César,COR,Atacante,3,9.83,-0.21,5.77,17,4.2,True,False,PAL,0.714,valor_bom,5.514,4.24,1.0,11.5,desfavoravel,2.81,0.05,-45.3,0.773,1.706,0.483,0.276,0.0,0.161,0.476
151003,Eduardo,PAL,Atacante,6,1.0,0.0,0.0,0,0.0,False,True,COR,0.543,valor_bom,0.0,0.0,0.0,50.2,neutro,2.43,0.25,45.3,0.483,0.276,0.773,1.706,0.75,0.6,0.476
142086,Kauan Toledo,BOT,Atacante,6,2.55,0.0,1.99,9,2.0,True,False,CFC,0.153,neutro,1.532,1.99,1.0,54.1,neutro,2.25,0.85,-11.9,0.69,0.864,1.097,1.974,0.325,0.375,0.529
71536,Luiz Gustavo,CAP,Meia,7,6.36,0.52,3.51,20,5.2,True,False,CHA,0.483,neutro,3.714,3.01,1.0,68.6,neutro,3.26,1.0,14.7,1.418,2.047,0.966,1.081,0.55,0.462,0.496
146632,Alisson,INT,Lateral,6,1.0,0.0,0.0,0,0.0,False,False,GRE,0.507,valor_bom,0.0,0.0,0.0,42.8,neutro,2.32,0.4,-26.2,1.45,1.411,0.748,1.041,0.5,0.377,0.488
147788,Arthur Izaque,BOT,Atacante,6,1.0,0.0,0.0,0,0.0,False,False,CFC,0.543,valor_bom,0.0,0.0,0.0,54.1,neutro,2.49,0.85,-11.9,0.69,0.864,1.097,1.974,0.325,0.375,0.529
141991,Tico,REM,Atacante,6,0.94,0.0,0.25,2,0.0,False,False,VAS,1.806,valor_oculto,0.864,0.25,0.25,34.5,desfavoravel,2.28,0.7,-33.4,0.879,1.088,1.867,0.533,0.15,0.098,
148109,Filipe Lima,REM,Atacante,6,1.0,0.0,0.0,0,0.0,False,False,VAS,0.543,valor_bom,0.0,0.0,0.0,34.5,desfavoravel,2.2,0.7,-33.4,0.879,1.088,1.867,0.533,0.15,0.098,
141615,Pedro Ferreira,SAO,Meia,6,1.55,0.3,1.1,4,1.8,True,True,VIT,1.12,valor_bom,1.081,1.1,0.5,60.8,favoravel,2.52,1.0,52.4,0.703,1.024,1.631,0.967,0.3,0.555,0.459
130438,Diego,INT,Goleiro,6,1.0,0.0,0.0,0,0.0,False,False,GRE,0.204,neutro,0.0,0.0,0.0,42.9,neutro,2.32,0.4,-26.2,1.45,1.411,0.748,1.041,0.5,0.377,0.488
141126,Pedro Cobra,CAM,Goleiro,6,1.0,0.0,0.0,0,0.0,False,True,SAN,0.204,neutro,0.0,0.0,0.0,43.4,neutro,2.33,0.05,23.8,1.041,1.024,1.418,0.944,0.65,0.471,0.488
82407,Chico Kim,MIR,Meia,7,3.19,-0.7,1.77,8,0.5,True,False,BAH,-0.402,neutro,1.421,1.77,1.0,42.7,neutro,2.66,0.35,-33.3,1.194,0.809,1.214,1.289,0.65,0.205,0.554
148103,Rafael Soares,REM,Meia,6,1.0,0.0,0.0,0,0.0,False,False,VAS,0.612,valor_bom,0.0,0.0,0.0,34.6,desfavoravel,2.2,0.7,-33.4,0.879,1.088,1.867,0.533,0.15,0.098,
143463,Wesley Natã,FLU,Atacante,6,2.77,1.97,3.5,2,7.3,True,False,FLA,-0.123,neutro,1.514,1.0,0.25,36.5,desfavoravel,2.57,0.1,-42.9,1.45,1.128,0.916,0.928,0.75,0.138,0.553
97911,Lucas Silva,VIT,Atacante,2,3.62,0.77,1.6,5,6.0,True,False,SAO,-0.16,neutro,2.134,1.6,0.625,38.4,desfavoravel,2.49,0.2,-52.4,1.631,0.967,0.703,1.024,0.55,0.187,0.459
148152,Ararat,CFC,Meia,6,4.0,0.0,0.0,0,0.0,False,True,BOT,-3.055,armadilha_forte,0.0,0.0,0.0,51.0,neutro,2.44,0.8,11.9,1.097,1.974,0.69,0.864,0.2,0.351,0.529
130806,Kauan,CHA,Zagueiro,7,1.67,0.1,1.32,8,1.7,True,True,CAP,1.029,valor_bom,1.412,0.95,1.0,36.7,neutro,2.57,0.275,-14.7,0.966,1.081,1.418,2.047,0.275,0.261,0.496
147546,Roger,GRE,Meia,6,1.5,0.0,1.2,2,0.0,False,True,INT,1.221,valor_bom,1.097,1.2,0.25,40.5,neutro,2.47,0.3,26.2,0.748,1.041,1.45,1.411,0.275,0.34,0.488
146410,Marquinhos,BOT,Meia,6,0.85,0.0,0.0,1,0.0,False,False,CFC,2.229,valor_oculto,0.953,0.0,0.125,54.2,neutro,2.73,0.85,-11.9,0.69,0.864,1.097,1.974,0.325,0.375,0.529
112939,Catarozzi,REM,Meia,6,5.41,0.0,0.9,1,0.0,False,False,VAS,1.229,valor_bom,3.855,0.9,0.125,34.6,desfavoravel,3.58,0.7,-33.4,0.879,1.088,1.867,0.533,0.15,0.098,
108131,Garcez,CHA,Atacante,7,4.68,-0.5,3.65,14,1.7,True,True,CAP,0.403,neutro,3.22,2.51,1.0,46.3,neutro,3.75,0.45,-14.7,0.966,1.081,1.418,2.047,0.275,0.261,0.496
108162,Nardoni,GRE,Meia,6,5.68,-0.37,1.81,17,0.5,True,True,INT,-0.678,armadilha_leve,2.583,1.52,1.0,40.5,neutro,2.76,0.3,26.2,0.748,1.041,1.45,1.411,0.275,0.34,0.488
148206,Nadson,SAN,Atacante,6,1.0,0.0,0.0,0,0.0,False,False,CAM,0.543,valor_bom,0.0,0.0,0.0,52.9,neutro,2.47,0.625,-23.8,1.418,0.944,1.041,1.024,0.85,0.257,0.488
148124,Vinicius,CHA,Zagueiro,6,1.63,0.0,0.1,2,0.0,False,True,CAP,0.832,valor_bom,1.224,0.1,0.25,36.7,neutro,2.46,0.275,-14.7,0.966,1.081,1.418,2.047,0.275,0.261,0.496
116065,Cuiabano,VAS,Lateral,2,12.84,-0.32,7.68,17,9.2,True,True,REM,1.033,valor_bom,6.879,5.8,1.0,80.3,favoravel,5.09,0.6,33.4,1.867,0.533,0.879,1.088,0.85,0.729,
110144,Spinelli,VAS,Atacante,6,5.59,0.0,2.95,16,0.0,False,True,REM,-0.786,armadilha_leve,2.789,2.45,1.0,88.9,neutro,3.25,0.95,33.4,1.867,0.533,0.879,1.088,0.85,0.729,
127969,Matheus Reis,FLU,Atacante,5,1.0,0.0,0.0,0,0.0,False,False,FLA,0.543,valor_bom,0.0,0.0,0.0,36.5,desfavoravel,2.23,0.1,-42.9,1.45,1.128,0.916,0.928,0.75,0.138,0.553
131964,Jhoan Hernández,BOT,Lateral,6,3.69,0.0,0.0,1,0.0,False,False,CFC,-1.302,armadilha_leve,1.497,0.0,0.125,56.1,neutro,2.98,0.8,-11.9,0.69,0.864,1.097,1.974,0.325,0.375,0.529
146430,Justino,BOT,Zagueiro,6,3.34,0.0,2.75,10,0.0,False,False,CFC,0.291,neutro,2.196,1.85,1.0,56.2,neutro,2.96,0.8,-11.9,0.69,0.864,1.097,1.974,0.325,0.375,0.529
148215,Djhordney,SAO,Meia,7,1.7,0.13,1.38,7,3.2,True,True,VIT,1.076,valor_bom,1.216,1.38,0.875,60.8,favoravel,2.22,1.0,52.4,0.703,1.024,1.631,0.967,0.3,0.555,0.459
99815,Arias,PAL,Meia,7,13.74,0.21,6.85,23,5.2,True,True,COR,1.069,valor_bom,6.172,5.33,1.0,49.2,neutro,4.04,0.25,45.3,0.483,0.276,0.773,1.706,0.75,0.6,0.476
93371,Rodrigo Rodrigues,CFC,Atacante,6,3.28,0.0,-0.9,1,0.0,False,True,BOT,-1.587,armadilha_forte,0.804,0.0,0.125,50.8,neutro,2.63,0.8,11.9,1.097,1.974,0.69,0.864,0.2,0.351,0.529
104666,Moisés,SAN,Atacante,6,4.78,0.0,2.35,13,0.0,False,False,CAM,-0.755,armadilha_leve,2.395,0.73,1.0,52.9,neutro,2.48,0.625,-23.8,1.418,0.944,1.041,1.024,0.85,0.257,0.488
130393,Luiz Gustavo,BAH,Zagueiro,6,1.0,0.0,0.0,0,0.0,False,True,MIR,0.195,neutro,0.0,0.0,0.0,67.3,favoravel,2.68,0.75,33.3,1.214,1.289,1.194,0.809,0.45,0.552,0.554
126189,Tomás Pérez,CAM,Meia,3,2.87,-1.12,1.33,15,-3.3,True,True,SAN,-0.332,neutro,1.24,1.33,1.0,55.1,neutro,2.14,0.65,23.8,1.041,1.024,1.418,0.944,0.65,0.471,0.488
104036,Labyad,COR,Meia,5,4.52,0.0,2.05,11,0.0,False,False,PAL,-0.533,armadilha_leve,2.131,0.69,1.0,11.2,desfavoravel,1.68,0.05,-45.3,0.773,1.706,0.483,0.276,0.0,0.161,0.476
109987,Medina,BOT,Meia,2,6.76,-0.53,3.64,18,3.5,True,False,CFC,0.416,neutro,3.82,3.36,1.0,54.2,neutro,3.78,0.85,-11.9,0.69,0.864,1.097,1.974,0.325,0.375,0.529
133671,Gustavo Reis,RBB,Goleiro,6,1.0,0.0,0.0,0,0.0,False,True,CRU,0.204,neutro,0.0,0.0,0.0,37.8,neutro,2.25,0.275,2.4,0.853,1.406,1.318,1.015,0.225,0.437,0.551
105048,Jajá,REM,Atacante,7,6.5,0.06,5.15,23,2.5,True,False,VAS,1.714,valor_oculto,5.104,2.5,1.0,34.5,desfavoravel,3.95,0.7,-33.4,0.879,1.088,1.867,0.533,0.15,0.098,
145563,João Ananias,SAN,Zagueiro,6,3.43,0.0,2.5,6,0.0,False,False,CAM,-0.141,neutro,1.931,2.0,0.75,42.1,neutro,3.19,0.225,-23.8,1.418,0.944,1.041,1.024,0.85,0.257,0.488
124386,Kainã,CHA,Goleiro,6,1.0,0.0,0.0,0,0.0,False,True,CAP,0.204,neutro,0.0,0.0,0.0,36.3,neutro,2.22,0.275,-14.7,0.966,1.081,1.418,2.047,0.275,0.261,0.496
142261,Jeferson,GRE,Atacante,6,1.0,0.0,0.0,0,0.0,False,True,INT,0.543,valor_bom,0.0,0.0,0.0,40.4,neutro,2.28,0.3,26.2,0.748,1.041,1.45,1.411,0.275,0.34,0.488
101807,Oliva,SAN,Meia,7,6.09,-0.26,3.25,19,0.5,True,False,CAM,0.393,neutro,3.539,2.2,1.0,53.3,neutro,3.07,0.625,-23.8,1.418,0.944,1.041,1.024,0.85,0.257,0.488
97899,Matheus Bahia,INT,Lateral,6,6.27,-0.4,3.9,19,-0.3,True,False,GRE,-0.149,neutro,3.833,2.74,1.0,42.8,neutro,3.68,0.4,-26.2,1.45,1.411,0.748,1.041,0.5,0.377,0.488
147545,Jefinho,GRE,Meia,6,1.46,0.0,1.5,1,0.0,False,True,INT,1.316,valor_bom,1.119,1.5,0.125,40.5,neutro,2.6,0.3,26.2,0.748,1.041,1.45,1.411,0.275,0.34,0.488
92747,Eduardo Domínguez,CAM,Técnico,7,10.16,0.05,5.4,24,5.35,True,True,SAN,0.067,neutro,5.721,5.4,1.0,55.1,neutro,4.71,0.65,23.8,1.041,1.024,1.418,0.944,0.65,0.471,0.488
139200,Pedro Kauã,INT,Zagueiro,6,1.0,0.0,0.0,0,0.0,False,False,GRE,0.195,neutro,0.0,0.0,0.0,43.1,neutro,2.32,0.4,-26.2,1.45,1.411,0.748,1.041,0.5,0.377,0.488
143465,Keven Samuel,FLU,Atacante,6,1.0,0.0,0.0,0,0.0,False,False,FLA,0.543,valor_bom,0.0,0.0,0.0,36.5,desfavoravel,2.23,0.1,-42.9,1.45,1.128,0.916,0.928,0.75,0.138,0.553
147875,Daniel Silva,FLA,Zagueiro,6,1.0,0.0,0.0,0,0.0,False,True,FLU,0.195,neutro,0.0,0.0,0.0,53.6,neutro,2.48,0.15,42.9,0.916,0.928,1.45,1.128,0.85,0.649,0.553
141400,Huguinho,BOT,Meia,7,5.29,0.99,3.14,11,6.6,True,False,CFC,-0.192,neutro,2.762,2.69,1.0,54.2,neutro,2.93,0.85,-11.9,0.69,0.864,1.097,1.974,0.325,0.375,0.529
124219,Millán,FLU,Zagueiro,7,4.87,1.25,1.97,8,7.2,True,False,FLA,-0.582,armadilha_leve,2.375,1.22,1.0,28.7,desfavoravel,2.07,0.0,-42.9,1.45,1.128,0.916,0.928,0.75,0.138,0.553
93368,Lucas Veríssimo,SAN,Zagueiro,7,8.94,-0.3,4.46,15,5.4,True,False,CAM,0.101,neutro,4.327,3.13,1.0,42.1,neutro,3.78,0.225,-23.8,1.418,0.944,1.041,1.024,0.85,0.257,0.488
100804,Tchamba,REM,Zagueiro,6,4.48,0.0,2.7,20,0.0,False,False,VAS,0.14,neutro,2.723,2.15,1.0,34.9,desfavoravel,3.15,0.5,-33.4,0.879,1.088,1.867,0.533,0.15,0.098,
124424,Rodrigo Castillo,FLU,Atacante,6,6.78,-0.31,3.66,16,0.0,True,False,FLA,0.237,neutro,4.097,1.35,1.0,36.5,desfavoravel,3.42,0.1,-42.9,1.45,1.128,0.916,0.928,0.75,0.138,0.553
142275,Luiz Felipe,FLA,Meia,6,1.0,0.0,0.0,0,0.0,False,True,FLU,0.612,valor_bom,0.0,0.0,0.0,61.8,favoravel,2.6,0.575,42.9,0.916,0.928,1.45,1.128,0.85,0.649,0.553
133690,Bruno Lopes,VAS,Atacante,6,1.57,0.0,1.7,1,0.0,False,True,REM,0.929,valor_bom,1.093,1.7,0.125,88.9,favoravel,3.3,0.95,33.4,1.867,0.533,0.879,1.088,0.85,0.729,
129661,Wendel,BAH,Meia,6,1.0,0.0,0.0,0,0.0,False,True,MIR,0.612,valor_bom,0.0,0.0,0.0,55.9,neutro,2.51,0.575,33.3,1.214,1.289,1.194,0.809,0.45,0.552,0.554
41929,Renato Gaúcho,GRE,Técnico,7,9.65,-0.44,5.22,16,4.47,True,True,INT,-0.076,neutro,5.273,5.22,1.0,40.6,neutro,3.9,0.3,26.2,0.748,1.041,1.45,1.411,0.275,0.34,0.488
88963,Leonardo Jardim,FLA,Técnico,7,12.91,-0.19,7.3,25,5.52,True,True,FLU,0.175,neutro,7.15,7.3,1.0,61.8,favoravel,5.04,0.575,42.9,0.916,0.928,1.45,1.128,0.85,0.649,0.553
81720,Lingard,COR,Atacante,6,3.67,0.0,1.62,17,0.0,False,False,PAL,-0.524,armadilha_leve,1.891,1.33,1.0,11.5,desfavoravel,1.59,0.05,-45.3,0.773,1.706,0.483,0.276,0.0,0.161,0.476
142260,Bernardo Zortea,GRE,Meia,6,1.1,-0.62,0.88,5,-0.3,True,True,INT,1.784,valor_oculto,0.998,0.88,0.625,40.5,neutro,2.06,0.3,26.2,0.748,1.041,1.45,1.411,0.275,0.34,0.488
121823,Kauê,COR,Goleiro,6,5.21,0.0,4.98,4,0.0,False,False,PAL,0.783,valor_bom,4.018,3.73,0.5,23.9,desfavoravel,3.13,0.225,-45.3,0.773,1.706,0.483,0.276,0.0,0.161,0.476
140726,David Martins,BAH,Meia,6,0.65,0.0,-0.1,3,0.0,False,True,MIR,2.412,valor_oculto,0.752,0.0,0.375,55.9,neutro,2.43,0.575,33.3,1.214,1.289,1.194,0.809,0.45,0.552,0.554
93834,Keiller,CFC,Goleiro,6,4.0,0.0,0.0,0,0.0,False,True,BOT,-2.348,armadilha_forte,0.0,0.0,0.0,42.4,neutro,2.31,0.35,11.9,1.097,1.974,0.69,0.864,0.2,0.351,0.529
147268,Anderson Pato,VIT,Atacante,6,3.12,0.0,1.38,4,0.0,False,False,SAO,-0.989,armadilha_leve,1.138,1.38,0.5,38.4,desfavoravel,2.21,0.2,-52.4,1.631,0.967,0.703,1.024,0.55,0.187,0.459
115537,Marcos Victor,BAH,Zagueiro,2,5.05,0.0,3.77,6,0.0,False,True,MIR,0.422,neutro,3.204,3.27,0.75,67.3,favoravel,3.67,0.75,33.3,1.214,1.289,1.194,0.809,0.45,0.552,0.554
148125,Ryan Augusto,RBB,Lateral,7,4.69,1.14,3.72,7,7.0,True,True,CRU,0.76,valor_bom,3.695,3.29,0.875,37.8,neutro,3.28,0.275,2.4,0.853,1.406,1.318,1.015,0.225,0.437,0.551
141184,Walace Falcão,VAS,Zagueiro,6,1.0,0.0,0.0,0,0.0,False,True,REM,0.195,neutro,0.0,0.0,0.0,80.0,favoravel,2.87,0.6,33.4,1.867,0.533,0.879,1.088,0.85,0.729,
141752,Caio Valle,BOT,Meia,6,1.0,0.0,0.0,0,0.0,False,False,CFC,0.612,valor_bom,0.0,0.0,0.0,54.2,neutro,2.49,0.85,-11.9,0.69,0.864,1.097,1.974,0.325,0.375,0.529
145659,Nicolas,SAO,Lateral,5,2.79,0.0,5.0,1,0.0,False,True,VIT,0.388,neutro,2.053,2.0,0.125,72.9,favoravel,3.44,0.9,52.4,0.703,1.024,1.631,0.967,0.3,0.555,0.459
84268,Georgemy,MIR,Goleiro,6,3.0,0.0,0.0,0,0.0,False,False,BAH,-1.727,armadilha_forte,0.0,0.0,0.0,42.3,neutro,2.31,0.4,-33.3,1.194,0.809,1.214,1.289,0.65,0.205,0.554
142257,Luis Eduardo,GRE,Zagueiro,6,1.45,0.0,-0.3,2,0.0,False,True,INT,0.986,valor_bom,1.144,0.0,0.25,56.1,neutro,2.72,0.6,26.2,0.748,1.041,1.45,1.411,0.275,0.34,0.488
143252,Gean,VIT,Lateral,6,1.0,0.0,0.0,0,0.0,False,False,SAO,0.507,valor_bom,0.0,0.0,0.0,42.2,neutro,2.31,0.4,-52.4,1.631,0.967,0.703,1.024,0.55,0.187,0.459
143153,Tarzia,VIT,Atacante,3,4.34,0.05,3.16,22,5.2,True,False,SAO,0.339,neutro,2.975,2.21,1.0,38.4,desfavoravel,2.58,0.2,-52.4,1.631,0.967,0.703,1.024,0.55,0.187,0.459
42411,Cuca,SAN,Técnico,7,10.21,-0.01,6.13,20,5.34,True,False,CAM,0.514,valor_bom,6.288,6.13,1.0,53.3,neutro,4.58,0.625,-23.8,1.418,0.944,1.041,1.024,0.85,0.257,0.488
95131,Gabriel Taliari,REM,Atacante,7,9.07,0.19,4.92,17,7.4,True,False,VAS,0.259,neutro,4.936,2.74,1.0,34.5,desfavoravel,3.67,0.7,-33.4,0.879,1.088,1.867,0.533,0.15,0.098,
141594,Pedro Gabriel,GRE,Lateral,6,5.78,0.0,3.3,15,0.0,False,True,INT,-0.374,neutro,3.43,1.97,1.0,56.0,neutro,2.81,0.6,26.2,0.748,1.041,1.45,1.411,0.275,0.34,0.488
110605,Vinícius Balieiro,CHA,Meia,5,3.62,0.0,1.84,5,0.0,False,True,CAP,0.12,neutro,2.088,1.84,0.625,46.6,neutro,2.6,0.45,-14.7,0.966,1.081,1.418,2.047,0.275,0.261,0.496
149715,Rafael Gonzaga,SAN,Lateral,6,2.79,0.0,2.4,1,0.0,False,False,CAM,0.003,neutro,1.764,2.4,0.125,41.8,neutro,2.87,0.225,-23.8,1.418,0.944,1.041,1.024,0.85,0.257,0.488
147192,Claudinho,CAP,Lateral,6,6.48,-1.36,6.47,7,0.2,True,False,CHA,1.247,valor_bom,4.978,4.47,0.875,58.4,neutro,4.79,0.75,14.7,1.418,2.047,0.966,1.081,0.55,0.462,0.496
102877,Gabriel Poveda,REM,Atacante,6,1.97,0.0,0.43,15,0.0,False,False,VAS,-0.28,neutro,0.634,0.43,1.0,34.5,desfavoravel,1.91,0.7,-33.4,0.879,1.088,1.867,0.533,0.15,0.098,
123005,Sidney,BAH,Meia,6,1.0,0.0,0.0,0,0.0,False,True,MIR,0.612,valor_bom,0.0,0.0,0.0,55.9,neutro,2.51,0.575,33.3,1.214,1.289,1.194,0.809,0.45,0.552,0.554
107256,Zé Vitor,VIT,Meia,2,6.64,0.0,4.79,17,0.0,False,False,SAO,1.559,valor_oculto,4.609,4.5,1.0,38.6,desfavoravel,3.16,0.2,-52.4,1.631,0.967,0.703,1.024,0.55,0.187,0.459
123016,David Braga,REM,Meia,6,4.2,1.32,1.75,12,9.5,True,False,VAS,-0.546,armadilha_leve,1.947,1.33,1.0,34.6,desfavoravel,2.12,0.7,-33.4,0.879,1.088,1.867,0.533,0.15,0.098,
127273,Artur Jorge,CRU,Técnico,7,12.31,0.46,6.66,21,10.68,True,False,RBB,-0.01,neutro,6.666,6.66,1.0,54.4,neutro,4.27,0.5,-2.4,1.318,1.015,0.853,1.406,0.7,0.295,0.551
121811,Da Silva,CHA,Meia,6,3.0,0.0,0.0,0,0.0,False,True,CAP,-2.162,armadilha_forte,0.0,0.0,0.0,46.6,neutro,2.38,0.45,-14.7,0.966,1.081,1.418,2.047,0.275,0.261,0.496
103347,Matheus Alexandre,REM,Lateral,6,4.19,0.0,1.92,11,0.0,False,False,VAS,-0.209,neutro,2.658,1.1,1.0,34.5,desfavoravel,2.35,0.5,-33.4,0.879,1.088,1.867,0.533,0.15,0.098,
97905,Matheus Aurélio,CHA,Goleiro,6,2.61,0.0,1.7,2,0.0,False,True,CAP,1.506,valor_oculto,3.17,1.7,0.25,36.3,neutro,3.22,0.275,-14.7,0.966,1.081,1.418,2.047,0.275,0.261,0.496
94034,Kevin Ramírez,CHA,Atacante,6,4.21,0.0,3.18,5,0.0,False,True,CAP,0.136,neutro,2.742,2.18,0.625,46.3,neutro,2.92,0.45,-14.7,0.966,1.081,1.418,2.047,0.275,0.261,0.496
130209,Renê,VIT,Atacante,7,9.09,-0.69,7.01,20,2.6,True,False,SAO,2.211,valor_oculto,6.427,3.16,1.0,38.4,desfavoravel,4.1,0.2,-52.4,1.631,0.967,0.703,1.024,0.55,0.187,0.459
101820,Mayk,REM,Lateral,6,5.75,0.0,3.27,14,0.0,False,False,VAS,-0.371,neutro,3.417,2.27,1.0,34.5,desfavoravel,3.26,0.5,-33.4,0.879,1.088,1.867,0.533,0.15,0.098,
149993,Iago Machado,COR,Zagueiro,6,1.11,0.0,0.6,2,0.0,False,False,PAL,1.78,valor_oculto,1.324,0.6,0.25,24.9,desfavoravel,2.32,0.225,-45.3,0.773,1.706,0.483,0.276,0.0,0.161,0.476
147089,Cauã Soares,CAM,Atacante,6,1.39,0.0,0.73,6,0.0,False,True,SAN,0.972,valor_bom,0.894,0.73,0.75,55.4,neutro,2.12,0.65,23.8,1.041,1.024,1.418,0.944,0.65,0.471,0.488
148717,Tetê,SAO,Atacante,6,0.63,0.0,-0.32,5,0.0,False,True,VIT,2.061,valor_oculto,0.503,0.0,0.625,61.7,favoravel,2.17,1.0,52.4,0.703,1.024,1.631,0.967,0.3,0.555,0.459
124264,Kauan Jesus,INT,Goleiro,6,1.0,0.0,0.0,0,0.0,False,False,GRE,0.204,neutro,0.0,0.0,0.0,42.9,neutro,2.32,0.4,-26.2,1.45,1.411,0.748,1.041,0.5,0.377,0.488
130282,Anthony,BOT,Zagueiro,6,3.0,0.0,0.0,0,0.0,False,False,CFC,-2.364,armadilha_forte,0.0,0.0,0.0,56.2,neutro,2.52,0.8,-11.9,0.69,0.864,1.097,1.974,0.325,0.375,0.529
150197,Osorio,SAO,Zagueiro,6,1.38,0.0,1.33,6,0.0,False,True,VIT,1.478,valor_bom,1.43,0.5,0.75,72.8,favoravel,3.33,0.9,52.4,0.703,1.024,1.631,0.967,0.3,0.555,0.459
130309,Rodrigo Falcão,SAN,Goleiro,6,1.0,0.0,0.0,0,0.0,False,False,CAM,0.204,neutro,0.0,0.0,0.0,41.9,neutro,2.31,0.225,-23.8,1.418,0.944,1.041,1.024,0.85,0.257,0.488
130399,Igor Felisberto,SAO,Lateral,6,1.0,0.0,0.0,0,0.0,False,True,VIT,0.507,valor_bom,0.0,0.0,0.0,72.9,favoravel,2.76,0.9,52.4,0.703,1.024,1.631,0.967,0.3,0.555,0.459
85465,Alex Santana,COR,Meia,6,4.02,0.0,0.8,1,0.0,False,False,PAL,-0.219,neutro,2.083,0.8,0.125,11.2,desfavoravel,2.54,0.05,-45.3,0.773,1.706,0.483,0.276,0.0,0.161,0.476
146701,Benjamin Arhin,INT,Meia,6,1.73,0.0,-0.3,1,0.0,False,False,GRE,0.625,valor_bom,0.919,0.0,0.125,50.7,neutro,2.67,0.625,-26.2,1.45,1.411,0.748,1.041,0.5,0.377,0.488
141405,Avellar,VAS,Lateral,6,2.8,0.0,3.45,2,0.0,False,True,REM,0.356,neutro,2.038,3.45,0.25,80.3,favoravel,3.44,0.6,33.4,1.867,0.533,0.879,1.088,0.85,0.729,
149991,David,CFC,Atacante,6,0.92,0.0,0.0,1,0.0,False,True,BOT,1.902,valor_oculto,0.904,0.0,0.125,50.8,neutro,2.66,0.8,11.9,1.097,1.974,0.69,0.864,0.2,0.351,0.529
150757,Samuel Pierri,SAN,Meia,6,1.88,0.0,0.45,2,0.0,False,False,CAM,0.449,neutro,0.947,0.45,0.25,53.3,neutro,2.6,0.625,-23.8,1.418,0.944,1.041,1.024,0.85,0.257,0.488
141795,Kauan Coutinho,VIT,Zagueiro,5,1.0,0.0,0.0,0,0.0,False,False,SAO,0.195,neutro,0.0,0.0,0.0,42.5,neutro,2.32,0.4,-52.4,1.631,0.967,0.703,1.024,0.55,0.187,0.459
143253,Wendell,VIT,Meia,6,2.0,0.0,0.0,0,0.0,False,False,SAO,-1.011,armadilha_leve,0.0,0.0,0.0,38.6,desfavoravel,2.26,0.2,-52.4,1.631,0.967,0.703,1.024,0.55,0.187,0.459
150180,Ramon Rique,VAS,Meia,6,4.31,0.0,3.08,8,0.0,False,True,REM,0.348,neutro,2.661,1.21,1.0,86.7,favoravel,3.16,0.95,33.4,1.867,0.533,0.879,1.088,0.85,0.729,
142868,Johnny,FLA,Lateral,6,0.89,0.0,0.0,1,0.0,False,True,FLU,2.75,valor_oculto,1.497,0.0,0.125,53.4,neutro,2.94,0.15,42.9,0.916,0.928,1.45,1.128,0.85,0.649,0.553
148092,Vitor Ramon,GRE,Lateral,6,1.0,0.0,0.2,1,0.0,False,True,INT,2.528,valor_oculto,1.52,0.2,0.125,56.0,neutro,2.98,0.6,26.2,0.748,1.041,1.45,1.411,0.275,0.34,0.488
149994,Jhuan Nunes,RBB,Atacante,6,1.54,0.0,1.15,2,0.0,False,True,CRU,0.914,valor_bom,1.044,1.15,0.25,47.4,neutro,2.71,0.725,2.4,0.853,1.406,1.318,1.015,0.225,0.437,0.551
147792,Koné,PAL,Zagueiro,6,2.0,0.0,0.0,0,0.0,False,True,COR,-1.302,armadilha_leve,0.0,0.0,0.0,71.5,neutro,2.74,0.475,45.3,0.483,0.276,0.773,1.706,0.75,0.6,0.476
150826,Nícollas,COR,Atacante,6,1.0,0.0,0.0,0,0.0,False,False,PAL,0.543,valor_bom,0.0,0.0,0.0,11.5,desfavoravel,1.86,0.05,-45.3,0.773,1.706,0.483,0.276,0.0,0.161,0.476
150825,Breno,RBB,Zagueiro,6,2.8,0.0,3.35,2,0.0,False,True,CRU,0.348,neutro,1.874,1.85,0.25,38.1,neutro,2.74,0.275,2.4,0.853,1.406,1.318,1.015,0.225,0.437,0.551
145660,Luiz Felipe,INT,Lateral,6,1.65,0.0,1.45,2,0.0,False,False,GRE,1.431,valor_bom,1.638,1.45,0.25,42.8,neutro,2.71,0.4,-26.2,1.45,1.411,0.748,1.041,0.5,0.377,0.488
129665,Pablo,VAS,Goleiro,6,1.0,0.0,0.0,0,0.0,False,True,REM,0.204,neutro,0.0,0.0,0.0,81.7,favoravel,2.89,0.6,33.4,1.867,0.533,0.879,1.088,0.85,0.729,
130233,Iuri,BAH,Goleiro,6,1.0,0.0,0.0,0,0.0,False,True,MIR,0.204,neutro,0.0,0.0,0.0,68.3,favoravel,2.69,0.75,33.3,1.214,1.289,1.194,0.809,0.45,0.552,0.554
144898,Vitinho,CAP,Lateral,6,1.0,0.0,0.0,0,0.0,False,False,CHA,0.507,valor_bom,0.0,0.0,0.0,58.4,neutro,2.55,0.75,14.7,1.418,2.047,0.966,1.081,0.55,0.462,0.496
132750,João Pedro,SAN,Goleiro,6,1.0,0.0,0.0,0,0.0,False,False,CAM,0.204,neutro,0.0,0.0,0.0,41.9,neutro,2.31,0.225,-23.8,1.418,0.944,1.041,1.024,0.85,0.257,0.488
150952,Arthur Monteiro,CAP,Lateral,6,1.0,0.0,0.0,0,0.0,False,False,CHA,0.507,valor_bom,0.0,0.0,0.0,58.4,neutro,2.55,0.75,14.7,1.418,2.047,0.966,1.081,0.55,0.462,0.496
150959,Davizinho,SAN,Lateral,6,2.01,0.0,1.62,4,0.0,False,False,CAM,0.896,valor_bom,1.663,0.87,0.5,41.8,neutro,2.47,0.225,-23.8,1.418,0.944,1.041,1.024,0.85,0.257,0.488
141536,Yuri Alves,RBB,Meia,6,1.55,0.0,1.05,4,0.0,False,True,CRU,1.097,valor_bom,1.064,1.05,0.5,47.2,neutro,2.31,0.725,2.4,0.853,1.406,1.318,1.015,0.225,0.437,0.551
147736,Pepê Fermino,SAN,Meia,6,1.0,0.0,0.0,0,0.0,False,False,CAM,0.612,valor_bom,0.0,0.0,0.0,53.3,neutro,2.47,0.625,-23.8,1.418,0.944,1.041,1.024,0.85,0.257,0.488
96678,Bustos,CFC,Lateral,7,3.66,-0.64,-0.35,2,-0.4,True,True,BOT,-1.564,armadilha_forte,1.278,0.0,0.25,42.2,neutro,2.56,0.35,11.9,1.097,1.974,0.69,0.864,0.2,0.351,0.529
130279,Lukas Zuccarello,VAS,Meia,6,2.32,0.0,1.3,1,0.0,False,True,REM,0.086,neutro,1.097,1.3,0.125,86.7,favoravel,3.27,0.95,33.4,1.867,0.533,0.879,1.088,0.85,0.729,
141125,Robert,CAM,Goleiro,6,1.0,0.0,0.0,0,0.0,False,True,SAN,0.204,neutro,0.0,0.0,0.0,43.4,neutro,2.33,0.05,23.8,1.041,1.024,1.418,0.944,0.65,0.471,0.488
148126,Weimar Palacios,RBB,Zagueiro,6,1.0,0.0,0.0,0,0.0,False,True,CRU,0.195,neutro,0.0,0.0,0.0,38.1,neutro,2.25,0.275,2.4,0.853,1.406,1.318,1.015,0.225,0.437,0.551
141382,Gustavo Santana,SAO,Atacante,6,3.6,0.0,3.6,4,0.0,False,True,VIT,0.793,valor_bom,2.845,1.6,0.5,61.7,favoravel,3.26,1.0,52.4,0.703,1.024,1.631,0.967,0.3,0.555,0.459
147544,Gabriel Menegon,GRE,Goleiro,6,1.81,0.0,0.0,1,0.0,False,True,INT,2.706,valor_oculto,3.71,0.0,0.125,56.6,neutro,3.85,0.6,26.2,0.748,1.041,1.45,1.411,0.275,0.34,0.488
144255,João Alencar,SAN,Zagueiro,6,1.0,0.0,0.0,0,0.0,False,False,CAM,0.195,neutro,0.0,0.0,0.0,42.1,neutro,2.31,0.225,-23.8,1.418,0.944,1.041,1.024,0.85,0.257,0.488
150995,Sayago,FLA,Meia,6,2.0,0.0,0.0,0,0.0,False,True,FLU,-1.011,armadilha_leve,0.0,0.0,0.0,61.8,neutro,2.6,0.575,42.9,0.916,0.928,1.45,1.128,0.85,0.649,0.553
