atleta_id,nome,clube,posicao,status_id,preco,variacao,media,jogos,pontos_rodada,entrou_em_campo,mandante,adversario,residuo_z,armadilha_label,media_bayesiana,pb_media,confiabilidade,score_confronto_100,condicao_mando,pontos_esperados,oportunidade_confronto,vantagem_mando,time_momentum_of,time_momentum_def,adv_momentum_of,adv_momentum_def,forma_score_time,prob_vitoria,prob_gols
147544,Gabriel Menegon,GRE,Goleiro,6,1.81,0.0,0.0,1,0.0,False,True,VAS,2.524,valor_oculto,3.592,0.0,0.125,70.8,favoravel,3.73,0.75,52.8,0.926,1.061,0.741,1.125,0.35,0.404,
150995,Sayago,FLA,Meia,6,2.0,0.0,0.0,0,0.0,False,True,COR,-1.001,armadilha_leve,0.0,0.0,0.0,60.4,neutro,1.36,0.225,36.1,1.224,0.743,0.963,1.348,0.85,0.651,
144898,Vitinho,CAP,Lateral,6,1.0,0.0,0.0,0,0.0,False,False,CFC,0.439,neutro,0.0,0.0,0.0,40.4,neutro,1.01,0.825,-2.6,1.368,1.671,1.376,1.04,0.5,0.363,
150959,Davizinho,SAN,Lateral,7,2.01,0.0,1.62,4,0.0,False,True,CRU,0.94,valor_bom,1.767,0.87,0.5,49.4,neutro,2.2,0.35,1.5,1.081,0.658,1.505,0.984,0.8,0.362,0.485
148126,Weimar Palacios,RBB,Zagueiro,6,1.0,0.0,0.0,0,0.0,False,False,BOT,0.189,neutro,0.0,0.0,0.0,50.2,neutro,1.18,0.375,-5.5,0.806,1.429,0.405,1.0,0.275,0.332,
131766,Filipinho,RBB,Atacante,6,1.0,0.0,0.0,0,0.0,False,False,BOT,0.609,valor_bom,0.0,0.0,0.0,48.3,neutro,1.15,0.9,-5.5,0.806,1.429,0.405,1.0,0.275,0.332,
145703,Kaio Nóbrega,FLA,Meia,6,1.0,0.0,0.0,0,0.0,False,True,COR,0.56,valor_bom,0.0,0.0,0.0,60.4,favoravel,1.36,0.225,36.1,1.224,0.743,0.963,1.348,0.85,0.651,
130279,Lukas Zuccarello,VAS,Meia,6,2.32,0.0,1.3,1,0.0,False,False,GRE,0.078,neutro,1.078,1.3,0.125,33.0,desfavoravel,1.57,0.6,-52.8,0.741,1.125,0.926,1.061,0.3,0.303,
144255,João Alencar,SAN,Zagueiro,6,1.0,0.0,0.0,0,0.0,False,True,CRU,0.189,neutro,0.0,0.0,0.0,47.9,neutro,1.14,0.35,1.5,1.081,0.658,1.505,0.984,0.8,0.362,0.485
147877,Cauan Farias,VIT,Zagueiro,6,1.0,0.0,0.0,0,0.0,False,False,MIR,0.189,neutro,0.0,0.0,0.0,34.7,desfavoravel,0.92,0.7,-38.4,0.624,0.843,0.897,1.3,0.45,0.213,
51413,Walter,MIR,Goleiro,7,5.06,0.0,2.69,20,0.0,False,True,VIT,-0.056,neutro,2.905,2.44,1.0,67.4,neutro,3.52,0.9,38.4,0.897,1.3,0.624,0.843,0.475,0.532,
141382,Gustavo Santana,SAO,Atacante,6,3.6,-0.97,3.6,4,1.3,True,False,PAL,-0.428,neutro,1.832,1.6,0.5,28.8,desfavoravel,1.93,0.15,-51.9,0.968,0.893,0.809,1.238,0.625,0.191,0.48
150952,Arthur Monteiro,CAP,Lateral,6,1.0,0.0,0.0,0,0.0,False,False,CFC,0.439,neutro,0.0,0.0,0.0,40.4,neutro,1.01,0.825,-2.6,1.368,1.671,1.376,1.04,0.5,0.363,
141125,Robert,CAM,Goleiro,6,1.0,0.0,0.0,0,0.0,False,True,FLU,0.168,neutro,0.0,0.0,0.0,60.5,favoravel,1.36,0.25,33.4,1.094,0.833,1.3,1.137,0.55,0.413,
141536,Yuri Alves,RBB,Meia,6,1.55,0.0,1.05,4,0.0,False,False,BOT,1.056,valor_bom,1.05,1.05,0.5,49.4,neutro,1.79,0.9,-5.5,0.806,1.429,0.405,1.0,0.275,0.332,
147736,Pepê Fermino,SAN,Meia,5,1.0,0.0,0.0,0,0.0,False,True,CRU,0.56,valor_bom,0.0,0.0,0.0,56.5,neutro,1.29,0.725,1.5,1.081,0.658,1.505,0.984,0.8,0.362,0.485
151003,Eduardo,PAL,Atacante,6,1.0,0.0,0.0,0,0.0,False,True,SAO,0.609,valor_bom,0.0,0.0,0.0,47.5,neutro,1.14,0.325,51.9,0.809,1.238,0.968,0.893,0.525,0.548,0.48
146663,Kauan Lima,PAL,Goleiro,6,1.0,0.0,0.0,0,0.0,False,True,SAO,0.168,neutro,0.0,0.0,0.0,64.6,favoravel,1.43,0.8,51.9,0.809,1.238,0.968,0.893,0.525,0.548,0.48
107203,Max,CHA,Meia,5,4.39,0.0,1.85,2,0.0,False,True,INT,-0.308,neutro,2.163,1.85,0.25,56.4,neutro,2.91,0.575,0.0,1.481,0.9,0.929,1.071,0.575,0.303,0.481
114208,Alejo Véliz,BAH,Atacante,7,8.1,0.69,6.31,7,10.7,True,True,REM,1.617,valor_oculto,5.485,2.17,0.875,83.4,favoravel,5.23,0.95,30.7,1.43,1.137,1.04,1.088,0.875,0.645,
37715,Thiago Silva,FLU,Zagueiro,6,6.83,0.0,3.1,3,0.0,False,False,CAM,0.336,neutro,3.727,2.1,0.375,40.7,neutro,3.88,0.2,-33.4,1.3,1.137,1.094,0.833,0.825,0.284,
94214,Léo Duarte,CAM,Zagueiro,5,5.0,0.0,0.0,0,0.0,False,True,FLU,-3.379,armadilha_forte,0.0,0.0,0.0,60.5,neutro,1.36,0.25,33.4,1.094,0.833,1.3,1.137,0.55,0.413,
145413,Rafael Coutinho,PAL,Meia,6,1.0,0.0,0.0,0,0.0,False,True,SAO,0.56,valor_bom,0.0,0.0,0.0,47.5,neutro,1.14,0.325,51.9,0.809,1.238,0.968,0.893,0.525,0.548,0.48
98617,Maripán,INT,Zagueiro,7,4.25,0.0,2.5,7,0.0,False,False,CHA,0.293,neutro,2.635,1.64,0.875,38.3,neutro,2.77,0.55,0.0,0.929,1.071,1.481,0.9,0.225,0.416,0.481
151120,Jorge Rivaldo,CAP,Atacante,6,3.52,0.0,0.17,3,0.0,False,False,CFC,-1.83,armadilha_forte,0.735,0.17,0.375,54.6,neutro,1.7,0.65,-2.6,1.368,1.671,1.376,1.04,0.5,0.363,
130307,Wallace,GRE,Zagueiro,7,4.82,-0.67,3.06,5,1.2,True,True,VAS,0.248,neutro,2.871,1.86,0.625,70.7,favoravel,3.97,0.75,52.8,0.926,1.061,0.741,1.125,0.35,0.404,
108946,Victor Sá,SAO,Atacante,6,6.08,0.0,2.7,4,0.0,False,False,PAL,0.776,valor_bom,4.075,1.45,0.5,28.8,desfavoravel,3.27,0.15,-51.9,0.968,0.893,0.809,1.238,0.625,0.191,0.48
106907,Rafael Lacerda,CHA,Técnico,7,8.57,0.08,5.35,7,5.77,True,True,INT,0.05,neutro,5.111,5.35,0.875,55.7,neutro,3.25,0.575,0.0,1.481,0.9,0.929,1.071,0.575,0.303,0.481
97101,Gabriel Rojas,CRU,Lateral,2,5.91,-0.81,3.02,6,-0.5,True,False,SAN,-0.498,neutro,3.316,2.52,0.75,58.7,neutro,3.09,0.6,-1.5,1.505,0.984,1.081,0.658,0.75,0.346,0.485
130443,Luciano,CHA,Zagueiro,6,1.0,0.0,0.0,0,0.0,False,True,INT,0.189,neutro,0.0,0.0,0.0,60.3,neutro,1.36,0.55,0.0,1.481,0.9,0.929,1.071,0.575,0.303,0.481
103626,Ocampo,CFC,Atacante,5,4.51,0.0,1.1,3,0.0,False,True,CAP,-0.782,armadilha_leve,2.133,1.1,0.375,53.4,neutro,2.5,0.325,2.6,1.376,1.04,1.368,1.671,0.625,0.324,
101995,Brítez,VIT,Zagueiro,6,5.71,0.79,3.18,6,6.5,True,False,MIR,-0.134,neutro,2.936,2.18,0.75,34.7,desfavoravel,3.59,0.7,-38.4,0.624,0.843,0.897,1.3,0.45,0.213,
124369,Léo Aragão,CRU,Goleiro,6,2.0,0.0,0.0,0,0.0,False,False,SAN,-0.868,armadilha_leve,0.0,0.0,0.0,56.9,neutro,1.3,0.6,-1.5,1.505,0.984,1.081,0.658,0.75,0.346,0.485
102310,Matheus Felipe,REM,Zagueiro,6,4.14,0.0,2.7,2,0.0,False,False,BAH,0.493,neutro,2.742,1.2,0.25,29.0,desfavoravel,2.52,0.45,-30.7,1.04,1.088,1.43,1.137,0.125,0.139,
99267,Pochettino,VIT,Meia,6,4.62,-0.78,2.2,7,-0.3,True,False,MIR,-0.388,neutro,2.222,2.2,0.875,47.2,neutro,2.35,0.95,-38.4,0.624,0.843,0.897,1.3,0.45,0.213,
106199,Gabriel Pec,CRU,Atacante,5,7.94,0.0,4.1,1,0.0,False,False,SAN,0.621,valor_bom,4.689,4.1,0.125,59.0,neutro,4.22,0.775,-1.5,1.505,0.984,1.081,0.658,0.75,0.346,0.485
112985,Peralta,CRU,Meia,5,4.0,0.0,0.0,0,0.0,False,False,SAN,-2.967,armadilha_forte,0.0,0.0,0.0,60.4,neutro,1.36,0.775,-1.5,1.505,0.984,1.081,0.658,0.75,0.346,0.485
123445,Dantas,CAP,Zagueiro,6,5.1,-1.28,2.92,4,-0.9,True,False,CFC,0.019,neutro,2.809,1.67,0.5,39.1,neutro,2.65,0.825,-2.6,1.368,1.671,1.376,1.04,0.5,0.363,
151294,Juan Ferreira,CHA,Meia,6,1.0,0.0,0.0,0,0.0,False,True,INT,0.56,valor_bom,0.0,0.0,0.0,56.4,neutro,1.29,0.575,0.0,1.481,0.9,0.929,1.071,0.575,0.303,0.481
120681,Marco Moreno,BAH,Zagueiro,6,4.0,0.0,0.0,0,0.0,False,True,REM,-2.787,armadilha_forte,0.0,0.0,0.0,69.9,neutro,1.52,0.55,30.7,1.43,1.137,1.04,1.088,0.875,0.645,
105901,Edson Fernando,REM,Meia,3,1.76,-0.86,-1.05,2,-1.8,True,False,BAH,0.179,neutro,0.63,0.0,0.25,33.7,desfavoravel,1.3,0.375,-30.7,1.04,1.088,1.43,1.137,0.125,0.139,
128177,Pedro Emanuel,VAS,Técnico,7,9.57,-0.73,5.01,6,3.27,True,False,GRE,-1.142,armadilha_leve,5.132,5.01,0.75,32.9,desfavoravel,3.84,0.6,-52.8,0.741,1.125,0.926,1.061,0.3,0.303,
141763,Fabiano Souza,VIT,Lateral,6,3.85,0.0,0.23,3,0.0,False,False,MIR,-1.393,armadilha_leve,1.402,0.23,0.375,35.9,desfavoravel,3.46,0.7,-38.4,0.624,0.843,0.897,1.3,0.45,0.213,
109114,Matheus Nascimento,GRE,Atacante,6,4.0,0.0,0.0,0,0.0,False,True,VAS,-3.243,armadilha_forte,0.0,0.0,0.0,63.4,neutro,1.41,0.9,52.8,0.926,1.061,0.741,1.125,0.35,0.404,
99034,Elias,MIR,Lateral,6,3.41,0.0,1.8,1,0.0,False,True,VIT,-0.494,neutro,1.836,1.8,0.125,69.4,neutro,2.64,0.9,38.4,0.897,1.3,0.624,0.843,0.475,0.532,
117061,Gabriel Knesowitsch,MIR,Zagueiro,7,1.46,-0.14,-0.28,5,0.0,True,True,VIT,0.614,valor_bom,0.893,0.0,0.625,67.4,favoravel,1.58,0.9,38.4,0.897,1.3,0.624,0.843,0.475,0.532,
103967,Bruno Santos,MIR,Atacante,7,5.04,1.62,2.87,7,10.6,True,True,VIT,-0.427,neutro,2.684,1.73,0.875,65.9,neutro,2.26,1.0,38.4,0.897,1.3,0.624,0.843,0.475,0.532,
122121,Túlio Eduardo,CHA,Atacante,7,6.02,-1.59,4.54,5,-1.9,True,True,INT,1.622,valor_oculto,4.677,1.34,0.625,55.0,neutro,3.84,0.575,0.0,1.481,0.9,0.929,1.071,0.575,0.303,0.481
103562,Guido Herrera,BAH,Goleiro,6,6.0,0.0,0.0,0,0.0,False,True,REM,-3.032,armadilha_forte,0.0,0.0,0.0,69.9,neutro,1.52,0.55,30.7,1.43,1.137,1.04,1.088,0.875,0.645,
101352,Bruno Matias,CHA,Meia,2,2.99,-1.3,2.19,7,-0.3,True,True,INT,0.058,neutro,1.582,2.19,0.875,56.4,neutro,2.13,0.575,0.0,1.481,0.9,0.929,1.071,0.575,0.303,0.481
113558,Bruninho,RBB,Meia,6,4.0,0.0,0.0,0,0.0,False,False,BOT,-2.967,armadilha_forte,0.0,0.0,0.0,49.4,neutro,1.17,0.9,-5.5,0.806,1.429,0.405,1.0,0.275,0.332,
98333,Gabriel Batista,BOT,Goleiro,7,5.41,2.55,4.43,3,11.5,True,True,RBB,1.018,valor_bom,4.261,2.76,0.375,45.7,neutro,3.63,0.55,5.5,0.405,1.0,0.806,1.429,0.2,0.383,
91130,Fernandinho,MIR,Atacante,2,3.68,-0.41,2.1,6,-0.6,True,True,VIT,0.183,neutro,2.34,2.1,0.75,65.9,favoravel,2.67,1.0,38.4,0.897,1.3,0.624,0.843,0.475,0.532,
118806,Buta,SAO,Lateral,5,5.94,0.0,4.0,1,0.0,False,False,PAL,-0.187,neutro,3.589,4.0,0.125,38.9,desfavoravel,3.22,0.125,-51.9,0.968,0.893,0.809,1.238,0.625,0.191,0.48
122321,Lorran,FLA,Meia,6,8.0,0.0,5.93,3,0.0,False,True,COR,0.997,valor_bom,4.568,4.26,0.375,60.4,favoravel,4.0,0.225,36.1,1.224,0.743,0.963,1.348,0.85,0.651,
151405,Victor Hugo,BOT,Meia,6,1.0,0.0,0.0,0,0.0,False,True,RBB,0.56,valor_bom,0.0,0.0,0.0,29.3,neutro,0.82,0.225,5.5,0.405,1.0,0.806,1.429,0.2,0.383,
91204,Warleson,BOT,Goleiro,6,6.12,0.0,5.67,3,0.0,False,True,RBB,1.053,valor_bom,4.599,4.0,0.375,45.7,neutro,3.83,0.55,5.5,0.405,1.0,0.806,1.429,0.2,0.383,
151404,Lucas Emanuel,BOT,Atacante,6,1.45,0.0,1.4,1,0.0,False,True,RBB,1.098,valor_bom,0.998,1.4,0.125,29.0,neutro,1.45,0.225,5.5,0.405,1.0,0.806,1.429,0.2,0.383,
126996,Paulinho,VAS,Lateral,6,4.0,0.0,0.0,0,0.0,False,False,GRE,-3.2,armadilha_forte,0.0,0.0,0.0,28.7,desfavoravel,0.81,0.125,-52.8,0.741,1.125,0.926,1.061,0.3,0.303,
146833,Cléber Lucas,BOT,Goleiro,6,1.0,0.0,0.0,0,0.0,False,True,RBB,0.168,neutro,0.0,0.0,0.0,45.7,neutro,1.11,0.55,5.5,0.405,1.0,0.806,1.429,0.2,0.383,
151406,Herick,BOT,Zagueiro,6,1.0,0.0,0.0,0,0.0,False,True,RBB,0.189,neutro,0.0,0.0,0.0,45.8,neutro,1.11,0.55,5.5,0.405,1.0,0.806,1.429,0.2,0.383,
97450,Gustavo Mosquito,MIR,Atacante,2,5.87,1.72,3.2,5,10.2,True,True,VIT,-0.836,armadilha_leve,2.782,1.6,0.625,65.9,neutro,3.31,1.0,38.4,0.897,1.3,0.624,0.843,0.475,0.532,
146624,Heittor,PAL,Atacante,6,1.15,0.0,0.53,3,0.0,False,True,SAO,1.426,valor_bom,0.834,0.53,0.375,47.5,neutro,1.65,0.325,51.9,0.809,1.238,0.968,0.893,0.525,0.548,0.48
91626,Paulinho,BOT,Lateral,5,4.4,0.0,-0.3,1,0.0,False,True,RBB,0.235,neutro,3.111,0.0,0.125,47.3,neutro,3.06,0.55,5.5,0.405,1.0,0.806,1.429,0.2,0.383,
141339,Paulo Roberto,CFC,Atacante,6,5.18,-0.58,4.65,6,1.5,True,True,CAP,0.484,neutro,3.433,1.15,0.75,53.4,neutro,3.09,0.325,2.6,1.376,1.04,1.368,1.671,0.625,0.324,
131762,Isac,SAO,Zagueiro,6,1.0,0.0,0.0,0,0.0,False,False,PAL,0.189,neutro,0.0,0.0,0.0,37.7,desfavoravel,0.97,0.125,-51.9,0.968,0.893,0.809,1.238,0.625,0.191,0.48
150842,Gabriel Vinicius,INT,Meia,6,1.0,0.0,0.0,0,0.0,False,False,CHA,0.56,valor_bom,0.0,0.0,0.0,55.1,neutro,1.27,1.0,0.0,0.929,1.071,1.481,0.9,0.225,0.416,0.481
107093,Luciano Juba,BAH,Lateral,7,11.86,1.46,7.1,22,11.2,True,True,REM,0.997,valor_bom,6.612,3.74,1.0,71.9,favoravel,5.47,0.55,30.7,1.43,1.137,1.04,1.088,0.875,0.645,
151436,Miguel Bilong,PAL,Atacante,6,2.0,0.0,0.0,0,0.0,False,True,SAO,-1.095,armadilha_leve,0.0,0.0,0.0,47.5,neutro,1.14,0.325,51.9,0.809,1.238,0.968,0.893,0.525,0.548,0.48
146964,Filipe Sirio,INT,Goleiro,6,1.0,0.0,0.0,0,0.0,False,False,CHA,0.168,neutro,0.0,0.0,0.0,38.1,neutro,0.98,0.55,0.0,0.929,1.071,1.481,0.9,0.225,0.416,0.481
124483,Lucas Monzón,BOT,Zagueiro,6,4.19,0.64,2.1,3,4.7,True,True,RBB,0.256,neutro,2.575,1.1,0.375,45.8,neutro,2.64,0.55,5.5,0.405,1.0,0.806,1.429,0.2,0.383,
150841,Fabricio Prado,INT,Atacante,6,1.0,0.0,0.0,0,0.0,False,False,CHA,0.609,valor_bom,0.0,0.0,0.0,54.2,neutro,1.25,1.0,0.0,0.929,1.071,1.481,0.9,0.225,0.416,0.481
144424,Vitor Lamounier,CRU,Goleiro,6,2.0,0.0,0.0,0,0.0,False,False,SAN,-0.868,armadilha_leve,0.0,0.0,0.0,56.9,neutro,1.3,0.6,-1.5,1.505,0.984,1.081,0.658,0.75,0.346,0.485
151440,Gutte,CAM,Meia,6,1.0,0.0,0.0,0,0.0,False,True,FLU,0.56,valor_bom,0.0,0.0,0.0,57.8,neutro,1.31,0.575,33.4,1.094,0.833,1.3,1.137,0.55,0.413,
151412,Kássio,CHA,Atacante,6,1.49,0.0,1.5,1,0.0,False,True,INT,1.045,valor_bom,1.009,1.5,0.125,55.0,neutro,1.89,0.575,0.0,1.481,0.9,0.929,1.071,0.575,0.303,0.481
106950,Fernando,CHA,Lateral,6,4.35,-0.36,2.85,6,-0.2,True,True,INT,0.43,neutro,3.243,2.35,0.75,62.1,neutro,3.71,0.55,0.0,1.481,0.9,0.929,1.071,0.575,0.303,0.481
147468,Wellington,CHA,Goleiro,6,1.0,0.0,0.0,0,0.0,False,True,INT,0.168,neutro,0.0,0.0,0.0,60.3,neutro,1.36,0.55,0.0,1.481,0.9,0.929,1.071,0.575,0.303,0.481
144976,Domingos Andrade,BOT,Meia,6,5.04,0.0,1.5,1,0.0,False,True,RBB,-0.752,armadilha_leve,2.159,1.5,0.125,29.3,neutro,2.18,0.225,5.5,0.405,1.0,0.806,1.429,0.2,0.383,
109461,Calebe,INT,Meia,6,4.65,0.0,0.83,3,0.0,False,False,CHA,-0.908,armadilha_leve,1.856,0.83,0.375,55.1,neutro,2.27,1.0,0.0,0.929,1.071,1.481,0.9,0.225,0.416,0.481
109097,Jovane Cabral,GRE,Atacante,5,7.61,0.0,3.47,3,0.0,False,True,VAS,0.404,neutro,4.41,1.8,0.375,63.4,favoravel,4.22,0.9,52.8,0.926,1.061,0.741,1.125,0.35,0.404,
122670,Diego Caito,GRE,Lateral,7,5.84,-0.23,4.04,5,2.8,True,True,VAS,0.041,neutro,3.731,2.84,0.625,72.8,favoravel,4.12,0.75,52.8,0.926,1.061,0.741,1.125,0.35,0.404,
117314,Thiago Borbas,CAM,Atacante,5,5.75,0.0,4.3,3,0.0,False,True,FLU,-0.461,neutro,3.006,1.63,0.375,56.8,neutro,3.05,0.575,33.4,1.094,0.833,1.3,1.137,0.55,0.413,
95541,Gustavo Cazonatti,MIR,Meia,6,3.42,-0.5,2.33,6,0.0,True,True,VIT,0.614,valor_bom,2.279,2.33,0.75,66.3,favoravel,2.3,1.0,38.4,0.897,1.3,0.624,0.843,0.475,0.532,
114801,Danilo Pereira,BOT,Atacante,7,5.78,0.23,3.58,5,4.0,True,True,RBB,-0.585,armadilha_leve,2.928,2.58,0.625,29.0,neutro,2.57,0.225,5.5,0.405,1.0,0.806,1.429,0.2,0.383,
141160,Zé Lucas,CRU,Meia,6,5.23,-1.46,2.62,5,0.0,True,False,SAN,-0.56,armadilha_leve,2.387,2.62,0.625,60.4,neutro,2.67,0.775,-1.5,1.505,0.984,1.081,0.658,0.75,0.346,0.485
147878,Alejandro,VIT,Meia,6,2.0,0.0,0.0,0,0.0,False,False,MIR,-1.001,armadilha_leve,0.0,0.0,0.0,47.2,neutro,1.13,0.95,-38.4,0.624,0.843,0.897,1.3,0.45,0.213,
151292,Felipe Morais,CRU,Meia,6,4.28,0.0,4.7,3,0.0,False,False,SAN,0.792,valor_bom,2.912,3.03,0.375,60.4,neutro,3.05,0.775,-1.5,1.505,0.984,1.081,0.658,0.75,0.346,0.485
127871,Vargas,CAP,Atacante,6,7.22,-1.17,3.86,5,-0.3,True,False,CFC,0.607,valor_bom,4.416,1.26,0.625,54.6,neutro,3.69,0.65,-2.6,1.368,1.671,1.376,1.04,0.5,0.363,
114323,Colidio,VAS,Atacante,7,8.76,-1.03,5.93,4,2.5,True,False,GRE,0.875,valor_bom,5.152,3.93,0.5,32.5,desfavoravel,3.95,0.6,-52.8,0.741,1.125,0.926,1.061,0.3,0.303,
142764,Franco Rossi,CHA,Atacante,6,3.91,0.0,2.4,4,0.0,False,True,INT,0.171,neutro,2.481,2.4,0.5,55.0,neutro,2.68,0.575,0.0,1.481,0.9,0.929,1.071,0.575,0.303,0.481
141344,Vitor Tissi,CFC,Meia,6,1.26,-0.19,0.9,6,0.5,True,True,CAP,1.433,valor_bom,0.986,0.9,0.75,54.8,neutro,1.82,0.325,2.6,1.376,1.04,1.368,1.671,0.625,0.324,
106313,Domingos Duarte,SAO,Zagueiro,7,8.38,1.06,6.12,4,9.7,True,False,PAL,0.922,valor_bom,4.681,5.37,0.5,37.7,desfavoravel,3.73,0.125,-51.9,0.968,0.893,0.809,1.238,0.625,0.191,0.48
100596,Krovinovic,GRE,Meia,7,4.67,-0.41,1.98,4,0.8,True,True,VAS,-0.515,armadilha_leve,2.154,1.98,0.5,64.7,neutro,2.64,0.9,52.8,0.926,1.061,0.741,1.125,0.35,0.404,
117909,Wesley,CRU,Atacante,7,7.7,-0.76,2.68,4,0.5,True,False,SAN,-0.098,neutro,4.069,0.68,0.5,59.0,neutro,3.62,0.775,-1.5,1.505,0.984,1.081,0.658,0.75,0.346,0.485
73476,Marcão,FLU,Técnico,7,12.95,0.62,7.87,4,9.7,True,False,CAM,0.453,neutro,7.0,7.87,0.5,51.3,neutro,4.69,0.7,-33.4,1.3,1.137,1.094,0.833,0.825,0.284,
130121,João Costa,CRU,Atacante,6,3.28,-0.86,1.08,5,-0.3,True,False,SAN,-1.247,armadilha_leve,0.998,1.08,0.625,59.0,neutro,1.9,0.775,-1.5,1.505,0.984,1.081,0.658,0.75,0.346,0.485
147201,João Kempes,INT,Meia,6,2.0,0.0,0.0,0,0.0,False,False,CHA,-1.001,armadilha_leve,0.0,0.0,0.0,55.1,neutro,1.27,1.0,0.0,0.929,1.071,1.481,0.9,0.225,0.416,0.481
86864,Marlon,REM,Lateral,7,6.24,0.16,4.25,4,5.2,True,False,BAH,-0.132,neutro,3.775,4.25,0.5,30.1,desfavoravel,4.45,0.45,-30.7,1.04,1.088,1.43,1.137,0.125,0.139,
130444,Rodrigo,CHA,Atacante,6,1.0,0.0,0.0,0,0.0,False,True,INT,0.609,valor_bom,0.0,0.0,0.0,55.0,neutro,1.26,0.575,0.0,1.481,0.9,0.929,1.071,0.575,0.303,0.481
151492,Marquinhos,RBB,Lateral,6,1.0,0.0,0.0,0,0.0,False,False,BOT,0.439,neutro,0.0,0.0,0.0,51.7,neutro,1.21,0.375,-5.5,0.806,1.429,0.405,1.0,0.275,0.332,
86777,Danilo Barbosa,GRE,Meia,6,4.61,-0.1,0.73,3,2.0,True,True,VAS,-0.917,armadilha_leve,1.829,0.73,0.375,64.7,neutro,2.49,0.9,52.8,0.926,1.061,0.741,1.125,0.35,0.404,
123795,Lucho Rodríguez,CRU,Atacante,6,7.16,-0.88,2.8,3,0.0,True,False,SAN,0.385,neutro,4.228,1.13,0.375,59.0,neutro,3.79,0.775,-1.5,1.505,0.984,1.081,0.658,0.75,0.346,0.485
87747,Yago Felipe,CHA,Meia,7,8.98,-0.57,6.87,4,3.1,True,True,INT,1.181,valor_bom,4.995,5.62,0.5,56.4,neutro,4.11,0.575,0.0,1.481,0.9,0.929,1.071,0.575,0.303,0.481
104649,Heitor,CHA,Lateral,2,8.3,1.1,7.05,4,9.2,True,True,INT,1.384,valor_bom,5.863,5.05,0.5,62.1,neutro,4.65,0.55,0.0,1.481,0.9,0.929,1.071,0.575,0.303,0.481
102255,Santiago Sosa,VAS,Meia,7,8.81,0.29,4.93,4,6.9,True,False,GRE,0.365,neutro,4.348,4.93,0.5,33.0,desfavoravel,3.48,0.6,-52.8,0.741,1.125,0.926,1.061,0.3,0.303,
77510,Fred,CAM,Meia,7,7.61,-0.33,1.05,2,2.2,True,True,FLU,-0.35,neutro,3.455,1.05,0.25,57.8,neutro,3.38,0.575,33.4,1.094,0.833,1.3,1.137,0.55,0.413,
124961,Castaño,CAM,Meia,7,5.24,-0.43,0.77,3,1.5,True,True,FLU,-1.312,armadilha_leve,1.84,0.77,0.375,57.8,neutro,2.39,0.575,33.4,1.094,0.833,1.3,1.137,0.55,0.413,
106843,Borrero,CHA,Meia,6,4.04,0.0,1.5,2,0.0,False,True,INT,-0.145,neutro,2.093,1.5,0.25,56.4,neutro,2.55,0.575,0.0,1.481,0.9,0.929,1.071,0.575,0.303,0.481
140908,Bruno Bertinato,PAL,Goleiro,6,3.0,0.0,0.0,0,0.0,False,True,SAO,-1.603,armadilha_forte,0.0,0.0,0.0,64.6,neutro,1.43,0.8,51.9,0.809,1.238,0.968,0.893,0.525,0.548,0.48
151632,Lemos,CAM,Zagueiro,6,1.0,0.0,0.0,0,0.0,False,True,FLU,0.189,neutro,0.0,0.0,0.0,60.5,favoravel,1.36,0.25,33.4,1.094,0.833,1.3,1.137,0.55,0.413,
151289,Kelvin,CRU,Zagueiro,6,1.0,0.0,0.0,0,0.0,False,False,SAN,0.189,neutro,0.0,0.0,0.0,56.9,neutro,1.3,0.6,-1.5,1.505,0.984,1.081,0.658,0.75,0.346,0.485
101237,Eliasson,INT,Atacante,6,3.48,-0.53,0.17,3,0.0,True,False,CHA,-1.792,armadilha_forte,0.735,0.17,0.375,54.2,neutro,1.7,1.0,0.0,0.929,1.071,1.481,0.9,0.225,0.416,0.481
146814,Josmar,FLA,Atacante,6,2.0,0.0,0.0,0,0.0,False,True,COR,-1.095,armadilha_leve,0.0,0.0,0.0,60.8,neutro,1.36,0.225,36.1,1.224,0.743,0.963,1.348,0.85,0.651,
85035,Sanabria,INT,Atacante,7,4.49,-0.7,-0.3,2,-0.3,True,False,CHA,-1.003,armadilha_leve,1.957,0.0,0.25,54.2,neutro,2.43,1.0,0.0,0.929,1.071,1.481,0.9,0.225,0.416,0.481
107300,Alex Bruno,VIT,Atacante,6,4.03,0.0,1.3,1,0.0,False,False,MIR,-0.06,neutro,2.385,1.3,0.125,46.1,neutro,2.59,0.95,-38.4,0.624,0.843,0.897,1.3,0.45,0.213,
145781,Bruno André,VAS,Zagueiro,6,1.0,0.0,0.0,0,0.0,False,False,GRE,0.189,neutro,0.0,0.0,0.0,27.7,desfavoravel,0.8,0.125,-52.8,0.741,1.125,0.926,1.061,0.3,0.303,
151600,Miguel Carvalho,CHA,Meia,6,4.92,0.21,3.0,2,2.9,True,True,INT,-0.356,neutro,2.393,3.0,0.25,56.4,neutro,2.73,0.575,0.0,1.481,0.9,0.929,1.071,0.575,0.303,0.481
138941,Bruno Duarte,VAS,Atacante,6,6.48,0.48,3.0,1,3.0,True,False,GRE,1.207,valor_bom,4.567,3.0,0.125,32.5,desfavoravel,3.73,0.6,-52.8,0.741,1.125,0.926,1.061,0.3,0.303,
130252,Euder,VAS,Meia,6,1.0,0.0,0.0,0,0.0,False,False,GRE,0.56,valor_bom,0.0,0.0,0.0,33.0,desfavoravel,0.89,0.6,-52.8,0.741,1.125,0.926,1.061,0.3,0.303,
141954,Khensane,CFC,Meia,6,1.0,0.0,0.0,0,0.0,False,True,CAP,0.56,valor_bom,0.0,0.0,0.0,54.8,neutro,1.26,0.325,2.6,1.376,1.04,1.368,1.671,0.625,0.324,
111412,Arthur Chaves,BOT,Zagueiro,6,6.0,0.0,0.0,0,0.0,False,True,RBB,-3.88,armadilha_forte,0.0,0.0,0.0,45.8,neutro,1.11,0.55,5.5,0.405,1.0,0.806,1.429,0.2,0.383,
151742,André Lucas,PAL,Lateral,6,1.0,0.0,0.0,0,0.0,False,True,SAO,0.439,neutro,0.0,0.0,0.0,66.5,favoravel,1.46,0.8,51.9,0.809,1.238,0.968,0.893,0.525,0.548,0.48
140167,Luizinho,COR,Atacante,6,1.0,0.0,0.0,0,0.0,False,False,FLA,0.609,valor_bom,0.0,0.0,0.0,17.9,desfavoravel,0.63,0.05,-36.1,0.963,1.348,1.224,0.743,0.1,0.137,
132553,Jemmes,FLU,Zagueiro,5,6.09,0.0,3.36,17,0.0,False,False,CAM,0.445,neutro,3.553,2.54,1.0,40.7,neutro,2.64,0.2,-33.4,1.3,1.137,1.094,0.833,0.825,0.284,
109573,Martinelli,FLU,Meia,7,5.89,0.39,2.43,18,5.2,True,False,CAM,-0.206,neutro,2.931,1.87,1.0,51.9,neutro,2.98,0.7,-33.4,1.3,1.137,1.094,0.833,0.825,0.284,
141335,Lucas Crepaldi,CFC,Atacante,6,1.0,0.0,0.0,0,0.0,False,True,CAP,0.609,valor_bom,0.0,0.0,0.0,53.4,neutro,1.24,0.325,2.6,1.376,1.04,1.368,1.671,0.625,0.324,
144889,Victor Gabriel,PAL,Meia,6,1.0,0.0,0.0,0,0.0,False,True,SAO,0.56,valor_bom,0.0,0.0,0.0,47.5,neutro,1.14,0.325,51.9,0.809,1.238,0.968,0.893,0.525,0.548,0.48
73992,Rodinei,SAN,Lateral,6,7.0,0.0,0.0,0,0.0,False,True,CRU,-5.066,armadilha_forte,0.0,0.0,0.0,49.4,neutro,1.17,0.35,1.5,1.081,0.658,1.505,0.984,0.8,0.362,0.485
108602,Valencia,FLA,Atacante,6,5.91,-0.09,1.5,1,1.5,True,True,COR,-1.365,armadilha_leve,2.407,1.5,0.125,60.8,neutro,2.85,0.225,36.1,1.224,0.743,0.963,1.348,0.85,0.651,
106593,Villalba,CRU,Zagueiro,2,6.47,-1.05,2.87,14,1.5,True,False,SAN,-0.076,neutro,3.267,1.51,1.0,56.9,neutro,2.94,0.6,-1.5,1.505,0.984,1.081,0.658,0.75,0.346,0.485
97810,Erick,VIT,Atacante,7,7.55,-0.94,4.06,21,0.3,True,False,MIR,0.224,neutro,4.254,1.96,1.0,46.1,neutro,2.75,0.95,-38.4,0.624,0.843,0.897,1.3,0.45,0.213,
150251,Joaquín Freitas,FLA,Atacante,6,3.83,-0.17,0.7,1,0.7,True,True,COR,0.022,neutro,2.319,0.7,0.125,60.8,favoravel,2.79,0.225,36.1,1.224,0.743,0.963,1.348,0.85,0.651,
69012,Santos,CAP,Goleiro,6,7.97,0.0,4.21,22,0.0,False,False,CFC,0.111,neutro,4.207,2.62,1.0,38.9,neutro,4.89,0.825,-2.6,1.368,1.671,1.376,1.04,0.5,0.363,
149807,Wanderson,VIT,Lateral,6,1.0,0.0,0.0,0,0.0,False,False,MIR,0.439,neutro,0.0,0.0,0.0,35.9,desfavoravel,0.94,0.7,-38.4,0.624,0.843,0.897,1.3,0.45,0.213,
105949,Rochet,INT,Goleiro,5,6.28,0.0,3.33,11,0.0,False,False,CHA,0.185,neutro,3.695,1.97,1.0,38.1,neutro,2.49,0.55,0.0,0.929,1.071,1.481,0.9,0.225,0.416,0.481
92171,Arthur Cabral,BOT,Atacante,6,9.11,-0.85,5.74,19,-0.8,True,True,RBB,1.129,valor_bom,5.451,2.53,1.0,29.0,neutro,3.44,0.225,5.5,0.405,1.0,0.806,1.429,0.2,0.383,
68685,Alan Patrick,INT,Meia,7,6.82,-1.82,3.89,21,-0.6,True,False,CHA,0.676,valor_bom,3.936,2.7,1.0,55.1,neutro,4.31,1.0,0.0,0.929,1.071,1.481,0.9,0.225,0.416,0.481
122390,Rodrigo Gelado,CFC,Lateral,6,2.0,0.0,0.0,0,0.0,False,True,CAP,-1.171,armadilha_leve,0.0,0.0,0.0,51.1,neutro,1.2,0.4,2.6,1.376,1.04,1.368,1.671,0.625,0.324,
63007,Neymar,SAN,Meia,5,18.9,0.0,9.78,12,0.0,False,True,CRU,1.927,valor_oculto,7.491,6.45,1.0,56.5,neutro,6.05,0.725,1.5,1.081,0.658,1.505,0.984,0.8,0.362,0.485
68928,Rafael,SAO,Goleiro,7,7.48,0.48,3.23,25,5.0,True,False,PAL,-0.411,neutro,3.465,2.23,1.0,37.5,desfavoravel,4.29,0.125,-51.9,0.968,0.893,0.809,1.238,0.625,0.191,0.48
42234,Cássio,CRU,Goleiro,6,6.89,0.0,1.32,5,0.0,False,False,SAN,-0.563,armadilha_leve,3.091,1.32,0.625,56.9,neutro,3.0,0.6,-1.5,1.505,0.984,1.081,0.658,0.75,0.346,0.485
103056,Gabriel Brazão,SAN,Goleiro,7,5.52,-0.63,2.92,21,2.4,True,True,CRU,0.088,neutro,3.273,1.73,1.0,47.8,neutro,3.96,0.35,1.5,1.081,0.658,1.505,0.984,0.8,0.362,0.485
93637,Bruno Tubarão,CHA,Lateral,5,3.17,0.0,1.1,1,0.0,False,True,INT,-0.364,neutro,1.759,1.1,0.125,62.1,neutro,3.0,0.55,0.0,1.481,0.9,0.929,1.071,0.575,0.303,0.481
96591,Renan Lodi,CAM,Lateral,7,9.75,-0.44,5.18,22,2.4,True,True,FLU,0.016,neutro,5.204,3.68,1.0,62.3,favoravel,4.69,0.25,33.4,1.094,0.833,1.3,1.137,0.55,0.413,
107908,Hugo,COR,Lateral,6,4.0,0.0,0.0,0,0.0,False,False,FLA,-3.2,armadilha_forte,0.0,0.0,0.0,27.5,desfavoravel,0.79,0.0,-36.1,0.963,1.348,1.224,0.743,0.1,0.137,
72294,Everson,CAM,Goleiro,5,9.67,0.0,4.58,23,0.0,False,True,FLU,-0.086,neutro,4.481,3.06,1.0,60.5,neutro,3.65,0.25,33.4,1.094,0.833,1.3,1.137,0.55,0.413,
87008,Léo Jardim,VAS,Goleiro,7,6.09,-0.22,2.64,24,3.4,True,False,GRE,-0.345,neutro,3.029,2.22,1.0,27.5,desfavoravel,1.96,0.125,-52.8,0.741,1.125,0.926,1.061,0.3,0.303,
37656,Fábio,FLU,Goleiro,7,9.76,0.65,4.5,25,8.9,True,False,CAM,-0.156,neutro,4.427,3.5,1.0,40.6,neutro,4.15,0.2,-33.4,1.3,1.137,1.094,0.833,0.825,0.284,
101727,Matheuzinho,COR,Lateral,7,10.38,-0.41,6.24,20,2.5,True,False,FLA,0.703,valor_bom,5.963,4.39,1.0,27.5,desfavoravel,4.19,0.0,-36.1,0.963,1.348,1.224,0.743,0.1,0.137,
105436,Carrascal,FLA,Meia,7,10.52,-1.58,6.39,18,1.5,True,True,COR,1.551,valor_oculto,5.672,3.89,1.0,60.4,favoravel,3.85,0.225,36.1,1.224,0.743,0.963,1.348,0.85,0.651,
99274,Alexander Barboza,PAL,Zagueiro,3,10.33,0.03,5.21,16,5.9,True,True,SAO,0.447,neutro,4.794,3.46,1.0,64.6,favoravel,4.67,0.8,51.9,0.809,1.238,0.968,0.893,0.525,0.548,0.48
90768,Fabrício Bruno,CRU,Zagueiro,7,5.78,-0.09,2.1,22,0.1,True,False,SAN,-0.586,armadilha_leve,2.596,1.55,1.0,56.9,neutro,2.61,0.6,-1.5,1.505,0.984,1.081,0.658,0.75,0.346,0.485
104758,Enzo Díaz,SAO,Lateral,6,9.04,0.0,3.9,13,0.0,False,False,PAL,-0.652,armadilha_leve,4.422,3.28,1.0,38.9,desfavoravel,4.51,0.125,-51.9,0.968,0.893,0.809,1.238,0.625,0.191,0.48
85425,João Paulo,SAN,Goleiro,6,6.94,0.0,-0.35,2,0.0,False,True,CRU,-0.402,neutro,3.288,0.0,0.25,47.8,neutro,3.13,0.35,1.5,1.081,0.658,1.505,0.984,0.8,0.362,0.485
80196,Yago Pikachu,REM,Meia,7,4.76,-0.95,2.35,25,0.5,True,False,BAH,-0.344,neutro,2.324,1.55,1.0,33.7,desfavoravel,3.1,0.375,-30.7,1.04,1.088,1.43,1.137,0.125,0.139,
100898,Vitinho,BOT,Lateral,7,9.43,0.6,4.69,20,6.2,True,True,RBB,-0.282,neutro,4.856,3.74,1.0,47.3,neutro,4.82,0.55,5.5,0.405,1.0,0.806,1.429,0.2,0.383,
61987,Alex Sandro,FLA,Lateral,5,8.2,0.0,3.53,15,0.0,False,True,COR,-0.65,armadilha_leve,4.135,2.33,1.0,77.6,neutro,2.56,0.45,36.1,1.224,0.743,0.963,1.348,0.85,0.651,
68996,Willian José,BAH,Atacante,6,7.0,-0.29,2.33,21,0.0,True,True,REM,-1.182,armadilha_leve,3.001,0.71,1.0,83.4,neutro,3.32,0.95,30.7,1.43,1.137,1.04,1.088,0.875,0.645,
109401,Erick Pulga,BAH,Atacante,7,7.62,-2.41,4.51,24,2.2,True,True,REM,0.619,valor_bom,4.573,3.09,1.0,83.4,favoravel,4.05,0.95,30.7,1.43,1.137,1.04,1.088,0.875,0.645,
113397,Cristian Olivera,BAH,Atacante,7,7.07,0.01,3.83,19,2.0,True,True,REM,0.268,neutro,4.106,3.15,1.0,83.4,favoravel,3.56,0.95,30.7,1.43,1.137,1.04,1.088,0.875,0.645,
98022,Erick,BAH,Meia,3,7.71,0.38,4.59,19,11.5,True,True,REM,0.937,valor_bom,4.432,3.54,1.0,83.3,favoravel,5.14,0.95,30.7,1.43,1.137,1.04,1.088,0.875,0.645,
91772,David Duarte,BAH,Zagueiro,7,5.87,-0.33,4.08,18,0.0,True,True,REM,1.151,valor_bom,4.044,2.58,1.0,69.9,favoravel,3.53,0.55,30.7,1.43,1.137,1.04,1.088,0.875,0.645,
80313,Gilberto,CAP,Lateral,6,7.36,-0.46,4.74,13,3.5,True,False,CFC,0.7,valor_bom,4.942,3.66,1.0,40.4,neutro,3.97,0.825,-2.6,1.368,1.671,1.376,1.04,0.5,0.363,
97868,Iago,SAO,Lateral,7,7.26,2.13,4.42,8,15.4,True,False,PAL,0.631,valor_bom,4.845,2.92,1.0,38.9,desfavoravel,2.5,0.125,-51.9,0.968,0.893,0.809,1.238,0.625,0.191,0.48
91101,Ronaldo,BAH,Goleiro,7,8.62,1.5,5.2,16,9.7,True,True,REM,0.524,valor_bom,4.866,3.33,1.0,69.9,favoravel,5.18,0.55,30.7,1.43,1.137,1.04,1.088,0.875,0.645,
123717,Zé Guilherme,BAH,Lateral,6,4.29,0.0,2.88,5,0.0,False,True,REM,0.524,valor_bom,3.284,2.28,0.625,71.9,favoravel,2.64,0.55,30.7,1.43,1.137,1.04,1.088,0.875,0.645,
98484,Kanu,BAH,Zagueiro,6,3.68,0.0,0.83,3,0.0,False,True,REM,-0.841,armadilha_leve,1.409,0.0,0.375,69.9,neutro,2.34,0.55,30.7,1.43,1.137,1.04,1.088,0.875,0.645,
106822,Rodrigo Nestor,BAH,Meia,7,6.91,1.0,3.98,18,11.4,True,True,REM,0.725,valor_bom,4.004,2.87,1.0,83.3,favoravel,5.91,0.95,30.7,1.43,1.137,1.04,1.088,0.875,0.645,
104783,Acevedo,BAH,Meia,7,7.23,-1.45,5.17,23,1.6,True,True,REM,1.77,valor_oculto,4.883,4.74,1.0,83.3,favoravel,3.64,0.95,30.7,1.43,1.137,1.04,1.088,0.875,0.645,
105990,Santiago Mingo,BAH,Zagueiro,7,3.81,-0.45,2.27,23,-3.0,True,True,REM,-0.076,neutro,2.104,1.36,1.0,69.9,neutro,2.82,0.55,30.7,1.43,1.137,1.04,1.088,0.875,0.645,
98517,Jean Lucas,BAH,Meia,7,9.22,-1.04,5.4,21,2.1,True,True,REM,1.136,valor_bom,5.029,3.97,1.0,83.3,favoravel,3.74,0.95,30.7,1.43,1.137,1.04,1.088,0.875,0.645,
97341,Rogério Ceni,BAH,Técnico,7,10.69,0.04,5.76,25,6.79,True,True,REM,-0.169,neutro,5.955,5.76,1.0,81.9,neutro,4.97,0.95,30.7,1.43,1.137,1.04,1.088,0.875,0.645,
122994,Victor Nascimento,BAH,Goleiro,6,1.0,0.0,0.0,0,0.0,False,True,REM,0.168,neutro,0.0,0.0,0.0,69.9,favoravel,1.52,0.55,30.7,1.43,1.137,1.04,1.088,0.875,0.645,
123360,Cauly,SAO,Meia,6,6.19,0.0,2.83,14,0.0,False,False,PAL,0.1,neutro,3.276,2.47,1.0,29.2,desfavoravel,2.37,0.15,-51.9,0.968,0.893,0.809,1.238,0.625,0.191,0.48
101314,Ademir,BAH,Atacante,6,5.57,0.25,2.33,23,3.0,True,True,REM,-1.191,armadilha_leve,2.379,1.76,1.0,83.4,neutro,4.23,0.95,30.7,1.43,1.137,1.04,1.088,0.875,0.645,
106323,Caio Alexandre,BAH,Meia,6,3.46,-0.07,0.93,15,0.0,True,True,REM,-0.638,armadilha_leve,1.386,0.93,1.0,83.3,neutro,2.61,0.95,30.7,1.43,1.137,1.04,1.088,0.875,0.645,
145379,Kauê Furquim,BAH,Atacante,6,2.24,0.0,1.28,5,0.0,False,True,REM,0.027,neutro,1.075,1.28,0.625,83.4,favoravel,2.3,0.95,30.7,1.43,1.137,1.04,1.088,0.875,0.645,
97468,Marçal,BOT,Lateral,7,7.03,1.43,3.33,7,9.1,True,True,RBB,-0.944,armadilha_leve,3.441,2.04,0.875,47.3,neutro,3.69,0.55,5.5,0.405,1.0,0.806,1.429,0.2,0.383,
111831,Matheus Martins,BOT,Atacante,6,6.69,0.0,4.13,18,0.0,False,True,RBB,0.765,valor_bom,4.325,2.35,1.0,29.0,neutro,4.19,0.225,5.5,0.405,1.0,0.806,1.429,0.2,0.383,
141419,Fredi Lippert,BAH,Zagueiro,6,2.0,0.0,0.0,0,0.0,False,True,REM,-1.128,armadilha_leve,0.0,0.0,0.0,69.9,neutro,1.52,0.55,30.7,1.43,1.137,1.04,1.088,0.875,0.645,
107173,Michel Araújo,BAH,Meia,6,2.37,-0.01,0.98,18,-0.9,True,True,REM,-0.083,neutro,1.002,0.7,1.0,83.3,neutro,2.32,0.95,30.7,1.43,1.137,1.04,1.088,0.875,0.645,
129663,Ruan Pablo,BAH,Atacante,6,1.44,0.0,0.17,3,0.0,False,True,REM,0.761,valor_bom,0.735,0.17,0.375,83.4,favoravel,2.25,0.95,30.7,1.43,1.137,1.04,1.088,0.875,0.645,
111829,Kayky,INT,Atacante,5,3.63,0.0,1.27,6,0.0,False,False,CHA,-0.25,neutro,1.985,1.27,0.75,54.2,neutro,2.34,1.0,0.0,0.929,1.071,1.481,0.9,0.225,0.416,0.481
107231,Danilo,BOT,Meia,7,13.98,0.02,7.61,17,4.5,True,True,RBB,1.632,valor_oculto,6.473,4.96,1.0,29.3,neutro,4.9,0.225,5.5,0.405,1.0,0.806,1.429,0.2,0.383,
136955,Sanabria,BAH,Atacante,5,5.44,0.0,2.69,14,0.0,False,True,REM,-0.772,armadilha_leve,2.628,1.19,1.0,83.4,neutro,2.9,0.95,30.7,1.43,1.137,1.04,1.088,0.875,0.645,
95799,Artur,SAO,Atacante,7,9.74,0.97,5.28,20,10.3,True,False,PAL,0.446,neutro,5.132,3.33,1.0,28.8,desfavoravel,3.17,0.15,-51.9,0.968,0.893,0.809,1.238,0.625,0.191,0.48
98672,Savarino,FLU,Meia,6,8.3,0.0,4.41,18,0.0,False,False,CAM,0.507,valor_bom,4.301,3.02,1.0,51.9,neutro,2.51,0.7,-33.4,1.3,1.137,1.094,0.833,0.825,0.284,
72493,Alex Telles,BOT,Lateral,5,8.41,0.0,4.0,19,0.0,False,True,RBB,-0.45,neutro,4.376,1.95,1.0,47.3,neutro,5.53,0.55,5.5,0.405,1.0,0.806,1.429,0.2,0.383,
104693,Newton,SAO,Meia,6,4.11,0.0,1.92,9,0.0,False,False,PAL,-0.228,neutro,2.071,1.92,1.0,29.2,desfavoravel,2.03,0.15,-51.9,0.968,0.893,0.809,1.238,0.625,0.191,0.48
117632,Garro,COR,Meia,7,9.97,0.15,4.95,23,2.2,True,False,FLA,0.441,neutro,4.719,3.21,1.0,17.8,desfavoravel,3.45,0.05,-36.1,0.963,1.348,1.224,0.743,0.1,0.137,
91158,Kaio,BOT,Zagueiro,5,7.0,0.0,0.0,0,0.0,False,True,RBB,-4.313,armadilha_forte,0.0,0.0,0.0,45.8,neutro,1.11,0.55,5.5,0.405,1.0,0.806,1.429,0.2,0.383,
39850,Vagner Mancini,RBB,Técnico,7,8.56,0.25,5.45,24,5.26,True,False,BOT,0.612,valor_bom,5.313,5.45,1.0,49.0,neutro,4.05,0.9,-5.5,0.806,1.429,0.405,1.0,0.275,0.332,
146375,Kadir,BOT,Atacante,6,4.23,0.02,2.07,11,2.0,True,True,RBB,-0.392,neutro,2.26,1.62,1.0,29.0,neutro,2.45,0.225,5.5,0.405,1.0,0.806,1.429,0.2,0.383,
129930,Cristhian Loor,BOT,Goleiro,6,2.0,0.0,0.0,0,0.0,False,True,RBB,-0.868,armadilha_leve,0.0,0.0,0.0,45.7,neutro,1.11,0.55,5.5,0.405,1.0,0.806,1.429,0.2,0.383,
142877,Villalba,BOT,Atacante,7,4.4,0.55,1.66,12,3.8,True,True,RBB,-0.871,armadilha_leve,2.004,0.99,1.0,29.0,neutro,1.72,0.225,5.5,0.405,1.0,0.806,1.429,0.2,0.383,
124481,Mateo Ponte,BOT,Lateral,6,6.41,0.88,3.51,9,9.2,True,True,RBB,-0.527,armadilha_leve,3.523,2.29,1.0,47.3,neutro,2.98,0.55,5.5,0.405,1.0,0.806,1.429,0.2,0.383,
93882,Cleiton,RBB,Goleiro,6,6.19,0.0,2.56,7,0.0,False,False,BOT,-0.018,neutro,3.434,1.13,0.875,50.1,neutro,3.01,0.375,-5.5,0.806,1.429,0.405,1.0,0.275,0.332,
100695,Fernando,RBB,Atacante,6,5.52,-1.45,5.4,11,1.8,True,False,BOT,1.274,valor_bom,4.188,2.76,1.0,48.3,neutro,2.55,0.9,-5.5,0.806,1.429,0.405,1.0,0.275,0.332,
106434,Eduardo Santos,RBB,Zagueiro,6,4.6,0.0,1.4,3,0.0,False,False,BOT,-0.225,neutro,2.384,1.4,0.375,50.2,neutro,2.59,0.375,-5.5,0.806,1.429,0.405,1.0,0.275,0.332,
94968,Juninho Capixaba,RBB,Lateral,7,12.86,0.35,7.09,22,5.7,True,False,BOT,0.692,valor_bom,6.605,4.73,1.0,51.7,neutro,4.18,0.375,-5.5,0.806,1.429,0.405,1.0,0.275,0.332,
100848,Luan Cândido,VIT,Lateral,7,6.19,0.29,3.69,15,4.7,True,False,MIR,-0.27,neutro,3.637,2.02,1.0,35.9,desfavoravel,4.16,0.7,-38.4,0.624,0.843,0.897,1.3,0.45,0.213,
143072,Gabriel Abdias,BOT,Lateral,6,3.0,0.0,0.0,0,0.0,False,True,RBB,-2.313,armadilha_forte,0.0,0.0,0.0,47.3,neutro,1.13,0.55,5.5,0.405,1.0,0.806,1.429,0.2,0.383,
142484,Barrera,BOT,Meia,5,4.93,0.0,2.46,11,0.0,False,True,RBB,-0.396,neutro,2.368,2.01,1.0,29.3,neutro,2.2,0.225,5.5,0.405,1.0,0.806,1.429,0.2,0.383,
69140,Allan,BOT,Meia,6,4.5,0.0,2.05,11,0.0,False,True,RBB,-0.431,neutro,2.13,2.05,1.0,29.3,neutro,2.06,0.225,5.5,0.405,1.0,0.806,1.429,0.2,0.383,
105213,Sant'Anna,RBB,Lateral,7,9.0,0.0,6.2,10,0.0,False,False,BOT,1.003,valor_bom,5.786,3.4,1.0,51.7,neutro,4.15,0.375,-5.5,0.806,1.429,0.405,1.0,0.275,0.332,
110715,Andrés Hurtado,RBB,Lateral,6,5.56,0.13,3.49,15,3.2,True,False,BOT,-0.063,neutro,3.506,2.29,1.0,51.7,neutro,2.8,0.375,-5.5,0.806,1.429,0.405,1.0,0.275,0.332,
78605,Gabriel,RBB,Meia,6,5.15,0.0,3.08,17,0.0,False,False,BOT,0.069,neutro,2.812,2.49,1.0,49.4,neutro,2.64,0.9,-5.5,0.806,1.429,0.405,1.0,0.275,0.332,
110750,Gustavo Marques,RBB,Zagueiro,7,7.62,0.44,4.7,21,5.4,True,False,BOT,0.969,valor_bom,4.496,3.27,1.0,50.2,neutro,3.61,0.375,-5.5,0.806,1.429,0.405,1.0,0.275,0.332,
104588,Fabrício,RBB,Goleiro,6,2.0,0.0,0.0,0,0.0,False,False,BOT,-0.868,armadilha_leve,0.0,0.0,0.0,50.1,neutro,1.18,0.375,-5.5,0.806,1.429,0.405,1.0,0.275,0.332,
103295,Eric Ramires,RBB,Meia,7,2.2,0.0,0.59,16,0.0,False,False,BOT,-0.237,neutro,0.743,0.59,1.0,49.4,neutro,1.6,0.9,-5.5,0.806,1.429,0.405,1.0,0.275,0.332,
111246,Alix Vinicius,RBB,Zagueiro,3,4.91,-0.24,2.84,18,0.2,True,False,BOT,0.127,neutro,2.813,1.67,1.0,50.2,neutro,2.9,0.375,-5.5,0.806,1.429,0.405,1.0,0.275,0.332,
70360,Eduardo Sasha,RBB,Atacante,5,3.91,0.0,0.98,18,0.0,False,False,BOT,-1.211,armadilha_leve,1.454,0.98,1.0,48.3,neutro,1.94,0.9,-5.5,0.806,1.429,0.405,1.0,0.275,0.332,
94067,Matheus Fernandes,RBB,Meia,6,5.4,0.0,2.88,13,0.0,False,False,BOT,0.619,valor_bom,3.328,2.5,1.0,49.4,neutro,2.9,0.9,-5.5,0.806,1.429,0.405,1.0,0.275,0.332,
111760,Fabinho,RBB,Meia,6,2.35,0.09,0.62,9,2.5,True,False,BOT,-0.305,neutro,0.822,0.62,1.0,49.4,neutro,2.37,0.9,-5.5,0.806,1.429,0.405,1.0,0.275,0.332,
112886,Lucas Barbosa,RBB,Atacante,7,10.87,1.78,6.3,22,14.1,True,False,BOT,1.045,valor_bom,5.89,4.03,1.0,48.3,neutro,6.98,0.9,-5.5,0.806,1.429,0.405,1.0,0.275,0.332,
107744,Praxedes,RBB,Meia,6,4.0,0.0,0.0,0,0.0,False,False,BOT,-2.967,armadilha_forte,0.0,0.0,0.0,49.4,neutro,1.17,0.9,-5.5,0.806,1.429,0.405,1.0,0.275,0.332,
107236,Vanderlan,RBB,Lateral,5,4.41,0.0,-0.3,1,0.0,False,False,BOT,0.227,neutro,3.111,0.0,0.125,51.7,neutro,3.13,0.375,-5.5,0.806,1.429,0.405,1.0,0.275,0.332,
122394,Gustavinho,RBB,Meia,6,5.32,-0.14,2.46,18,0.0,True,False,BOT,0.153,neutro,2.951,1.63,1.0,49.4,neutro,2.71,0.9,-5.5,0.806,1.429,0.405,1.0,0.275,0.332,
113157,Nathan Mendes,VIT,Lateral,5,7.52,0.0,5.02,12,0.0,False,False,MIR,0.839,valor_bom,5.12,3.35,1.0,35.9,desfavoravel,4.54,0.7,-38.4,0.624,0.843,0.897,1.3,0.45,0.213,
72605,Vitor Hugo,CAM,Zagueiro,7,6.39,-0.21,3.75,12,-0.3,True,True,FLU,0.657,valor_bom,3.835,1.75,1.0,60.5,favoravel,3.24,0.25,33.4,1.094,0.833,1.3,1.137,0.55,0.413,
132580,Vinicinho,RBB,Atacante,7,3.92,-0.02,2.23,14,0.5,True,False,BOT,-0.033,neutro,2.336,2.23,1.0,48.3,neutro,2.17,0.9,-5.5,0.806,1.429,0.405,1.0,0.275,0.332,
122897,Guzmán Rodríguez,RBB,Zagueiro,7,5.54,0.0,-1.0,0,0.0,False,False,BOT,-3.659,armadilha_forte,0.0,0.0,0.0,50.2,neutro,1.18,0.375,-5.5,0.806,1.429,0.405,1.0,0.275,0.332,
87999,Gustavo Scarpa,CAM,Meia,6,6.33,-0.18,2.89,12,1.5,True,True,FLU,0.136,neutro,3.357,2.06,1.0,57.8,neutro,2.99,0.575,33.4,1.094,0.833,1.3,1.137,0.55,0.413,
122755,Lucas Cunha,RBB,Zagueiro,6,3.0,0.0,0.0,0,0.0,False,False,BOT,-2.062,armadilha_forte,0.0,0.0,0.0,50.2,neutro,1.18,0.375,-5.5,0.806,1.429,0.405,1.0,0.275,0.332,
108133,Isidro Pitta,RBB,Atacante,7,4.94,0.0,3.55,22,0.0,False,False,BOT,0.439,neutro,3.276,1.28,1.0,48.3,neutro,2.87,0.9,-5.5,0.806,1.429,0.405,1.0,0.275,0.332,
98909,Cuello,CAM,Atacante,7,8.79,-2.7,6.15,21,0.1,True,True,FLU,1.69,valor_oculto,5.767,4.39,1.0,56.8,neutro,4.17,0.575,33.4,1.094,0.833,1.3,1.137,0.55,0.413,
68920,Dudu,CAM,Atacante,6,6.09,0.0,2.31,16,0.0,False,True,FLU,-0.504,armadilha_leve,3.128,1.31,1.0,56.8,neutro,2.29,0.575,33.4,1.094,0.833,1.3,1.137,0.55,0.413,
72460,Bernard,CAM,Meia,7,4.71,0.27,2.93,21,2.2,True,True,FLU,0.257,neutro,2.74,1.74,1.0,57.8,neutro,4.68,0.575,33.4,1.094,0.833,1.3,1.137,0.55,0.413,
132274,Ignacio Sosa,RBB,Meia,6,3.41,0.0,1.5,15,0.0,False,False,BOT,-0.652,armadilha_leve,1.344,1.5,1.0,49.4,neutro,1.9,0.9,-5.5,0.806,1.429,0.405,1.0,0.275,0.332,
138021,Palacios,RBB,Zagueiro,6,3.0,0.0,0.0,0,0.0,False,False,BOT,-2.062,armadilha_forte,0.0,0.0,0.0,50.2,neutro,1.18,0.375,-5.5,0.806,1.429,0.405,1.0,0.275,0.332,
140906,Davi Gomes,RBB,Atacante,5,5.19,0.0,4.25,2,0.0,False,False,BOT,-0.284,neutro,2.867,4.25,0.25,48.3,neutro,2.89,0.9,-5.5,0.806,1.429,0.405,1.0,0.275,0.332,
91607,R. Rústico,SAN,Atacante,7,4.77,0.0,1.99,18,0.0,False,True,CRU,-0.949,armadilha_leve,2.153,1.99,1.0,55.3,neutro,2.04,0.725,1.5,1.081,0.658,1.505,0.984,0.8,0.362,0.485
39656,Alan Franco,CAM,Meia,7,4.34,-0.11,1.95,19,-0.3,True,True,FLU,-0.445,neutro,2.036,1.69,1.0,57.8,neutro,2.48,0.575,33.4,1.094,0.833,1.3,1.137,0.55,0.413,
115674,Gabriel Delfim,CAM,Goleiro,7,2.75,0.37,2.0,2,2.4,True,True,FLU,1.393,valor_bom,3.153,2.0,0.25,60.5,favoravel,3.24,0.25,33.4,1.094,0.833,1.3,1.137,0.55,0.413,
124239,Henry Mosquera,RBB,Atacante,6,5.39,-0.18,3.43,19,2.2,True,False,BOT,-0.022,neutro,3.161,2.38,1.0,48.3,neutro,2.82,0.9,-5.5,0.806,1.429,0.405,1.0,0.275,0.332,
105068,Reinier,CAM,Meia,2,4.44,-1.96,3.46,18,-0.3,True,True,FLU,0.913,valor_bom,3.085,2.07,1.0,57.8,neutro,2.35,0.575,33.4,1.094,0.833,1.3,1.137,0.55,0.413,
107554,Natanael,CAM,Lateral,7,8.21,0.42,4.5,16,3.5,True,True,FLU,0.093,neutro,4.757,3.31,1.0,62.3,favoravel,4.31,0.25,33.4,1.094,0.833,1.3,1.137,0.55,0.413,
101002,Júnior Santos,BOT,Atacante,6,4.13,-0.11,1.97,12,-0.1,True,True,RBB,-0.405,neutro,2.19,1.3,1.0,29.0,neutro,2.07,0.225,5.5,0.405,1.0,0.806,1.429,0.2,0.383,
103767,Gabriel Menino,SAN,Meia,6,9.92,0.0,5.45,9,0.0,False,True,CRU,0.561,valor_bom,4.794,4.89,1.0,56.5,neutro,3.67,0.725,1.5,1.081,0.658,1.505,0.984,0.8,0.362,0.485
78248,Gustavo Henrique,COR,Zagueiro,7,8.42,0.34,3.95,21,4.7,True,False,FLA,0.013,neutro,3.953,2.43,1.0,26.5,desfavoravel,3.06,0.0,-36.1,0.963,1.348,1.224,0.743,0.1,0.137,
100084,Igor Gomes,CAM,Meia,6,5.13,0.0,1.96,8,0.0,False,True,FLU,-0.888,armadilha_leve,2.101,0.71,1.0,57.8,neutro,2.38,0.575,33.4,1.094,0.833,1.3,1.137,0.55,0.413,
118774,Alexsander,CAM,Meia,6,5.43,-1.0,2.2,7,1.7,True,True,FLU,0.413,neutro,3.19,2.2,0.875,57.8,neutro,2.96,0.575,33.4,1.094,0.833,1.3,1.137,0.55,0.413,
95556,Raniele,COR,Meia,7,7.4,0.0,4.34,20,0.0,False,False,FLA,0.841,valor_bom,4.259,3.84,1.0,17.8,desfavoravel,3.18,0.05,-36.1,0.963,1.348,1.224,0.743,0.1,0.137,
78435,Vitinho,COR,Atacante,5,5.06,0.0,2.13,7,0.0,False,False,FLA,-0.906,armadilha_leve,2.338,2.13,0.875,17.9,desfavoravel,2.06,0.05,-36.1,0.963,1.348,1.224,0.743,0.1,0.137,
40990,Dorival Júnior,SAO,Técnico,7,10.03,0.7,4.43,18,10.14,True,False,PAL,-2.923,armadilha_forte,4.674,4.43,1.0,29.2,desfavoravel,3.57,0.15,-51.9,0.968,0.893,0.809,1.238,0.625,0.191,0.48
77485,Carrillo,COR,Meia,7,4.35,0.06,1.53,20,2.7,True,False,FLA,-0.865,armadilha_leve,1.733,1.28,1.0,17.8,desfavoravel,1.7,0.05,-36.1,0.963,1.348,1.224,0.743,0.1,0.137,
100842,Ruan,CAM,Zagueiro,5,6.2,0.0,3.7,20,0.0,False,True,FLU,0.668,valor_bom,3.775,2.5,1.0,60.5,favoravel,5.45,0.25,33.4,1.094,0.833,1.3,1.137,0.55,0.413,
92440,André Ramalho,COR,Zagueiro,5,5.73,0.0,2.55,6,0.0,False,False,FLA,-0.476,neutro,2.666,1.55,0.75,26.5,desfavoravel,2.37,0.0,-36.1,0.963,1.348,1.224,0.743,0.1,0.137,
85048,Memphis Depay,COR,Atacante,7,9.1,0.2,2.27,10,3.8,True,False,FLA,-1.655,armadilha_forte,3.378,1.47,1.0,17.9,desfavoravel,2.66,0.05,-36.1,0.963,1.348,1.224,0.743,0.1,0.137,
98720,Angileri,COR,Lateral,6,6.13,0.0,4.38,9,0.0,False,False,FLA,0.179,neutro,3.983,2.71,1.0,27.5,desfavoravel,3.08,0.0,-36.1,0.963,1.348,1.224,0.743,0.1,0.137,
117910,Breno Bidon,COR,Meia,7,8.95,0.74,3.71,23,7.4,True,False,FLA,-0.438,neutro,3.799,3.06,1.0,17.8,desfavoravel,2.91,0.05,-36.1,0.963,1.348,1.224,0.743,0.1,0.137,
101254,Alef Manga,REM,Atacante,6,7.36,-0.25,4.22,26,0.0,True,False,BAH,0.445,neutro,4.348,2.1,1.0,33.1,desfavoravel,3.6,0.375,-30.7,1.04,1.088,1.43,1.137,0.125,0.139,
142890,Montoro,BOT,Meia,7,6.66,0.03,2.59,20,1.9,True,True,RBB,-0.508,armadilha_leve,3.009,1.84,1.0,29.3,neutro,2.56,0.225,5.5,0.405,1.0,0.806,1.429,0.2,0.383,
92087,Lyanco,CAM,Zagueiro,6,7.8,0.0,3.04,9,0.0,False,True,FLU,-0.354,neutro,3.474,2.04,1.0,60.5,neutro,2.4,0.25,33.4,1.094,0.833,1.3,1.137,0.55,0.413,
97642,Félix Torres,INT,Zagueiro,6,5.18,-0.15,3.75,19,5.1,True,False,CHA,0.771,valor_bom,3.455,2.8,1.0,38.3,neutro,3.15,0.55,0.0,0.929,1.071,1.481,0.9,0.225,0.416,0.481
105531,Matheus Bidu,COR,Lateral,7,13.3,1.24,7.64,19,12.1,True,False,FLA,0.968,valor_bom,6.938,5.32,1.0,27.5,desfavoravel,4.74,0.0,-36.1,0.963,1.348,1.224,0.743,0.1,0.137,
122990,Patrick,CAM,Meia,5,4.0,0.0,0.0,0,0.0,False,True,FLU,-2.967,armadilha_forte,0.0,0.0,0.0,57.8,neutro,1.31,0.575,33.4,1.094,0.833,1.3,1.137,0.55,0.413,
104084,Carlos Miguel,PAL,Goleiro,7,9.0,0.92,5.1,25,10.2,True,True,SAO,0.439,neutro,4.881,3.3,1.0,64.6,favoravel,4.57,0.8,51.9,0.809,1.238,0.968,0.893,0.525,0.548,0.48
101574,Hugo Souza,COR,Goleiro,7,8.62,0.0,4.1,21,0.0,False,False,FLA,-0.139,neutro,4.127,2.2,1.0,26.3,desfavoravel,3.16,0.0,-36.1,0.963,1.348,1.224,0.743,0.1,0.137,
125488,João Pedro,COR,Zagueiro,6,7.71,-0.85,5.15,4,1.0,True,False,FLA,0.766,valor_bom,4.358,2.9,0.5,26.5,desfavoravel,3.41,0.0,-36.1,0.963,1.348,1.224,0.743,0.1,0.137,
102340,Cacá,VIT,Zagueiro,7,5.34,0.0,2.63,17,0.0,False,False,MIR,-0.278,neutro,2.669,1.22,1.0,34.7,desfavoravel,3.89,0.7,-38.4,0.624,0.843,0.897,1.3,0.45,0.213,
131753,Felipe Longo,COR,Goleiro,6,2.0,0.0,0.0,0,0.0,False,False,FLA,-0.868,armadilha_leve,0.0,0.0,0.0,26.3,desfavoravel,0.77,0.0,-36.1,0.963,1.348,1.224,0.743,0.1,0.137,
42500,Fagner,CRU,Lateral,7,6.4,-0.22,4.02,18,5.0,True,False,SAN,-0.103,neutro,3.871,2.58,1.0,58.7,neutro,3.24,0.6,-1.5,1.505,0.984,1.081,0.658,0.75,0.346,0.485
96342,Charles,COR,Meia,6,3.53,0.0,1.03,3,0.0,False,False,FLA,0.018,neutro,1.911,1.03,0.375,17.8,desfavoravel,1.82,0.05,-36.1,0.963,1.348,1.224,0.743,0.1,0.137,
84558,Lucas Romero,CRU,Meia,7,9.88,1.39,4.99,18,13.5,True,False,SAN,0.451,neutro,4.703,3.6,1.0,60.4,neutro,3.38,0.775,-1.5,1.505,0.984,1.081,0.658,0.75,0.346,0.485
121824,Kayke,COR,Atacante,5,3.64,0.0,1.65,6,0.0,False,False,FLA,-0.04,neutro,2.148,1.65,0.75,17.9,desfavoravel,1.95,0.05,-36.1,0.963,1.348,1.224,0.743,0.1,0.137,
122396,Ryan,COR,Meia,6,3.0,0.0,0.0,0,0.0,False,False,FLA,-2.108,armadilha_forte,0.0,0.0,0.0,17.8,desfavoravel,0.63,0.05,-36.1,0.963,1.348,1.224,0.743,0.1,0.137,
89275,William,CRU,Lateral,6,8.95,0.0,4.07,12,0.0,False,False,SAN,-0.463,neutro,4.55,3.32,1.0,58.7,neutro,3.57,0.6,-1.5,1.505,0.984,1.081,0.658,0.75,0.346,0.485
98225,Pedro Raul,COR,Atacante,6,3.29,0.13,1.29,13,2.0,True,False,FLA,-1.04,armadilha_leve,1.159,0.67,1.0,17.9,desfavoravel,1.36,0.05,-36.1,0.963,1.348,1.224,0.743,0.1,0.137,
145744,André,COR,Meia,5,6.15,0.0,4.07,16,0.0,False,False,FLA,1.198,valor_bom,4.066,2.51,1.0,17.8,desfavoravel,3.07,0.05,-36.1,0.963,1.348,1.224,0.743,0.1,0.137,
96610,Matheus Pereira,CRU,Meia,7,15.0,0.81,7.08,23,13.3,True,False,SAN,1.143,valor_bom,6.3,4.69,1.0,60.4,neutro,4.41,0.775,-1.5,1.505,0.984,1.081,0.658,0.75,0.346,0.485
88479,Walace,VIT,Meia,5,2.99,0.0,1.23,6,0.0,False,False,MIR,-0.562,armadilha_leve,1.127,1.23,0.75,47.2,neutro,1.78,0.95,-38.4,0.624,0.843,0.897,1.3,0.45,0.213,
111690,Matheus Cunha,INT,Goleiro,7,3.81,-0.83,3.37,15,-3.0,True,False,CHA,0.974,valor_bom,3.395,1.04,1.0,38.1,neutro,3.47,0.55,0.0,0.929,1.071,1.481,0.9,0.225,0.416,0.481
113158,Marquinhos,CRU,Atacante,6,3.54,0.0,0.45,2,0.0,False,False,SAN,-1.696,armadilha_forte,0.848,0.45,0.25,59.0,neutro,1.85,0.775,-1.5,1.505,0.984,1.081,0.658,0.75,0.346,0.485
79701,Lucas Silva,CRU,Meia,6,3.28,0.0,0.38,16,0.0,False,False,SAN,-1.547,armadilha_forte,0.603,0.38,1.0,60.4,neutro,1.7,0.775,-1.5,1.505,0.984,1.081,0.658,0.75,0.346,0.485
127242,Bahia,COR,Meia,6,2.0,0.0,0.0,0,0.0,False,False,FLA,-1.001,armadilha_leve,0.0,0.0,0.0,17.8,desfavoravel,0.63,0.05,-36.1,0.963,1.348,1.224,0.743,0.1,0.137,
133543,Gui Negão,COR,Atacante,6,3.01,0.03,0.98,8,0.8,True,False,FLA,-1.019,armadilha_leve,0.964,0.98,1.0,17.9,desfavoravel,1.25,0.05,-36.1,0.963,1.348,1.224,0.743,0.1,0.137,
141995,Dieguinho,COR,Meia,6,3.21,-0.38,1.43,14,1.5,True,False,FLA,-0.544,armadilha_leve,1.292,1.07,1.0,17.8,desfavoravel,1.44,0.05,-36.1,0.963,1.348,1.224,0.743,0.1,0.137,
105047,João Marcelo,CRU,Zagueiro,7,4.57,0.67,2.45,11,5.3,True,False,SAN,0.03,neutro,2.578,1.63,1.0,56.9,neutro,3.46,0.6,-1.5,1.505,0.984,1.081,0.658,0.75,0.346,0.485
114405,Sinisterra,CRU,Atacante,5,5.85,0.0,3.27,8,0.0,False,False,SAN,-0.672,armadilha_leve,2.895,2.27,1.0,59.0,neutro,2.77,0.775,-1.5,1.505,0.984,1.081,0.658,0.75,0.346,0.485
100742,Matheus Henrique,CRU,Meia,6,5.18,0.49,2.17,23,3.7,True,False,SAN,-0.8,armadilha_leve,2.188,1.95,1.0,60.4,neutro,2.45,0.775,-1.5,1.505,0.984,1.081,0.658,0.75,0.346,0.485
132264,Arroyo,CRU,Atacante,7,5.48,-1.44,3.48,21,2.0,True,False,SAN,-0.008,neutro,3.215,2.1,1.0,59.0,neutro,2.33,0.775,-1.5,1.505,0.984,1.081,0.658,0.75,0.346,0.485
117404,Otávio,CRU,Goleiro,7,3.79,0.18,3.07,13,6.8,True,False,SAN,0.82,valor_bom,3.212,2.69,1.0,56.9,neutro,2.91,0.6,-1.5,1.505,0.984,1.081,0.658,0.75,0.346,0.485
137543,Tevis,CRU,Atacante,6,2.0,0.0,0.0,0,0.0,False,False,SAN,-1.095,armadilha_leve,0.0,0.0,0.0,59.0,neutro,1.33,0.775,-1.5,1.505,0.984,1.081,0.658,0.75,0.346,0.485
146807,Rayan Lelis,CRU,Atacante,6,2.0,0.0,0.0,0,0.0,False,False,SAN,-1.095,armadilha_leve,0.0,0.0,0.0,59.0,neutro,1.33,0.775,-1.5,1.505,0.984,1.081,0.658,0.75,0.346,0.485
69783,Danilo,FLA,Zagueiro,6,4.73,0.0,1.39,8,0.0,False,True,COR,-0.683,armadilha_leve,2.072,1.01,1.0,75.4,neutro,2.7,0.45,36.1,1.224,0.743,0.963,1.348,0.85,0.651,
82627,Luiz Araújo,FLA,Atacante,6,6.92,0.0,3.09,14,0.0,False,True,COR,-0.202,neutro,3.698,1.59,1.0,60.8,neutro,2.91,0.225,36.1,1.224,0.743,0.963,1.348,0.85,0.651,
84735,Jorginho,FLA,Meia,7,8.9,-0.47,4.08,19,3.5,True,True,COR,-0.045,neutro,4.073,3.03,1.0,60.4,neutro,3.63,0.225,36.1,1.224,0.743,0.963,1.348,0.85,0.651,
124912,Jonathan Jesus,CRU,Zagueiro,5,6.03,0.0,4.11,16,0.0,False,False,SAN,1.097,valor_bom,4.061,3.55,1.0,56.9,neutro,3.85,0.6,-1.5,1.505,0.984,1.081,0.658,0.75,0.346,0.485
137542,Kaique Kenji,CRU,Atacante,6,2.61,0.0,1.25,11,0.0,False,False,SAN,-0.363,neutro,1.123,0.52,1.0,59.0,neutro,1.93,0.775,-1.5,1.505,0.984,1.081,0.658,0.75,0.346,0.485
80061,Saúl,FLA,Meia,6,5.86,-0.42,2.08,7,0.0,True,True,COR,0.087,neutro,3.134,1.37,0.875,60.4,favoravel,2.96,0.225,36.1,1.224,0.743,0.963,1.348,0.85,0.651,
84816,Varela,FLA,Lateral,6,7.55,0.0,4.4,18,0.0,False,True,COR,0.281,neutro,4.668,2.68,1.0,77.6,favoravel,2.64,0.45,36.1,1.224,0.743,0.963,1.348,0.85,0.651,
93478,Wanderson,CRU,Atacante,6,3.98,0.0,1.95,18,0.0,False,False,SAN,-0.366,neutro,2.126,1.06,1.0,59.0,neutro,2.41,0.775,-1.5,1.505,0.984,1.081,0.658,0.75,0.346,0.485
83528,Léo Pereira,FLA,Zagueiro,7,10.07,0.07,5.03,20,8.8,True,True,COR,0.438,neutro,4.725,2.68,1.0,75.4,favoravel,3.0,0.45,36.1,1.224,0.743,0.963,1.348,0.85,0.651,
131967,Villarreal,CRU,Atacante,6,7.96,0.0,4.98,14,0.0,False,False,SAN,0.897,valor_bom,4.901,2.91,1.0,59.0,neutro,3.74,0.775,-1.5,1.505,0.984,1.081,0.658,0.75,0.346,0.485
143600,Kauã Moraes,CRU,Lateral,6,6.81,0.0,4.83,10,0.0,False,False,SAN,0.144,neutro,4.255,2.53,1.0,58.7,neutro,4.45,0.6,-1.5,1.505,0.984,1.081,0.658,0.75,0.346,0.485
122660,Japa,MIR,Meia,6,5.51,0.0,3.71,8,0.0,False,True,VIT,1.31,valor_bom,3.883,3.08,1.0,66.3,favoravel,3.5,1.0,38.4,0.897,1.3,0.624,0.843,0.475,0.532,
91473,Erick Pulgar,FLA,Meia,7,6.06,-1.01,2.93,15,0.0,True,True,COR,0.233,neutro,3.322,2.6,1.0,60.4,favoravel,2.5,0.225,36.1,1.224,0.743,0.963,1.348,0.85,0.651,
97867,Léo Ortiz,FLA,Zagueiro,7,9.07,0.25,4.23,20,6.3,True,True,COR,0.043,neutro,4.153,2.43,1.0,75.4,favoravel,3.99,0.45,36.1,1.224,0.743,0.963,1.348,0.85,0.651,
87863,Arrascaeta,FLA,Meia,7,14.16,0.3,5.45,17,7.2,True,True,COR,-0.416,neutro,5.004,3.39,1.0,60.4,neutro,3.2,0.225,36.1,1.224,0.743,0.963,1.348,0.85,0.651,
96652,Allan,COR,Meia,6,3.12,-0.4,1.74,20,0.2,True,False,FLA,-0.119,neutro,1.543,1.49,1.0,17.8,desfavoravel,1.59,0.05,-36.1,0.963,1.348,1.224,0.743,0.1,0.137,
88393,Ayrton Lucas,FLA,Lateral,7,9.05,-0.19,5.34,15,5.5,True,True,COR,0.417,neutro,5.315,2.87,1.0,77.6,favoravel,4.81,0.45,36.1,1.224,0.743,0.963,1.348,0.85,0.651,
86757,Everton,FLA,Atacante,6,5.96,0.0,1.78,10,0.0,False,True,COR,-0.455,neutro,3.106,1.28,1.0,60.8,neutro,2.89,0.225,36.1,1.224,0.743,0.963,1.348,0.85,0.651,
122318,Dyogo Alves,FLA,Goleiro,6,3.0,0.0,0.0,0,0.0,False,True,COR,-1.603,armadilha_forte,0.0,0.0,0.0,75.5,neutro,1.62,0.45,36.1,1.224,0.743,0.963,1.348,0.85,0.651,
96870,Emerson Royal,FLA,Lateral,7,7.96,-0.07,5.63,12,5.6,True,True,COR,1.079,valor_bom,5.486,3.46,1.0,77.6,favoravel,3.98,0.45,36.1,1.224,0.743,0.963,1.348,0.85,0.651,
98873,Samuel Lino,FLA,Atacante,7,13.46,-0.31,8.63,24,17.0,True,True,COR,2.6,valor_oculto,7.663,4.17,1.0,60.8,favoravel,6.5,0.225,36.1,1.224,0.743,0.963,1.348,0.85,0.651,
140492,João Victor,FLA,Zagueiro,6,4.34,0.0,6.5,1,0.0,False,True,COR,0.894,valor_bom,3.169,3.5,0.125,75.4,favoravel,4.32,0.45,36.1,1.224,0.743,0.963,1.348,0.85,0.651,
130189,Léo Nannetti,FLA,Goleiro,6,2.0,0.0,0.0,0,0.0,False,True,COR,-0.868,armadilha_leve,0.0,0.0,0.0,75.5,neutro,1.62,0.45,36.1,1.224,0.743,0.963,1.348,0.85,0.651,
62977,Ganso,FLU,Meia,7,3.66,0.16,1.46,17,1.5,True,False,CAM,-0.365,neutro,1.71,1.46,1.0,51.9,neutro,3.14,0.7,-33.4,1.3,1.137,1.094,0.833,0.825,0.284,
122573,Wallace Yan,RBB,Atacante,6,4.27,1.83,1.39,8,10.4,True,False,BOT,-0.834,armadilha_leve,1.955,0.76,1.0,48.3,neutro,4.77,0.9,-5.5,0.806,1.429,0.405,1.0,0.275,0.332,
110506,Abel Ferreira,PAL,Técnico,7,11.93,0.31,6.62,26,6.65,True,True,SAO,0.338,neutro,6.607,6.62,1.0,47.1,neutro,4.55,0.325,51.9,0.809,1.238,0.968,0.893,0.525,0.548,0.48
90285,Bruno Henrique,FLA,Atacante,6,5.41,0.38,2.55,17,2.0,True,True,COR,-0.869,armadilha_leve,2.541,1.2,1.0,60.8,neutro,3.83,0.225,36.1,1.224,0.743,0.963,1.348,0.85,0.651,
109096,Plata,FLA,Atacante,6,10.54,0.0,6.65,13,0.0,False,True,COR,1.219,valor_bom,5.931,4.65,1.0,60.8,favoravel,4.23,0.225,36.1,1.224,0.743,0.963,1.348,0.85,0.651,
78445,Renê,FLU,Lateral,7,11.17,2.07,6.29,18,15.2,True,False,CAM,0.452,neutro,5.976,5.07,1.0,42.0,neutro,4.75,0.2,-33.4,1.3,1.137,1.094,0.833,0.825,0.284,
78855,Thiago Santos,CFC,Zagueiro,6,4.3,-0.58,3.24,18,1.3,True,True,CAP,0.821,valor_bom,3.09,2.41,1.0,49.5,neutro,2.36,0.4,2.6,1.376,1.04,1.368,1.671,0.625,0.324,
87228,Guilherme Arana,FLU,Lateral,6,8.11,0.69,3.47,15,6.5,True,False,CAM,-0.658,armadilha_leve,4.096,2.47,1.0,42.0,neutro,3.76,0.2,-33.4,1.3,1.137,1.094,0.833,0.825,0.284,
143295,Joshua,FLA,Meia,6,2.6,0.0,-0.3,1,0.0,False,True,COR,-0.476,neutro,0.9,0.0,0.125,60.4,neutro,1.92,0.225,36.1,1.224,0.743,0.963,1.348,0.85,0.651,
99228,De la Cruz,FLA,Meia,6,4.41,0.0,0.82,10,0.0,False,True,COR,-1.291,armadilha_leve,1.452,0.82,1.0,60.4,neutro,1.63,0.225,36.1,1.224,0.743,0.963,1.348,0.85,0.651,
87258,Soteldo,FLU,Atacante,7,4.53,0.72,2.12,19,5.0,True,False,CAM,-0.655,armadilha_leve,2.239,1.59,1.0,50.6,neutro,3.17,0.7,-33.4,1.3,1.137,1.094,0.833,0.825,0.284,
115914,Evertton Araújo,FLA,Meia,5,2.59,0.0,1.17,18,0.0,False,True,COR,-0.148,neutro,1.133,0.89,1.0,60.4,neutro,2.35,0.225,36.1,1.224,0.743,0.963,1.348,0.85,0.651,
78117,Everaldo,BAH,Atacante,6,5.37,0.0,3.6,16,0.0,False,True,REM,0.097,neutro,3.24,1.6,1.0,83.4,favoravel,3.15,0.95,30.7,1.43,1.137,1.04,1.088,0.875,0.645,
86485,Keno,CFC,Atacante,6,3.09,0.0,0.61,7,0.0,False,True,CAP,-1.336,armadilha_leve,0.79,0.61,0.875,53.4,neutro,1.69,0.325,2.6,1.376,1.04,1.368,1.671,0.625,0.324,
82463,Otávio,FLU,Meia,6,2.87,0.0,0.58,6,0.0,False,False,CAM,-0.824,armadilha_leve,0.849,0.58,0.75,51.9,neutro,1.7,0.7,-33.4,1.3,1.137,1.094,0.833,0.825,0.284,
101478,Marcelo Pitaluga,FLU,Goleiro,6,3.0,0.0,0.0,0,0.0,False,False,CAM,-1.603,armadilha_forte,0.0,0.0,0.0,40.6,neutro,1.02,0.2,-33.4,1.3,1.137,1.094,0.833,0.825,0.284,
101319,Guga,FLU,Lateral,7,6.36,0.34,3.47,15,5.9,True,False,CAM,-0.536,armadilha_leve,3.493,2.2,1.0,42.0,neutro,3.37,0.2,-33.4,1.3,1.137,1.094,0.833,0.825,0.284,
102137,Vitor Eudes,FLU,Goleiro,6,2.0,0.0,0.0,0,0.0,False,False,CAM,-0.868,armadilha_leve,0.0,0.0,0.0,40.6,neutro,1.02,0.2,-33.4,1.3,1.137,1.094,0.833,0.825,0.284,
113034,Freytes,FLU,Zagueiro,6,4.43,-0.8,2.57,17,-1.0,False,False,CAM,0.176,neutro,2.629,1.86,1.0,40.7,neutro,3.75,0.2,-33.4,1.3,1.137,1.094,0.833,0.825,0.284,
73384,Samuel Xavier,FLU,Lateral,5,7.3,0.0,3.56,15,0.0,False,False,CAM,-0.217,neutro,4.155,2.96,1.0,42.0,neutro,4.43,0.2,-33.4,1.3,1.137,1.094,0.833,0.825,0.284,
103523,Ignácio,FLU,Zagueiro,5,7.19,-0.92,4.64,13,6.5,True,False,CAM,0.995,valor_bom,4.382,3.26,1.0,40.7,neutro,4.29,0.2,-33.4,1.3,1.137,1.094,0.833,0.825,0.284,
96340,Lima,SAN,Meia,6,4.32,-0.29,-0.4,2,0.5,True,True,CRU,-0.871,armadilha_leve,1.713,0.0,0.25,56.5,neutro,2.32,0.725,1.5,1.081,0.658,1.505,0.984,0.8,0.362,0.485
89493,Igor Rabello,FLU,Zagueiro,7,8.06,0.0,6.65,2,0.0,False,False,CAM,0.811,valor_bom,4.499,5.15,0.25,40.7,neutro,3.55,0.2,-33.4,1.3,1.137,1.094,0.833,0.825,0.284,
102928,Canobbio,FLU,Atacante,7,11.05,-1.12,7.28,18,5.8,True,False,CAM,1.81,valor_oculto,6.506,4.22,1.0,50.6,neutro,4.15,0.7,-33.4,1.3,1.137,1.094,0.833,0.825,0.284,
127932,Júlio Fidelis,FLU,Lateral,6,3.32,1.66,3.1,2,6.5,True,False,CAM,-0.103,neutro,2.093,1.6,0.25,42.0,neutro,2.32,0.2,-33.4,1.3,1.137,1.094,0.833,0.825,0.284,
79631,Cano,FLU,Atacante,6,4.31,0.0,2.28,8,0.0,False,False,CAM,-0.268,neutro,2.4,1.28,1.0,50.6,neutro,2.45,0.7,-33.4,1.3,1.137,1.094,0.833,0.825,0.284,
110759,John Kennedy,FLU,Atacante,5,10.92,0.0,7.3,17,0.0,False,False,CAM,1.832,valor_oculto,6.488,2.77,1.0,50.6,neutro,3.01,0.7,-33.4,1.3,1.137,1.094,0.833,0.825,0.284,
100987,Nonato,FLU,Meia,6,5.92,0.24,2.54,13,5.2,True,False,CAM,0.032,neutro,3.118,1.77,1.0,51.9,neutro,2.53,0.7,-33.4,1.3,1.137,1.094,0.833,0.825,0.284,
145705,Douglas Telles,FLA,Atacante,6,2.0,0.0,0.0,0,0.0,False,True,COR,-1.095,armadilha_leve,0.0,0.0,0.0,60.8,neutro,1.36,0.225,36.1,1.224,0.743,0.963,1.348,0.85,0.651,
116447,Hércules,FLU,Meia,7,6.47,0.0,3.57,21,0.0,False,False,CAM,0.536,valor_bom,3.704,2.86,1.0,51.9,neutro,2.95,0.7,-33.4,1.3,1.137,1.094,0.833,0.825,0.284,
88037,Luís Castro,GRE,Técnico,7,8.75,-0.54,4.53,24,2.58,True,True,VAS,-1.512,armadilha_forte,4.623,4.53,1.0,63.8,neutro,3.74,0.9,52.8,0.926,1.061,0.741,1.125,0.35,0.404,
72018,Tiago Volpi,RBB,Goleiro,7,9.09,-0.83,5.53,17,0.1,True,False,BOT,0.616,valor_bom,5.104,3.06,1.0,50.1,neutro,2.72,0.375,-5.5,0.806,1.429,0.405,1.0,0.275,0.332,
140484,Riquelme Felipe,FLU,Atacante,6,4.18,0.0,1.77,4,0.0,False,False,CAM,-0.337,neutro,2.271,0.52,0.5,50.6,neutro,2.5,0.7,-33.4,1.3,1.137,1.094,0.833,0.825,0.284,
91908,Pavón,GRE,Atacante,3,6.2,-2.1,4.32,22,0.9,True,True,VAS,1.194,valor_bom,4.438,2.91,1.0,63.4,favoravel,3.48,0.9,52.8,0.926,1.061,0.741,1.125,0.35,0.404,
132071,Serna,FLU,Atacante,6,6.14,0.19,3.55,24,2.4,True,False,CAM,0.442,neutro,3.853,2.13,1.0,50.6,neutro,3.17,0.7,-33.4,1.3,1.137,1.094,0.833,0.825,0.284,
63013,Marcos Rocha,GRE,Lateral,6,5.95,0.0,0.8,4,0.0,False,True,VAS,-1.352,armadilha_leve,2.625,0.8,0.5,72.8,neutro,3.01,0.75,52.8,0.926,1.061,0.741,1.125,0.35,0.404,
111309,Gustavo Martins,GRE,Zagueiro,7,6.53,-1.68,3.69,16,3.8,True,True,VAS,0.529,valor_bom,3.781,1.75,1.0,70.7,favoravel,3.89,0.75,52.8,0.926,1.061,0.741,1.125,0.35,0.404,
91706,Marlon,GRE,Lateral,7,8.13,0.0,4.68,10,0.0,False,True,VAS,0.35,neutro,4.942,3.28,1.0,72.8,favoravel,4.11,0.75,52.8,0.926,1.061,0.741,1.125,0.35,0.404,
89883,Dodi,GRE,Meia,5,2.3,0.0,-0.01,8,0.0,False,True,VAS,-0.659,armadilha_leve,0.52,0.0,1.0,64.7,neutro,1.73,0.9,52.8,0.926,1.061,0.741,1.125,0.35,0.404,
87887,Balbuena,GRE,Zagueiro,6,6.98,0.0,3.94,7,0.0,False,True,VAS,0.551,valor_bom,3.952,3.08,0.875,70.7,favoravel,3.45,0.75,52.8,0.926,1.061,0.741,1.125,0.35,0.404,
105563,Carlos Vinícius,GRE,Atacante,7,12.7,-0.04,4.79,23,1.6,True,True,VAS,-1.046,armadilha_leve,4.783,1.44,1.0,63.4,neutro,2.89,0.9,52.8,0.926,1.061,0.741,1.125,0.35,0.404,
97145,Villasanti,GRE,Meia,7,4.99,-0.52,1.48,5,0.6,True,True,VAS,-1.007,armadilha_leve,1.948,1.48,0.625,64.7,neutro,2.65,0.9,52.8,0.926,1.061,0.741,1.125,0.35,0.404,
89273,João Pedro,GRE,Lateral,6,2.73,0.0,0.6,6,0.0,False,True,VAS,-0.462,neutro,1.309,0.6,0.75,72.8,neutro,2.25,0.75,52.8,0.926,1.061,0.741,1.125,0.35,0.404,
112616,Gabriel Grando,GRE,Goleiro,6,3.77,0.0,0.3,1,0.0,False,True,VAS,0.724,valor_bom,3.093,0.3,0.125,70.8,favoravel,3.43,0.75,52.8,0.926,1.061,0.741,1.125,0.35,0.404,
63289,Edenílson,BOT,Meia,6,5.84,0.06,2.89,17,1.0,True,True,RBB,0.274,neutro,3.263,1.42,1.0,29.3,neutro,3.27,0.225,5.5,0.405,1.0,0.806,1.429,0.2,0.383,
87342,Kannemann,GRE,Zagueiro,6,3.94,0.0,-0.53,3,0.0,False,True,VAS,-1.472,armadilha_leve,1.038,0.0,0.375,70.7,neutro,2.14,0.75,52.8,0.926,1.061,0.741,1.125,0.35,0.404,
104994,Wagner Leonardo,GRE,Zagueiro,6,5.23,0.0,2.5,10,0.0,False,True,VAS,-0.292,neutro,2.612,1.9,1.0,70.7,neutro,2.76,0.75,52.8,0.926,1.061,0.741,1.125,0.35,0.404,
72951,Mercado,INT,Zagueiro,7,6.08,-0.23,3.74,16,2.7,True,False,CHA,0.77,valor_bom,3.814,2.62,1.0,38.3,neutro,4.07,0.55,0.0,0.929,1.071,1.481,0.9,0.225,0.416,0.481
102318,Caio Paulista,GRE,Lateral,6,5.54,0.0,3.08,9,2.2,True,True,VAS,-0.305,neutro,3.295,2.41,1.0,72.8,neutro,3.08,0.75,52.8,0.926,1.061,0.741,1.125,0.35,0.404,
90532,Arthur Melo,SAN,Meia,2,7.73,-0.57,3.15,11,2.0,True,True,CRU,-0.298,neutro,3.532,3.15,1.0,56.5,neutro,3.06,0.725,1.5,1.081,0.658,1.505,0.984,0.8,0.362,0.485
70944,Bruno Henrique,INT,Meia,7,4.75,0.91,2.01,23,8.0,True,False,CHA,-0.684,armadilha_leve,2.07,1.58,1.0,55.1,neutro,2.61,1.0,0.0,0.929,1.071,1.481,0.9,0.225,0.416,0.481
89637,Thiago Maia,INT,Meia,7,4.72,0.16,2.02,12,7.1,True,False,CHA,-0.612,armadilha_leve,2.108,1.19,1.0,55.1,neutro,2.35,1.0,0.0,0.929,1.071,1.481,0.9,0.225,0.416,0.481
118238,Ronald,GRE,Meia,6,3.0,0.0,0.0,0,0.0,False,True,VAS,-2.108,armadilha_forte,0.0,0.0,0.0,64.7,neutro,1.43,0.9,52.8,0.926,1.061,0.741,1.125,0.35,0.404,
110510,Aguirre,INT,Lateral,3,6.73,1.06,4.21,18,9.4,True,False,CHA,-0.118,neutro,4.003,2.6,1.0,39.6,neutro,3.18,0.55,0.0,0.929,1.071,1.481,0.9,0.225,0.416,0.481
101960,Vitinho,INT,Atacante,6,7.72,-0.77,4.77,25,4.8,True,False,CHA,0.832,valor_bom,4.768,3.53,1.0,54.2,neutro,5.22,1.0,0.0,0.929,1.071,1.481,0.9,0.225,0.416,0.481
92981,Ronaldo,INT,Meia,6,3.6,0.0,2.09,11,1.0,True,False,CHA,0.29,neutro,2.154,1.64,1.0,55.1,neutro,2.37,1.0,0.0,0.929,1.071,1.481,0.9,0.225,0.416,0.481
142004,Amuzu,GRE,Atacante,7,6.72,0.0,3.76,21,0.0,False,True,VAS,0.361,neutro,4.037,2.66,1.0,63.4,favoravel,3.35,0.9,52.8,0.926,1.061,0.741,1.125,0.35,0.404,
106202,Bruno Gomes,INT,Meia,7,7.16,-0.16,3.77,25,7.2,True,False,CHA,0.382,neutro,3.84,3.77,1.0,55.1,neutro,3.87,1.0,0.0,0.929,1.071,1.481,0.9,0.225,0.416,0.481
105175,Khellven,PAL,Lateral,6,5.52,0.61,2.82,18,5.0,True,True,SAO,-0.598,armadilha_leve,3.041,1.99,1.0,66.5,neutro,2.91,0.8,51.9,0.809,1.238,0.968,0.893,0.525,0.548,0.48
116067,Thiago Beltrame,GRE,Goleiro,6,2.08,0.0,0.7,1,0.0,False,True,VAS,1.881,valor_oculto,3.137,0.7,0.125,70.8,favoravel,3.45,0.75,52.8,0.926,1.061,0.741,1.125,0.35,0.404,
92182,Juninho,INT,Zagueiro,6,5.6,0.0,3.12,8,0.0,False,False,CHA,-0.08,neutro,2.937,2.0,1.0,38.3,neutro,2.99,0.55,0.0,0.929,1.071,1.481,0.9,0.225,0.416,0.481
115479,Paulo Pezzolano,INT,Técnico,7,7.55,-0.22,4.83,26,3.88,True,False,CHA,0.747,valor_bom,4.847,4.83,1.0,54.4,neutro,4.15,1.0,0.0,0.929,1.071,1.481,0.9,0.225,0.416,0.481
111683,Anthoni,INT,Goleiro,6,4.63,0.0,2.79,10,0.0,False,False,CHA,0.289,neutro,3.08,1.79,1.0,38.1,neutro,3.62,0.55,0.0,0.929,1.071,1.481,0.9,0.225,0.416,0.481
71684,Gustavo Gómez,PAL,Zagueiro,7,10.94,0.49,5.14,23,10.0,True,True,SAO,0.329,neutro,4.836,2.62,1.0,64.6,favoravel,6.24,0.8,51.9,0.809,1.238,0.968,0.893,0.525,0.548,0.48
93790,Marlon Freitas,PAL,Meia,3,5.49,0.04,2.5,25,1.0,True,True,SAO,-0.05,neutro,2.877,1.9,1.0,47.5,neutro,2.77,0.325,51.9,0.809,1.238,0.968,0.893,0.525,0.548,0.48
86711,Richard,CFC,Meia,6,4.0,0.0,0.0,0,0.0,False,True,CAP,-2.967,armadilha_forte,0.0,0.0,0.0,54.8,neutro,1.26,0.325,2.6,1.376,1.04,1.368,1.671,0.625,0.324,
97653,Murilo,PAL,Zagueiro,7,6.29,0.0,3.46,22,0.0,False,True,SAO,0.405,neutro,3.594,2.01,1.0,64.6,favoravel,4.47,0.8,51.9,0.809,1.238,0.968,0.893,0.525,0.548,0.48
130889,Riquelme,GRE,Meia,6,2.42,0.0,-1.45,2,0.0,False,True,VAS,-0.756,armadilha_leve,0.55,0.0,0.25,64.7,neutro,1.77,0.9,52.8,0.926,1.061,0.741,1.125,0.35,0.404,
68872,Marcelo Lomba,PAL,Goleiro,6,7.08,0.0,8.9,1,0.0,False,True,SAO,0.839,valor_bom,4.72,3.9,0.125,64.6,favoravel,4.32,0.8,51.9,0.809,1.238,0.968,0.893,0.525,0.548,0.48
71631,Weverton,GRE,Goleiro,7,7.94,-0.24,4.65,22,5.5,True,True,VAS,0.409,neutro,4.529,3.29,1.0,70.8,favoravel,4.38,0.75,52.8,0.926,1.061,0.741,1.125,0.35,0.404,
102130,Piquerez,PAL,Lateral,7,11.1,0.05,6.53,12,5.0,True,True,SAO,0.535,valor_bom,6.026,3.61,1.0,66.5,favoravel,5.43,0.8,51.9,0.809,1.238,0.968,0.893,0.525,0.548,0.48
104811,Sebastián Gómez,CFC,Meia,6,4.75,-0.03,2.88,22,5.4,True,True,CAP,0.189,neutro,2.71,2.65,1.0,54.8,neutro,3.02,0.325,2.6,1.376,1.04,1.368,1.671,0.625,0.324,
104085,Bruno Fuchs,PAL,Zagueiro,6,8.5,0.0,4.21,7,0.0,False,True,SAO,0.14,neutro,4.078,2.5,0.875,64.6,favoravel,3.46,0.8,51.9,0.809,1.238,0.968,0.893,0.525,0.548,0.48
88136,Ivan,REM,Goleiro,6,7.58,0.0,10.2,1,0.0,False,False,BAH,0.816,valor_bom,4.865,5.2,0.125,28.8,desfavoravel,3.86,0.45,-30.7,1.04,1.088,1.43,1.137,0.125,0.139,
105647,Maurício,PAL,Meia,7,7.72,-0.36,4.62,23,5.9,True,True,SAO,0.992,valor_bom,4.475,2.88,1.0,47.5,neutro,2.77,0.325,51.9,0.809,1.238,0.968,0.893,0.525,0.548,0.48
107989,Carbonero,INT,Atacante,7,8.53,0.4,4.97,25,3.4,True,False,CHA,0.664,valor_bom,4.92,2.45,1.0,54.2,neutro,4.96,1.0,0.0,0.929,1.071,1.481,0.9,0.225,0.416,0.481
111466,Victor Gabriel,INT,Zagueiro,3,3.51,0.0,2.16,16,0.0,False,False,CHA,-0.016,neutro,1.982,1.6,1.0,38.3,neutro,3.09,0.55,0.0,0.929,1.071,1.481,0.9,0.225,0.416,0.481
143488,Raykkonen,INT,Atacante,6,2.63,0.0,0.5,1,0.0,False,False,CHA,-0.689,armadilha_leve,0.898,0.5,0.125,54.2,neutro,1.81,1.0,0.0,0.929,1.071,1.481,0.9,0.225,0.416,0.481
113103,Flaco López,PAL,Atacante,7,13.45,-0.71,7.01,23,3.5,True,True,SAO,0.945,valor_bom,6.43,3.58,1.0,47.5,neutro,3.48,0.325,51.9,0.809,1.238,0.968,0.893,0.525,0.548,0.48
70592,Felipe Anderson,PAL,Meia,6,6.71,0.0,3.36,19,4.7,True,True,SAO,0.226,neutro,3.566,2.57,1.0,47.5,neutro,3.01,0.325,51.9,0.809,1.238,0.968,0.893,0.525,0.548,0.48
84674,Lucas Evangelista,PAL,Meia,2,4.29,0.36,1.2,21,3.5,True,True,SAO,-1.157,armadilha_leve,1.487,0.96,1.0,47.5,neutro,1.95,0.325,51.9,0.809,1.238,0.968,0.893,0.525,0.548,0.48
108683,Emiliano Martínez,PAL,Meia,2,3.84,-0.51,2.06,13,-0.3,True,True,SAO,0.06,neutro,2.129,2.06,1.0,47.5,neutro,2.27,0.325,51.9,0.809,1.238,0.968,0.893,0.525,0.548,0.48
124526,Giay,PAL,Lateral,7,7.47,0.11,4.82,21,6.5,True,True,SAO,0.65,valor_bom,4.944,3.68,1.0,66.5,favoravel,4.35,0.8,51.9,0.809,1.238,0.968,0.893,0.525,0.548,0.48
99818,Paulinho,PAL,Atacante,5,10.37,0.0,3.42,6,0.0,False,True,SAO,-1.064,armadilha_leve,4.187,0.75,0.75,47.5,neutro,3.44,0.325,51.9,0.809,1.238,0.968,0.893,0.525,0.548,0.48
92811,Bruno Rodrigues,CRU,Atacante,6,4.72,0.0,2.4,15,0.0,False,False,SAN,-0.524,armadilha_leve,2.442,1.2,1.0,59.0,neutro,2.5,0.775,-1.5,1.505,0.984,1.081,0.658,0.75,0.346,0.485
122320,Daniel Sales,FLA,Lateral,6,2.0,0.0,0.0,0,0.0,False,True,COR,-1.171,armadilha_leve,0.0,0.0,0.0,77.6,neutro,1.65,0.45,36.1,1.224,0.743,0.963,1.348,0.85,0.651,
111832,Jefté,PAL,Lateral,5,4.16,0.0,2.47,7,0.0,False,True,SAO,-0.759,armadilha_leve,2.134,0.9,0.875,66.5,neutro,2.54,0.8,51.9,0.809,1.238,0.968,0.893,0.525,0.548,0.48
112863,Ramón Sosa,PAL,Atacante,5,5.87,0.0,3.31,19,0.0,False,True,SAO,-0.441,neutro,3.076,1.1,1.0,47.5,neutro,2.17,0.325,51.9,0.809,1.238,0.968,0.893,0.525,0.548,0.48
79066,Alex Muralha,MIR,Goleiro,6,4.77,2.13,5.5,1,5.5,True,True,VIT,0.756,valor_bom,3.67,5.5,0.125,67.4,favoravel,3.73,0.9,38.4,0.897,1.3,0.624,0.843,0.475,0.532,
97321,Alesson,MIR,Atacante,7,8.49,0.11,4.63,21,5.5,True,True,VIT,0.341,neutro,4.667,3.92,1.0,65.9,favoravel,4.14,1.0,38.4,0.897,1.3,0.624,0.843,0.475,0.532,
97460,João Victor,MIR,Zagueiro,3,5.05,-0.28,2.87,23,3.2,True,True,VIT,0.084,neutro,2.84,2.0,1.0,67.4,favoravel,4.92,0.9,38.4,0.897,1.3,0.624,0.843,0.475,0.532,
133679,Benedetti,PAL,Zagueiro,6,5.42,0.0,4.85,2,0.0,False,True,SAO,0.299,neutro,3.172,1.85,0.25,64.6,favoravel,3.32,0.8,51.9,0.809,1.238,0.968,0.893,0.525,0.548,0.48
136156,Larson,PAL,Meia,6,1.69,-0.41,0.32,5,-0.3,True,True,SAO,0.467,neutro,0.769,0.32,0.625,47.5,neutro,1.6,0.325,51.9,0.809,1.238,0.968,0.893,0.525,0.548,0.48
82775,Lucas Ramon,SAO,Lateral,6,10.86,1.79,4.98,19,12.4,True,False,PAL,-0.54,armadilha_leve,5.066,3.82,1.0,38.9,desfavoravel,4.55,0.125,-51.9,0.968,0.893,0.809,1.238,0.625,0.191,0.48
101708,Felipe Jonatan,CFC,Lateral,6,4.31,-0.03,2.08,17,0.0,True,True,CAP,-0.378,neutro,2.546,1.55,1.0,51.1,neutro,4.61,0.4,2.6,1.376,1.04,1.368,1.671,0.625,0.324,
72279,Thomazella,MIR,Goleiro,6,0.83,0.0,-1.35,2,0.0,False,True,VIT,3.054,valor_oculto,2.963,0.0,0.25,67.4,favoravel,2.79,0.9,38.4,0.897,1.3,0.624,0.843,0.475,0.532,
104027,Rafael Guanaes,MIR,Técnico,7,7.59,0.49,4.28,23,7.54,True,True,VIT,-0.418,neutro,4.44,4.28,1.0,65.4,neutro,4.24,1.0,38.4,0.897,1.3,0.624,0.843,0.475,0.532,
97520,Shaylon,MIR,Meia,2,3.52,0.04,1.54,16,0.2,True,True,VIT,-0.161,neutro,1.774,1.23,1.0,66.3,neutro,2.66,1.0,38.4,0.897,1.3,0.624,0.843,0.475,0.532,
87742,Neto Moura,MIR,Meia,7,3.88,0.0,1.76,14,0.0,False,True,VIT,-0.236,neutro,1.935,1.76,1.0,66.3,neutro,2.4,1.0,38.4,0.897,1.3,0.624,0.843,0.475,0.532,
81005,André Luis,MIR,Atacante,6,2.91,0.0,0.93,12,0.0,False,True,VIT,-0.949,armadilha_leve,0.937,0.26,1.0,65.9,neutro,1.94,1.0,38.4,0.897,1.3,0.624,0.843,0.475,0.532,
73318,Daniel Borges,MIR,Lateral,6,5.14,-0.61,3.84,5,-1.0,False,True,VIT,0.377,neutro,3.654,3.24,0.625,69.4,favoravel,4.6,0.9,38.4,0.897,1.3,0.624,0.843,0.475,0.532,
90917,Carlos Eduardo,MIR,Atacante,6,4.72,0.0,2.82,14,0.0,False,True,VIT,-0.162,neutro,2.711,1.89,1.0,65.9,neutro,3.23,1.0,38.4,0.897,1.3,0.624,0.843,0.475,0.532,
98384,Negueba,MIR,Atacante,5,8.57,0.0,5.23,8,0.0,False,True,VIT,0.748,valor_bom,4.996,4.23,1.0,65.9,favoravel,3.81,1.0,38.4,0.897,1.3,0.624,0.843,0.475,0.532,
104204,Edson Carioca,MIR,Atacante,5,4.14,0.0,2.11,14,0.0,False,True,VIT,-0.32,neutro,2.259,1.54,1.0,65.9,neutro,3.15,1.0,38.4,0.897,1.3,0.624,0.843,0.475,0.532,
77777,João Schmidt,SAN,Meia,6,4.03,-0.15,1.75,13,0.0,True,True,CRU,-0.35,neutro,1.937,1.75,1.0,56.5,neutro,1.95,0.725,1.5,1.081,0.658,1.505,0.984,0.8,0.362,0.485
84847,Luan Peres,SAN,Zagueiro,7,5.11,-0.37,3.26,18,2.9,True,True,CRU,0.376,neutro,3.104,2.09,1.0,47.9,neutro,2.77,0.35,1.5,1.081,0.658,1.505,0.984,0.8,0.362,0.485
105903,Aldo Filho,MIR,Meia,5,3.8,0.0,2.09,15,0.0,False,True,VIT,0.111,neutro,2.143,1.76,1.0,66.3,favoravel,2.77,1.0,38.4,0.897,1.3,0.624,0.843,0.475,0.532,
95466,Igor Vinícius,SAN,Lateral,7,10.22,-0.21,6.62,17,5.9,True,True,CRU,1.029,valor_bom,6.188,5.27,1.0,49.4,neutro,4.95,0.35,1.5,1.081,0.658,1.505,0.984,0.8,0.362,0.485
117403,Renato Marques,CFC,Atacante,6,2.73,0.0,0.74,7,0.0,False,True,CAP,-0.866,armadilha_leve,0.851,0.74,0.875,53.4,neutro,1.72,0.325,2.6,1.376,1.04,1.368,1.671,0.625,0.324,
83257,Gabriel,SAN,Atacante,3,10.57,2.47,5.28,17,17.2,True,True,CRU,0.11,neutro,5.115,0.93,1.0,55.3,neutro,3.12,0.725,1.5,1.081,0.658,1.505,0.984,0.8,0.362,0.485
141754,Gabriel Bontempo,SAN,Meia,7,5.29,-0.25,3.77,20,2.9,True,True,CRU,0.692,valor_bom,3.333,3.27,1.0,56.5,neutro,3.58,0.725,1.5,1.081,0.658,1.505,0.984,0.8,0.362,0.485
102975,Escobar,SAN,Lateral,3,10.06,-0.74,6.61,18,3.5,True,True,CRU,1.098,valor_bom,6.198,5.33,1.0,49.4,neutro,4.87,0.35,1.5,1.081,0.658,1.505,0.984,0.8,0.362,0.485
77656,Cédric Soares,SAO,Lateral,6,3.73,0.0,0.94,8,0.0,False,False,PAL,-1.308,armadilha_leve,1.39,0.94,1.0,38.9,desfavoravel,3.04,0.125,-51.9,0.968,0.893,0.809,1.238,0.625,0.191,0.48
125803,Pedro Morisco,CFC,Goleiro,6,7.83,-0.77,4.55,10,3.7,True,True,CAP,0.319,neutro,4.393,4.55,1.0,49.4,neutro,3.44,0.4,2.6,1.376,1.04,1.368,1.671,0.625,0.324,
78478,Willian Arão,SAN,Meia,7,5.31,-0.68,3.25,18,-0.3,True,True,CRU,0.145,neutro,2.94,2.97,1.0,56.5,neutro,3.88,0.725,1.5,1.081,0.658,1.505,0.984,0.8,0.362,0.485
102256,Rollheiser,SAN,Meia,6,6.33,0.83,2.92,19,8.2,True,True,CRU,-0.0,neutro,3.257,1.6,1.0,56.5,neutro,3.44,0.725,1.5,1.081,0.658,1.505,0.984,0.8,0.362,0.485
91866,Zé Ivaldo,REM,Zagueiro,6,5.67,0.0,2.51,8,0.0,False,False,BAH,-0.489,neutro,2.632,2.13,1.0,29.0,desfavoravel,1.96,0.45,-30.7,1.04,1.088,1.43,1.137,0.125,0.139,
91573,Arboleda,SAO,Zagueiro,7,8.87,0.5,3.91,12,6.2,True,False,PAL,-0.165,neutro,3.931,3.16,1.0,37.7,desfavoravel,3.69,0.125,-51.9,0.968,0.893,0.809,1.238,0.625,0.191,0.48
89840,Calleri,SAO,Atacante,7,10.92,0.2,5.02,22,2.5,True,False,PAL,-0.235,neutro,4.951,2.25,1.0,28.8,desfavoravel,3.13,0.15,-51.9,0.968,0.893,0.809,1.238,0.625,0.191,0.48
118775,Lautaro Díaz,SAN,Atacante,6,5.26,0.0,2.28,8,0.0,False,True,CRU,-0.959,armadilha_leve,2.4,1.28,1.0,55.3,neutro,2.5,0.725,1.5,1.081,0.658,1.505,0.984,0.8,0.362,0.485
84042,Tiquinho Soares,BOT,Atacante,6,5.28,0.0,1.74,7,0.0,False,True,RBB,-1.301,armadilha_leve,2.156,1.74,0.875,29.0,neutro,2.09,0.225,5.5,0.405,1.0,0.806,1.429,0.2,0.383,
85403,Danielzinho,SAO,Meia,7,6.27,0.24,2.52,22,2.9,True,False,PAL,-0.414,neutro,2.93,2.07,1.0,29.2,desfavoravel,2.51,0.15,-51.9,0.968,0.893,0.809,1.238,0.625,0.191,0.48
70164,Lucas Moura,SAO,Meia,5,7.5,0.0,2.32,8,0.0,False,False,PAL,-0.664,armadilha_leve,3.188,1.07,1.0,29.2,desfavoravel,2.65,0.15,-51.9,0.968,0.893,0.809,1.238,0.625,0.191,0.48
106294,Marcos Antônio,SAO,Meia,7,7.1,0.52,3.06,19,8.6,True,False,PAL,-0.251,neutro,3.355,2.53,1.0,29.2,desfavoravel,2.68,0.15,-51.9,0.968,0.893,0.809,1.238,0.625,0.191,0.48
81845,Alisson,FLU,Meia,5,3.52,0.0,0.96,8,0.0,False,False,CAM,-0.396,neutro,1.601,0.33,1.0,51.9,neutro,2.06,0.7,-33.4,1.3,1.137,1.094,0.833,0.825,0.284,
101290,Ferreira,SAO,Atacante,6,6.32,0.15,3.42,20,1.5,True,False,PAL,0.271,neutro,3.804,1.82,1.0,28.8,desfavoravel,3.2,0.15,-51.9,0.968,0.893,0.809,1.238,0.625,0.191,0.48
104075,Sabino,SAO,Zagueiro,7,7.26,0.78,3.79,19,6.8,True,False,PAL,0.303,neutro,3.841,2.84,1.0,37.7,desfavoravel,4.23,0.125,-51.9,0.968,0.893,0.809,1.238,0.625,0.191,0.48
87470,Thaciano,SAN,Meia,6,5.52,-0.19,2.2,15,-0.1,True,True,CRU,-0.11,neutro,2.846,1.53,1.0,56.5,neutro,2.64,0.725,1.5,1.081,0.658,1.505,0.984,0.8,0.362,0.485
63008,Rafael Tolói,SAO,Zagueiro,6,6.92,0.0,4.1,6,0.0,False,False,PAL,0.66,valor_bom,4.021,3.1,0.75,37.7,desfavoravel,3.8,0.125,-51.9,0.968,0.893,0.809,1.238,0.625,0.191,0.48
113690,Diógenes,SAN,Goleiro,6,5.0,0.0,5.55,2,0.0,False,True,CRU,0.83,valor_bom,3.863,3.05,0.25,47.8,neutro,4.07,0.35,1.5,1.081,0.658,1.505,0.984,0.8,0.362,0.485
106028,Coronel,SAO,Goleiro,6,5.0,0.0,0.0,0,0.0,False,False,PAL,-2.638,armadilha_forte,0.0,0.0,0.0,37.5,desfavoravel,0.97,0.125,-51.9,0.968,0.893,0.809,1.238,0.625,0.191,0.48
105300,Ferraresi,BOT,Zagueiro,7,7.09,0.51,3.58,20,8.7,True,True,RBB,0.183,neutro,3.689,2.83,1.0,45.8,neutro,4.84,0.55,5.5,0.405,1.0,0.806,1.429,0.2,0.383,
71123,Thiago Mendes,VAS,Meia,7,7.39,0.32,4.07,21,4.1,True,False,GRE,0.583,valor_bom,4.066,2.88,1.0,33.0,desfavoravel,2.34,0.6,-52.8,0.741,1.125,0.926,1.061,0.3,0.303,
118563,Rodriguinho,RBB,Meia,7,6.13,0.69,3.64,14,5.2,True,False,BOT,0.836,valor_bom,3.792,2.93,1.0,49.4,neutro,3.8,0.9,-5.5,0.806,1.429,0.405,1.0,0.275,0.332,
80570,Wendell,SAO,Lateral,6,8.66,0.7,4.26,17,7.7,True,False,PAL,-0.305,neutro,4.583,2.67,1.0,38.9,desfavoravel,4.61,0.125,-51.9,0.968,0.893,0.809,1.238,0.625,0.191,0.48
113359,Pablo Maia,SAO,Meia,6,4.08,-0.12,1.76,17,0.6,True,False,PAL,-0.419,neutro,1.914,1.47,1.0,29.2,desfavoravel,1.98,0.15,-51.9,0.968,0.893,0.809,1.238,0.625,0.191,0.48
117818,Young,SAO,Goleiro,6,3.0,0.0,0.0,0,0.0,False,False,PAL,-1.603,armadilha_forte,0.0,0.0,0.0,37.5,desfavoravel,0.97,0.125,-51.9,0.968,0.893,0.809,1.238,0.625,0.191,0.48
72391,Fernando Diniz,COR,Técnico,7,8.93,0.24,5.43,19,4.56,True,False,FLA,0.287,neutro,5.369,5.43,1.0,18.1,desfavoravel,3.83,0.05,-36.1,0.963,1.348,1.224,0.743,0.1,0.137,
93716,Paulo Henrique,VAS,Lateral,2,7.27,0.18,3.09,17,2.5,True,False,GRE,-0.645,armadilha_leve,3.787,2.33,1.0,28.7,desfavoravel,2.69,0.125,-52.8,0.741,1.125,0.926,1.061,0.3,0.303,
131617,André Silva,SAO,Atacante,6,3.47,0.0,0.33,14,0.0,False,False,PAL,-2.025,armadilha_forte,0.555,0.33,1.0,28.8,desfavoravel,1.85,0.15,-51.9,0.968,0.893,0.809,1.238,0.625,0.191,0.48
97095,Carlos Cuesta,VAS,Zagueiro,7,4.65,-0.01,1.62,14,0.5,True,False,GRE,-0.687,armadilha_leve,2.032,0.83,1.0,27.7,desfavoravel,2.2,0.125,-52.8,0.741,1.125,0.926,1.061,0.3,0.303,
95936,Daniel Fuzato,VAS,Goleiro,6,1.59,-0.41,-1.0,0,-1.0,False,False,GRE,-0.493,neutro,0.0,0.0,0.0,27.5,desfavoravel,0.79,0.125,-52.8,0.741,1.125,0.926,1.061,0.3,0.303,
81091,Jair,VAS,Meia,5,6.37,0.0,3.13,3,0.0,False,False,GRE,0.725,valor_bom,3.804,3.13,0.375,33.0,desfavoravel,3.19,0.6,-52.8,0.741,1.125,0.926,1.061,0.3,0.303,
105584,Lucas Piton,VAS,Lateral,7,5.55,-0.36,2.51,17,4.3,True,False,GRE,-0.859,armadilha_leve,2.839,2.04,1.0,28.7,desfavoravel,2.09,0.125,-52.8,0.741,1.125,0.926,1.061,0.3,0.303,
140542,Ryan Francisco,SAO,Atacante,6,4.35,0.0,-0.3,1,0.0,False,False,PAL,-0.559,armadilha_leve,2.207,0.0,0.125,28.8,desfavoravel,2.2,0.15,-51.9,0.968,0.893,0.809,1.238,0.625,0.191,0.48
90309,David,VAS,Atacante,6,4.93,0.0,2.17,20,0.0,False,False,GRE,-0.907,armadilha_leve,2.27,0.72,1.0,32.5,desfavoravel,1.84,0.6,-52.8,0.741,1.125,0.926,1.061,0.3,0.303,
86686,Tchê Tchê,VAS,Meia,7,4.68,-1.38,2.86,18,2.6,True,False,GRE,0.181,neutro,2.67,2.3,1.0,33.0,desfavoravel,2.55,0.6,-52.8,0.741,1.125,0.926,1.061,0.3,0.303,
86410,Victor Luis,MIR,Lateral,6,3.65,0.0,1.2,7,0.0,False,True,VIT,-1.058,armadilha_leve,1.542,0.77,0.875,69.4,neutro,2.29,0.9,38.4,0.897,1.3,0.624,0.843,0.475,0.532,
141609,Lucca,SAO,Atacante,6,2.05,0.0,0.23,4,0.0,False,False,PAL,-0.213,neutro,0.708,0.23,0.5,28.8,desfavoravel,1.35,0.15,-51.9,0.968,0.893,0.809,1.238,0.625,0.191,0.48
99213,Puma Rodríguez,VAS,Lateral,2,7.09,-0.12,4.42,16,0.0,True,False,GRE,-0.151,neutro,4.126,2.23,1.0,28.7,desfavoravel,2.33,0.125,-52.8,0.741,1.125,0.926,1.061,0.3,0.303,
107873,Bobadilla,SAO,Meia,5,8.06,0.0,3.94,16,0.0,False,False,PAL,0.168,neutro,3.979,3.31,1.0,29.2,desfavoravel,2.92,0.15,-51.9,0.968,0.893,0.809,1.238,0.625,0.191,0.48
117330,Robert Renan,VAS,Zagueiro,7,5.13,-0.66,2.74,23,1.5,True,False,GRE,-0.078,neutro,2.743,2.22,1.0,27.7,desfavoravel,2.17,0.125,-52.8,0.741,1.125,0.926,1.061,0.3,0.303,
90588,Caíque,VIT,Meia,7,4.93,0.05,2.64,19,3.8,True,False,MIR,-0.186,neutro,2.522,2.64,1.0,47.2,neutro,2.62,0.95,-38.4,0.624,0.843,0.897,1.3,0.45,0.213,
115141,Lucas Freitas,VAS,Zagueiro,6,6.03,0.0,4.67,3,0.0,False,False,GRE,1.212,valor_bom,4.155,1.67,0.375,27.7,desfavoravel,3.33,0.125,-52.8,0.741,1.125,0.926,1.061,0.3,0.303,
116706,Andrés Gómez,VAS,Atacante,7,11.61,-0.15,6.96,21,3.2,True,False,GRE,1.415,valor_bom,6.354,4.96,1.0,32.5,desfavoravel,3.75,0.6,-52.8,0.741,1.125,0.926,1.061,0.3,0.303,
90703,Matheuzinho,VIT,Meia,7,5.74,0.35,3.32,22,2.5,True,False,MIR,0.676,valor_bom,3.516,2.64,1.0,47.2,neutro,2.92,0.95,-38.4,0.624,0.843,0.897,1.3,0.45,0.213,
104118,Lucas Arcanjo,VIT,Goleiro,7,10.37,1.09,5.92,20,12.5,True,False,MIR,0.602,valor_bom,5.428,4.17,1.0,34.5,desfavoravel,4.89,0.7,-38.4,0.624,0.843,0.897,1.3,0.45,0.213,
92180,Jair Ventura,VIT,Técnico,7,9.1,0.85,5.26,23,9.34,True,False,MIR,-0.247,neutro,5.251,5.26,1.0,46.8,neutro,4.06,0.95,-38.4,0.624,0.843,0.897,1.3,0.45,0.213,
111682,Adson,VAS,Meia,7,5.79,-0.5,3.48,13,0.0,True,False,GRE,0.898,valor_bom,3.7,3.48,1.0,33.0,desfavoravel,2.97,0.6,-52.8,0.741,1.125,0.926,1.061,0.3,0.303,
92696,Renato Kayzer,VIT,Atacante,7,6.2,-0.22,2.94,15,0.6,True,False,MIR,0.032,neutro,3.574,1.01,1.0,46.1,neutro,2.3,0.95,-38.4,0.624,0.843,0.897,1.3,0.45,0.213,
99440,Baralhas,VIT,Meia,5,9.25,0.0,5.24,15,0.0,False,False,MIR,0.851,valor_bom,4.828,3.91,1.0,47.2,neutro,3.83,0.95,-38.4,0.624,0.843,0.897,1.3,0.45,0.213,
96793,Camutanga,VIT,Zagueiro,5,6.71,0.0,3.95,7,0.0,False,False,MIR,0.668,valor_bom,3.956,2.66,0.875,34.7,desfavoravel,3.16,0.7,-38.4,0.624,0.843,0.897,1.3,0.45,0.213,
116461,Jamerson,VIT,Lateral,7,7.17,1.65,4.13,12,11.2,True,False,MIR,-0.47,neutro,3.893,2.88,1.0,35.9,desfavoravel,3.67,0.7,-38.4,0.624,0.843,0.897,1.3,0.45,0.213,
42222,Osvaldo,VIT,Atacante,6,4.07,0.0,0.4,2,0.0,False,False,MIR,-0.481,neutro,2.097,0.4,0.25,46.1,neutro,2.39,0.95,-38.4,0.624,0.843,0.897,1.3,0.45,0.213,
122485,Barros,VAS,Meia,6,8.61,0.0,4.64,18,0.0,False,False,GRE,0.599,valor_bom,4.461,3.81,1.0,33.0,desfavoravel,2.96,0.6,-52.8,0.741,1.125,0.926,1.061,0.3,0.303,
111879,Mateus Silva,VIT,Lateral,7,7.66,2.39,5.6,5,13.5,True,False,MIR,1.107,valor_bom,5.397,3.4,0.625,35.9,desfavoravel,4.07,0.7,-38.4,0.624,0.843,0.897,1.3,0.45,0.213,
101597,Ramon,VIT,Lateral,5,8.07,0.0,4.81,17,0.0,False,False,MIR,0.394,neutro,4.957,3.05,1.0,35.9,desfavoravel,4.23,0.7,-38.4,0.624,0.843,0.897,1.3,0.45,0.213,
118752,Mateus Carvalho,VAS,Meia,5,4.0,0.0,0.0,0,0.0,False,False,GRE,-2.967,armadilha_forte,0.0,0.0,0.0,33.0,desfavoravel,0.89,0.6,-52.8,0.741,1.125,0.926,1.061,0.3,0.303,
92273,Odair Hellmann,CAP,Técnico,6,8.82,-0.35,5.92,24,3.69,True,False,CFC,1.453,valor_bom,5.746,5.92,1.0,55.2,neutro,4.59,0.65,-2.6,1.368,1.671,1.376,1.04,0.5,0.363,
80129,Jadson,CAP,Meia,6,5.15,-0.39,3.67,19,0.7,True,False,CFC,0.662,valor_bom,3.247,3.41,1.0,55.8,neutro,2.91,0.65,-2.6,1.368,1.671,1.376,1.04,0.5,0.363,
97645,Thiago Couto,VIT,Goleiro,6,3.0,0.0,0.0,0,0.0,False,False,MIR,-1.603,armadilha_forte,0.0,0.0,0.0,34.5,desfavoravel,0.91,0.7,-38.4,0.624,0.843,0.897,1.3,0.45,0.213,
126977,Fernando Seabra,CFC,Técnico,6,7.84,-0.25,5.19,26,4.13,True,True,CAP,1.076,valor_bom,5.122,5.19,1.0,54.2,neutro,3.76,0.325,2.6,1.376,1.04,1.368,1.671,0.625,0.324,
142279,Nuno Moreira,VAS,Meia,6,5.2,0.0,2.06,18,0.0,False,False,GRE,-0.911,armadilha_leve,2.116,1.5,1.0,33.0,desfavoravel,1.77,0.6,-52.8,0.741,1.125,0.926,1.061,0.3,0.303,
104330,Dudu,VIT,Meia,5,5.01,0.0,3.95,2,0.0,False,False,MIR,-0.155,neutro,2.583,1.45,0.25,47.2,neutro,2.7,0.95,-38.4,0.624,0.843,0.897,1.3,0.45,0.213,
112017,Felipinho,CAP,Meia,6,4.79,0.0,2.99,8,0.0,False,False,CFC,0.034,neutro,2.616,2.99,1.0,55.8,neutro,2.99,0.65,-2.6,1.368,1.671,1.376,1.04,0.5,0.363,
113113,Benavídez,CAP,Lateral,6,9.33,0.0,5.4,19,0.0,False,False,CFC,0.363,neutro,5.361,2.93,1.0,40.4,neutro,4.4,0.825,-2.6,1.368,1.671,1.376,1.04,0.5,0.363,
145387,Rúben Ismael,VIT,Meia,5,4.0,0.0,0.0,0,0.0,False,False,MIR,-2.967,armadilha_forte,0.0,0.0,0.0,47.2,neutro,1.13,0.95,-38.4,0.624,0.843,0.897,1.3,0.45,0.213,
110698,Mycael,CAP,Goleiro,6,7.67,0.21,6.1,2,4.6,True,False,CFC,0.531,valor_bom,4.578,3.6,0.25,38.9,neutro,3.78,0.825,-2.6,1.368,1.671,1.376,1.04,0.5,0.363,
105518,Renan Peixoto,CAP,Atacante,6,2.67,0.16,0.8,9,1.2,True,False,CFC,-0.774,armadilha_leve,0.869,0.8,1.0,54.6,neutro,1.74,0.65,-2.6,1.368,1.671,1.376,1.04,0.5,0.363,
130620,Edenílson,VIT,Meia,6,3.22,0.12,1.54,10,1.5,True,False,MIR,-0.512,armadilha_leve,1.322,1.54,1.0,47.2,neutro,1.86,0.95,-38.4,0.624,0.843,0.897,1.3,0.45,0.213,
90031,Mendoza,CAP,Atacante,6,7.47,-0.93,4.19,24,0.8,True,False,CFC,0.37,neutro,4.333,2.32,1.0,54.6,neutro,2.89,0.65,-2.6,1.368,1.671,1.376,1.04,0.5,0.363,
115266,Renan Viana,CAP,Atacante,6,2.0,0.0,0.0,0,0.0,False,False,CFC,-1.095,armadilha_leve,0.0,0.0,0.0,54.6,neutro,1.26,0.65,-2.6,1.368,1.671,1.376,1.04,0.5,0.363,
123869,Aguirre,CAP,Zagueiro,6,5.1,-0.51,3.42,21,-1.6,True,False,CFC,0.544,valor_bom,3.236,2.42,1.0,39.1,neutro,3.95,0.825,-2.6,1.368,1.671,1.376,1.04,0.5,0.363,
85626,Léo,CAP,Zagueiro,6,6.77,0.0,4.9,2,0.0,False,False,CFC,0.88,valor_bom,4.149,3.4,0.25,39.1,neutro,3.53,0.825,-2.6,1.368,1.671,1.376,1.04,0.5,0.363,
107985,Terán,CAP,Zagueiro,6,6.98,0.0,4.09,13,0.0,False,False,CFC,0.66,valor_bom,4.041,2.94,1.0,39.1,neutro,4.14,0.825,-2.6,1.368,1.671,1.376,1.04,0.5,0.363,
128431,João Cruz,CAP,Meia,6,6.55,0.84,4.18,19,8.5,True,False,CFC,1.094,valor_bom,4.143,2.6,1.0,55.8,neutro,3.35,0.65,-2.6,1.368,1.671,1.376,1.04,0.5,0.363,
120433,Léo Derik,CAP,Lateral,6,5.81,0.0,3.65,9,0.0,False,False,CFC,-0.102,neutro,3.597,2.65,1.0,40.4,neutro,2.97,0.825,-2.6,1.368,1.671,1.376,1.04,0.5,0.363,
143193,Viveros,CAP,Atacante,6,12.78,-0.69,8.96,23,4.7,True,False,CFC,3.091,valor_oculto,7.877,3.09,1.0,54.6,neutro,3.83,0.65,-2.6,1.368,1.671,1.376,1.04,0.5,0.363,
131832,Portilla,CAP,Meia,6,3.35,0.57,1.42,17,5.1,True,False,CFC,-0.656,armadilha_leve,1.302,1.42,1.0,55.8,neutro,1.97,0.65,-2.6,1.368,1.671,1.376,1.04,0.5,0.363,
123101,Leozinho,CAP,Atacante,6,5.81,-0.86,5.18,13,2.0,True,False,CFC,1.063,valor_bom,4.167,2.72,1.0,54.6,neutro,5.8,0.65,-2.6,1.368,1.671,1.376,1.04,0.5,0.363,
125746,Dudu,CAP,Meia,6,2.21,0.0,1.55,16,0.0,False,False,CFC,0.624,valor_bom,1.383,1.24,1.0,55.8,neutro,2.01,0.65,-2.6,1.368,1.671,1.376,1.04,0.5,0.363,
127970,Felipe Chiqueti,CAP,Meia,6,2.07,0.0,1.35,7,0.0,False,False,CFC,0.532,valor_bom,1.19,1.35,0.875,55.8,neutro,1.93,0.65,-2.6,1.368,1.671,1.376,1.04,0.5,0.363,
63354,Rodrigo Moledo,CFC,Zagueiro,6,6.22,0.28,4.14,5,3.5,True,True,CAP,0.972,valor_bom,4.03,2.34,0.625,49.5,neutro,3.43,0.4,2.6,1.376,1.04,1.368,1.671,0.625,0.324,
122316,Batata,CAP,Lateral,6,1.0,0.0,0.0,0,0.0,False,False,CFC,0.439,neutro,0.0,0.0,0.0,40.4,neutro,1.01,0.825,-2.6,1.368,1.671,1.376,1.04,0.5,0.363,
122439,Isaac,CAP,Atacante,6,1.66,0.0,0.4,3,0.0,False,False,CFC,0.483,neutro,0.798,0.4,0.375,54.6,neutro,1.74,0.65,-2.6,1.368,1.671,1.376,1.04,0.5,0.363,
130842,Matheus Soares,CAP,Goleiro,6,1.0,0.0,0.0,0,0.0,False,False,CFC,0.168,neutro,0.0,0.0,0.0,38.9,neutro,0.99,0.825,-2.6,1.368,1.671,1.376,1.04,0.5,0.363,
84339,Bruno Melo,CFC,Lateral,6,5.07,-0.05,3.06,24,0.0,True,True,CAP,-0.148,neutro,3.179,1.85,1.0,51.1,neutro,3.17,0.4,2.6,1.376,1.04,1.368,1.671,0.625,0.324,
82628,Tinga,CFC,Lateral,5,5.53,0.0,3.59,16,0.0,False,True,CAP,0.034,neutro,3.572,2.59,1.0,51.1,neutro,3.7,0.4,2.6,1.376,1.04,1.368,1.671,0.625,0.324,
143532,Carlos Eduardo,CAP,Goleiro,6,1.0,0.0,0.0,0,0.0,False,False,CFC,0.168,neutro,0.0,0.0,0.0,38.9,neutro,0.99,0.825,-2.6,1.368,1.671,1.376,1.04,0.5,0.363,
117930,Lavega,CFC,Atacante,6,5.15,0.23,3.3,24,2.5,True,True,CAP,0.063,neutro,3.105,1.22,1.0,53.4,neutro,3.44,0.325,2.6,1.376,1.04,1.368,1.671,0.625,0.324,
125926,Zapelli,CAP,Meia,6,4.21,0.03,1.38,16,1.5,True,False,CFC,-0.853,armadilha_leve,1.667,1.07,1.0,55.8,neutro,2.11,0.65,-2.6,1.368,1.671,1.376,1.04,0.5,0.363,
90302,Pedro Rocha,CFC,Atacante,6,8.88,0.11,4.82,25,14.3,True,True,CAP,0.359,neutro,4.806,2.06,1.0,53.4,neutro,2.65,0.325,2.6,1.376,1.04,1.368,1.671,0.625,0.324,
84626,Josué,CFC,Meia,6,5.65,-0.33,4.01,23,0.5,True,True,CAP,1.417,valor_bom,4.022,1.84,1.0,54.8,neutro,3.39,0.325,2.6,1.376,1.04,1.368,1.671,0.625,0.324,
145609,Élan Ricardo,CAP,Meia,6,3.0,0.0,0.0,0,0.0,False,False,CFC,-2.108,armadilha_forte,0.0,0.0,0.0,55.8,neutro,1.28,0.65,-2.6,1.368,1.671,1.376,1.04,0.5,0.363,
71227,Maicon,CFC,Zagueiro,6,3.7,-0.16,1.79,15,-0.1,True,True,CAP,-0.456,neutro,1.733,0.99,1.0,49.5,neutro,2.1,0.4,2.6,1.376,1.04,1.368,1.671,0.625,0.324,
112576,Vini Paulista,CFC,Meia,6,4.03,0.0,2.35,23,0.0,False,True,CAP,0.175,neutro,2.322,2.35,1.0,54.8,neutro,2.73,0.325,2.6,1.376,1.04,1.368,1.671,0.625,0.324,
128427,Alejandro García,CAP,Meia,6,4.0,0.0,0.0,0,0.0,False,False,CFC,-2.967,armadilha_forte,0.0,0.0,0.0,55.8,neutro,1.28,0.65,-2.6,1.368,1.671,1.376,1.04,0.5,0.363,
97878,Jacy,CFC,Zagueiro,6,5.43,0.22,3.99,23,2.0,True,True,CAP,0.907,valor_bom,3.671,3.21,1.0,49.5,neutro,3.86,0.4,2.6,1.376,1.04,1.368,1.671,0.625,0.324,
101405,Wallisson,MIR,Meia,7,5.61,2.06,2.58,16,10.5,True,True,VIT,0.146,neutro,3.072,2.58,1.0,66.3,favoravel,2.93,1.0,38.4,0.897,1.3,0.624,0.843,0.475,0.532,
104134,Fabri,VIT,Atacante,6,5.12,0.45,2.49,9,3.8,True,False,MIR,-0.723,armadilha_leve,2.505,1.93,1.0,46.1,neutro,2.45,0.95,-38.4,0.624,0.843,0.897,1.3,0.45,0.213,
141868,Vini Lira,SAN,Lateral,5,3.79,0.0,2.42,4,0.0,False,True,CRU,-0.584,armadilha_leve,2.034,2.42,0.5,49.4,neutro,2.35,0.35,1.5,1.081,0.658,1.505,0.984,0.8,0.362,0.485
109127,Tiago Cóser,CFC,Zagueiro,6,3.35,0.0,2.77,22,0.0,False,True,CAP,0.694,valor_bom,2.465,1.13,1.0,49.5,neutro,1.99,0.4,2.6,1.376,1.04,1.368,1.671,0.625,0.324,
97795,Marcelinho,REM,Lateral,3,6.06,-0.57,5.1,22,2.7,True,False,BAH,1.06,valor_bom,4.683,3.69,1.0,30.1,desfavoravel,4.3,0.45,-30.7,1.04,1.088,1.43,1.137,0.125,0.139,
123648,Lucas Ronier,CFC,Atacante,5,10.77,0.0,6.7,18,0.0,False,True,CAP,1.369,valor_bom,6.104,5.42,1.0,53.4,neutro,2.81,0.325,2.6,1.376,1.04,1.368,1.671,0.625,0.324,
141337,Lucas Taverna,CFC,Lateral,5,2.69,0.0,1.95,4,0.0,False,True,CAP,0.263,neutro,1.877,1.2,0.5,51.1,neutro,2.29,0.4,2.6,1.376,1.04,1.368,1.671,0.625,0.324,
124834,Ruan Assis,CFC,Atacante,6,1.0,0.0,0.0,0,0.0,False,True,CAP,0.609,valor_bom,0.0,0.0,0.0,53.4,neutro,1.24,0.325,2.6,1.376,1.04,1.368,1.671,0.625,0.324,
82730,Marcelo Rangel,REM,Goleiro,7,5.86,0.46,3.84,25,4.2,True,False,BAH,0.545,valor_bom,3.927,3.44,1.0,28.8,desfavoravel,4.11,0.45,-30.7,1.04,1.088,1.43,1.137,0.125,0.139,
110668,Esquivel,CAP,Lateral,6,6.9,-1.0,4.67,15,1.7,True,False,CFC,0.124,neutro,4.276,2.67,1.0,40.4,neutro,4.58,0.825,-2.6,1.368,1.671,1.376,1.04,0.5,0.363,
110708,Pedro Rangel,CFC,Goleiro,6,7.48,0.0,4.67,17,0.0,False,True,CAP,0.535,valor_bom,4.519,2.91,1.0,49.4,neutro,4.54,0.4,2.6,1.376,1.04,1.368,1.671,0.625,0.324,
115840,Benassi,CFC,Goleiro,6,1.0,0.0,0.0,0,0.0,False,True,CAP,0.168,neutro,0.0,0.0,0.0,49.4,neutro,1.17,0.4,2.6,1.376,1.04,1.368,1.671,0.625,0.324,
102911,Zé Ricardo,REM,Meia,7,4.66,-1.12,3.13,24,2.0,True,False,BAH,0.519,valor_bom,2.908,2.71,1.0,33.7,desfavoravel,3.1,0.375,-30.7,1.04,1.088,1.43,1.137,0.125,0.139,
83074,Ygor Vinhas,REM,Goleiro,6,3.0,0.0,0.0,0,0.0,False,False,BAH,-1.603,armadilha_forte,0.0,0.0,0.0,28.8,desfavoravel,0.82,0.45,-30.7,1.04,1.088,1.43,1.137,0.125,0.139,
130283,Matheus Dias,CFC,Meia,6,1.0,0.0,0.0,0,0.0,False,True,CAP,0.56,valor_bom,0.0,0.0,0.0,54.8,neutro,1.26,0.325,2.6,1.376,1.04,1.368,1.671,0.625,0.324,
104257,João Lucas,REM,Lateral,5,4.59,0.0,2.82,6,0.0,False,False,BAH,0.24,neutro,3.23,2.82,0.75,30.1,desfavoravel,2.73,0.45,-30.7,1.04,1.088,1.43,1.137,0.125,0.139,
145782,Tassano,REM,Zagueiro,6,3.0,0.0,0.0,0,0.0,False,False,BAH,-2.062,armadilha_forte,0.0,0.0,0.0,29.0,desfavoravel,0.82,0.45,-30.7,1.04,1.088,1.43,1.137,0.125,0.139,
143455,PH Gama,REM,Meia,6,2.0,0.0,0.0,0,0.0,False,False,BAH,-1.001,armadilha_leve,0.0,0.0,0.0,33.7,desfavoravel,0.9,0.375,-30.7,1.04,1.088,1.43,1.137,0.125,0.139,
141385,João Victor,REM,Goleiro,6,1.0,0.0,0.0,0,0.0,False,False,BAH,0.168,neutro,0.0,0.0,0.0,28.8,desfavoravel,0.82,0.45,-30.7,1.04,1.088,1.43,1.137,0.125,0.139,
107700,Eduardo Melo,REM,Atacante,6,2.13,0.0,1.4,1,0.0,False,False,BAH,0.068,neutro,0.998,1.4,0.125,33.1,desfavoravel,1.52,0.375,-30.7,1.04,1.088,1.43,1.137,0.125,0.139,
68822,Rafael Santos,CHA,Goleiro,6,4.94,0.0,3.75,4,0.0,False,True,INT,0.569,valor_bom,3.544,3.75,0.5,60.3,neutro,2.12,0.55,0.0,1.481,0.9,0.929,1.071,0.575,0.303,0.481
131279,Thiago Azaf,CFC,Atacante,6,1.0,0.0,0.0,0,0.0,False,True,CAP,0.609,valor_bom,0.0,0.0,0.0,53.4,neutro,1.24,0.325,2.6,1.376,1.04,1.368,1.671,0.625,0.324,
68938,Giovanni Augusto,CHA,Meia,7,4.54,-1.18,3.65,17,-0.4,True,True,INT,0.998,valor_bom,3.199,1.89,1.0,56.4,neutro,2.9,0.575,0.0,1.481,0.9,0.929,1.071,0.575,0.303,0.481
141386,Marcos Alexandre,REM,Goleiro,6,1.0,0.0,0.0,0,0.0,False,False,BAH,0.168,neutro,0.0,0.0,0.0,28.8,desfavoravel,0.82,0.45,-30.7,1.04,1.088,1.43,1.137,0.125,0.139,
95332,Marcinho,CHA,Atacante,7,7.32,2.94,4.1,23,21.4,True,True,INT,0.361,neutro,4.271,2.14,1.0,55.0,neutro,2.85,0.575,0.0,1.481,0.9,0.929,1.071,0.575,0.303,0.481
98224,Jáderson,REM,Meia,6,2.44,0.0,0.85,11,0.0,False,False,BAH,-0.255,neutro,0.934,0.85,1.0,33.7,desfavoravel,1.46,0.375,-30.7,1.04,1.088,1.43,1.137,0.125,0.139,
83048,Rafael Thyere,CHA,Zagueiro,6,2.75,0.0,-0.1,3,0.0,False,True,INT,-0.432,neutro,1.156,0.0,0.375,60.3,neutro,2.04,0.55,0.0,1.481,0.9,0.929,1.071,0.575,0.303,0.481
88293,Neto Pessoa,CHA,Atacante,6,4.74,0.0,3.49,9,0.0,False,True,INT,0.258,neutro,3.034,1.16,1.0,55.0,neutro,2.8,0.575,0.0,1.481,0.9,0.929,1.071,0.575,0.303,0.481
71043,Léo Vieira,BAH,Goleiro,5,6.82,0.0,5.02,16,0.0,False,True,REM,0.946,valor_bom,4.746,4.39,1.0,69.9,favoravel,2.78,0.55,30.7,1.43,1.137,1.04,1.088,0.875,0.645,
104470,Everton,CHA,Lateral,6,3.42,-0.67,1.85,19,0.0,True,True,INT,-0.49,neutro,1.847,1.27,1.0,62.1,neutro,2.09,0.55,0.0,1.481,0.9,0.929,1.071,0.575,0.303,0.481
141615,Pedro Ferreira,SAO,Meia,6,1.25,0.0,0.87,3,0.0,False,False,PAL,1.471,valor_bom,1.001,0.87,0.375,29.2,desfavoravel,1.45,0.15,-51.9,0.968,0.893,0.809,1.238,0.625,0.191,0.48
107516,Ênio,CHA,Atacante,6,4.84,0.0,2.77,13,0.0,False,True,INT,-0.298,neutro,2.675,2.15,1.0,55.0,neutro,2.15,0.575,0.0,1.481,0.9,0.929,1.071,0.575,0.303,0.481
104519,Camilo,CHA,Meia,7,5.18,0.24,3.07,20,3.9,True,True,INT,0.079,neutro,2.833,3.07,1.0,56.4,neutro,2.77,0.575,0.0,1.481,0.9,0.929,1.071,0.575,0.303,0.481
101393,Eduardo Doma,CHA,Zagueiro,7,4.0,0.25,2.39,22,1.5,True,True,INT,0.269,neutro,2.487,1.84,1.0,60.3,neutro,2.88,0.55,0.0,1.481,0.9,0.929,1.071,0.575,0.303,0.481
109336,Rafael Carvalheira,CHA,Meia,5,5.7,0.0,2.72,14,0.0,False,True,INT,0.276,neutro,3.206,2.01,1.0,56.4,neutro,2.9,0.575,0.0,1.481,0.9,0.929,1.071,0.575,0.303,0.481
121870,Gustavo Talles,CHA,Lateral,6,2.0,0.0,0.0,0,0.0,False,True,INT,-1.171,armadilha_leve,0.0,0.0,0.0,62.1,neutro,1.39,0.55,0.0,1.481,0.9,0.929,1.071,0.575,0.303,0.481
130843,Arthur Dias,CAP,Zagueiro,6,5.75,0.08,3.52,22,2.7,True,False,CFC,0.313,neutro,3.316,2.57,1.0,39.1,neutro,3.54,0.825,-2.6,1.368,1.671,1.376,1.04,0.5,0.363,
111279,Mancha,CHA,Lateral,6,3.0,0.0,0.0,0,0.0,False,True,INT,-2.313,armadilha_forte,0.0,0.0,0.0,62.1,neutro,1.39,0.55,0.0,1.481,0.9,0.929,1.071,0.575,0.303,0.481
110426,Bernabei,INT,Lateral,7,10.2,0.0,6.35,22,0.0,False,False,CHA,0.885,valor_bom,6.062,4.21,1.0,39.6,neutro,4.39,0.55,0.0,0.929,1.071,1.481,0.9,0.225,0.416,0.481
116066,Rubens,CHA,Atacante,6,2.48,0.0,1.38,9,0.0,False,True,INT,-0.138,neutro,1.176,0.49,1.0,55.0,neutro,1.89,0.575,0.0,1.481,0.9,0.929,1.071,0.575,0.303,0.481
130806,Kauan,CHA,Zagueiro,7,1.03,-0.46,0.86,5,-1.0,True,True,INT,1.777,valor_oculto,1.332,0.26,0.625,60.3,neutro,2.1,0.55,0.0,1.481,0.9,0.929,1.071,0.575,0.303,0.481
107453,João Paulo,CHA,Zagueiro,5,4.8,0.0,3.3,6,0.0,False,True,INT,0.402,neutro,2.987,1.47,0.75,60.3,neutro,2.93,0.55,0.0,1.481,0.9,0.929,1.071,0.575,0.303,0.481
89837,Lucho Acosta,FLU,Meia,6,11.0,1.0,4.9,20,9.7,True,False,CAM,0.013,neutro,4.659,2.9,1.0,51.9,neutro,2.87,0.7,-33.4,1.3,1.137,1.094,0.833,0.825,0.284,
99552,Rossi,FLA,Goleiro,7,8.93,-0.39,5.13,24,6.3,True,True,COR,0.471,neutro,4.897,2.84,1.0,75.5,favoravel,4.25,0.45,36.1,1.224,0.743,0.963,1.348,0.85,0.651,
102906,Anderson,CHA,Goleiro,7,6.14,0.94,3.45,11,6.0,True,True,INT,0.297,neutro,3.765,3.0,1.0,60.3,neutro,3.2,0.55,0.0,1.481,0.9,0.929,1.071,0.575,0.303,0.481
130414,Robert,CHA,Meia,5,3.51,0.0,3.0,1,0.0,False,True,INT,0.599,valor_bom,2.325,3.0,0.125,56.4,neutro,2.72,0.575,0.0,1.481,0.9,0.929,1.071,0.575,0.303,0.481
68708,Eduardo,MIR,Meia,2,6.66,-0.18,3.56,18,6.4,True,True,VIT,0.452,neutro,3.713,2.45,1.0,66.3,favoravel,3.0,1.0,38.4,0.897,1.3,0.624,0.843,0.475,0.532,
78850,Reinaldo,MIR,Lateral,7,8.57,0.32,3.3,20,6.2,True,True,VIT,-1.134,armadilha_leve,3.863,1.85,1.0,69.4,neutro,4.39,0.9,38.4,0.897,1.3,0.624,0.843,0.475,0.532,
89274,Andreas Pereira,PAL,Meia,7,12.22,0.52,4.83,25,7.0,True,True,SAO,-0.381,neutro,4.643,2.63,1.0,47.5,neutro,2.9,0.325,51.9,0.809,1.238,0.968,0.893,0.525,0.548,0.48
80287,Luciano,SAO,Atacante,7,13.73,0.34,5.53,21,11.2,True,False,PAL,-0.631,armadilha_leve,5.318,2.24,1.0,28.8,desfavoravel,4.18,0.15,-51.9,0.968,0.893,0.809,1.238,0.625,0.191,0.48
140438,David,CHA,Meia,6,1.08,-0.06,0.73,8,0.0,True,True,INT,1.622,valor_oculto,0.89,0.73,1.0,56.4,neutro,2.5,0.575,0.0,1.481,0.9,0.929,1.071,0.575,0.303,0.481
141776,Gustavo Henrique,SAN,Meia,7,4.77,1.64,3.43,12,9.9,True,True,CRU,0.508,valor_bom,2.954,3.43,1.0,56.5,neutro,2.78,0.725,1.5,1.081,0.658,1.505,0.984,0.8,0.362,0.485
97900,Vitão,FLA,Zagueiro,6,6.62,0.0,2.37,9,0.0,False,True,COR,-0.323,neutro,3.119,1.04,1.0,75.4,neutro,3.26,0.45,36.1,1.224,0.743,0.963,1.348,0.85,0.651,
126471,Barreal,SAN,Meia,5,10.11,0.0,5.37,19,0.0,False,True,CRU,0.749,valor_bom,4.981,4.05,1.0,56.5,neutro,4.46,0.725,1.5,1.081,0.658,1.505,0.984,0.8,0.362,0.485
39148,Hulk,FLU,Atacante,7,12.51,-1.15,6.35,19,7.4,True,False,CAM,0.488,neutro,5.88,3.19,1.0,50.6,neutro,4.58,0.7,-33.4,1.3,1.137,1.094,0.833,0.825,0.284,
89368,Braithwaite,GRE,Atacante,6,5.31,-0.02,0.48,16,1.2,True,True,VAS,-2.66,armadilha_forte,1.16,0.48,1.0,63.4,neutro,2.01,0.9,52.8,0.926,1.061,0.741,1.125,0.35,0.404,
100652,Yuri Alberto,COR,Atacante,5,10.58,0.0,4.1,17,0.0,False,False,FLA,-0.973,armadilha_leve,4.312,2.1,1.0,17.9,desfavoravel,3.21,0.05,-36.1,0.963,1.348,1.224,0.743,0.1,0.137,
103445,Kaio Jorge,CRU,Atacante,7,12.02,1.56,4.91,19,12.8,True,False,SAN,-0.721,armadilha_leve,4.866,1.96,1.0,59.0,neutro,2.67,0.775,-1.5,1.505,0.984,1.081,0.658,0.75,0.346,0.485
133673,Mateus Xavier,SAN,Atacante,6,2.33,0.0,1.2,1,0.0,False,True,CRU,-0.223,neutro,0.975,1.2,0.125,55.3,neutro,1.88,0.725,1.5,1.081,0.658,1.505,0.984,0.8,0.362,0.485
122781,Caballero,SAN,Atacante,7,3.75,-0.12,1.97,6,0.5,True,True,CRU,0.046,neutro,2.285,1.97,0.75,55.3,neutro,2.51,0.725,1.5,1.081,0.658,1.505,0.984,0.8,0.362,0.485
146991,Rhuan Gabriel,CRU,Meia,6,1.39,0.0,1.2,1,0.0,False,False,SAN,1.328,valor_bom,1.067,1.2,0.125,60.4,neutro,2.02,0.775,-1.5,1.505,0.984,1.081,0.658,0.75,0.346,0.485
106104,Enamorado,GRE,Atacante,7,6.63,-0.49,3.3,20,1.3,True,True,VAS,-0.019,neutro,3.718,2.55,1.0,63.4,neutro,3.2,0.9,52.8,0.926,1.061,0.741,1.125,0.35,0.404,
51772,Everton Ribeiro,BAH,Meia,6,8.86,0.0,4.48,16,0.0,False,True,REM,0.333,neutro,4.339,3.23,1.0,83.3,favoravel,2.84,0.95,30.7,1.43,1.137,1.04,1.088,0.875,0.645,
101908,Willian Machado,MIR,Zagueiro,7,4.96,-0.39,3.36,19,-0.3,True,True,VIT,0.55,valor_bom,3.18,2.62,1.0,67.4,favoravel,3.71,0.9,38.4,0.897,1.3,0.624,0.843,0.475,0.532,
115025,Miguelito,SAN,Meia,6,4.97,-2.44,4.28,9,-0.5,True,True,CRU,0.876,valor_bom,3.32,2.61,1.0,56.5,neutro,2.96,0.725,1.5,1.081,0.658,1.505,0.984,0.8,0.362,0.485
94583,Pedro,FLA,Atacante,7,16.1,0.59,8.48,24,6.3,True,True,COR,1.745,valor_oculto,7.551,2.65,1.0,60.8,favoravel,4.79,0.225,36.1,1.224,0.743,0.963,1.348,0.85,0.651,
114802,Vitor Roque,PAL,Atacante,7,14.35,-0.16,5.51,14,3.0,True,True,SAO,-0.912,armadilha_leve,5.238,3.22,1.0,47.5,neutro,2.55,0.325,51.9,0.809,1.238,0.968,0.893,0.525,0.548,0.48
145400,Cauê,RBB,Lateral,6,4.23,0.0,3.47,3,0.0,False,False,BOT,0.852,valor_bom,3.519,2.47,0.375,51.7,neutro,3.28,0.375,-5.5,0.806,1.429,0.405,1.0,0.275,0.332,
144423,Nicolas Pontes,CRU,Lateral,6,1.0,0.0,0.0,0,0.0,False,False,SAN,0.439,neutro,0.0,0.0,0.0,58.7,neutro,1.33,0.6,-1.5,1.505,0.984,1.081,0.658,0.75,0.346,0.485
131516,JP Chermont,CFC,Lateral,6,5.05,-0.36,3.58,16,0.5,True,True,CAP,0.33,neutro,3.566,2.08,1.0,51.1,neutro,2.89,0.4,2.6,1.376,1.04,1.368,1.671,0.625,0.324,
115986,Denilson,MIR,Meia,6,4.52,-0.48,3.07,16,-0.4,True,True,VIT,0.46,neutro,2.794,2.76,1.0,66.3,favoravel,4.84,1.0,38.4,0.897,1.3,0.624,0.843,0.475,0.532,
108713,Galeano,REM,Atacante,6,4.54,-0.77,1.72,14,1.8,True,False,BAH,-0.969,armadilha_leve,2.011,1.72,1.0,33.1,desfavoravel,2.04,0.375,-30.7,1.04,1.088,1.43,1.137,0.125,0.139,
86292,Bolasie,CHA,Atacante,6,4.89,0.4,2.46,17,6.4,True,True,INT,-0.597,armadilha_leve,2.479,1.4,1.0,55.0,neutro,2.71,0.575,0.0,1.481,0.9,0.929,1.071,0.575,0.303,0.481
132412,Román Gómez,BAH,Lateral,7,8.35,-0.19,5.46,11,2.2,True,True,REM,0.782,valor_bom,5.38,4.37,1.0,71.9,favoravel,4.66,0.55,30.7,1.43,1.137,1.04,1.088,0.875,0.645,
142130,Marcelo Eráclito,CRU,Goleiro,6,1.0,0.0,0.0,0,0.0,False,False,SAN,0.168,neutro,0.0,0.0,0.0,56.9,neutro,1.3,0.6,-1.5,1.505,0.984,1.081,0.658,0.75,0.346,0.485
128433,Johan Rojas,VAS,Meia,6,3.78,0.0,1.58,16,0.0,False,False,GRE,-0.34,neutro,1.8,1.27,1.0,33.0,desfavoravel,1.71,0.6,-52.8,0.741,1.125,0.926,1.061,0.3,0.303,
133696,Wallace Davi,BOT,Meia,6,4.0,0.0,0.0,0,0.0,False,True,RBB,-2.967,armadilha_forte,0.0,0.0,0.0,29.3,neutro,0.82,0.225,5.5,0.405,1.0,0.806,1.429,0.2,0.383,
147090,Kauã Pascini,CAM,Lateral,6,4.22,0.0,3.76,7,0.0,False,True,FLU,1.006,valor_bom,3.641,2.47,0.875,62.3,favoravel,3.22,0.25,33.4,1.094,0.833,1.3,1.137,0.55,0.413,
141131,Vitão,CAM,Zagueiro,7,3.1,0.15,2.83,3,1.5,True,True,FLU,0.26,neutro,1.955,1.83,0.375,60.5,favoravel,2.5,0.25,33.4,1.094,0.833,1.3,1.137,0.55,0.413,
126182,Paulinho,INT,Meia,6,4.05,0.17,1.96,19,2.2,True,False,CHA,-0.221,neutro,2.043,1.96,1.0,55.1,neutro,2.42,1.0,0.0,0.929,1.071,1.481,0.9,0.225,0.416,0.481
94514,Lucas Oliveira,MIR,Zagueiro,6,5.1,0.0,3.08,9,0.0,False,True,VIT,0.163,neutro,2.926,2.08,1.0,67.4,favoravel,3.17,0.9,38.4,0.897,1.3,0.624,0.843,0.475,0.532,
90061,Bruno Pacheco,CHA,Lateral,7,6.7,0.0,4.37,15,0.0,False,True,INT,-0.01,neutro,4.08,2.77,1.0,62.1,neutro,3.07,0.55,0.0,1.481,0.9,0.929,1.071,0.575,0.303,0.481
130048,Noriega,GRE,Zagueiro,7,6.84,-0.29,3.92,18,0.8,True,True,VAS,0.585,valor_bom,3.933,2.81,1.0,70.7,favoravel,4.47,0.75,52.8,0.926,1.061,0.741,1.125,0.35,0.404,
126120,Marcelinho,RBB,Meia,6,3.16,0.0,2.18,5,0.0,False,False,BOT,-0.235,neutro,1.485,1.18,0.625,49.4,neutro,2.02,0.9,-5.5,0.806,1.429,0.405,1.0,0.275,0.332,
94930,Lucas Paquetá,FLA,Meia,6,14.01,1.15,6.01,16,9.8,True,True,COR,0.106,neutro,5.359,5.07,1.0,60.4,favoravel,3.96,0.225,36.1,1.224,0.743,0.963,1.348,0.85,0.651,
130280,Phillipe Gabriel,VAS,Goleiro,6,1.0,0.0,0.0,0,0.0,False,False,GRE,0.168,neutro,0.0,0.0,0.0,27.5,desfavoravel,0.79,0.125,-52.8,0.741,1.125,0.926,1.061,0.3,0.303,
114040,Minda,CAM,Atacante,6,6.94,-0.15,3.58,15,1.3,True,True,FLU,0.181,neutro,3.991,1.85,1.0,56.8,neutro,5.06,0.575,33.4,1.094,0.833,1.3,1.137,0.55,0.413,
94154,Maycon,CAM,Meia,6,5.31,0.0,2.52,14,0.0,False,True,FLU,-0.566,armadilha_leve,2.419,1.81,1.0,57.8,neutro,2.96,0.575,33.4,1.094,0.833,1.3,1.137,0.55,0.413,
106708,Igor Formiga,MIR,Lateral,7,9.52,1.8,5.35,20,15.9,True,True,VIT,0.25,neutro,5.327,3.7,1.0,69.4,favoravel,3.67,0.9,38.4,0.897,1.3,0.624,0.843,0.475,0.532,
118655,Saldivia,VAS,Zagueiro,6,5.83,0.0,2.55,11,0.0,False,False,GRE,0.064,neutro,3.144,2.28,1.0,27.7,desfavoravel,2.61,0.125,-52.8,0.741,1.125,0.926,1.061,0.3,0.303,
103183,Andrew,FLA,Goleiro,6,3.0,0.0,0.0,0,0.0,False,True,COR,-1.603,armadilha_forte,0.0,0.0,0.0,75.5,neutro,1.62,0.45,36.1,1.224,0.743,0.963,1.348,0.85,0.651,
83433,Patrick,REM,Meia,6,5.59,0.56,3.8,22,4.2,True,False,BAH,1.242,valor_bom,3.868,3.8,1.0,33.7,desfavoravel,4.49,0.375,-30.7,1.04,1.088,1.43,1.137,0.125,0.139,
70666,Marllon,REM,Zagueiro,7,5.18,0.46,2.57,24,3.0,True,False,BAH,-0.26,neutro,2.616,1.86,1.0,29.0,desfavoravel,2.91,0.45,-30.7,1.04,1.088,1.43,1.137,0.125,0.139,
100342,Léo Andrade,REM,Zagueiro,6,4.79,0.0,2.95,4,0.0,False,False,BAH,0.201,neutro,2.819,2.95,0.5,29.0,desfavoravel,2.52,0.45,-30.7,1.04,1.088,1.43,1.137,0.125,0.139,
102909,Luan,SAO,Meia,6,2.69,0.0,0.96,7,0.0,False,False,PAL,-0.424,neutro,1.008,0.96,0.875,29.2,desfavoravel,1.44,0.15,-51.9,0.968,0.893,0.809,1.238,0.625,0.191,0.48
141873,Jacaré,COR,Lateral,6,2.0,0.0,0.0,0,0.0,False,False,FLA,-1.171,armadilha_leve,0.0,0.0,0.0,27.5,desfavoravel,0.79,0.0,-36.1,0.963,1.348,1.224,0.743,0.1,0.137,
69208,Gabriel Paulista,COR,Zagueiro,7,8.25,0.0,4.13,19,0.0,False,False,FLA,0.229,neutro,4.08,2.71,1.0,26.5,desfavoravel,3.13,0.0,-36.1,0.963,1.348,1.224,0.743,0.1,0.137,
89256,Gerson,CRU,Meia,7,9.61,1.53,4.47,22,12.1,True,False,SAN,0.08,neutro,4.36,3.79,1.0,60.4,neutro,3.18,0.775,-1.5,1.505,0.984,1.081,0.658,0.75,0.346,0.485
105157,Villagra,INT,Meia,7,4.69,-0.46,1.91,19,-0.3,True,False,CHA,-0.728,armadilha_leve,2.008,1.91,1.0,55.1,neutro,3.13,1.0,0.0,0.929,1.071,1.481,0.9,0.225,0.416,0.481
103388,Emmanuel Martínez,VIT,Meia,5,5.95,0.0,3.27,18,0.0,False,False,MIR,0.552,valor_bom,3.512,3.27,1.0,47.2,neutro,2.78,0.95,-38.4,0.624,0.843,0.897,1.3,0.45,0.213,
71536,Luiz Gustavo,CAP,Meia,6,6.56,0.62,3.53,18,6.4,True,False,CFC,0.474,neutro,3.692,2.97,1.0,55.8,neutro,2.46,0.65,-2.6,1.368,1.671,1.376,1.04,0.5,0.363,
116034,Victor Hugo,CAM,Meia,6,6.4,-0.04,3.55,20,2.0,True,True,FLU,0.56,valor_bom,3.695,2.3,1.0,57.8,neutro,2.56,0.575,33.4,1.094,0.833,1.3,1.137,0.55,0.413,
106302,Preciado,CAM,Lateral,6,7.65,0.0,4.38,11,0.0,False,True,FLU,0.34,neutro,4.755,3.11,1.0,62.3,favoravel,3.68,0.25,33.4,1.094,0.833,1.3,1.137,0.55,0.413,
123689,Milans,COR,Lateral,6,7.76,0.0,4.85,6,0.0,False,False,FLA,0.692,valor_bom,5.09,3.35,0.75,27.5,desfavoravel,3.78,0.0,-36.1,0.963,1.348,1.224,0.743,0.1,0.137,
110633,Gustavo,CFC,Meia,6,3.3,0.0,0.9,4,0.0,False,True,CAP,-1.024,armadilha_leve,1.0,0.9,0.5,54.8,neutro,1.85,0.325,2.6,1.376,1.04,1.368,1.671,0.625,0.324,
105089,Tetê,GRE,Atacante,6,8.39,-0.04,3.46,19,1.3,True,True,VAS,-0.719,armadilha_leve,3.846,2.62,1.0,63.4,neutro,3.26,0.9,52.8,0.926,1.061,0.741,1.125,0.35,0.404,
146374,Gilberto Junior,CAP,Lateral,6,6.14,0.0,4.62,6,0.0,False,False,CFC,0.195,neutro,4.001,3.62,0.75,40.4,neutro,3.27,0.825,-2.6,1.368,1.671,1.376,1.04,0.5,0.363,
142265,Dell,BAH,Atacante,6,1.82,0.0,0.65,4,0.0,False,True,REM,0.305,neutro,0.848,0.65,0.5,83.4,favoravel,2.22,0.95,30.7,1.43,1.137,1.04,1.088,0.875,0.645,
140496,Tiaguinho,GRE,Meia,6,0.93,0.0,0.0,1,0.0,False,True,VAS,1.97,valor_oculto,0.934,0.0,0.125,64.7,favoravel,2.01,0.9,52.8,0.926,1.061,0.741,1.125,0.35,0.404,
95362,Cassierra,CAM,Atacante,2,5.26,-0.38,2.17,19,0.8,True,True,FLU,-1.129,armadilha_leve,2.274,1.06,1.0,56.8,neutro,2.91,0.575,33.4,1.094,0.833,1.3,1.137,0.55,0.413,
105842,Edu,VIT,Zagueiro,5,4.13,0.0,1.5,1,0.0,False,False,MIR,0.342,neutro,2.614,1.5,0.125,34.7,desfavoravel,2.55,0.7,-38.4,0.624,0.843,0.897,1.3,0.45,0.213,
86859,José Welison,REM,Meia,7,3.26,0.0,2.51,21,0.0,False,False,BAH,0.521,valor_bom,2.107,2.51,1.0,33.7,desfavoravel,2.51,0.375,-30.7,1.04,1.088,1.43,1.137,0.125,0.139,
107859,Fintelman,VIT,Goleiro,6,2.0,0.0,0.0,0,0.0,False,False,MIR,-0.868,armadilha_leve,0.0,0.0,0.0,34.5,desfavoravel,0.91,0.7,-38.4,0.624,0.843,0.897,1.3,0.45,0.213,
146623,Luis Pacheco,PAL,Meia,6,1.98,0.0,0.0,3,0.0,False,True,SAO,0.066,neutro,0.764,0.0,0.375,47.5,neutro,1.6,0.325,51.9,0.809,1.238,0.968,0.893,0.525,0.548,0.48
68952,Marinho,VIT,Atacante,6,4.73,-0.45,2.1,11,1.5,True,False,MIR,-0.753,armadilha_leve,2.277,2.1,1.0,46.1,neutro,2.33,0.95,-38.4,0.624,0.843,0.897,1.3,0.45,0.213,
141628,Pablo Lúcio,FLA,Meia,6,2.0,0.0,0.0,0,0.0,False,True,COR,-1.001,armadilha_leve,0.0,0.0,0.0,60.4,neutro,1.36,0.225,36.1,1.224,0.743,0.963,1.348,0.85,0.651,
113125,Picco,REM,Meia,7,6.8,0.22,3.56,23,6.2,True,False,BAH,0.348,neutro,3.688,3.13,1.0,33.7,desfavoravel,6.51,0.375,-30.7,1.04,1.088,1.43,1.137,0.125,0.139,
90370,Matheus Pereira,COR,Meia,6,3.08,0.03,0.94,17,0.5,True,False,FLA,-0.856,armadilha_leve,0.975,0.94,1.0,17.8,desfavoravel,1.25,0.05,-36.1,0.963,1.348,1.224,0.743,0.1,0.137,
110598,Marino Hinestroza,VAS,Atacante,6,5.03,0.11,1.42,13,1.3,True,False,GRE,-1.557,armadilha_forte,1.839,1.42,1.0,32.5,desfavoravel,1.94,0.6,-52.8,0.741,1.125,0.926,1.061,0.3,0.303,
99789,Brenner,VAS,Atacante,5,6.94,0.0,2.9,14,0.0,False,False,GRE,-0.376,neutro,3.577,2.33,1.0,32.5,desfavoravel,2.34,0.6,-52.8,0.741,1.125,0.926,1.061,0.3,0.303,
101729,Fabinho,CFC,Atacante,6,3.08,0.34,1.55,10,7.5,True,True,CAP,-0.664,armadilha_leve,1.282,0.25,1.0,53.4,neutro,1.92,0.325,2.6,1.376,1.04,1.368,1.671,0.625,0.324,
145404,Arthur,PAL,Lateral,6,4.04,0.0,3.8,17,0.0,False,True,SAO,0.583,valor_bom,3.173,2.74,1.0,66.5,favoravel,2.97,0.8,51.9,0.809,1.238,0.968,0.893,0.525,0.548,0.48
141551,Índio,CAM,Meia,5,1.0,0.0,0.0,0,0.0,False,True,FLU,0.56,valor_bom,0.0,0.0,0.0,57.8,neutro,1.31,0.575,33.4,1.094,0.833,1.3,1.137,0.55,0.413,
130906,Riquelme,CAP,Meia,6,1.53,0.0,1.06,5,0.0,False,False,CFC,1.092,valor_bom,1.054,1.06,0.625,55.8,neutro,1.88,0.65,-2.6,1.368,1.671,1.376,1.04,0.5,0.363,
87552,Vitor Bueno,REM,Meia,6,6.73,-0.19,3.5,19,1.5,True,False,BAH,0.351,neutro,3.665,1.92,1.0,33.7,desfavoravel,2.51,0.375,-30.7,1.04,1.088,1.43,1.137,0.125,0.139,
147088,Cissé,CAM,Meia,6,2.91,0.0,2.0,14,0.0,False,True,FLU,0.235,neutro,1.655,1.64,1.0,57.8,neutro,1.99,0.575,33.4,1.094,0.833,1.3,1.137,0.55,0.413,
107075,Yuri Sena,VIT,Goleiro,6,1.0,0.0,0.0,0,0.0,False,False,MIR,0.168,neutro,0.0,0.0,0.0,34.5,desfavoravel,0.91,0.7,-38.4,0.624,0.843,0.897,1.3,0.45,0.213,
118844,Kaio César,COR,Atacante,7,9.83,-0.15,5.74,14,3.9,True,False,FLA,0.751,valor_bom,5.385,4.24,1.0,17.9,desfavoravel,3.84,0.05,-36.1,0.963,1.348,1.224,0.743,0.1,0.137,
145436,Belé,PAL,Atacante,6,3.0,0.0,0.0,0,0.0,False,True,SAO,-2.305,armadilha_forte,0.0,0.0,0.0,47.5,neutro,1.14,0.325,51.9,0.809,1.238,0.968,0.893,0.525,0.548,0.48
147792,Koné,PAL,Zagueiro,6,2.0,0.0,0.0,0,0.0,False,True,SAO,-1.128,armadilha_leve,0.0,0.0,0.0,64.6,neutro,1.43,0.8,51.9,0.809,1.238,0.968,0.893,0.525,0.548,0.48
124270,Allex,INT,Meia,5,2.11,0.0,1.24,10,0.0,False,False,CHA,0.436,neutro,1.156,1.24,1.0,55.1,neutro,2.18,1.0,0.0,0.929,1.071,1.481,0.9,0.225,0.416,0.481
93988,Breno Lopes,CFC,Atacante,6,8.7,-0.33,5.02,23,2.3,True,True,CAP,0.635,valor_bom,4.954,2.02,1.0,53.4,neutro,2.8,0.325,2.6,1.376,1.04,1.368,1.671,0.625,0.324,
145036,Fernando Pradella,SAN,Atacante,6,0.82,0.0,0.0,1,0.0,False,True,CRU,2.138,valor_oculto,0.842,0.0,0.125,55.3,neutro,1.79,0.725,1.5,1.081,0.658,1.505,0.984,0.8,0.362,0.485
146632,Alisson,INT,Lateral,6,1.0,0.0,0.0,0,0.0,False,False,CHA,0.439,neutro,0.0,0.0,0.0,39.6,neutro,1.0,0.55,0.0,0.929,1.071,1.481,0.9,0.225,0.416,0.481
147883,João Vitor,VAS,Atacante,6,3.49,0.0,3.13,4,0.0,False,False,GRE,-0.538,armadilha_leve,1.675,3.13,0.5,32.5,desfavoravel,1.9,0.6,-52.8,0.741,1.125,0.926,1.061,0.3,0.303,
97432,Victor Caetano,CHA,Zagueiro,6,3.16,0.0,1.48,8,0.0,False,True,INT,-0.281,neutro,1.553,1.48,1.0,60.3,neutro,2.15,0.55,0.0,1.481,0.9,0.929,1.071,0.575,0.303,0.481
142638,João Victor,INT,Atacante,6,1.0,0.0,0.0,0,0.0,False,False,CHA,0.609,valor_bom,0.0,0.0,0.0,54.2,neutro,1.25,1.0,0.0,0.929,1.071,1.481,0.9,0.225,0.416,0.481
147788,Arthur Izaque,BOT,Atacante,6,1.0,0.0,0.0,0,0.0,False,True,RBB,0.609,valor_bom,0.0,0.0,0.0,29.0,neutro,0.82,0.225,5.5,0.405,1.0,0.806,1.429,0.2,0.383,
147202,João Bezerra,INT,Atacante,6,1.19,0.0,0.6,2,0.0,False,False,CHA,1.408,valor_bom,0.878,0.6,0.25,54.2,neutro,1.79,1.0,0.0,0.929,1.071,1.481,0.9,0.225,0.416,0.481
130698,Kadu,BOT,Lateral,6,1.0,0.0,0.0,0,0.0,False,True,RBB,0.439,neutro,0.0,0.0,0.0,47.3,neutro,1.13,0.55,5.5,0.405,1.0,0.806,1.429,0.2,0.383,
142086,Kauan Toledo,BOT,Atacante,6,2.53,0.0,2.17,6,0.0,False,True,RBB,0.199,neutro,1.471,2.17,0.75,29.0,neutro,1.59,0.225,5.5,0.405,1.0,0.806,1.429,0.2,0.383,
141406,Andrey Fernandes,VAS,Atacante,6,1.41,0.0,1.7,1,0.0,False,False,GRE,1.212,valor_bom,1.031,1.7,0.125,32.5,desfavoravel,1.53,0.6,-52.8,0.741,1.125,0.926,1.061,0.3,0.303,
141991,Tico,REM,Atacante,6,1.1,0.0,0.5,1,0.0,False,False,BAH,1.611,valor_oculto,0.898,0.5,0.125,33.1,desfavoravel,1.46,0.375,-30.7,1.04,1.088,1.43,1.137,0.125,0.139,
101715,Alerrandro,INT,Atacante,6,6.18,0.0,3.45,21,0.0,False,False,CHA,0.363,neutro,3.812,1.59,1.0,54.2,neutro,3.03,1.0,0.0,0.929,1.071,1.481,0.9,0.225,0.416,0.481
147782,Arthur Novaes,BOT,Meia,6,1.0,0.0,0.0,0,0.0,False,True,RBB,0.56,valor_bom,0.0,0.0,0.0,29.3,neutro,0.82,0.225,5.5,0.405,1.0,0.806,1.429,0.2,0.383,
90608,Chico da Costa,CRU,Atacante,6,3.81,0.0,1.24,7,0.0,False,False,SAN,-0.493,neutro,1.923,0.53,0.875,59.0,neutro,2.34,0.775,-1.5,1.505,0.984,1.081,0.658,0.75,0.346,0.485
148103,Rafael Soares,REM,Meia,6,1.0,0.0,0.0,0,0.0,False,False,BAH,0.56,valor_bom,0.0,0.0,0.0,33.7,desfavoravel,0.9,0.375,-30.7,1.04,1.088,1.43,1.137,0.125,0.139,
148109,Filipe Lima,REM,Atacante,6,1.0,0.0,0.0,0,0.0,False,False,BAH,0.609,valor_bom,0.0,0.0,0.0,33.1,desfavoravel,0.89,0.375,-30.7,1.04,1.088,1.43,1.137,0.125,0.139,
108131,Garcez,CHA,Atacante,7,4.21,-1.45,2.95,11,1.9,True,True,INT,0.309,neutro,2.769,2.22,1.0,55.0,neutro,2.67,0.575,0.0,1.481,0.9,0.929,1.071,0.575,0.303,0.481
130438,Diego,INT,Goleiro,6,1.0,0.0,0.0,0,0.0,False,False,CHA,0.168,neutro,0.0,0.0,0.0,38.1,neutro,0.98,0.55,0.0,0.929,1.071,1.481,0.9,0.225,0.416,0.481
82407,Chico Kim,MIR,Meia,6,2.49,-0.42,0.34,5,0.0,True,True,VIT,-0.524,armadilha_leve,0.777,0.34,0.625,66.3,neutro,1.97,1.0,38.4,0.897,1.3,0.624,0.843,0.475,0.532,
123738,Herrera,RBB,Atacante,7,5.22,0.7,2.58,19,6.1,True,False,BOT,-0.714,armadilha_leve,2.562,2.16,1.0,48.3,neutro,3.34,0.9,-5.5,0.806,1.429,0.405,1.0,0.275,0.332,
147546,Roger,GRE,Meia,6,1.5,0.0,1.2,2,0.0,False,True,VAS,1.173,valor_bom,1.08,1.2,0.25,64.7,favoravel,2.08,0.9,52.8,0.926,1.061,0.741,1.125,0.35,0.404,
112939,Catarozzi,REM,Meia,6,5.41,0.0,0.9,1,0.0,False,False,BAH,1.128,valor_bom,3.706,0.9,0.125,33.7,desfavoravel,3.21,0.375,-30.7,1.04,1.088,1.43,1.137,0.125,0.139,
143463,Wesley Natã,FLU,Atacante,6,0.8,0.0,-0.3,1,0.0,False,False,CAM,2.14,valor_oculto,0.809,0.0,0.125,50.6,neutro,1.69,0.7,-33.4,1.3,1.137,1.094,0.833,0.825,0.284,
148152,Ararat,CFC,Meia,6,4.0,0.0,0.0,0,0.0,False,True,CAP,-2.967,armadilha_forte,0.0,0.0,0.0,54.8,neutro,1.26,0.325,2.6,1.376,1.04,1.368,1.671,0.625,0.324,
116065,Cuiabano,VAS,Lateral,5,12.01,0.0,7.38,14,0.0,False,False,GRE,0.952,valor_bom,6.613,5.31,1.0,28.7,desfavoravel,3.45,0.125,-52.8,0.741,1.125,0.926,1.061,0.3,0.303,
148124,Vinicius,CHA,Zagueiro,5,1.63,0.0,0.1,2,0.0,False,True,INT,0.923,valor_bom,1.321,0.1,0.25,60.3,neutro,2.15,0.55,0.0,1.481,0.9,0.929,1.071,0.575,0.303,0.481
141126,Pedro Cobra,CAM,Goleiro,6,1.0,0.0,0.0,0,0.0,False,True,FLU,0.168,neutro,0.0,0.0,0.0,60.5,favoravel,1.36,0.25,33.4,1.094,0.833,1.3,1.137,0.55,0.413,
99815,Arias,PAL,Meia,7,13.83,-0.62,7.27,20,2.5,True,True,SAO,1.506,valor_oculto,6.352,5.52,1.0,47.5,neutro,3.46,0.325,51.9,0.809,1.238,0.968,0.893,0.525,0.548,0.48
108162,Nardoni,GRE,Meia,6,5.88,-0.07,1.85,15,0.7,True,True,VAS,-0.627,armadilha_leve,2.618,1.52,1.0,64.7,neutro,2.48,0.9,52.8,0.926,1.061,0.741,1.125,0.35,0.404,
97911,Lucas Silva,VIT,Atacante,6,2.8,0.0,-0.17,3,0.0,False,False,MIR,-1.224,armadilha_leve,0.643,0.0,0.375,46.1,neutro,1.51,0.95,-38.4,0.624,0.843,0.897,1.3,0.45,0.213,
127969,Matheus Reis,FLU,Atacante,5,1.0,0.0,0.0,0,0.0,False,False,CAM,0.609,valor_bom,0.0,0.0,0.0,50.6,neutro,1.19,0.7,-33.4,1.3,1.137,1.094,0.833,0.825,0.284,
146410,Marquinhos,BOT,Meia,6,0.85,0.0,0.0,1,0.0,False,True,RBB,2.133,valor_oculto,0.934,0.0,0.125,29.3,neutro,1.41,0.225,5.5,0.405,1.0,0.806,1.429,0.2,0.383,
148215,Djhordney,SAO,Meia,6,0.64,0.01,-0.53,4,-1.6,True,False,PAL,2.038,valor_oculto,0.524,0.0,0.5,29.2,desfavoravel,1.16,0.15,-51.9,0.968,0.893,0.809,1.238,0.625,0.191,0.48
146430,Justino,BOT,Zagueiro,7,3.34,0.0,2.75,10,0.0,False,True,RBB,0.439,neutro,2.251,1.85,1.0,45.8,neutro,3.34,0.55,5.5,0.405,1.0,0.806,1.429,0.2,0.383,
110144,Spinelli,VAS,Atacante,6,5.59,-0.16,2.95,16,1.5,True,False,GRE,-0.628,armadilha_leve,2.807,2.45,1.0,32.5,desfavoravel,2.47,0.6,-52.8,0.741,1.125,0.926,1.061,0.3,0.303,
148206,Nadson,SAN,Atacante,6,1.0,0.0,0.0,0,0.0,False,True,CRU,0.609,valor_bom,0.0,0.0,0.0,55.3,neutro,1.27,0.725,1.5,1.081,0.658,1.505,0.984,0.8,0.362,0.485
131964,Jhoan Hernández,BOT,Lateral,6,3.69,0.0,0.0,1,0.0,False,True,RBB,-0.979,armadilha_leve,1.636,0.0,0.125,47.3,neutro,2.15,0.55,5.5,0.405,1.0,0.806,1.429,0.2,0.383,
104666,Moisés,SAN,Atacante,6,4.78,0.0,2.35,13,0.0,False,True,CRU,-0.604,armadilha_leve,2.415,0.73,1.0,55.3,neutro,2.5,0.725,1.5,1.081,0.658,1.505,0.984,0.8,0.362,0.485
124386,Kainã,CHA,Goleiro,6,1.0,0.0,0.0,0,0.0,False,True,INT,0.168,neutro,0.0,0.0,0.0,60.3,neutro,1.36,0.55,0.0,1.481,0.9,0.929,1.071,0.575,0.303,0.481
105048,Jajá,REM,Atacante,7,6.28,-1.83,5.45,21,-0.4,True,False,BAH,2.253,valor_oculto,5.26,2.55,1.0,33.1,desfavoravel,4.01,0.375,-30.7,1.04,1.088,1.43,1.137,0.125,0.139,
130393,Luiz Gustavo,BAH,Zagueiro,6,1.0,0.0,0.0,0,0.0,False,True,REM,0.189,neutro,0.0,0.0,0.0,69.9,favoravel,1.52,0.55,30.7,1.43,1.137,1.04,1.088,0.875,0.645,
97899,Matheus Bahia,INT,Lateral,6,6.05,-1.4,4.25,17,-4.0,True,False,CHA,0.271,neutro,4.022,2.96,1.0,39.6,neutro,3.97,0.55,0.0,0.929,1.071,1.481,0.9,0.225,0.416,0.481
93371,Rodrigo Rodrigues,CFC,Atacante,6,3.28,0.0,-0.9,1,0.0,False,True,CAP,-1.591,armadilha_forte,0.742,0.0,0.125,53.4,neutro,1.7,0.325,2.6,1.376,1.04,1.368,1.671,0.625,0.324,
126189,Tomás Pérez,CAM,Meia,5,3.99,0.0,1.66,14,0.0,False,True,FLU,-0.409,neutro,1.871,1.66,1.0,57.8,neutro,1.96,0.575,33.4,1.094,0.833,1.3,1.137,0.55,0.413,
145563,João Ananias,SAN,Zagueiro,7,3.43,0.0,2.5,6,0.0,False,True,CRU,0.065,neutro,2.001,2.0,0.75,47.9,neutro,3.9,0.35,1.5,1.081,0.658,1.505,0.984,0.8,0.362,0.485
109987,Medina,BOT,Meia,7,6.35,0.04,3.38,16,0.9,True,True,RBB,0.465,neutro,3.606,3.07,1.0,29.3,neutro,3.17,0.225,5.5,0.405,1.0,0.806,1.429,0.2,0.383,
92747,Eduardo Domínguez,CAM,Técnico,7,9.79,-0.61,5.29,21,2.02,True,True,FLU,-1.02,armadilha_leve,5.272,5.29,1.0,57.1,neutro,4.27,0.575,33.4,1.094,0.833,1.3,1.137,0.55,0.413,
133671,Gustavo Reis,RBB,Goleiro,6,1.0,0.0,0.0,0,0.0,False,False,BOT,0.168,neutro,0.0,0.0,0.0,50.1,neutro,1.18,0.375,-5.5,0.806,1.429,0.405,1.0,0.275,0.332,
141400,Huguinho,BOT,Meia,7,5.05,0.3,3.24,8,4.3,True,True,RBB,0.035,neutro,2.741,2.62,1.0,29.3,neutro,1.94,0.225,5.5,0.405,1.0,0.806,1.429,0.2,0.383,
104036,Labyad,COR,Meia,5,4.52,0.0,2.05,11,0.0,False,False,FLA,-0.445,neutro,2.13,0.69,1.0,17.8,desfavoravel,1.93,0.05,-36.1,0.963,1.348,1.224,0.743,0.1,0.137,
101807,Oliva,SAN,Meia,2,7.65,0.6,3.66,16,10.7,True,True,CRU,0.092,neutro,3.792,2.41,1.0,56.5,neutro,2.9,0.725,1.5,1.081,0.658,1.505,0.984,0.8,0.362,0.485
147875,Daniel Silva,FLA,Zagueiro,6,1.0,0.0,0.0,0,0.0,False,True,COR,0.189,neutro,0.0,0.0,0.0,75.4,favoravel,1.61,0.45,36.1,1.224,0.743,0.963,1.348,0.85,0.651,
142261,Jeferson,GRE,Atacante,6,1.0,0.0,0.0,0,0.0,False,True,VAS,0.609,valor_bom,0.0,0.0,0.0,63.4,favoravel,1.41,0.9,52.8,0.926,1.061,0.741,1.125,0.35,0.404,
142275,Luiz Felipe,FLA,Meia,6,1.0,0.0,0.0,0,0.0,False,True,COR,0.56,valor_bom,0.0,0.0,0.0,60.4,favoravel,1.36,0.225,36.1,1.224,0.743,0.963,1.348,0.85,0.651,
143465,Keven Samuel,FLU,Atacante,6,1.0,0.0,0.0,0,0.0,False,False,CAM,0.609,valor_bom,0.0,0.0,0.0,50.6,neutro,1.19,0.7,-33.4,1.3,1.137,1.094,0.833,0.825,0.284,
147545,Jefinho,GRE,Meia,6,1.46,0.0,1.5,1,0.0,False,True,VAS,1.262,valor_bom,1.1,1.5,0.125,64.7,favoravel,2.11,0.9,52.8,0.926,1.061,0.741,1.125,0.35,0.404,
93368,Lucas Veríssimo,SAN,Zagueiro,5,8.78,0.0,4.1,13,0.0,False,True,CRU,0.007,neutro,4.047,2.95,1.0,47.9,neutro,4.47,0.35,1.5,1.081,0.658,1.505,0.984,0.8,0.362,0.485
124219,Millán,FLU,Zagueiro,7,4.49,0.77,1.47,6,5.0,True,False,CAM,-0.383,neutro,2.203,0.97,0.75,40.7,neutro,2.28,0.2,-33.4,1.3,1.137,1.094,0.833,0.825,0.284,
93834,Keiller,CFC,Goleiro,6,4.0,0.0,0.0,0,0.0,False,True,CAP,-2.172,armadilha_forte,0.0,0.0,0.0,49.4,neutro,1.17,0.4,2.6,1.376,1.04,1.368,1.671,0.625,0.324,
88963,Leonardo Jardim,FLA,Técnico,7,13.42,-0.14,7.4,22,8.45,True,True,COR,0.521,valor_bom,7.178,7.4,1.0,59.6,neutro,4.61,0.225,36.1,1.224,0.743,0.963,1.348,0.85,0.651,
139200,Pedro Kauã,INT,Zagueiro,6,1.0,0.0,0.0,0,0.0,False,False,CHA,0.189,neutro,0.0,0.0,0.0,38.3,neutro,0.98,0.55,0.0,0.929,1.071,1.481,0.9,0.225,0.416,0.481
100804,Tchamba,REM,Zagueiro,7,5.13,-0.58,2.85,18,5.5,True,False,BAH,0.017,neutro,2.82,2.24,1.0,29.0,desfavoravel,3.59,0.45,-30.7,1.04,1.088,1.43,1.137,0.125,0.139,
37457,Léo Condé,REM,Técnico,7,7.8,-0.29,4.68,22,3.52,True,False,BAH,0.092,neutro,4.739,4.68,1.0,33.6,desfavoravel,3.97,0.375,-30.7,1.04,1.088,1.43,1.137,0.125,0.139,
121823,Kauê,COR,Goleiro,6,5.21,0.6,4.98,4,3.2,True,False,FLA,0.823,valor_bom,3.954,3.73,0.5,26.3,desfavoravel,3.17,0.0,-36.1,0.963,1.348,1.224,0.743,0.1,0.137,
124424,Rodrigo Castillo,FLU,Atacante,6,7.87,0.0,3.86,13,0.0,False,False,CAM,0.002,neutro,4.204,1.63,1.0,50.6,neutro,3.35,0.7,-33.4,1.3,1.137,1.094,0.833,0.825,0.284,
133690,Bruno Lopes,VAS,Atacante,6,1.57,0.0,1.7,1,0.0,False,False,GRE,0.941,valor_bom,1.031,1.7,0.125,32.5,desfavoravel,1.53,0.6,-52.8,0.741,1.125,0.926,1.061,0.3,0.303,
129661,Wendel,BAH,Meia,6,1.0,0.0,0.0,0,0.0,False,True,REM,0.56,valor_bom,0.0,0.0,0.0,83.3,favoravel,1.75,0.95,30.7,1.43,1.137,1.04,1.088,0.875,0.645,
115537,Marcos Victor,BAH,Zagueiro,6,3.74,0.0,2.75,4,0.0,False,True,REM,-0.155,neutro,2.001,2.0,0.5,69.9,neutro,3.51,0.55,30.7,1.43,1.137,1.04,1.088,0.875,0.645,
142260,Bernardo Zortea,GRE,Meia,6,1.72,0.0,1.17,4,0.0,False,True,VAS,0.862,valor_bom,1.09,1.17,0.5,64.7,favoravel,2.06,0.9,52.8,0.926,1.061,0.741,1.125,0.35,0.404,
81720,Lingard,COR,Atacante,6,3.99,0.1,1.71,15,1.7,True,False,FLA,-0.555,armadilha_leve,1.992,1.38,1.0,17.9,desfavoravel,1.85,0.05,-36.1,0.963,1.348,1.224,0.743,0.1,0.137,
140726,David Martins,BAH,Meia,6,0.65,0.0,-0.1,3,0.0,False,True,REM,2.305,valor_oculto,0.737,0.0,0.375,83.3,favoravel,2.18,0.95,30.7,1.43,1.137,1.04,1.088,0.875,0.645,
141594,Pedro Gabriel,GRE,Lateral,6,4.64,0.22,3.1,13,1.7,True,True,VAS,0.249,neutro,3.267,1.79,1.0,72.8,favoravel,3.07,0.75,52.8,0.926,1.061,0.741,1.125,0.35,0.404,
84268,Georgemy,MIR,Goleiro,6,3.0,0.0,0.0,0,0.0,False,True,VIT,-1.603,armadilha_forte,0.0,0.0,0.0,67.4,neutro,1.48,0.9,38.4,0.897,1.3,0.624,0.843,0.475,0.532,
141752,Caio Valle,BOT,Meia,6,1.0,0.0,0.0,0,0.0,False,True,RBB,0.56,valor_bom,0.0,0.0,0.0,29.3,neutro,0.82,0.225,5.5,0.405,1.0,0.806,1.429,0.2,0.383,
147268,Anderson Pato,VIT,Atacante,5,3.12,0.0,1.38,4,0.0,False,False,MIR,-0.96,armadilha_leve,1.092,1.38,0.5,46.1,neutro,1.76,0.95,-38.4,0.624,0.843,0.897,1.3,0.45,0.213,
95131,Gabriel Taliari,REM,Atacante,7,8.6,0.02,4.78,14,3.6,True,False,BAH,0.436,neutro,4.774,2.49,1.0,33.1,desfavoravel,3.17,0.375,-30.7,1.04,1.088,1.43,1.137,0.125,0.139,
145659,Nicolas,SAO,Lateral,6,2.79,0.0,5.0,1,0.0,False,False,PAL,0.536,valor_bom,2.192,2.0,0.125,38.9,desfavoravel,2.36,0.125,-51.9,0.968,0.893,0.809,1.238,0.625,0.191,0.48
142257,Luis Eduardo,GRE,Zagueiro,6,1.45,0.0,-0.3,2,0.0,False,True,VAS,1.055,valor_bom,1.241,0.0,0.25,70.7,favoravel,2.28,0.75,52.8,0.926,1.061,0.741,1.125,0.35,0.404,
107256,Zé Vitor,VIT,Meia,7,7.02,0.77,4.77,15,10.6,True,False,MIR,1.378,valor_bom,4.522,4.44,1.0,47.2,neutro,3.49,0.95,-38.4,0.624,0.843,0.897,1.3,0.45,0.213,
143153,Tarzia,VIT,Atacante,7,3.87,0.53,2.91,19,2.9,True,False,MIR,0.627,valor_bom,2.795,1.8,1.0,46.1,neutro,2.6,0.95,-38.4,0.624,0.843,0.897,1.3,0.45,0.213,
147192,Claudinho,CAP,Lateral,5,7.84,0.0,7.52,6,0.0,False,False,CFC,2.031,valor_oculto,6.234,5.19,0.75,40.4,neutro,5.68,0.825,-2.6,1.368,1.671,1.376,1.04,0.5,0.363,
141184,Walace Falcão,VAS,Zagueiro,6,1.0,0.0,0.0,0,0.0,False,False,GRE,0.189,neutro,0.0,0.0,0.0,27.7,desfavoravel,0.8,0.125,-52.8,0.741,1.125,0.926,1.061,0.3,0.303,
148125,Ryan Augusto,RBB,Lateral,6,3.55,-0.23,3.17,6,0.5,True,False,BOT,0.073,neutro,2.411,2.67,0.75,51.7,neutro,2.15,0.375,-5.5,0.806,1.429,0.405,1.0,0.275,0.332,
143252,Gean,VIT,Lateral,6,1.0,0.0,0.0,0,0.0,False,False,MIR,0.439,neutro,0.0,0.0,0.0,35.9,desfavoravel,0.94,0.7,-38.4,0.624,0.843,0.897,1.3,0.45,0.213,
42411,Cuca,SAN,Técnico,7,10.48,0.05,6.18,17,6.97,True,True,CRU,1.006,valor_bom,6.303,6.18,1.0,55.8,neutro,4.87,0.725,1.5,1.081,0.658,1.505,0.984,0.8,0.362,0.485
102877,Gabriel Poveda,REM,Atacante,6,2.57,0.03,0.6,13,0.5,True,False,BAH,-0.842,armadilha_leve,0.732,0.6,1.0,33.1,desfavoravel,1.7,0.375,-30.7,1.04,1.088,1.43,1.137,0.125,0.139,
127273,Artur Jorge,CRU,Técnico,7,11.94,0.43,6.44,18,7.89,True,False,SAN,-0.02,neutro,6.479,6.44,1.0,59.6,neutro,3.86,0.775,-1.5,1.505,0.984,1.081,0.658,0.75,0.346,0.485
110605,Vinícius Balieiro,CHA,Meia,5,3.62,0.0,1.84,5,0.0,False,True,INT,0.182,neutro,2.087,1.84,0.625,56.4,neutro,2.45,0.575,0.0,1.481,0.9,0.929,1.071,0.575,0.303,0.481
147560,Caio Suassuna,BAH,Atacante,6,2.64,0.0,2.0,1,0.0,False,True,REM,-0.477,neutro,1.064,2.0,0.125,83.4,neutro,2.4,0.95,30.7,1.43,1.137,1.04,1.088,0.875,0.645,
121811,Da Silva,CHA,Meia,6,3.0,0.0,0.0,0,0.0,False,True,INT,-2.108,armadilha_forte,0.0,0.0,0.0,56.4,neutro,1.29,0.575,0.0,1.481,0.9,0.929,1.071,0.575,0.303,0.481
149715,Rafael Gonzaga,SAN,Lateral,6,2.79,0.0,2.4,1,0.0,False,True,CRU,0.188,neutro,1.903,2.4,0.125,49.4,neutro,2.35,0.35,1.5,1.081,0.658,1.505,0.984,0.8,0.362,0.485
130209,Renê,VIT,Atacante,6,10.32,2.22,6.44,17,16.1,True,False,MIR,1.262,valor_bom,5.903,3.32,1.0,46.1,neutro,3.11,0.95,-38.4,0.624,0.843,0.897,1.3,0.45,0.213,
123016,David Braga,REM,Meia,6,2.88,0.0,1.05,11,0.0,False,False,BAH,-0.56,armadilha_leve,1.05,1.05,1.0,33.7,desfavoravel,1.65,0.375,-30.7,1.04,1.088,1.43,1.137,0.125,0.139,
123005,Sidney,BAH,Meia,6,1.0,0.0,0.0,0,0.0,False,True,REM,0.56,valor_bom,0.0,0.0,0.0,83.3,favoravel,1.75,0.95,30.7,1.43,1.137,1.04,1.088,0.875,0.645,
94034,Kevin Ramírez,CHA,Atacante,6,4.21,0.0,3.18,5,0.0,False,True,INT,0.315,neutro,2.774,2.18,0.625,55.0,neutro,2.46,0.575,0.0,1.481,0.9,0.929,1.071,0.575,0.303,0.481
97905,Matheus Aurélio,CHA,Goleiro,6,2.61,0.0,1.7,2,0.0,False,True,INT,1.436,valor_bom,3.093,1.7,0.25,60.3,neutro,2.72,0.55,0.0,1.481,0.9,0.929,1.071,0.575,0.303,0.481
101820,Mayk,REM,Lateral,6,5.75,0.0,3.27,14,0.0,False,False,BAH,-0.344,neutro,3.367,2.27,1.0,30.1,desfavoravel,3.1,0.45,-30.7,1.04,1.088,1.43,1.137,0.125,0.139,
130282,Anthony,BOT,Zagueiro,6,3.0,0.0,0.0,0,0.0,False,True,RBB,-2.062,armadilha_forte,0.0,0.0,0.0,45.8,neutro,1.11,0.55,5.5,0.405,1.0,0.806,1.429,0.2,0.383,
147850,Rodrigo Bellão,BOT,Técnico,7,10.47,0.26,5.69,5,6.45,True,True,RBB,0.815,valor_bom,6.229,5.69,0.625,29.3,neutro,4.5,0.225,5.5,0.405,1.0,0.806,1.429,0.2,0.383,
149993,Iago Machado,COR,Zagueiro,6,1.0,0.0,0.0,0,0.0,False,False,FLA,0.189,neutro,0.0,0.0,0.0,26.5,desfavoravel,0.78,0.0,-36.1,0.963,1.348,1.224,0.743,0.1,0.137,
124264,Kauan Jesus,INT,Goleiro,6,1.0,0.0,0.0,0,0.0,False,False,CHA,0.168,neutro,0.0,0.0,0.0,38.1,neutro,0.98,0.55,0.0,0.929,1.071,1.481,0.9,0.225,0.416,0.481
147089,Cauã Soares,CAM,Atacante,6,1.39,0.0,0.73,6,0.0,False,True,FLU,1.009,valor_bom,0.854,0.73,0.75,56.8,neutro,1.78,0.575,33.4,1.094,0.833,1.3,1.137,0.55,0.413,
130309,Rodrigo Falcão,SAN,Goleiro,6,1.0,0.0,0.0,0,0.0,False,True,CRU,0.168,neutro,0.0,0.0,0.0,47.8,neutro,1.14,0.35,1.5,1.081,0.658,1.505,0.984,0.8,0.362,0.485
103347,Matheus Alexandre,REM,Lateral,7,4.19,0.0,1.92,11,0.0,False,False,BAH,-0.221,neutro,2.601,1.1,1.0,30.1,desfavoravel,2.04,0.45,-30.7,1.04,1.088,1.43,1.137,0.125,0.139,
148717,Tetê,SAO,Atacante,6,0.65,0.0,-0.4,4,0.0,False,False,PAL,2.087,valor_oculto,0.498,0.0,0.5,28.8,desfavoravel,1.14,0.15,-51.9,0.968,0.893,0.809,1.238,0.625,0.191,0.48
150197,Osorio,SAO,Zagueiro,6,2.24,0.0,2.32,5,0.0,False,False,PAL,0.948,valor_bom,1.893,1.32,0.625,37.7,desfavoravel,3.62,0.125,-51.9,0.968,0.893,0.809,1.238,0.625,0.191,0.48
141795,Kauan Coutinho,VIT,Zagueiro,6,1.0,0.0,0.0,0,0.0,False,False,MIR,0.189,neutro,0.0,0.0,0.0,34.7,desfavoravel,0.92,0.7,-38.4,0.624,0.843,0.897,1.3,0.45,0.213,
85465,Alex Santana,COR,Meia,6,4.02,0.0,0.8,1,0.0,False,False,FLA,-0.146,neutro,2.081,0.8,0.125,17.8,desfavoravel,1.94,0.05,-36.1,0.963,1.348,1.224,0.743,0.1,0.137,
150757,Samuel Pierri,SAN,Meia,6,1.88,0.0,0.45,2,0.0,False,True,CRU,0.424,neutro,0.93,0.45,0.25,56.5,neutro,1.86,0.725,1.5,1.081,0.658,1.505,0.984,0.8,0.362,0.485
130399,Igor Felisberto,SAO,Lateral,6,1.0,0.0,0.0,0,0.0,False,False,PAL,0.439,neutro,0.0,0.0,0.0,38.9,desfavoravel,0.99,0.125,-51.9,0.968,0.893,0.809,1.238,0.625,0.191,0.48
143253,Wendell,VIT,Meia,6,2.0,0.0,0.0,0,0.0,False,False,MIR,-1.001,armadilha_leve,0.0,0.0,0.0,47.2,neutro,1.13,0.95,-38.4,0.624,0.843,0.897,1.3,0.45,0.213,
149994,Jhuan Nunes,RBB,Atacante,6,1.54,-0.29,1.15,2,0.0,True,False,BOT,0.933,valor_bom,0.988,1.15,0.25,48.3,neutro,1.77,0.9,-5.5,0.806,1.429,0.405,1.0,0.275,0.332,
149991,David,CFC,Atacante,6,0.92,0.0,0.0,1,0.0,False,True,CAP,1.913,valor_oculto,0.842,0.0,0.125,53.4,neutro,1.76,0.325,2.6,1.376,1.04,1.368,1.671,0.625,0.324,
141405,Avellar,VAS,Lateral,6,2.8,0.0,3.45,2,0.0,False,False,GRE,0.49,neutro,2.163,3.45,0.25,28.7,desfavoravel,2.16,0.125,-52.8,0.741,1.125,0.926,1.061,0.3,0.303,
143255,Kauan Vitor,VIT,Lateral,6,1.0,0.0,0.0,0,0.0,False,False,MIR,0.439,neutro,0.0,0.0,0.0,35.9,desfavoravel,0.94,0.7,-38.4,0.624,0.843,0.897,1.3,0.45,0.213,
130233,Iuri,BAH,Goleiro,6,1.0,0.0,0.0,0,0.0,False,True,REM,0.168,neutro,0.0,0.0,0.0,69.9,favoravel,1.52,0.55,30.7,1.43,1.137,1.04,1.088,0.875,0.645,
146701,Benjamin Arhin,INT,Meia,5,1.73,0.0,-0.3,1,0.0,False,False,CHA,0.589,valor_bom,0.9,0.0,0.125,55.1,neutro,1.83,1.0,0.0,0.929,1.071,1.481,0.9,0.225,0.416,0.481
150826,Nícollas,COR,Atacante,6,1.0,0.0,0.0,0,0.0,False,False,FLA,0.609,valor_bom,0.0,0.0,0.0,17.9,desfavoravel,0.63,0.05,-36.1,0.963,1.348,1.224,0.743,0.1,0.137,
132750,João Pedro,SAN,Goleiro,6,1.0,0.0,0.0,0,0.0,False,True,CRU,0.168,neutro,0.0,0.0,0.0,47.8,neutro,1.14,0.35,1.5,1.081,0.658,1.505,0.984,0.8,0.362,0.485
142868,Johnny,FLA,Lateral,6,0.89,0.0,0.0,1,0.0,False,True,COR,2.63,valor_oculto,1.636,0.0,0.125,77.6,favoravel,2.65,0.45,36.1,1.224,0.743,0.963,1.348,0.85,0.651,
150180,Ramon Rique,VAS,Meia,6,2.62,-0.73,2.16,7,-0.3,True,False,GRE,0.413,neutro,1.568,0.73,0.875,33.0,desfavoravel,1.81,0.6,-52.8,0.741,1.125,0.926,1.061,0.3,0.303,
145660,Luiz Felipe,INT,Lateral,6,1.65,0.0,1.45,2,0.0,False,False,CHA,1.441,valor_bom,1.763,1.45,0.25,39.6,neutro,2.08,0.55,0.0,0.929,1.071,1.481,0.9,0.225,0.416,0.481
150825,Breno,RBB,Zagueiro,6,2.8,0.0,3.35,2,0.0,False,False,BOT,0.526,valor_bom,1.971,1.85,0.25,50.2,neutro,2.38,0.375,-5.5,0.806,1.429,0.405,1.0,0.275,0.332,
148092,Vitor Ramon,GRE,Lateral,6,1.0,0.0,0.2,1,0.0,False,True,VAS,2.433,valor_oculto,1.659,0.2,0.125,72.8,favoravel,2.59,0.75,52.8,0.926,1.061,0.741,1.125,0.35,0.404,
129665,Pablo,VAS,Goleiro,6,1.0,0.0,0.0,0,0.0,False,False,GRE,0.168,neutro,0.0,0.0,0.0,27.5,desfavoravel,0.79,0.125,-52.8,0.741,1.125,0.926,1.061,0.3,0.303,
151825,Gabriel Ibson,CFC,Zagueiro,6,1.0,0.0,0.0,0,0.0,False,True,CAP,0.189,neutro,0.0,0.0,0.0,49.5,neutro,1.17,0.4,2.6,1.376,1.04,1.368,1.671,0.625,0.324,
