atleta_id,nome,clube,posicao,status_id,preco,variacao,media,jogos,pontos_rodada,entrou_em_campo,mandante,adversario,residuo_z,armadilha_label,media_bayesiana,pb_media,confiabilidade,score_confronto_100,condicao_mando,pontos_esperados,oportunidade_confronto,vantagem_mando,time_momentum_of,time_momentum_def,adv_momentum_of,adv_momentum_def,forma_score_time,prob_vitoria,prob_gols
132750,João Pedro,SAN,Goleiro,6,1.0,0.0,0.0,0,0.0,False,False,INT,0.135,neutro,0.0,0.0,0.0,59.9,neutro,1.51,0.9,-5.6,0.988,0.667,0.769,0.806,0.675,0.231,0.496
129665,Pablo,VAS,Goleiro,6,1.0,0.0,0.0,0,0.0,False,False,FLU,0.135,neutro,0.0,0.0,0.0,20.9,desfavoravel,0.52,0.125,-61.7,0.889,1.108,1.154,1.094,0.425,0.228,
150180,Ramon Rique,VAS,Meia,6,3.35,0.9,2.57,6,4.7,True,False,FLU,-0.054,neutro,1.711,0.9,0.75,39.2,desfavoravel,1.91,0.5,-61.7,0.889,1.108,1.154,1.094,0.425,0.228,
148092,Vitor Ramon,GRE,Lateral,6,1.0,0.0,0.2,1,0.0,False,False,VIT,2.524,valor_oculto,1.711,0.2,0.125,44.8,neutro,2.14,0.7,-58.3,1.067,1.05,0.417,1.351,0.5,0.264,0.455
145660,Luiz Felipe,INT,Lateral,6,1.65,0.0,1.45,2,0.0,False,True,SAN,1.469,valor_bom,1.81,1.45,0.25,56.3,neutro,2.45,0.1,5.6,0.769,0.806,0.988,0.667,0.35,0.5,0.496
142868,Johnny,FLA,Lateral,6,0.89,0.0,0.0,1,0.0,False,False,REM,2.733,valor_oculto,1.689,0.0,0.125,62.6,neutro,2.57,0.55,22.6,1.2,0.914,1.167,1.19,0.7,0.586,
51413,Walter,MIR,Goleiro,7,5.06,-0.82,2.69,20,1.6,True,False,CFC,0.127,neutro,3.086,2.44,1.0,22.7,desfavoravel,3.2,0.8,-31.8,1.067,1.427,1.212,0.909,0.375,0.291,
150825,Breno,RBB,Zagueiro,6,2.8,0.0,3.35,2,0.0,False,True,BAH,0.613,valor_bom,2.001,1.85,0.25,46.8,neutro,2.33,0.15,2.8,0.497,0.96,1.081,0.833,0.4,0.467,
150826,Nícollas,COR,Atacante,6,1.0,0.0,0.0,0,0.0,False,True,CHA,0.562,valor_bom,0.0,0.0,0.0,64.3,favoravel,1.62,0.85,37.9,0.769,1.0,1.536,0.98,0.2,0.682,0.489
143255,Kauan Vitor,VIT,Lateral,6,1.0,0.0,0.0,0,0.0,False,True,GRE,0.31,neutro,0.0,0.0,0.0,61.1,favoravel,1.54,0.95,58.3,0.417,1.351,1.067,1.05,0.2,0.457,0.455
150757,Samuel Pierri,SAN,Meia,6,1.88,0.0,0.45,2,0.0,False,False,INT,0.484,neutro,0.944,0.45,0.25,46.3,neutro,1.72,0.425,-5.6,0.988,0.667,0.769,0.806,0.675,0.231,0.496
143253,Wendell,VIT,Meia,6,2.0,0.0,0.0,0,0.0,False,True,GRE,-0.929,armadilha_leve,0.0,0.0,0.0,48.2,neutro,1.21,0.55,58.3,0.417,1.351,1.067,1.05,0.2,0.457,0.455
147792,Koné,PAL,Zagueiro,6,2.0,0.0,0.0,0,0.0,False,False,BOT,-1.179,armadilha_leve,0.0,0.0,0.0,69.4,neutro,1.75,0.05,15.6,1.222,1.19,0.519,0.96,0.575,0.43,0.496
150952,Arthur Monteiro,CAP,Lateral,6,1.0,0.0,0.0,0,0.0,False,False,CRU,0.31,neutro,0.0,0.0,0.0,37.6,desfavoravel,0.94,0.4,-9.2,1.216,1.2,1.286,0.833,0.7,0.206,0.454
144898,Vitinho,CAP,Lateral,6,1.0,0.0,0.0,0,0.0,False,False,CRU,0.31,neutro,0.0,0.0,0.0,37.6,desfavoravel,0.94,0.4,-9.2,1.216,1.2,1.286,0.833,0.7,0.206,0.454
144255,João Alencar,SAN,Zagueiro,6,1.0,0.0,0.0,0,0.0,False,False,INT,0.259,neutro,0.0,0.0,0.0,59.7,neutro,1.5,0.9,-5.6,0.988,0.667,0.769,0.806,0.675,0.231,0.496
147877,Cauan Farias,VIT,Zagueiro,6,1.0,0.0,0.0,0,0.0,False,True,GRE,0.259,neutro,0.0,0.0,0.0,59.8,neutro,1.51,0.95,58.3,0.417,1.351,1.067,1.05,0.2,0.457,0.455
150959,Davizinho,SAN,Lateral,6,2.01,0.94,1.62,4,5.0,True,False,INT,0.929,valor_bom,1.807,0.87,0.5,61.0,neutro,2.48,0.9,-5.6,0.988,0.667,0.769,0.806,0.675,0.231,0.496
130279,Lukas Zuccarello,VAS,Meia,6,2.32,0.0,1.3,1,0.0,False,False,FLU,0.145,neutro,1.093,1.3,0.125,39.2,desfavoravel,1.64,0.5,-61.7,0.889,1.108,1.154,1.094,0.425,0.228,
150995,Sayago,FLA,Meia,6,2.0,0.0,0.0,0,0.0,False,False,REM,-0.929,armadilha_leve,0.0,0.0,0.0,75.5,neutro,1.91,0.8,22.6,1.2,0.914,1.167,1.19,0.7,0.586,
148126,Weimar Palacios,RBB,Zagueiro,6,1.0,0.0,0.0,0,0.0,False,True,BAH,0.259,neutro,0.0,0.0,0.0,46.8,neutro,1.18,0.15,2.8,0.497,0.96,1.081,0.833,0.4,0.467,
131766,Filipinho,RBB,Atacante,6,1.0,0.0,0.0,0,0.0,False,True,BAH,0.562,valor_bom,0.0,0.0,0.0,36.7,neutro,0.92,0.4,2.8,0.497,0.96,1.081,0.833,0.4,0.467,
147736,Pepê Fermino,SAN,Meia,5,1.0,0.0,0.0,0,0.0,False,False,INT,0.605,valor_bom,0.0,0.0,0.0,46.3,neutro,1.16,0.425,-5.6,0.988,0.667,0.769,0.806,0.675,0.231,0.496
145703,Kaio Nóbrega,FLA,Meia,6,1.0,0.0,0.0,0,0.0,False,False,REM,0.605,valor_bom,0.0,0.0,0.0,75.5,favoravel_visitante,1.91,0.8,22.6,1.2,0.914,1.167,1.19,0.7,0.586,
147544,Gabriel Menegon,GRE,Goleiro,6,1.81,0.0,0.0,1,0.0,False,False,VIT,2.384,valor_oculto,3.57,0.0,0.125,43.9,neutro,3.21,0.7,-58.3,1.067,1.05,0.417,1.351,0.5,0.264,0.455
97101,Gabriel Rojas,CRU,Lateral,6,6.72,-0.11,3.72,5,3.2,True,True,CAP,-0.755,armadilha_leve,3.566,3.12,0.625,56.3,neutro,3.18,0.375,9.2,1.286,0.833,1.216,1.2,0.7,0.521,0.454
130307,Wallace,GRE,Zagueiro,7,5.49,0.68,3.52,4,5.0,True,False,VIT,-0.017,neutro,2.965,2.02,0.5,43.7,neutro,3.77,0.7,-58.3,1.067,1.05,0.417,1.351,0.5,0.264,0.455
151003,Eduardo,PAL,Atacante,6,1.0,0.0,0.0,0,0.0,False,False,BOT,0.562,valor_bom,0.0,0.0,0.0,69.0,neutro,1.74,0.95,15.6,1.222,1.19,0.519,0.96,0.575,0.43,0.496
114208,Alejo Véliz,BAH,Atacante,7,7.41,0.44,5.58,6,10.1,True,False,RBB,1.46,valor_bom,5.218,2.08,0.75,47.0,neutro,2.77,0.35,-2.8,1.081,0.833,0.497,0.96,0.775,0.266,
144889,Victor Gabriel,PAL,Meia,6,1.0,0.0,0.0,0,0.0,False,False,BOT,0.605,valor_bom,0.0,0.0,0.0,71.7,favoravel_visitante,1.81,0.95,15.6,1.222,1.19,0.519,0.96,0.575,0.43,0.496
141125,Robert,CAM,Goleiro,6,1.0,0.0,0.0,0,0.0,False,False,SAO,0.135,neutro,0.0,0.0,0.0,51.4,neutro,1.29,0.35,-27.7,1.35,0.686,0.828,1.029,0.8,0.263,0.43
141536,Yuri Alves,RBB,Meia,6,1.55,0.06,1.05,4,1.2,True,True,BAH,1.1,valor_bom,1.061,1.05,0.5,37.4,neutro,1.56,0.4,2.8,0.497,0.96,1.081,0.833,0.4,0.467,
151120,Jorge Rivaldo,CAP,Atacante,6,3.52,-0.34,0.17,3,0.8,True,False,CRU,-0.337,neutro,1.789,0.17,0.375,51.0,neutro,2.28,0.55,-9.2,1.216,1.2,1.286,0.833,0.7,0.206,0.454
145413,Rafael Coutinho,PAL,Meia,6,1.0,0.0,0.0,0,0.0,False,False,BOT,0.605,valor_bom,0.0,0.0,0.0,71.7,favoravel_visitante,1.81,0.95,15.6,1.222,1.19,0.519,0.96,0.575,0.43,0.496
37715,Thiago Silva,FLU,Zagueiro,7,6.83,0.0,3.1,3,0.0,False,True,VAS,0.353,neutro,3.753,2.1,0.375,77.0,favoravel,4.62,0.6,61.7,1.154,1.094,0.889,1.108,0.725,0.492,
98617,Maripán,INT,Zagueiro,7,4.25,-1.05,2.5,7,0.4,True,True,SAN,0.254,neutro,2.6,1.64,0.875,55.0,neutro,3.11,0.1,5.6,0.769,0.806,0.988,0.667,0.35,0.5,0.496
146663,Kauan Lima,PAL,Goleiro,6,1.0,0.0,0.0,0,0.0,False,False,BOT,0.135,neutro,0.0,0.0,0.0,69.5,neutro,1.75,0.05,15.6,1.222,1.19,0.519,0.96,0.575,0.43,0.496
106907,Rafael Lacerda,CHA,Técnico,7,8.49,-0.18,5.28,6,6.21,True,False,COR,0.139,neutro,5.102,5.28,0.75,43.3,neutro,2.98,0.25,-37.9,1.536,0.98,0.769,1.0,0.4,0.106,0.489
107203,Max,CHA,Meia,5,4.39,0.0,1.85,2,0.0,False,False,COR,-0.277,neutro,2.152,1.85,0.25,43.7,neutro,2.76,0.25,-37.9,1.536,0.98,0.769,1.0,0.4,0.106,0.489
94214,Léo Duarte,CAM,Zagueiro,5,5.0,0.0,0.0,0,0.0,False,False,SAO,-3.635,armadilha_forte,0.0,0.0,0.0,51.3,neutro,1.29,0.35,-27.7,1.35,0.686,0.828,1.029,0.8,0.263,0.43
108946,Victor Sá,SAO,Atacante,5,6.08,0.0,2.7,4,0.0,False,True,CAM,0.878,valor_bom,4.197,1.45,0.5,37.2,neutro,3.25,0.15,27.7,0.828,1.029,1.35,0.686,0.45,0.436,0.43
130443,Luciano,CHA,Zagueiro,6,1.0,0.0,0.0,0,0.0,False,False,COR,0.259,neutro,0.0,0.0,0.0,42.4,neutro,1.06,0.95,-37.9,1.536,0.98,0.769,1.0,0.4,0.106,0.489
151294,Juan Ferreira,CHA,Meia,6,1.0,0.0,0.0,0,0.0,False,False,COR,0.605,valor_bom,0.0,0.0,0.0,43.7,neutro,1.1,0.25,-37.9,1.536,0.98,0.769,1.0,0.4,0.106,0.489
102310,Matheus Felipe,REM,Zagueiro,6,4.14,0.0,2.7,2,0.0,False,True,FLA,0.449,neutro,2.691,1.2,0.25,30.0,neutro,2.34,0.0,-22.6,1.167,1.19,1.2,0.914,0.175,0.183,
141763,Fabiano Souza,VIT,Lateral,6,3.85,0.0,0.23,3,0.0,False,True,GRE,-1.544,armadilha_forte,1.445,0.23,0.375,61.1,neutro,4.25,0.95,58.3,0.417,1.351,1.067,1.05,0.2,0.457,0.455
120681,Marco Moreno,BAH,Zagueiro,6,4.0,0.0,0.0,0,0.0,False,False,RBB,-2.989,armadilha_forte,0.0,0.0,0.0,66.9,neutro,1.69,0.55,-2.8,1.081,0.833,0.497,0.96,0.775,0.266,
105901,Edson Fernando,REM,Meia,5,2.62,0.0,-0.3,1,0.0,False,True,FLA,-0.42,neutro,0.915,0.0,0.125,32.3,neutro,1.36,0.1,-22.6,1.167,1.19,1.2,0.914,0.175,0.183,
99267,Pochettino,VIT,Meia,6,5.4,-0.17,2.62,6,4.3,True,True,GRE,-0.601,armadilha_leve,2.396,2.62,0.75,48.2,neutro,2.42,0.55,58.3,0.417,1.351,1.067,1.05,0.2,0.457,0.455
103626,Ocampo,CFC,Atacante,5,4.51,0.0,1.1,3,0.0,False,True,MIR,-0.772,armadilha_leve,2.043,1.1,0.375,70.3,neutro,2.85,0.65,31.8,1.212,0.909,1.067,1.427,0.8,0.427,
103562,Guido Herrera,BAH,Goleiro,6,6.0,0.0,0.0,0,0.0,False,False,RBB,-2.866,armadilha_forte,0.0,0.0,0.0,67.0,neutro,1.69,0.55,-2.8,1.081,0.833,0.497,0.96,0.775,0.266,
101995,Brítez,VIT,Zagueiro,7,4.92,0.21,2.52,5,3.0,True,True,GRE,-0.141,neutro,2.623,1.92,0.625,59.8,neutro,4.05,0.95,58.3,0.417,1.351,1.067,1.05,0.2,0.457,0.455
123445,Dantas,CAP,Zagueiro,7,6.38,0.5,4.2,3,5.9,True,False,CRU,0.957,valor_bom,4.053,2.53,0.375,36.5,desfavoravel,3.21,0.4,-9.2,1.216,1.2,1.286,0.833,0.7,0.206,0.454
117061,Gabriel Knesowitsch,MIR,Zagueiro,7,1.6,0.0,-0.35,4,0.0,False,False,CFC,0.633,valor_bom,0.993,0.0,0.5,22.3,desfavoravel,0.75,0.8,-31.8,1.067,1.427,1.212,0.909,0.375,0.291,
128177,Pedro Emanuel,VAS,Técnico,7,10.3,0.34,5.36,5,8.06,True,False,FLU,-1.479,armadilha_leve,5.247,5.36,0.625,38.9,desfavoravel,3.76,0.5,-61.7,0.889,1.108,1.154,1.094,0.425,0.228,
124369,Léo Aragão,CRU,Goleiro,6,2.0,0.0,0.0,0,0.0,False,True,CAP,-0.836,armadilha_leve,0.0,0.0,0.0,55.3,neutro,1.39,0.375,9.2,1.286,0.833,1.216,1.2,0.7,0.521,0.454
106199,Gabriel Pec,CRU,Atacante,5,7.94,0.0,4.1,1,0.0,False,True,CAP,0.792,valor_bom,4.852,4.1,0.125,56.0,neutro,4.25,0.3,9.2,1.286,0.833,1.216,1.2,0.7,0.521,0.454
122121,Túlio Eduardo,CHA,Atacante,7,7.61,0.84,6.15,4,6.4,True,False,COR,1.527,valor_oculto,5.347,2.15,0.5,42.0,neutro,3.94,0.25,-37.9,1.536,0.98,0.769,1.0,0.4,0.106,0.489
112985,Peralta,CRU,Meia,5,4.0,0.0,0.0,0,0.0,False,True,CAP,-2.861,armadilha_forte,0.0,0.0,0.0,57.4,neutro,1.45,0.3,9.2,1.286,0.833,1.216,1.2,0.7,0.521,0.454
113558,Bruninho,RBB,Meia,6,4.0,0.0,0.0,0,0.0,False,True,BAH,-2.861,armadilha_forte,0.0,0.0,0.0,37.4,neutro,0.94,0.4,2.8,0.497,0.96,1.081,0.833,0.4,0.467,
109114,Matheus Nascimento,GRE,Atacante,6,4.0,0.0,0.0,0,0.0,False,False,VIT,-2.863,armadilha_forte,0.0,0.0,0.0,33.3,desfavoravel,0.83,0.125,-58.3,1.067,1.05,0.417,1.351,0.5,0.264,0.455
99034,Elias,MIR,Lateral,6,3.41,0.0,1.8,1,0.0,False,False,CFC,-0.57,armadilha_leve,1.889,1.8,0.125,23.2,desfavoravel,1.72,0.8,-31.8,1.067,1.427,1.212,0.909,0.375,0.291,
126996,Paulinho,VAS,Lateral,6,4.0,0.0,0.0,0,0.0,False,False,FLU,-3.542,armadilha_forte,0.0,0.0,0.0,21.4,desfavoravel,0.53,0.125,-61.7,0.889,1.108,1.154,1.094,0.425,0.228,
151404,Lucas Emanuel,BOT,Atacante,6,1.45,0.0,1.4,1,0.0,False,True,PAL,1.069,valor_bom,1.054,1.4,0.125,23.4,neutro,1.22,0.05,-15.6,0.519,0.96,1.222,1.19,0.175,0.289,0.496
122321,Lorran,FLA,Meia,6,8.0,0.0,5.93,3,0.0,False,False,REM,1.046,valor_bom,4.599,4.26,0.375,75.5,favoravel_visitante,4.26,0.8,22.6,1.2,0.914,1.167,1.19,0.7,0.586,
91130,Fernandinho,MIR,Atacante,6,4.09,-0.54,2.64,5,0.5,True,False,CFC,0.061,neutro,2.49,2.64,0.625,44.7,neutro,2.44,0.625,-31.8,1.067,1.427,1.212,0.909,0.375,0.291,
103967,Bruno Santos,MIR,Atacante,7,3.42,0.27,1.58,6,3.1,True,False,CFC,-0.896,armadilha_leve,1.254,1.58,0.75,44.7,neutro,1.71,0.625,-31.8,1.067,1.427,1.212,0.909,0.375,0.291,
146833,Cléber Lucas,BOT,Goleiro,6,1.0,0.0,0.0,0,0.0,False,True,PAL,0.135,neutro,0.0,0.0,0.0,32.7,neutro,0.82,0.05,-15.6,0.519,0.96,1.222,1.19,0.175,0.289,0.496
151405,Victor Hugo,BOT,Meia,6,1.0,0.0,0.0,0,0.0,False,True,PAL,0.605,valor_bom,0.0,0.0,0.0,23.8,neutro,0.59,0.05,-15.6,0.519,0.96,1.222,1.19,0.175,0.289,0.496
101352,Bruno Matias,CHA,Meia,6,4.29,1.7,2.6,6,9.6,True,False,COR,0.107,neutro,2.387,2.6,0.75,43.7,neutro,2.34,0.25,-37.9,1.536,0.98,0.769,1.0,0.4,0.106,0.489
107093,Luciano Juba,BAH,Lateral,7,10.4,-1.59,6.9,21,1.0,True,False,RBB,1.33,valor_bom,6.444,3.66,1.0,68.3,neutro,4.23,0.55,-2.8,1.081,0.833,0.497,0.96,0.775,0.266,
151406,Herick,BOT,Zagueiro,6,1.0,0.0,0.0,0,0.0,False,True,PAL,0.259,neutro,0.0,0.0,0.0,32.4,neutro,0.81,0.05,-15.6,0.519,0.96,1.222,1.19,0.175,0.289,0.496
91626,Paulinho,BOT,Lateral,5,4.4,0.0,-0.3,1,0.0,False,True,PAL,0.083,neutro,3.052,0.0,0.125,33.3,neutro,2.66,0.05,-15.6,0.519,0.96,1.222,1.19,0.175,0.289,0.496
98333,Gabriel Batista,BOT,Goleiro,7,2.86,-0.14,0.9,2,0.9,True,True,PAL,1.282,valor_bom,3.172,0.9,0.25,32.7,neutro,2.68,0.05,-15.6,0.519,0.96,1.222,1.19,0.175,0.289,0.496
124483,Lucas Monzón,BOT,Zagueiro,7,3.55,0.13,0.8,2,2.0,True,True,PAL,-0.696,armadilha_leve,1.491,0.8,0.25,32.4,neutro,1.7,0.05,-15.6,0.519,0.96,1.222,1.19,0.175,0.289,0.496
151436,Miguel Bilong,PAL,Atacante,6,2.0,0.0,0.0,0,0.0,False,False,BOT,-0.954,armadilha_leve,0.0,0.0,0.0,69.0,neutro,1.74,0.95,15.6,1.222,1.19,0.519,0.96,0.575,0.43,0.496
91204,Warleson,BOT,Goleiro,6,6.12,0.0,5.67,3,0.0,False,True,PAL,0.964,valor_bom,4.511,4.0,0.375,32.7,neutro,3.39,0.05,-15.6,0.519,0.96,1.222,1.19,0.175,0.289,0.496
146624,Heittor,PAL,Atacante,6,1.15,-0.02,0.53,3,0.5,True,False,BOT,1.347,valor_bom,0.879,0.53,0.375,69.0,neutro,2.23,0.95,15.6,1.222,1.19,0.519,0.96,0.575,0.43,0.496
141339,Paulo Roberto,CFC,Atacante,6,5.76,-0.18,5.28,5,5.5,True,True,MIR,0.219,neutro,3.505,1.08,0.625,70.3,favoravel,3.4,0.65,31.8,1.212,0.909,1.067,1.427,0.8,0.427,
118806,Buta,SAO,Lateral,6,5.94,0.94,4.0,1,4.0,True,True,CAM,-0.355,neutro,3.529,4.0,0.125,52.2,neutro,3.39,0.6,27.7,0.828,1.029,1.35,0.686,0.45,0.436,0.43
109097,Jovane Cabral,GRE,Atacante,6,7.61,0.0,3.47,3,0.0,False,False,VIT,0.562,valor_bom,4.543,1.8,0.375,33.3,desfavoravel,3.76,0.125,-58.3,1.067,1.05,0.417,1.351,0.5,0.264,0.455
93637,Bruno Tubarão,CHA,Lateral,5,3.17,0.0,1.1,1,0.0,False,False,COR,-0.436,neutro,1.811,1.1,0.125,43.5,neutro,2.82,0.95,-37.9,1.536,0.98,0.769,1.0,0.4,0.106,0.489
146964,Filipe Sirio,INT,Goleiro,6,1.0,0.0,0.0,0,0.0,False,True,SAN,0.135,neutro,0.0,0.0,0.0,55.2,neutro,1.39,0.1,5.6,0.769,0.806,0.988,0.667,0.35,0.5,0.496
150841,Fabricio Prado,INT,Atacante,6,1.0,0.0,0.0,0,0.0,False,True,SAN,0.562,valor_bom,0.0,0.0,0.0,48.6,neutro,1.22,0.7,5.6,0.769,0.806,0.988,0.667,0.35,0.5,0.496
131762,Isac,SAO,Zagueiro,6,1.0,0.0,0.0,0,0.0,False,True,CAM,0.259,neutro,0.0,0.0,0.0,51.1,neutro,1.29,0.6,27.7,0.828,1.029,1.35,0.686,0.45,0.436,0.43
150842,Gabriel Vinicius,INT,Meia,6,1.0,0.0,0.0,0,0.0,False,True,SAN,0.605,valor_bom,0.0,0.0,0.0,49.8,neutro,1.25,0.7,5.6,0.769,0.806,0.988,0.667,0.35,0.5,0.496
117314,Thiago Borbas,CAM,Atacante,6,5.75,1.6,4.3,3,9.3,True,False,SAO,-0.484,neutro,2.915,1.63,0.375,46.1,neutro,2.78,0.3,-27.7,1.35,0.686,0.828,1.029,0.8,0.263,0.43
95541,Gustavo Cazonatti,MIR,Meia,6,3.92,-0.25,2.8,5,2.7,True,False,CFC,0.463,neutro,2.448,2.8,0.625,46.5,neutro,2.09,0.625,-31.8,1.067,1.427,1.212,0.909,0.375,0.291,
114801,Danilo Pereira,BOT,Atacante,7,5.55,-0.72,3.47,4,2.1,True,True,PAL,-0.565,armadilha_leve,2.754,2.22,0.5,23.4,neutro,2.19,0.05,-15.6,0.519,0.96,1.222,1.19,0.175,0.289,0.496
144424,Vitor Lamounier,CRU,Goleiro,6,2.0,0.0,0.0,0,0.0,False,True,CAP,-0.836,armadilha_leve,0.0,0.0,0.0,55.3,neutro,1.39,0.375,9.2,1.286,0.833,1.216,1.2,0.7,0.521,0.454
147468,Wellington,CHA,Goleiro,6,1.0,0.0,0.0,0,0.0,False,False,COR,0.135,neutro,0.0,0.0,0.0,42.6,neutro,1.07,0.95,-37.9,1.536,0.98,0.769,1.0,0.4,0.106,0.489
106950,Fernando,CHA,Lateral,7,4.71,-0.79,3.46,5,0.5,True,False,COR,0.384,neutro,3.466,2.86,0.625,43.5,neutro,3.6,0.95,-37.9,1.536,0.98,0.769,1.0,0.4,0.106,0.489
151412,Kássio,CHA,Atacante,6,1.49,0.0,1.5,1,0.0,False,False,COR,1.022,valor_bom,1.065,1.5,0.125,42.0,neutro,1.69,0.25,-37.9,1.536,0.98,0.769,1.0,0.4,0.106,0.489
151440,Gutte,CAM,Meia,6,1.0,0.0,0.0,0,0.0,False,False,SAO,0.605,valor_bom,0.0,0.0,0.0,47.9,neutro,1.2,0.3,-27.7,1.35,0.686,0.828,1.029,0.8,0.263,0.43
122670,Diego Caito,GRE,Lateral,5,6.07,0.0,4.35,4,0.0,False,False,VIT,-0.129,neutro,3.764,2.85,0.5,44.8,neutro,3.87,0.7,-58.3,1.067,1.05,0.417,1.351,0.5,0.264,0.455
127871,Vargas,CAP,Atacante,6,8.39,-0.65,4.9,4,3.5,True,False,CRU,0.704,valor_bom,4.931,1.65,0.5,51.0,neutro,3.87,0.55,-9.2,1.216,1.2,1.286,0.833,0.7,0.206,0.454
109461,Calebe,INT,Meia,6,4.65,-0.76,0.83,3,0.2,True,True,SAN,-0.863,armadilha_leve,1.846,0.83,0.375,49.8,neutro,2.25,0.7,5.6,0.769,0.806,0.988,0.667,0.35,0.5,0.496
144976,Domingos Andrade,BOT,Meia,6,5.04,0.0,1.5,1,0.0,False,True,PAL,-0.714,armadilha_leve,2.147,1.5,0.125,23.8,neutro,1.89,0.05,-15.6,0.519,0.96,1.222,1.19,0.175,0.289,0.496
106313,Domingos Duarte,SAO,Zagueiro,7,7.32,1.07,4.93,3,7.2,True,True,CAM,0.793,valor_bom,4.252,4.93,0.375,51.1,neutro,3.61,0.6,27.7,0.828,1.029,1.35,0.686,0.45,0.436,0.43
141160,Zé Lucas,CRU,Meia,6,6.69,1.37,3.27,4,8.5,True,True,CAP,0.608,valor_bom,3.824,3.27,0.5,57.4,neutro,3.41,0.3,9.2,1.286,0.833,1.216,1.2,0.7,0.521,0.454
141344,Vitor Tissi,CFC,Meia,6,1.45,0.46,0.98,5,2.0,True,True,MIR,1.215,valor_bom,1.034,0.98,0.625,73.1,favoravel,2.36,0.65,31.8,1.212,0.909,1.067,1.427,0.8,0.427,
151292,Felipe Morais,CRU,Meia,6,4.28,2.02,4.7,3,9.3,True,True,CAP,0.801,valor_bom,2.902,3.03,0.375,57.4,neutro,3.02,0.3,9.2,1.286,0.833,1.216,1.2,0.7,0.521,0.454
114323,Colidio,VAS,Atacante,7,9.79,0.87,7.07,3,9.4,True,False,FLU,0.898,valor_bom,5.525,4.4,0.375,37.8,desfavoravel,4.06,0.5,-61.7,0.889,1.108,1.154,1.094,0.425,0.228,
100596,Krovinovic,GRE,Meia,7,5.08,-0.6,2.37,3,1.1,True,False,VIT,-0.58,armadilha_leve,2.266,2.37,0.375,34.3,desfavoravel,2.17,0.125,-58.3,1.067,1.05,0.417,1.351,0.5,0.264,0.455
147878,Alejandro,VIT,Meia,6,2.0,0.0,0.0,0,0.0,False,True,GRE,-0.929,armadilha_leve,0.0,0.0,0.0,48.2,neutro,1.21,0.55,58.3,0.417,1.351,1.067,1.05,0.2,0.457,0.455
142764,Franco Rossi,CHA,Atacante,6,3.91,0.71,2.4,4,4.6,True,False,COR,0.084,neutro,2.397,2.4,0.5,42.0,neutro,2.38,0.25,-37.9,1.536,0.98,0.769,1.0,0.4,0.106,0.489
104649,Heitor,CHA,Lateral,7,7.2,0.47,6.33,3,6.7,True,False,COR,1.549,valor_oculto,5.543,5.33,0.375,43.5,neutro,4.17,0.95,-37.9,1.536,0.98,0.769,1.0,0.4,0.106,0.489
102255,Santiago Sosa,VAS,Meia,7,8.52,0.27,4.27,3,6.0,True,False,FLU,0.231,neutro,4.147,4.27,0.375,39.2,desfavoravel,3.32,0.5,-61.7,0.889,1.108,1.154,1.094,0.425,0.228,
86777,Danilo Barbosa,GRE,Meia,6,4.71,-0.61,0.1,2,0.2,True,False,VIT,-0.961,armadilha_leve,1.802,0.1,0.25,34.3,desfavoravel,1.92,0.125,-58.3,1.067,1.05,0.417,1.351,0.5,0.264,0.455
123795,Lucho Rodríguez,CRU,Atacante,6,8.04,-0.88,4.2,2,1.4,True,True,CAP,0.685,valor_bom,4.797,1.7,0.25,56.0,neutro,4.1,0.3,9.2,1.286,0.833,1.216,1.2,0.7,0.521,0.454
117909,Wesley,CRU,Atacante,7,8.46,-1.03,3.4,3,0.0,True,True,CAP,0.187,neutro,4.524,0.73,0.375,56.0,neutro,3.85,0.3,9.2,1.286,0.833,1.216,1.2,0.7,0.521,0.454
147201,João Kempes,INT,Meia,6,2.0,0.0,0.0,0,0.0,False,True,SAN,-0.929,armadilha_leve,0.0,0.0,0.0,49.8,neutro,1.25,0.7,5.6,0.769,0.806,0.988,0.667,0.35,0.5,0.496
130121,João Costa,CRU,Atacante,6,4.14,0.3,1.42,4,3.5,True,True,CAP,-0.479,neutro,2.071,1.42,0.5,56.0,neutro,2.51,0.3,9.2,1.286,0.833,1.216,1.2,0.7,0.521,0.454
87747,Yago Felipe,CHA,Meia,7,9.55,0.44,8.13,3,7.1,True,False,COR,1.245,valor_bom,5.199,6.46,0.375,43.7,neutro,3.98,0.25,-37.9,1.536,0.98,0.769,1.0,0.4,0.106,0.489
86864,Marlon,REM,Lateral,7,6.08,0.58,3.93,3,6.2,True,True,FLA,-0.352,neutro,3.596,3.93,0.375,31.0,neutro,4.47,0.0,-22.6,1.167,1.19,1.2,0.914,0.175,0.183,
130444,Rodrigo,CHA,Atacante,6,1.0,0.0,0.0,0,0.0,False,False,COR,0.562,valor_bom,0.0,0.0,0.0,42.0,neutro,1.05,0.25,-37.9,1.536,0.98,0.769,1.0,0.4,0.106,0.489
151492,Marquinhos,RBB,Lateral,6,1.0,0.0,0.0,0,0.0,False,True,BAH,0.31,neutro,0.0,0.0,0.0,47.9,neutro,1.2,0.15,2.8,0.497,0.96,1.081,0.833,0.4,0.467,
73476,Marcão,FLU,Técnico,7,12.33,-0.14,7.26,3,6.44,True,True,VAS,0.376,neutro,6.643,7.26,0.375,78.4,favoravel,5.0,0.9,61.7,1.154,1.094,0.889,1.108,0.725,0.492,
101237,Eliasson,INT,Atacante,6,4.01,-0.42,0.25,2,0.5,True,True,SAN,-0.508,armadilha_leve,1.967,0.25,0.25,48.6,neutro,2.36,0.7,5.6,0.769,0.806,0.988,0.667,0.35,0.5,0.496
77510,Fred,CAM,Meia,6,7.94,0.0,-0.1,1,0.0,False,False,SAO,-0.215,neutro,3.634,0.0,0.125,47.9,neutro,3.35,0.3,-27.7,1.35,0.686,0.828,1.029,0.8,0.263,0.43
106843,Borrero,CHA,Meia,7,4.04,-0.65,1.5,2,0.0,True,False,COR,-0.116,neutro,2.082,1.5,0.25,43.7,neutro,2.3,0.25,-37.9,1.536,0.98,0.769,1.0,0.4,0.106,0.489
107300,Alex Bruno,VIT,Atacante,6,4.03,0.03,1.3,1,1.3,True,True,GRE,-0.154,neutro,2.274,1.3,0.125,46.9,neutro,2.53,0.55,58.3,0.417,1.351,1.067,1.05,0.2,0.457,0.455
124961,Castaño,CAM,Meia,6,5.67,0.0,0.4,2,0.0,False,False,SAO,0.528,valor_bom,3.36,0.4,0.25,47.9,neutro,3.12,0.3,-27.7,1.35,0.686,0.828,1.029,0.8,0.263,0.43
151600,Miguel Carvalho,CHA,Meia,6,4.71,0.71,3.1,1,3.1,True,False,COR,-0.266,neutro,2.324,3.1,0.125,43.7,neutro,2.48,0.25,-37.9,1.536,0.98,0.769,1.0,0.4,0.106,0.489
145781,Bruno André,VAS,Zagueiro,6,1.0,0.0,0.0,0,0.0,False,False,FLU,0.259,neutro,0.0,0.0,0.0,20.6,desfavoravel,0.51,0.125,-61.7,0.889,1.108,1.154,1.094,0.425,0.228,
85035,Sanabria,INT,Atacante,6,5.19,-0.81,-0.3,1,-0.3,True,True,SAN,-1.142,armadilha_leve,2.097,0.0,0.125,48.6,neutro,2.46,0.7,5.6,0.769,0.806,0.988,0.667,0.35,0.5,0.496
151632,Lemos,CAM,Zagueiro,6,1.0,0.0,0.0,0,0.0,False,False,SAO,0.259,neutro,0.0,0.0,0.0,51.3,neutro,1.29,0.35,-27.7,1.35,0.686,0.828,1.029,0.8,0.263,0.43
132553,Jemmes,FLU,Zagueiro,6,6.09,-0.55,3.36,17,0.0,True,True,VAS,0.456,neutro,3.564,2.54,1.0,77.0,favoravel,2.91,0.6,61.7,1.154,1.094,0.889,1.108,0.725,0.492,
146814,Josmar,FLA,Atacante,6,2.0,0.0,0.0,0,0.0,False,False,REM,-0.954,armadilha_leve,0.0,0.0,0.0,73.7,neutro,1.86,0.8,22.6,1.2,0.914,1.167,1.19,0.7,0.586,
140908,Bruno Bertinato,PAL,Goleiro,6,3.0,0.0,0.0,0,0.0,False,False,BOT,-1.525,armadilha_forte,0.0,0.0,0.0,69.5,neutro,1.75,0.05,15.6,1.222,1.19,0.519,0.96,0.575,0.43,0.496
138941,Bruno Duarte,VAS,Atacante,6,6.0,0.0,0.0,0,0.0,False,False,FLU,-4.121,armadilha_forte,0.0,0.0,0.0,37.8,desfavoravel,0.95,0.5,-61.7,0.889,1.108,1.154,1.094,0.425,0.228,
130252,Euder,VAS,Meia,6,1.0,0.0,0.0,0,0.0,False,False,FLU,0.605,valor_bom,0.0,0.0,0.0,39.2,desfavoravel,0.98,0.5,-61.7,0.889,1.108,1.154,1.094,0.425,0.228,
151742,André Lucas,PAL,Lateral,6,1.0,0.0,0.0,0,0.0,False,False,BOT,0.31,neutro,0.0,0.0,0.0,70.8,favoravel_visitante,1.79,0.05,15.6,1.222,1.19,0.519,0.96,0.575,0.43,0.496
109573,Martinelli,FLU,Meia,7,5.5,-0.45,2.27,17,2.9,True,True,VAS,-0.846,armadilha_leve,2.256,1.68,1.0,80.1,neutro,3.46,0.9,61.7,1.154,1.094,0.889,1.108,0.725,0.492,
68685,Alan Patrick,INT,Meia,7,8.64,1.69,4.11,20,13.5,True,True,SAN,0.13,neutro,4.107,2.86,1.0,49.8,neutro,4.29,0.7,5.6,0.769,0.806,0.988,0.667,0.35,0.5,0.496
140167,Luizinho,COR,Atacante,6,1.0,0.0,0.0,0,0.0,False,True,CHA,0.562,valor_bom,0.0,0.0,0.0,64.3,favoravel,1.62,0.85,37.9,0.769,1.0,1.536,0.98,0.2,0.682,0.489
141382,Gustavo Santana,SAO,Atacante,7,4.57,2.46,4.37,3,11.2,True,True,CAM,0.258,neutro,2.935,1.7,0.375,37.2,neutro,2.6,0.15,27.7,0.828,1.029,1.35,0.686,0.45,0.436,0.43
106593,Villalba,CRU,Zagueiro,7,7.52,0.0,2.97,13,0.0,False,True,CAP,-0.462,neutro,3.361,1.51,1.0,55.1,neutro,2.85,0.375,9.2,1.286,0.833,1.216,1.2,0.7,0.521,0.454
141335,Lucas Crepaldi,CFC,Atacante,6,1.0,0.0,0.0,0,0.0,False,True,MIR,0.562,valor_bom,0.0,0.0,0.0,70.3,favoravel,1.77,0.65,31.8,1.212,0.909,1.067,1.427,0.8,0.427,
97810,Erick,VIT,Atacante,7,8.49,0.95,4.25,20,7.4,True,True,GRE,0.085,neutro,4.449,2.05,1.0,46.9,neutro,2.6,0.55,58.3,0.417,1.351,1.067,1.05,0.2,0.457,0.455
141954,Khensane,CFC,Meia,6,1.0,0.0,0.0,0,0.0,False,True,MIR,0.605,valor_bom,0.0,0.0,0.0,73.1,favoravel,1.84,0.65,31.8,1.212,0.909,1.067,1.427,0.8,0.427,
108602,Anthony Valencia,FLA,Atacante,6,6.0,0.0,0.0,0,0.0,False,False,REM,-4.121,armadilha_forte,0.0,0.0,0.0,73.7,neutro,1.86,0.8,22.6,1.2,0.914,1.167,1.19,0.7,0.586,
97450,Gustavo Mosquito,MIR,Atacante,6,4.15,-0.2,1.45,4,1.7,True,False,CFC,-0.474,neutro,2.081,1.45,0.5,44.7,neutro,2.95,0.625,-31.8,1.067,1.427,1.212,0.909,0.375,0.291,
92171,Arthur Cabral,BOT,Atacante,7,9.96,0.07,6.1,18,5.0,True,True,PAL,1.103,valor_bom,5.745,2.71,1.0,23.4,neutro,3.22,0.05,-15.6,0.519,0.96,1.222,1.19,0.175,0.289,0.496
150251,Joaquín Freitas,FLA,Atacante,6,4.0,0.0,0.0,0,0.0,False,False,REM,-2.863,armadilha_forte,0.0,0.0,0.0,73.7,neutro,1.86,0.8,22.6,1.2,0.914,1.167,1.19,0.7,0.586,
63007,Neymar,SAN,Meia,7,18.9,-1.02,9.78,12,6.4,True,False,INT,1.922,valor_oculto,7.508,6.45,1.0,46.3,neutro,5.8,0.425,-5.6,0.988,0.667,0.769,0.806,0.675,0.231,0.496
68928,Rafael,SAO,Goleiro,7,7.0,-0.4,3.16,24,1.6,True,True,CAM,-0.278,neutro,3.389,2.33,1.0,51.2,neutro,4.64,0.6,27.7,0.828,1.029,1.35,0.686,0.45,0.436,0.43
69012,Santos,CAP,Goleiro,7,7.97,-0.58,4.21,22,1.9,True,False,CRU,0.122,neutro,4.175,2.62,1.0,36.8,desfavoravel,4.9,0.4,-9.2,1.216,1.2,1.286,0.833,0.7,0.206,0.454
72294,Everson,CAM,Goleiro,5,9.67,0.0,4.58,23,0.0,False,False,SAO,-0.058,neutro,4.45,3.06,1.0,51.4,neutro,3.43,0.35,-27.7,1.35,0.686,0.828,1.029,0.8,0.263,0.43
42234,Cássio,CRU,Goleiro,6,6.89,0.0,1.32,5,0.0,False,True,CAP,-0.564,armadilha_leve,3.017,1.32,0.625,55.3,neutro,2.9,0.375,9.2,1.286,0.833,1.216,1.2,0.7,0.521,0.454
87008,Léo Jardim,VAS,Goleiro,7,6.31,1.2,2.61,23,5.5,True,False,FLU,-0.405,neutro,2.989,2.18,1.0,20.9,desfavoravel,1.64,0.125,-61.7,0.889,1.108,1.154,1.094,0.425,0.228,
103056,Gabriel Brazão,SAN,Goleiro,7,6.15,0.85,2.95,20,7.6,True,False,INT,-0.109,neutro,3.272,1.7,1.0,59.9,neutro,4.17,0.9,-5.6,0.988,0.667,0.769,0.806,0.675,0.231,0.496
101727,Matheuzinho,COR,Lateral,7,10.79,-0.36,6.44,19,5.5,True,True,CHA,0.726,valor_bom,6.087,4.49,1.0,52.7,neutro,3.94,0.85,37.9,0.769,1.0,1.536,0.98,0.2,0.682,0.489
100898,Vitinho,BOT,Lateral,7,8.83,-0.06,4.61,19,2.0,True,True,PAL,-0.175,neutro,4.799,3.77,1.0,33.3,neutro,4.73,0.05,-15.6,0.519,0.96,1.222,1.19,0.175,0.289,0.496
96591,Renan Lodi,CAM,Lateral,6,10.19,0.0,5.31,21,0.0,False,False,SAO,-0.081,neutro,5.293,3.74,1.0,52.4,neutro,4.44,0.35,-27.7,1.35,0.686,0.828,1.029,0.8,0.263,0.43
37656,Fábio,FLU,Goleiro,7,9.11,0.68,4.32,24,4.8,True,True,VAS,-0.092,neutro,4.259,3.49,1.0,77.0,neutro,4.53,0.6,61.7,1.154,1.094,0.889,1.108,0.725,0.492,
99274,Alexander Barboza,PAL,Zagueiro,6,10.3,0.0,5.16,15,0.0,False,False,BOT,0.371,neutro,4.756,3.49,1.0,69.4,neutro,4.77,0.05,15.6,1.222,1.19,0.519,0.96,0.575,0.43,0.496
101254,Alef Manga,REM,Atacante,6,7.61,-0.17,4.39,25,1.5,True,True,FLA,0.54,valor_bom,4.525,2.19,1.0,31.4,neutro,3.62,0.1,-22.6,1.167,1.19,1.2,0.914,0.175,0.183,
105436,Carrascal,FLA,Meia,7,12.1,1.17,6.68,17,13.7,True,False,REM,1.3,valor_bom,5.855,4.03,1.0,75.5,favoravel_visitante,3.64,0.8,22.6,1.2,0.914,1.167,1.19,0.7,0.586,
91101,Ronaldo,BAH,Goleiro,7,7.12,-1.41,4.9,15,-0.7,True,False,RBB,0.738,valor_bom,4.614,2.9,1.0,67.0,neutro,4.41,0.55,-2.8,1.081,0.833,0.497,0.96,0.775,0.266,
104758,Enzo Díaz,SAO,Lateral,6,9.04,0.0,3.9,13,0.0,False,True,CAM,-0.764,armadilha_leve,4.413,3.28,1.0,52.2,neutro,4.67,0.6,27.7,0.828,1.029,1.35,0.686,0.45,0.436,0.43
80313,Gilberto,CAP,Lateral,6,7.82,0.0,4.84,12,0.0,False,False,CRU,0.544,valor_bom,5.003,3.67,1.0,37.6,desfavoravel,3.76,0.4,-9.2,1.216,1.2,1.286,0.833,0.7,0.206,0.454
123717,Zé Guilherme,BAH,Lateral,6,4.29,0.0,2.88,5,0.0,False,False,RBB,0.417,neutro,3.243,2.28,0.625,68.3,neutro,2.6,0.55,-2.8,1.081,0.833,0.497,0.96,0.775,0.266,
85425,João Paulo,SAN,Goleiro,6,6.94,0.0,-0.35,2,0.0,False,False,INT,-0.429,neutro,3.192,0.0,0.25,59.9,neutro,3.3,0.9,-5.6,0.988,0.667,0.769,0.806,0.675,0.231,0.496
109401,Erick Pulga,BAH,Atacante,7,10.03,2.11,4.61,23,21.7,True,False,RBB,-0.179,neutro,4.697,3.13,1.0,47.0,neutro,3.42,0.35,-2.8,1.081,0.833,0.497,0.96,0.775,0.266,
90768,Fabrício Bruno,CRU,Zagueiro,7,5.87,0.0,2.19,21,0.0,False,True,CAP,-0.582,armadilha_leve,2.689,1.62,1.0,55.1,neutro,2.57,0.375,9.2,1.286,0.833,1.216,1.2,0.7,0.521,0.454
113397,Cristian Olivera,BAH,Atacante,7,7.06,-0.32,3.93,18,1.7,True,False,RBB,0.448,neutro,4.243,3.21,1.0,47.0,neutro,2.2,0.35,-2.8,1.081,0.833,0.497,0.96,0.775,0.266,
61987,Alex Sandro,FLA,Lateral,5,8.2,0.0,3.53,15,0.0,False,False,REM,-0.766,armadilha_leve,4.127,2.33,1.0,62.6,neutro,2.25,0.55,22.6,1.2,0.914,1.167,1.19,0.7,0.586,
105949,Rochet,INT,Goleiro,5,6.28,0.0,3.33,11,0.0,False,True,SAN,0.168,neutro,3.645,1.97,1.0,55.2,neutro,2.47,0.1,5.6,0.769,0.806,0.988,0.667,0.35,0.5,0.496
98022,Erick,BAH,Meia,6,7.33,0.52,4.21,18,10.7,True,False,RBB,0.775,valor_bom,4.176,3.38,1.0,49.0,neutro,2.67,0.35,-2.8,1.081,0.833,0.497,0.96,0.775,0.266,
98517,Jean Lucas,BAH,Meia,7,10.26,0.0,5.57,20,0.0,False,False,RBB,0.933,valor_bom,5.15,4.07,1.0,49.0,neutro,2.75,0.35,-2.8,1.081,0.833,0.497,0.96,0.775,0.266,
91772,David Duarte,BAH,Zagueiro,7,6.2,-0.77,4.32,17,2.0,True,False,RBB,1.26,valor_bom,4.217,2.73,1.0,66.9,neutro,3.67,0.55,-2.8,1.081,0.833,0.497,0.96,0.775,0.266,
97868,Iago,SAO,Lateral,7,5.13,0.18,2.85,7,5.4,True,True,CAM,-0.283,neutro,3.181,2.42,0.875,52.2,neutro,2.11,0.6,27.7,0.828,1.029,1.35,0.686,0.45,0.436,0.43
104783,Acevedo,BAH,Meia,7,8.68,1.17,5.33,22,13.2,True,False,RBB,1.308,valor_bom,5.002,4.88,1.0,49.0,neutro,3.49,0.35,-2.8,1.081,0.833,0.497,0.96,0.775,0.266,
105990,Santiago Mingo,BAH,Zagueiro,7,4.26,-1.24,2.51,22,-0.3,True,False,RBB,0.191,neutro,2.557,1.56,1.0,66.9,neutro,3.94,0.55,-2.8,1.081,0.833,0.497,0.96,0.775,0.266,
106822,Rodrigo Nestor,BAH,Meia,7,5.91,0.63,3.54,17,5.7,True,False,RBB,0.872,valor_bom,3.719,2.95,1.0,49.0,neutro,4.43,0.35,-2.8,1.081,0.833,0.497,0.96,0.775,0.266,
80196,Yago Pikachu,REM,Meia,7,5.71,0.6,2.43,24,8.0,True,True,FLA,-0.177,neutro,2.848,1.6,1.0,32.3,neutro,3.44,0.1,-22.6,1.167,1.19,1.2,0.914,0.175,0.183,
68996,Willian José,BAH,Atacante,6,7.29,0.0,2.45,20,0.0,False,False,RBB,-0.954,armadilha_leve,3.163,0.75,1.0,47.0,neutro,3.13,0.35,-2.8,1.081,0.833,0.497,0.96,0.775,0.266,
97341,Rogério Ceni,BAH,Técnico,7,10.65,-0.39,5.72,24,7.15,True,False,RBB,-0.092,neutro,5.893,5.72,1.0,48.4,neutro,4.07,0.35,-2.8,1.081,0.833,0.497,0.96,0.775,0.266,
98484,Kanu,BAH,Zagueiro,6,3.68,0.0,0.83,3,0.0,False,False,RBB,-0.868,armadilha_leve,1.436,0.0,0.375,66.9,neutro,2.47,0.55,-2.8,1.081,0.833,0.497,0.96,0.775,0.266,
101314,Ademir,BAH,Atacante,6,5.32,-0.27,2.3,22,1.2,True,False,RBB,-0.945,armadilha_leve,2.326,1.71,1.0,47.0,neutro,3.83,0.35,-2.8,1.081,0.833,0.497,0.96,0.775,0.266,
107173,Michel Araújo,BAH,Meia,6,2.38,-0.99,1.09,17,-1.3,True,False,RBB,0.063,neutro,1.083,0.8,1.0,49.0,neutro,1.75,0.35,-2.8,1.081,0.833,0.497,0.96,0.775,0.266,
136955,Sanabria,BAH,Atacante,5,5.44,0.0,2.69,14,0.0,False,False,RBB,-0.707,armadilha_leve,2.583,1.19,1.0,47.0,neutro,2.4,0.35,-2.8,1.081,0.833,0.497,0.96,0.775,0.266,
106323,Caio Alexandre,BAH,Meia,6,3.53,-0.05,1.0,14,0.0,True,False,RBB,-0.56,armadilha_leve,1.446,1.0,1.0,49.0,neutro,2.04,0.35,-2.8,1.081,0.833,0.497,0.96,0.775,0.266,
123360,Cauly,SAO,Meia,6,6.19,0.0,2.83,14,0.0,False,True,CAM,0.153,neutro,3.292,2.47,1.0,38.0,neutro,2.34,0.15,27.7,0.828,1.029,1.35,0.686,0.45,0.436,0.43
97468,Marçal,BOT,Lateral,7,5.6,-0.25,2.37,6,1.1,True,True,PAL,-0.829,armadilha_leve,2.999,1.37,0.75,33.3,neutro,3.44,0.05,-15.6,0.519,0.96,1.222,1.19,0.175,0.289,0.496
111829,Kayky,INT,Atacante,5,3.63,0.0,1.27,6,0.0,False,True,SAN,-0.277,neutro,1.914,1.27,0.75,48.6,neutro,2.2,0.7,5.6,0.769,0.806,0.988,0.667,0.35,0.5,0.496
124481,Mateo Ponte,BOT,Lateral,6,5.53,0.0,2.8,8,0.0,False,True,PAL,-0.608,armadilha_leve,3.135,1.8,1.0,33.3,neutro,2.46,0.05,-15.6,0.519,0.96,1.222,1.19,0.175,0.289,0.496
122994,Victor Nascimento,BAH,Goleiro,6,1.0,0.0,0.0,0,0.0,False,False,RBB,0.135,neutro,0.0,0.0,0.0,67.0,neutro,1.69,0.55,-2.8,1.081,0.833,0.497,0.96,0.775,0.266,
72493,Alex Telles,BOT,Lateral,6,8.41,-0.35,4.0,19,0.0,True,True,PAL,-0.547,armadilha_leve,4.37,1.95,1.0,33.3,neutro,5.68,0.05,-15.6,0.519,0.96,1.222,1.19,0.175,0.289,0.496
129663,Ruan Pablo,BAH,Atacante,6,1.44,-0.36,0.17,3,-0.3,True,False,RBB,0.757,valor_bom,0.781,0.17,0.375,47.0,neutro,1.78,0.35,-2.8,1.081,0.833,0.497,0.96,0.775,0.266,
102340,Cacá,VIT,Zagueiro,7,5.34,0.16,2.63,17,2.3,True,True,GRE,-0.35,neutro,2.649,1.22,1.0,59.8,neutro,4.47,0.95,58.3,0.417,1.351,1.067,1.05,0.2,0.457,0.455
107231,Danilo,BOT,Meia,7,13.96,-0.23,7.8,16,4.0,True,True,PAL,1.747,valor_oculto,6.567,4.99,1.0,23.8,neutro,4.71,0.05,-15.6,0.519,0.96,1.222,1.19,0.175,0.289,0.496
141419,Fredi Lippert,BAH,Zagueiro,6,2.0,0.0,0.0,0,0.0,False,False,RBB,-1.179,armadilha_leve,0.0,0.0,0.0,66.9,neutro,1.69,0.55,-2.8,1.081,0.833,0.497,0.96,0.775,0.266,
95799,Artur,SAO,Atacante,7,8.77,0.09,5.02,19,4.1,True,True,CAM,0.636,valor_bom,4.998,3.23,1.0,37.2,neutro,2.98,0.15,27.7,0.828,1.029,1.35,0.686,0.45,0.436,0.43
145379,Kauê Furquim,BAH,Atacante,6,2.24,0.0,1.28,5,0.0,False,False,RBB,0.097,neutro,1.114,1.28,0.625,47.0,neutro,1.84,0.35,-2.8,1.081,0.833,0.497,0.96,0.775,0.266,
142890,Montoro,BOT,Meia,7,6.63,-0.28,2.63,19,1.5,True,True,PAL,-0.373,neutro,3.066,1.84,1.0,23.8,neutro,2.34,0.05,-15.6,0.519,0.96,1.222,1.19,0.175,0.289,0.496
111831,Matheus Martins,BOT,Atacante,6,6.69,0.0,4.13,18,0.0,False,True,PAL,0.79,valor_bom,4.381,2.35,1.0,23.4,neutro,4.15,0.05,-15.6,0.519,0.96,1.222,1.19,0.175,0.289,0.496
98672,Savarino,FLU,Meia,6,8.3,-0.72,4.41,18,0.0,True,True,VAS,0.543,valor_bom,4.315,3.02,1.0,80.1,favoravel,2.52,0.9,61.7,1.154,1.094,0.889,1.108,0.725,0.492,
39850,Vagner Mancini,RBB,Técnico,7,8.31,-0.45,5.46,23,3.75,True,True,BAH,0.981,valor_bom,5.333,5.46,1.0,37.2,neutro,3.54,0.4,2.8,0.497,0.96,1.081,0.833,0.4,0.467,
126013,Ythallo,BOT,Zagueiro,6,3.5,0.0,0.2,1,0.0,False,True,PAL,-0.643,armadilha_leve,1.501,0.2,0.125,32.4,neutro,1.71,0.05,-15.6,0.519,0.96,1.222,1.19,0.175,0.289,0.496
69140,Allan,BOT,Meia,6,4.5,0.0,2.05,11,0.0,False,True,PAL,-0.389,neutro,2.125,2.05,1.0,23.8,neutro,1.8,0.05,-15.6,0.519,0.96,1.222,1.19,0.175,0.289,0.496
105214,Santi Rodríguez,BOT,Meia,6,8.12,0.0,3.34,12,0.0,False,True,PAL,-0.277,neutro,3.644,2.51,1.0,23.8,neutro,1.76,0.05,-15.6,0.519,0.96,1.222,1.19,0.175,0.289,0.496
87225,Pedro Henrique,RBB,Zagueiro,7,6.17,-0.85,3.71,16,-0.5,True,True,BAH,0.735,valor_bom,3.806,2.21,1.0,46.8,neutro,2.93,0.15,2.8,0.497,0.96,1.081,0.833,0.4,0.467,
93882,Cleiton,RBB,Goleiro,6,6.19,0.0,2.56,7,0.0,False,True,BAH,-0.039,neutro,3.369,1.13,0.875,47.0,neutro,2.81,0.15,2.8,0.497,0.96,1.081,0.833,0.4,0.467,
104693,Newton,SAO,Meia,5,4.11,0.0,1.92,9,0.0,False,True,CAM,-0.191,neutro,2.065,1.92,1.0,38.0,neutro,2.02,0.15,27.7,0.828,1.029,1.35,0.686,0.45,0.436,0.43
94968,Juninho Capixaba,RBB,Lateral,7,12.51,-0.79,7.16,21,3.1,True,True,BAH,0.859,valor_bom,6.632,4.68,1.0,47.9,neutro,4.16,0.15,2.8,0.497,0.96,1.081,0.833,0.4,0.467,
91158,Kaio,BOT,Zagueiro,5,7.0,0.0,0.0,0,0.0,False,True,PAL,-4.655,armadilha_forte,0.0,0.0,0.0,32.4,neutro,0.81,0.05,-15.6,0.519,0.96,1.222,1.19,0.175,0.289,0.496
143072,Gabriel Abdias,BOT,Lateral,6,3.0,0.0,0.0,0,0.0,False,True,PAL,-2.604,armadilha_forte,0.0,0.0,0.0,33.3,neutro,0.83,0.05,-15.6,0.519,0.96,1.222,1.19,0.175,0.289,0.496
103295,Eric Ramires,RBB,Meia,7,2.2,-0.16,0.59,16,0.5,True,True,BAH,-0.175,neutro,0.749,0.59,1.0,37.4,neutro,1.39,0.4,2.8,0.497,0.96,1.081,0.833,0.4,0.467,
146375,Kadir,BOT,Atacante,6,4.21,0.0,2.08,10,0.0,False,True,PAL,-0.349,neutro,2.221,1.58,1.0,23.4,neutro,2.27,0.05,-15.6,0.519,0.96,1.222,1.19,0.175,0.289,0.496
78605,Gabriel,RBB,Meia,6,5.15,0.0,3.08,17,0.0,False,True,BAH,0.098,neutro,2.807,2.49,1.0,37.4,neutro,2.36,0.4,2.8,0.497,0.96,1.081,0.833,0.4,0.467,
142877,Villalba,BOT,Atacante,6,3.85,-0.48,1.46,11,0.0,True,True,PAL,-0.522,armadilha_leve,1.854,0.73,1.0,23.4,neutro,1.46,0.05,-15.6,0.519,0.96,1.222,1.19,0.175,0.289,0.496
100848,Luan Cândido,VIT,Lateral,7,5.9,0.2,3.62,14,3.0,True,True,GRE,-0.283,neutro,3.566,2.05,1.0,61.1,neutro,4.56,0.95,58.3,0.417,1.351,1.067,1.05,0.2,0.457,0.455
142484,Barrera,BOT,Meia,5,4.93,0.0,2.46,11,0.0,False,True,PAL,-0.358,neutro,2.362,2.01,1.0,23.8,neutro,1.92,0.05,-15.6,0.519,0.96,1.222,1.19,0.175,0.289,0.496
70360,Eduardo Sasha,RBB,Atacante,5,3.91,0.0,0.98,18,0.0,False,True,BAH,-1.094,armadilha_leve,1.416,0.98,1.0,36.7,neutro,1.69,0.4,2.8,0.497,0.96,1.081,0.833,0.4,0.467,
108133,Isidro Pitta,RBB,Atacante,3,4.94,-0.56,3.55,22,-1.2,True,True,BAH,0.387,neutro,3.242,1.28,1.0,36.7,neutro,2.55,0.4,2.8,0.497,0.96,1.081,0.833,0.4,0.467,
105213,Sant'Anna,RBB,Lateral,3,9.0,0.17,6.2,10,5.2,True,True,BAH,1.018,valor_bom,5.777,3.4,1.0,47.9,neutro,3.79,0.15,2.8,0.497,0.96,1.081,0.833,0.4,0.467,
111246,Alix Vinicius,RBB,Zagueiro,6,5.15,0.0,3.0,17,0.0,False,True,BAH,0.088,neutro,2.9,1.76,1.0,46.8,neutro,2.54,0.15,2.8,0.497,0.96,1.081,0.833,0.4,0.467,
110750,Gustavo Marques,RBB,Zagueiro,7,7.18,-1.42,4.66,20,2.5,True,True,BAH,1.141,valor_bom,4.471,3.16,1.0,46.8,neutro,3.22,0.15,2.8,0.497,0.96,1.081,0.833,0.4,0.467,
113157,Nathan Mendes,VIT,Lateral,5,7.52,0.0,5.02,12,0.0,False,True,GRE,0.829,valor_bom,5.111,3.35,1.0,61.1,favoravel,4.63,0.95,58.3,0.417,1.351,1.067,1.05,0.2,0.457,0.455
110715,Andrés Hurtado,RBB,Lateral,7,5.43,0.0,3.51,14,0.0,False,True,BAH,-0.077,neutro,3.496,2.22,1.0,47.9,neutro,2.81,0.15,2.8,0.497,0.96,1.081,0.833,0.4,0.467,
112886,Lucas Barbosa,RBB,Atacante,7,9.09,-0.22,5.93,21,2.0,True,True,BAH,1.309,valor_bom,5.659,3.93,1.0,36.7,neutro,3.69,0.4,2.8,0.497,0.96,1.081,0.833,0.4,0.467,
94067,Matheus Fernandes,RBB,Meia,6,5.4,0.0,2.88,13,0.0,False,True,BAH,-0.288,neutro,2.631,2.5,1.0,37.4,neutro,2.28,0.4,2.8,0.497,0.96,1.081,0.833,0.4,0.467,
100695,Fernando,RBB,Atacante,7,6.97,1.6,5.76,10,13.6,True,True,BAH,1.877,valor_oculto,5.398,2.86,1.0,36.7,neutro,3.57,0.4,2.8,0.497,0.96,1.081,0.833,0.4,0.467,
104588,Fabrício,RBB,Goleiro,6,2.0,0.0,0.0,0,0.0,False,True,BAH,-0.836,armadilha_leve,0.0,0.0,0.0,47.0,neutro,1.18,0.15,2.8,0.497,0.96,1.081,0.833,0.4,0.467,
107744,Praxedes,RBB,Meia,6,4.0,0.0,0.0,0,0.0,False,True,BAH,-2.861,armadilha_forte,0.0,0.0,0.0,37.4,neutro,0.94,0.4,2.8,0.497,0.96,1.081,0.833,0.4,0.467,
106434,Eduardo Santos,RBB,Zagueiro,6,4.6,0.0,1.4,3,0.0,False,True,BAH,-0.32,neutro,2.337,1.4,0.375,46.8,neutro,2.48,0.15,2.8,0.497,0.96,1.081,0.833,0.4,0.467,
107236,Vanderlan,RBB,Lateral,5,4.41,0.0,-0.3,1,0.0,False,True,BAH,0.075,neutro,3.052,0.0,0.125,47.9,neutro,3.01,0.15,2.8,0.497,0.96,1.081,0.833,0.4,0.467,
111760,Fabinho,RBB,Meia,6,2.26,0.25,0.39,8,2.6,True,True,BAH,-0.272,neutro,0.729,0.39,1.0,37.4,neutro,1.38,0.4,2.8,0.497,0.96,1.081,0.833,0.4,0.467,
68920,Dudu,CAM,Atacante,7,6.09,0.27,2.31,16,3.0,True,False,SAO,-0.338,neutro,3.189,1.31,1.0,46.1,neutro,2.06,0.3,-27.7,1.35,0.686,0.828,1.029,0.8,0.263,0.43
124239,Henry Mosquera,RBB,Atacante,6,5.57,0.31,3.5,18,3.7,True,True,BAH,-0.088,neutro,3.16,2.39,1.0,36.7,neutro,2.51,0.4,2.8,0.497,0.96,1.081,0.833,0.4,0.467,
87999,Gustavo Scarpa,CAM,Meia,6,6.51,-0.55,3.02,11,2.3,True,False,SAO,0.232,neutro,3.475,2.11,1.0,47.9,neutro,2.8,0.3,-27.7,1.35,0.686,0.828,1.029,0.8,0.263,0.43
72605,Vitor Hugo,CAM,Zagueiro,7,6.6,-0.99,4.12,11,0.0,True,False,SAO,0.872,valor_bom,4.068,1.94,1.0,51.3,neutro,3.09,0.35,-27.7,1.35,0.686,0.828,1.029,0.8,0.263,0.43
122755,Lucas Cunha,RBB,Zagueiro,6,3.0,0.0,0.0,0,0.0,False,True,BAH,-2.198,armadilha_forte,0.0,0.0,0.0,46.8,neutro,1.18,0.15,2.8,0.497,0.96,1.081,0.833,0.4,0.467,
122394,Gustavinho,RBB,Meia,6,5.46,-0.66,2.61,17,0.5,True,True,BAH,-0.514,armadilha_leve,2.488,1.73,1.0,37.4,neutro,2.21,0.4,2.8,0.497,0.96,1.081,0.833,0.4,0.467,
132274,Ignacio Sosa,RBB,Meia,6,3.41,0.0,1.5,15,0.0,False,True,BAH,-0.588,armadilha_leve,1.349,1.5,1.0,37.4,neutro,1.67,0.4,2.8,0.497,0.96,1.081,0.833,0.4,0.467,
122897,Guzmán Rodríguez,RBB,Zagueiro,6,5.54,0.0,-1.0,0,0.0,False,True,BAH,-3.941,armadilha_forte,0.0,0.0,0.0,46.8,neutro,1.18,0.15,2.8,0.497,0.96,1.081,0.833,0.4,0.467,
132580,Vinicinho,RBB,Atacante,7,3.94,-0.61,2.36,13,0.2,True,True,BAH,0.033,neutro,2.374,2.36,1.0,36.7,neutro,2.14,0.4,2.8,0.497,0.96,1.081,0.833,0.4,0.467,
140906,Davi Gomes,RBB,Atacante,5,5.19,0.0,4.25,2,0.0,False,True,BAH,-0.338,neutro,2.767,4.25,0.25,36.7,neutro,2.53,0.4,2.8,0.497,0.96,1.081,0.833,0.4,0.467,
39656,Alan Franco,CAM,Meia,6,4.45,0.0,2.08,18,0.0,False,False,SAO,-0.355,neutro,2.125,1.8,1.0,47.9,neutro,2.41,0.3,-27.7,1.35,0.686,0.828,1.029,0.8,0.263,0.43
107554,Natanael,CAM,Lateral,7,7.79,-0.88,4.57,15,0.0,True,False,SAO,0.304,neutro,4.806,3.3,1.0,52.4,neutro,4.18,0.35,-27.7,1.35,0.686,0.828,1.029,0.8,0.263,0.43
138021,Palacios,RBB,Zagueiro,6,3.0,0.0,0.0,0,0.0,False,True,BAH,-2.198,armadilha_forte,0.0,0.0,0.0,46.8,neutro,1.18,0.15,2.8,0.497,0.96,1.081,0.833,0.4,0.467,
105068,Reinier,CAM,Meia,7,6.4,1.01,3.68,17,15.1,True,False,SAO,0.741,valor_bom,3.815,2.21,1.0,47.9,neutro,2.22,0.3,-27.7,1.35,0.686,0.828,1.029,0.8,0.263,0.43
40990,Dorival Júnior,SAO,Técnico,7,9.33,0.38,4.09,17,6.17,True,True,CAM,-2.623,armadilha_forte,4.438,4.09,1.0,37.8,neutro,3.44,0.15,27.7,0.828,1.029,1.35,0.686,0.45,0.436,0.43
98909,Cuello,CAM,Atacante,6,11.49,0.0,6.45,20,0.0,False,False,SAO,0.945,valor_bom,6.02,4.6,1.0,46.1,neutro,4.06,0.3,-27.7,1.35,0.686,0.828,1.029,0.8,0.263,0.43
105531,Matheus Bidu,COR,Lateral,7,12.06,-0.26,7.39,18,3.8,True,True,CHA,1.129,valor_bom,6.731,5.28,1.0,52.7,neutro,4.2,0.85,37.9,0.769,1.0,1.536,0.98,0.2,0.682,0.489
92087,Lyanco,CAM,Zagueiro,5,7.8,0.0,3.04,9,0.0,False,False,SAO,-0.407,neutro,3.49,2.04,1.0,51.3,neutro,2.16,0.35,-27.7,1.35,0.686,0.828,1.029,0.8,0.263,0.43
118774,Alexsander,CAM,Meia,6,6.43,1.58,2.28,6,9.5,True,False,SAO,0.066,neutro,3.32,2.28,0.75,47.9,neutro,2.86,0.3,-27.7,1.35,0.686,0.828,1.029,0.8,0.263,0.43
91607,R. Rústico,SAN,Atacante,7,4.77,-0.16,1.99,18,0.1,True,False,INT,-0.858,armadilha_leve,2.115,1.99,1.0,44.5,neutro,1.86,0.425,-5.6,0.988,0.667,0.769,0.806,0.675,0.231,0.496
77485,Carrillo,COR,Meia,2,4.29,0.0,1.47,19,0.0,False,True,CHA,-0.816,armadilha_leve,1.694,1.21,1.0,65.2,neutro,2.37,0.85,37.9,0.769,1.0,1.536,0.98,0.2,0.682,0.489
100842,Ruan,CAM,Zagueiro,7,6.2,0.0,3.7,20,0.0,False,False,SAO,0.692,valor_bom,3.785,2.5,1.0,51.3,neutro,5.76,0.35,-27.7,1.35,0.686,0.828,1.029,0.8,0.263,0.43
103767,Gabriel Menino,SAN,Meia,5,9.92,0.0,5.45,9,0.0,False,False,INT,0.603,valor_bom,4.815,4.89,1.0,46.3,neutro,3.37,0.425,-5.6,0.988,0.667,0.769,0.806,0.675,0.231,0.496
78248,Gustavo Henrique,COR,Zagueiro,7,8.08,-0.02,3.91,20,2.3,True,True,CHA,0.067,neutro,3.935,2.56,1.0,51.5,neutro,3.04,0.85,37.9,0.769,1.0,1.536,0.98,0.2,0.682,0.489
72460,Bernard,CAM,Meia,6,4.44,0.0,2.97,20,0.0,False,False,SAO,0.496,neutro,2.758,1.72,1.0,47.9,neutro,4.95,0.3,-27.7,1.35,0.686,0.828,1.029,0.8,0.263,0.43
100084,Igor Gomes,CAM,Meia,5,5.13,0.0,1.96,8,0.0,False,False,SAO,-0.841,armadilha_leve,2.094,0.71,1.0,47.9,neutro,2.21,0.3,-27.7,1.35,0.686,0.828,1.029,0.8,0.263,0.43
85048,Memphis Depay,COR,Atacante,7,8.9,-0.44,2.1,9,1.8,True,True,CHA,-1.286,armadilha_leve,3.439,1.21,1.0,64.3,neutro,2.99,0.85,37.9,0.769,1.0,1.536,0.98,0.2,0.682,0.489
92440,André Ramalho,COR,Zagueiro,2,5.73,0.0,2.55,6,0.0,False,True,CHA,-0.588,armadilha_leve,2.629,1.55,0.75,51.5,neutro,2.59,0.85,37.9,0.769,1.0,1.536,0.98,0.2,0.682,0.489
97642,Félix Torres,INT,Zagueiro,6,5.33,0.98,3.68,18,7.2,True,True,SAN,0.61,valor_bom,3.375,2.68,1.0,55.0,neutro,3.37,0.1,5.6,0.769,0.806,0.988,0.667,0.35,0.5,0.496
101002,Júnior Santos,BOT,Atacante,6,4.24,-0.58,2.16,11,-0.1,True,True,PAL,-0.325,neutro,2.259,1.43,1.0,23.4,neutro,1.94,0.05,-15.6,0.519,0.96,1.222,1.19,0.175,0.289,0.496
95556,Raniele,COR,Meia,3,7.4,-1.2,4.34,20,1.0,True,True,CHA,0.871,valor_bom,4.272,3.84,1.0,65.2,favoravel,3.31,0.85,37.9,0.769,1.0,1.536,0.98,0.2,0.682,0.489
122990,Patrick,CAM,Meia,5,4.0,0.0,0.0,0,0.0,False,False,SAO,-2.861,armadilha_forte,0.0,0.0,0.0,47.9,neutro,1.2,0.3,-27.7,1.35,0.686,0.828,1.029,0.8,0.263,0.43
101574,Hugo Souza,COR,Goleiro,3,8.62,-0.33,4.1,21,1.9,True,True,CHA,-0.115,neutro,4.094,2.2,1.0,51.7,neutro,3.11,0.85,37.9,0.769,1.0,1.536,0.98,0.2,0.682,0.489
117632,Garro,COR,Meia,7,9.82,-1.41,5.08,22,0.7,True,True,CHA,0.643,valor_bom,4.819,3.26,1.0,65.2,favoravel,3.51,0.85,37.9,0.769,1.0,1.536,0.98,0.2,0.682,0.489
98225,Pedro Raul,COR,Atacante,6,3.16,0.1,1.23,12,1.2,True,True,CHA,-0.804,armadilha_leve,1.142,0.56,1.0,64.3,neutro,2.15,0.85,37.9,0.769,1.0,1.536,0.98,0.2,0.682,0.489
98720,Angileri,COR,Lateral,6,6.13,0.0,4.38,9,0.0,False,True,CHA,0.079,neutro,3.952,2.71,1.0,52.7,neutro,3.06,0.85,37.9,0.769,1.0,1.536,0.98,0.2,0.682,0.489
93790,Marlon Freitas,PAL,Meia,7,5.45,0.14,2.56,24,0.5,True,False,BOT,-0.522,armadilha_leve,2.477,1.94,1.0,71.7,neutro,3.22,0.95,15.6,1.222,1.19,0.519,0.96,0.575,0.43,0.496
115674,Gabriel Delfim,CAM,Goleiro,7,2.38,0.38,1.6,1,1.6,True,False,SAO,1.883,valor_oculto,3.502,1.6,0.125,51.4,neutro,3.35,0.35,-27.7,1.35,0.686,0.828,1.029,0.8,0.263,0.43
117910,Breno Bidon,COR,Meia,7,8.21,0.0,3.54,22,0.0,False,True,CHA,-0.254,neutro,3.689,2.86,1.0,65.2,neutro,3.1,0.85,37.9,0.769,1.0,1.536,0.98,0.2,0.682,0.489
96342,Charles,COR,Meia,2,3.53,0.0,1.03,3,0.0,False,True,CHA,0.046,neutro,1.901,1.03,0.375,65.2,favoravel,2.67,0.85,37.9,0.769,1.0,1.536,0.98,0.2,0.682,0.489
78435,Vitinho,COR,Atacante,5,5.06,0.0,2.13,7,0.0,False,True,CHA,-0.853,armadilha_leve,2.272,2.13,0.875,64.3,neutro,2.62,0.85,37.9,0.769,1.0,1.536,0.98,0.2,0.682,0.489
131753,Felipe Longo,COR,Goleiro,6,2.0,0.0,0.0,0,0.0,False,True,CHA,-0.836,armadilha_leve,0.0,0.0,0.0,51.7,neutro,1.3,0.85,37.9,0.769,1.0,1.536,0.98,0.2,0.682,0.489
145744,André,COR,Meia,5,6.15,0.0,4.07,16,0.0,False,True,CHA,1.225,valor_bom,4.08,2.51,1.0,65.2,favoravel,3.24,0.85,37.9,0.769,1.0,1.536,0.98,0.2,0.682,0.489
42500,Fagner,CRU,Lateral,7,6.62,0.0,3.96,17,0.0,False,True,CAP,-0.393,neutro,3.803,2.43,1.0,56.3,neutro,3.04,0.375,9.2,1.286,0.833,1.216,1.2,0.7,0.521,0.454
107908,Hugo,COR,Lateral,6,4.0,0.0,0.0,0,0.0,False,True,CHA,-3.542,armadilha_forte,0.0,0.0,0.0,52.7,neutro,1.33,0.85,37.9,0.769,1.0,1.536,0.98,0.2,0.682,0.489
79701,Lucas Silva,CRU,Meia,6,3.28,-0.58,0.38,16,0.0,True,True,CAP,-1.461,armadilha_leve,0.609,0.38,1.0,57.4,neutro,1.79,0.3,9.2,1.286,0.833,1.216,1.2,0.7,0.521,0.454
129930,Cristhian Loor,BOT,Goleiro,6,2.0,0.0,0.0,0,0.0,False,True,PAL,-0.836,armadilha_leve,0.0,0.0,0.0,32.7,neutro,0.82,0.05,-15.6,0.519,0.96,1.222,1.19,0.175,0.289,0.496
89275,William,CRU,Lateral,6,8.95,-0.22,4.07,12,8.6,True,True,CAP,-0.56,armadilha_leve,4.541,3.32,1.0,56.3,neutro,3.33,0.375,9.2,1.286,0.833,1.216,1.2,0.7,0.521,0.454
100742,Matheus Henrique,CRU,Meia,6,4.69,-1.09,2.1,22,0.2,True,True,CAP,-0.506,armadilha_leve,2.134,1.87,1.0,57.4,neutro,2.39,0.3,9.2,1.286,0.833,1.216,1.2,0.7,0.521,0.454
121824,Kayke,COR,Atacante,5,3.64,0.0,1.65,6,0.0,False,True,CHA,-0.09,neutro,2.076,1.65,0.75,64.3,neutro,2.59,0.85,37.9,0.769,1.0,1.536,0.98,0.2,0.682,0.489
96610,Matheus Pereira,CRU,Meia,7,14.19,-0.22,6.8,22,8.5,True,True,CAP,1.04,valor_bom,6.08,4.75,1.0,57.4,neutro,3.95,0.3,9.2,1.286,0.833,1.216,1.2,0.7,0.521,0.454
141995,Dieguinho,COR,Meia,6,3.59,0.72,1.43,13,4.7,True,True,CHA,-0.226,neutro,1.734,1.05,1.0,65.2,neutro,2.38,0.85,37.9,0.769,1.0,1.536,0.98,0.2,0.682,0.489
133543,Gui Negão,COR,Atacante,6,2.98,-0.14,1.01,7,0.0,True,True,CHA,-0.797,armadilha_leve,1.01,1.01,0.875,64.3,neutro,2.11,0.85,37.9,0.769,1.0,1.536,0.98,0.2,0.682,0.489
122396,Ryan,COR,Meia,6,3.0,0.0,0.0,0,0.0,False,True,CHA,-2.017,armadilha_forte,0.0,0.0,0.0,65.2,neutro,1.64,0.85,37.9,0.769,1.0,1.536,0.98,0.2,0.682,0.489
127242,Bahia,COR,Meia,6,2.0,0.0,0.0,0,0.0,False,True,CHA,-0.929,armadilha_leve,0.0,0.0,0.0,65.2,neutro,1.64,0.85,37.9,0.769,1.0,1.536,0.98,0.2,0.682,0.489
132264,Arroyo,CRU,Atacante,7,6.92,0.0,3.55,20,0.0,False,True,CAP,0.161,neutro,3.949,2.1,1.0,56.0,neutro,2.26,0.3,9.2,1.286,0.833,1.216,1.2,0.7,0.521,0.454
125488,João Pedro,COR,Zagueiro,2,8.56,0.0,6.53,3,0.0,False,True,CHA,0.874,valor_bom,4.688,3.53,0.375,51.5,neutro,3.85,0.85,37.9,0.769,1.0,1.536,0.98,0.2,0.682,0.489
105047,João Marcelo,CRU,Zagueiro,6,3.9,0.29,2.17,10,1.2,True,True,CAP,0.236,neutro,2.4,1.27,1.0,55.1,neutro,3.54,0.375,9.2,1.286,0.833,1.216,1.2,0.7,0.521,0.454
111690,Matheus Cunha,INT,Goleiro,7,4.64,-1.0,3.83,14,2.2,True,True,SAN,0.91,valor_bom,3.797,1.33,1.0,55.2,neutro,3.68,0.1,5.6,0.769,0.806,0.988,0.667,0.35,0.5,0.496
131967,Villarreal,CRU,Atacante,6,7.96,-0.05,4.98,14,1.5,True,True,CAP,0.923,valor_bom,4.968,2.91,1.0,56.0,neutro,3.5,0.3,9.2,1.286,0.833,1.216,1.2,0.7,0.521,0.454
124912,Jonathan Jesus,CRU,Zagueiro,7,6.03,-0.63,4.11,16,1.7,True,True,CAP,1.154,valor_bom,4.072,3.55,1.0,55.1,neutro,3.79,0.375,9.2,1.286,0.833,1.216,1.2,0.7,0.521,0.454
143600,Kauã Moraes,CRU,Lateral,6,6.81,0.0,4.83,10,0.0,False,True,CAP,0.05,neutro,4.226,2.53,1.0,56.3,neutro,4.43,0.375,9.2,1.286,0.833,1.216,1.2,0.7,0.521,0.454
137542,Kaique Kenji,CRU,Atacante,6,2.61,0.43,1.25,11,2.9,True,True,CAP,-0.266,neutro,1.149,0.52,1.0,56.0,neutro,1.97,0.3,9.2,1.286,0.833,1.216,1.2,0.7,0.521,0.454
84558,Lucas Romero,CRU,Meia,7,8.49,0.0,4.49,17,0.0,False,True,CAP,0.534,valor_bom,4.365,3.31,1.0,57.4,neutro,3.14,0.3,9.2,1.286,0.833,1.216,1.2,0.7,0.521,0.454
117404,Otávio,CRU,Goleiro,7,3.61,0.98,2.76,12,7.4,True,True,CAP,0.839,valor_bom,3.152,2.34,1.0,55.3,neutro,2.76,0.375,9.2,1.286,0.833,1.216,1.2,0.7,0.521,0.454
93478,Wanderson,CRU,Atacante,6,3.98,-1.29,1.95,18,0.0,True,True,CAP,-0.341,neutro,2.087,1.06,1.0,56.0,neutro,2.35,0.3,9.2,1.286,0.833,1.216,1.2,0.7,0.521,0.454
88479,Walace,VIT,Meia,6,2.99,-0.39,1.23,6,1.2,True,True,GRE,-0.492,neutro,1.137,1.23,0.75,48.2,neutro,1.83,0.55,58.3,0.417,1.351,1.067,1.05,0.2,0.457,0.455
69783,Danilo,FLA,Zagueiro,6,4.73,0.0,1.39,8,0.0,False,False,REM,-0.793,armadilha_leve,2.039,1.01,1.0,61.2,neutro,2.63,0.55,22.6,1.2,0.914,1.167,1.19,0.7,0.586,
87863,Arrascaeta,FLA,Meia,7,13.86,-0.49,5.34,16,5.1,True,False,REM,-0.413,neutro,4.927,3.46,1.0,75.5,neutro,3.04,0.8,22.6,1.2,0.914,1.167,1.19,0.7,0.586,
83528,Léo Pereira,FLA,Zagueiro,7,10.0,1.04,4.83,19,9.6,True,False,REM,0.239,neutro,4.583,2.51,1.0,61.2,neutro,2.67,0.55,22.6,1.2,0.914,1.167,1.19,0.7,0.586,
82627,Luiz Araújo,FLA,Atacante,6,6.92,-0.2,3.09,14,0.0,True,False,REM,-0.06,neutro,3.765,1.59,1.0,73.7,neutro,2.96,0.8,22.6,1.2,0.914,1.167,1.19,0.7,0.586,
88393,Ayrton Lucas,FLA,Lateral,7,9.24,0.45,5.33,14,7.7,True,False,REM,0.301,neutro,5.3,2.9,1.0,62.6,neutro,4.65,0.55,22.6,1.2,0.914,1.167,1.19,0.7,0.586,
84735,Jorginho,FLA,Meia,6,9.37,0.54,4.11,18,7.4,True,False,REM,-0.146,neutro,4.107,3.0,1.0,75.5,neutro,3.73,0.8,22.6,1.2,0.914,1.167,1.19,0.7,0.586,
113158,Marquinhos,CRU,Atacante,6,3.54,0.0,0.45,2,0.0,False,True,CAP,-0.092,neutro,2.007,0.45,0.25,56.0,neutro,2.55,0.3,9.2,1.286,0.833,1.216,1.2,0.7,0.521,0.454
84816,Varela,FLA,Lateral,7,7.55,0.0,4.4,18,0.0,False,False,REM,0.233,neutro,4.661,2.68,1.0,62.6,neutro,2.29,0.55,22.6,1.2,0.914,1.167,1.19,0.7,0.586,
104084,Carlos Miguel,PAL,Goleiro,7,8.08,0.13,4.89,24,4.2,True,False,BOT,0.532,valor_bom,4.687,3.22,1.0,69.5,neutro,4.62,0.05,15.6,1.222,1.19,0.519,0.96,0.575,0.43,0.496
122660,Japa,MIR,Meia,6,5.51,0.02,3.71,8,1.5,True,False,CFC,0.098,neutro,2.969,3.08,1.0,46.5,neutro,3.13,0.625,-31.8,1.067,1.427,1.212,0.909,0.375,0.291,
114405,Sinisterra,CRU,Atacante,5,5.85,0.0,3.27,8,0.0,False,True,CAP,-0.637,armadilha_leve,2.833,2.27,1.0,56.0,neutro,2.65,0.3,9.2,1.286,0.833,1.216,1.2,0.7,0.521,0.454
96870,Emerson Royal,FLA,Lateral,6,8.03,0.64,5.63,11,7.1,True,False,REM,1.048,valor_bom,5.469,3.54,1.0,62.6,neutro,3.66,0.55,22.6,1.2,0.914,1.167,1.19,0.7,0.586,
137543,Tevis,CRU,Atacante,6,2.0,0.0,0.0,0,0.0,False,True,CAP,-0.954,armadilha_leve,0.0,0.0,0.0,56.0,neutro,1.41,0.3,9.2,1.286,0.833,1.216,1.2,0.7,0.521,0.454
91473,Erick Pulgar,FLA,Meia,7,7.07,0.3,3.14,14,7.4,True,False,REM,-0.021,neutro,3.489,2.78,1.0,75.5,neutro,2.7,0.8,22.6,1.2,0.914,1.167,1.19,0.7,0.586,
98873,Samuel Lino,FLA,Atacante,7,13.77,2.54,8.27,23,22.2,True,False,REM,1.99,valor_oculto,7.412,3.97,1.0,73.7,favoravel_visitante,6.21,0.8,22.6,1.2,0.914,1.167,1.19,0.7,0.586,
146807,Rayan Lelis,CRU,Atacante,6,2.0,0.0,0.0,0,0.0,False,True,CAP,-0.954,armadilha_leve,0.0,0.0,0.0,56.0,neutro,1.41,0.3,9.2,1.286,0.833,1.216,1.2,0.7,0.521,0.454
97867,Léo Ortiz,FLA,Zagueiro,7,8.82,0.52,4.12,19,5.0,True,False,REM,-0.015,neutro,4.084,2.38,1.0,61.2,neutro,3.85,0.55,22.6,1.2,0.914,1.167,1.19,0.7,0.586,
109096,Plata,FLA,Atacante,6,10.54,0.0,6.65,13,0.0,False,False,REM,1.218,valor_bom,6.001,4.65,1.0,73.7,favoravel_visitante,3.97,0.8,22.6,1.2,0.914,1.167,1.19,0.7,0.586,
122318,Dyogo Alves,FLA,Goleiro,6,3.0,0.0,0.0,0,0.0,False,False,REM,-1.525,armadilha_forte,0.0,0.0,0.0,61.4,neutro,1.55,0.55,22.6,1.2,0.914,1.167,1.19,0.7,0.586,
130189,Léo Nannetti,FLA,Goleiro,6,2.0,0.0,0.0,0,0.0,False,False,REM,-0.836,armadilha_leve,0.0,0.0,0.0,61.4,neutro,1.55,0.55,22.6,1.2,0.914,1.167,1.19,0.7,0.586,
80061,Saúl,FLA,Meia,6,6.28,0.0,2.43,6,0.0,False,False,REM,0.23,neutro,3.385,1.6,0.75,75.5,favoravel_visitante,3.33,0.8,22.6,1.2,0.914,1.167,1.19,0.7,0.586,
96652,Allan,COR,Meia,7,3.52,-0.92,1.82,19,3.2,True,True,CHA,0.108,neutro,1.941,1.56,1.0,65.2,favoravel,2.46,0.85,37.9,0.769,1.0,1.536,0.98,0.2,0.682,0.489
86757,Everton,FLA,Atacante,6,5.96,0.29,1.78,10,5.0,True,False,REM,-1.632,armadilha_forte,2.054,1.28,1.0,73.7,neutro,2.65,0.8,22.6,1.2,0.914,1.167,1.19,0.7,0.586,
73384,Samuel Xavier,FLU,Lateral,5,7.3,0.0,3.56,15,0.0,False,True,VAS,-0.308,neutro,4.147,2.96,1.0,78.5,neutro,4.73,0.6,61.7,1.154,1.094,0.889,1.108,0.725,0.492,
62977,Ganso,FLU,Meia,7,3.5,-0.95,1.46,16,0.2,True,True,VAS,-0.175,neutro,1.716,1.46,1.0,80.1,neutro,3.89,0.9,61.7,1.154,1.094,0.889,1.108,0.725,0.492,
99228,De la Cruz,FLA,Meia,5,4.41,0.0,0.82,10,0.0,False,False,REM,-1.232,armadilha_leve,1.446,0.82,1.0,75.5,neutro,2.02,0.8,22.6,1.2,0.914,1.167,1.19,0.7,0.586,
122573,Wallace Yan,FLA,Atacante,6,2.44,0.0,0.1,7,0.0,False,False,REM,-0.761,armadilha_leve,0.586,0.1,0.875,73.7,neutro,2.17,0.8,22.6,1.2,0.914,1.167,1.19,0.7,0.586,
78855,Thiago Santos,CFC,Zagueiro,7,4.88,0.0,3.35,17,0.0,False,True,MIR,0.56,valor_bom,3.138,2.47,1.0,66.8,favoravel,2.49,0.75,31.8,1.212,0.909,1.067,1.427,0.8,0.427,
78445,Renê,FLU,Lateral,7,9.1,-0.92,5.77,17,1.4,True,True,VAS,0.751,valor_bom,5.603,4.65,1.0,78.5,favoravel,4.77,0.6,61.7,1.154,1.094,0.889,1.108,0.725,0.492,
145705,Douglas Telles,FLA,Atacante,6,2.0,0.0,0.0,0,0.0,False,False,REM,-0.954,armadilha_leve,0.0,0.0,0.0,73.7,neutro,1.86,0.8,22.6,1.2,0.914,1.167,1.19,0.7,0.586,
115914,Evertton Araújo,FLA,Meia,6,2.59,0.0,1.17,18,0.0,False,False,REM,-0.091,neutro,1.138,0.89,1.0,75.5,neutro,2.98,0.8,22.6,1.2,0.914,1.167,1.19,0.7,0.586,
122320,Daniel Sales,FLA,Lateral,6,2.0,0.0,0.0,0,0.0,False,False,REM,-1.394,armadilha_leve,0.0,0.0,0.0,62.6,neutro,1.58,0.55,22.6,1.2,0.914,1.167,1.19,0.7,0.586,
140492,João Victor,FLA,Zagueiro,6,4.34,0.0,6.5,1,0.0,False,False,REM,0.867,valor_bom,3.112,3.5,0.125,61.2,neutro,4.31,0.55,22.6,1.2,0.914,1.167,1.19,0.7,0.586,
87228,Guilherme Arana,FLU,Lateral,6,7.42,0.0,3.25,14,0.0,False,True,VAS,-0.589,armadilha_leve,3.976,2.39,1.0,78.5,neutro,4.03,0.6,61.7,1.154,1.094,0.889,1.108,0.725,0.492,
143295,Joshua,FLA,Meia,6,2.6,0.0,-0.3,1,0.0,False,False,REM,-0.399,neutro,0.915,0.0,0.125,75.5,neutro,2.44,0.8,22.6,1.2,0.914,1.167,1.19,0.7,0.586,
130382,Guilherme Gomes,FLA,Meia,6,3.0,0.0,0.0,0,0.0,False,False,REM,-2.017,armadilha_forte,0.0,0.0,0.0,75.5,neutro,1.91,0.8,22.6,1.2,0.914,1.167,1.19,0.7,0.586,
100987,Nonato,FLU,Meia,6,5.68,0.52,2.32,12,4.2,True,True,VAS,0.085,neutro,3.032,1.49,1.0,80.1,favoravel,2.89,0.9,61.7,1.154,1.094,0.889,1.108,0.725,0.492,
101319,Guga,FLU,Lateral,7,6.02,-0.22,3.3,14,4.2,True,True,VAS,-0.619,armadilha_leve,3.362,2.16,1.0,78.5,neutro,3.73,0.6,61.7,1.154,1.094,0.889,1.108,0.725,0.492,
79631,Cano,FLU,Atacante,6,4.31,0.0,2.28,8,0.0,False,True,VAS,-0.28,neutro,2.338,1.28,1.0,77.4,neutro,2.81,0.9,61.7,1.154,1.094,0.889,1.108,0.725,0.492,
102928,Canobbio,FLU,Atacante,7,12.17,1.79,7.37,17,15.4,True,True,VAS,1.437,valor_bom,6.594,4.13,1.0,77.4,favoravel,3.91,0.9,61.7,1.154,1.094,0.889,1.108,0.725,0.492,
78117,Everaldo,BAH,Atacante,3,5.37,-0.38,3.6,16,-3.0,False,False,RBB,0.074,neutro,3.199,1.6,1.0,47.0,neutro,2.67,0.35,-2.8,1.081,0.833,0.497,0.96,0.775,0.266,
103523,Ignácio,FLU,Zagueiro,7,8.11,1.96,4.48,12,15.5,True,True,VAS,0.518,valor_bom,4.287,3.23,1.0,77.0,favoravel,4.68,0.6,61.7,1.154,1.094,0.889,1.108,0.725,0.492,
116447,Hércules,FLU,Meia,7,6.47,0.0,3.57,21,0.0,False,True,VAS,0.574,valor_bom,3.716,2.86,1.0,80.1,favoravel,3.24,0.9,61.7,1.154,1.094,0.889,1.108,0.725,0.492,
82463,Otávio,FLU,Meia,6,2.87,0.0,0.58,6,0.0,False,True,VAS,-0.748,armadilha_leve,0.858,0.58,0.75,80.1,neutro,2.43,0.9,61.7,1.154,1.094,0.889,1.108,0.725,0.492,
87258,Soteldo,FLU,Atacante,7,3.81,-1.0,1.96,18,0.0,True,True,VAS,-0.203,neutro,2.094,1.68,1.0,77.4,neutro,3.84,0.9,61.7,1.154,1.094,0.889,1.108,0.725,0.492,
89493,Igor Rabello,FLU,Zagueiro,5,8.06,0.0,6.65,2,0.0,False,True,VAS,0.854,valor_bom,4.528,5.15,0.25,77.0,favoravel,4.22,0.6,61.7,1.154,1.094,0.889,1.108,0.725,0.492,
86485,Keno,CFC,Atacante,6,3.09,0.0,0.61,7,0.0,False,True,MIR,-1.122,armadilha_leve,0.824,0.61,0.875,70.3,neutro,2.18,0.65,31.8,1.212,0.909,1.067,1.427,0.8,0.427,
110759,John Kennedy,FLU,Atacante,5,10.92,0.0,7.3,17,0.0,False,True,VAS,1.753,valor_oculto,6.547,2.77,1.0,77.4,favoravel,2.53,0.9,61.7,1.154,1.094,0.889,1.108,0.725,0.492,
72018,Tiago Volpi,RBB,Goleiro,7,9.92,-0.25,5.87,16,5.8,True,True,BAH,0.592,valor_bom,5.272,3.25,1.0,47.0,neutro,3.57,0.15,2.8,0.497,0.96,1.081,0.833,0.4,0.467,
87342,Kannemann,GRE,Zagueiro,7,3.94,0.57,-0.53,3,-1.0,False,False,VIT,-0.568,armadilha_leve,1.81,0.0,0.375,43.7,neutro,2.13,0.7,-58.3,1.067,1.05,0.417,1.351,0.5,0.264,0.455
101478,Marcelo Pitaluga,FLU,Goleiro,6,3.0,0.0,0.0,0,0.0,False,True,VAS,-1.525,armadilha_forte,0.0,0.0,0.0,77.0,neutro,1.94,0.6,61.7,1.154,1.094,0.889,1.108,0.725,0.492,
102137,Vitor Eudes,FLU,Goleiro,6,2.0,0.0,0.0,0,0.0,False,True,VAS,-0.836,armadilha_leve,0.0,0.0,0.0,77.0,neutro,1.94,0.6,61.7,1.154,1.094,0.889,1.108,0.725,0.492,
88037,Luís Castro,GRE,Técnico,7,9.29,0.63,4.61,23,6.85,True,False,VIT,-1.723,armadilha_forte,4.756,4.61,1.0,34.2,desfavoravel,3.39,0.125,-58.3,1.067,1.05,0.417,1.351,0.5,0.264,0.455
89273,João Pedro,GRE,Lateral,6,2.73,-0.38,0.6,6,0.0,True,False,VIT,-0.572,armadilha_leve,1.343,0.6,0.75,44.8,neutro,1.85,0.7,-58.3,1.067,1.05,0.417,1.351,0.5,0.264,0.455
113034,Freytes,FLU,Zagueiro,5,5.23,0.0,2.63,17,0.0,False,True,VAS,-0.288,neutro,2.649,1.92,1.0,77.0,neutro,4.47,0.6,61.7,1.154,1.094,0.889,1.108,0.725,0.492,
140484,Riquelme Felipe,FLU,Atacante,6,4.18,0.0,1.77,4,0.0,False,True,VAS,-0.369,neutro,2.187,0.52,0.5,77.4,neutro,3.02,0.9,61.7,1.154,1.094,0.889,1.108,0.725,0.492,
132071,Serna,FLU,Atacante,6,5.95,-0.97,3.6,23,0.9,True,True,VAS,-0.144,neutro,3.289,2.12,1.0,77.4,neutro,3.11,0.9,61.7,1.154,1.094,0.889,1.108,0.725,0.492,
127932,Júlio Fidelis,FLU,Lateral,6,1.66,0.0,-0.3,1,0.0,False,True,VAS,1.254,valor_bom,1.656,0.0,0.125,78.5,favoravel,2.94,0.6,61.7,1.154,1.094,0.889,1.108,0.725,0.492,
91706,Marlon,GRE,Lateral,3,8.13,-0.16,4.68,10,1.7,True,False,VIT,0.307,neutro,4.932,3.28,1.0,44.8,neutro,3.8,0.7,-58.3,1.067,1.05,0.417,1.351,0.5,0.264,0.455
97145,Villasanti,GRE,Meia,7,5.51,-0.86,1.7,4,0.2,True,False,VIT,-1.124,armadilha_leve,2.052,1.7,0.5,34.3,desfavoravel,2.23,0.125,-58.3,1.067,1.05,0.417,1.351,0.5,0.264,0.455
104994,Wagner Leonardo,GRE,Zagueiro,6,5.23,0.0,2.5,10,0.0,False,False,VIT,-0.373,neutro,2.584,1.9,1.0,43.7,neutro,2.35,0.7,-58.3,1.067,1.05,0.417,1.351,0.5,0.264,0.455
91908,Pavón,GRE,Atacante,7,8.3,2.58,4.48,21,17.7,True,False,VIT,0.353,neutro,4.609,3.0,1.0,33.3,desfavoravel,3.11,0.125,-58.3,1.067,1.05,0.417,1.351,0.5,0.264,0.455
63289,Edenílson,BOT,Meia,6,5.78,-0.55,3.01,16,0.0,True,True,PAL,0.484,neutro,3.374,1.45,1.0,23.8,neutro,2.98,0.05,-15.6,0.519,0.96,1.222,1.19,0.175,0.289,0.496
105563,Carlos Vinícius,GRE,Atacante,7,12.74,-0.06,4.94,22,1.3,True,False,VIT,-0.706,armadilha_leve,4.942,1.44,1.0,33.3,desfavoravel,2.44,0.125,-58.3,1.067,1.05,0.417,1.351,0.5,0.264,0.455
63013,Marcos Rocha,GRE,Lateral,6,5.95,0.0,0.8,4,0.0,False,False,VIT,-1.589,armadilha_forte,2.58,0.8,0.5,44.8,neutro,2.53,0.7,-58.3,1.067,1.05,0.417,1.351,0.5,0.264,0.455
111309,Gustavo Martins,GRE,Zagueiro,6,8.21,2.55,3.68,15,18.0,True,False,VIT,-0.174,neutro,3.79,1.61,1.0,43.7,neutro,3.63,0.7,-58.3,1.067,1.05,0.417,1.351,0.5,0.264,0.455
116067,Thiago Beltrame,GRE,Goleiro,6,2.08,0.0,0.7,1,0.0,False,False,VIT,2.02,valor_oculto,3.402,0.7,0.125,43.9,neutro,3.12,0.7,-58.3,1.067,1.05,0.417,1.351,0.5,0.264,0.455
87887,Balbuena,GRE,Zagueiro,6,6.98,0.0,3.94,7,0.0,False,False,VIT,0.572,valor_bom,3.971,3.08,0.875,43.7,neutro,3.04,0.7,-58.3,1.067,1.05,0.417,1.351,0.5,0.264,0.455
112616,Gabriel Grando,GRE,Goleiro,6,3.77,0.0,0.3,1,0.0,False,False,VIT,0.934,valor_bom,3.358,0.3,0.125,43.9,neutro,3.09,0.7,-58.3,1.067,1.05,0.417,1.351,0.5,0.264,0.455
70944,Bruno Henrique,INT,Meia,7,3.84,0.37,1.74,22,2.0,True,True,SAN,-0.245,neutro,1.87,1.51,1.0,49.8,neutro,2.71,0.7,5.6,0.769,0.806,0.988,0.667,0.35,0.5,0.496
90532,Arthur Melo,SAN,Meia,6,8.3,0.0,3.27,10,0.0,False,False,INT,-0.358,neutro,3.639,3.27,1.0,46.3,neutro,2.85,0.425,-5.6,0.988,0.667,0.769,0.806,0.675,0.231,0.496
89883,Dodi,GRE,Meia,5,2.3,0.0,-0.01,8,0.0,False,False,VIT,-0.584,armadilha_leve,0.529,0.0,1.0,34.3,desfavoravel,1.22,0.125,-58.3,1.067,1.05,0.417,1.351,0.5,0.264,0.455
88136,Ivan,REM,Goleiro,6,7.58,0.0,10.2,1,0.0,False,True,FLA,0.728,valor_bom,4.757,5.2,0.125,30.3,neutro,3.6,0.0,-22.6,1.167,1.19,1.2,0.914,0.175,0.183,
92182,Juninho,INT,Zagueiro,6,5.6,-0.47,3.12,8,3.8,True,True,SAN,-0.157,neutro,2.904,2.0,1.0,55.0,neutro,3.25,0.1,5.6,0.769,0.806,0.988,0.667,0.35,0.5,0.496
102318,Caio Paulista,GRE,Lateral,7,5.54,0.0,3.19,8,0.0,False,False,VIT,-0.363,neutro,3.33,2.44,1.0,44.8,neutro,2.7,0.7,-58.3,1.067,1.05,0.417,1.351,0.5,0.264,0.455
72951,Mercado,INT,Zagueiro,7,6.31,0.0,3.81,15,0.0,False,True,SAN,0.757,valor_bom,3.875,2.61,1.0,55.0,neutro,4.33,0.1,5.6,0.769,0.806,0.988,0.667,0.35,0.5,0.496
130889,Riquelme,GRE,Meia,6,2.42,0.0,-1.45,2,0.0,False,False,VIT,-0.673,armadilha_leve,0.564,0.0,0.25,34.3,desfavoravel,1.21,0.125,-58.3,1.067,1.05,0.417,1.351,0.5,0.264,0.455
86711,Richard,INT,Meia,6,4.0,0.0,0.0,0,0.0,False,True,SAN,-2.861,armadilha_forte,0.0,0.0,0.0,49.8,neutro,1.25,0.7,5.6,0.769,0.806,0.988,0.667,0.35,0.5,0.496
118238,Ronald,GRE,Meia,6,3.0,0.0,0.0,0,0.0,False,False,VIT,-2.017,armadilha_forte,0.0,0.0,0.0,34.3,desfavoravel,0.86,0.125,-58.3,1.067,1.05,0.417,1.351,0.5,0.264,0.455
111683,Anthoni,INT,Goleiro,6,4.63,0.0,2.79,10,0.0,False,True,SAN,0.412,neutro,3.212,1.79,1.0,55.2,neutro,3.86,0.1,5.6,0.769,0.806,0.988,0.667,0.35,0.5,0.496
107989,Carbonero,INT,Atacante,7,8.13,-0.2,5.04,24,0.2,True,True,SAN,0.912,valor_bom,5.017,2.42,1.0,48.6,neutro,4.99,0.7,5.6,0.769,0.806,0.988,0.667,0.35,0.5,0.496
110510,Aguirre,INT,Lateral,6,5.67,-0.85,3.9,17,2.7,True,True,SAN,0.115,neutro,3.763,2.55,1.0,56.3,neutro,3.02,0.1,5.6,0.769,0.806,0.988,0.667,0.35,0.5,0.496
101960,Vitinho,INT,Atacante,7,8.49,1.41,4.77,24,11.5,True,True,SAN,0.524,valor_bom,4.814,3.48,1.0,48.6,neutro,5.6,0.7,5.6,0.769,0.806,0.988,0.667,0.35,0.5,0.496
104085,Bruno Fuchs,PAL,Zagueiro,6,8.5,0.0,4.21,7,0.0,False,False,BOT,0.12,neutro,4.097,2.5,0.875,69.4,neutro,3.41,0.05,15.6,1.222,1.19,0.519,0.96,0.575,0.43,0.496
115479,Paulo Pezzolano,INT,Técnico,7,7.77,-0.05,4.87,25,5.94,True,True,SAN,0.487,neutro,4.894,4.87,1.0,49.2,neutro,4.18,0.7,5.6,0.769,0.806,0.988,0.667,0.35,0.5,0.496
70592,Felipe Anderson,PAL,Meia,7,6.71,-0.06,3.29,18,5.2,True,False,BOT,0.218,neutro,3.539,2.46,1.0,71.7,favoravel_visitante,3.12,0.95,15.6,1.222,1.19,0.519,0.96,0.575,0.43,0.496
68872,Marcelo Lomba,PAL,Goleiro,6,7.08,0.0,8.9,1,0.0,False,False,BOT,0.748,valor_bom,4.613,3.9,0.125,69.5,neutro,4.42,0.05,15.6,1.222,1.19,0.519,0.96,0.575,0.43,0.496
92981,Ronaldo,INT,Meia,6,3.6,-0.28,2.2,10,0.6,True,True,SAN,0.403,neutro,2.212,1.7,1.0,49.8,neutro,2.29,0.7,5.6,0.769,0.806,0.988,0.667,0.35,0.5,0.496
71684,Gustavo Gómez,PAL,Zagueiro,7,10.45,0.77,4.92,22,7.4,True,False,BOT,0.216,neutro,4.674,2.42,1.0,69.4,neutro,6.72,0.05,15.6,1.222,1.19,0.519,0.96,0.575,0.43,0.496
71631,Weverton,GRE,Goleiro,7,8.18,1.0,4.61,21,8.1,True,False,VIT,0.314,neutro,4.463,3.18,1.0,43.9,neutro,4.13,0.7,-58.3,1.067,1.05,0.417,1.351,0.5,0.264,0.455
89637,Thiago Maia,INT,Meia,6,4.56,0.96,1.56,11,8.0,True,True,SAN,-0.809,armadilha_leve,1.841,1.11,1.0,49.8,neutro,2.13,0.7,5.6,0.769,0.806,0.988,0.667,0.35,0.5,0.496
97653,Murilo,PAL,Zagueiro,7,6.29,-0.71,3.46,22,0.2,True,False,BOT,0.409,neutro,3.603,2.01,1.0,69.4,neutro,4.78,0.05,15.6,1.222,1.19,0.519,0.96,0.575,0.43,0.496
106202,Bruno Gomes,INT,Meia,7,7.32,0.0,3.63,24,0.0,False,True,SAN,0.209,neutro,3.748,3.63,1.0,49.8,neutro,4.02,0.7,5.6,0.769,0.806,0.988,0.667,0.35,0.5,0.496
111466,Victor Gabriel,INT,Zagueiro,3,3.51,0.0,2.16,16,0.0,False,True,SAN,-0.002,neutro,1.995,1.6,1.0,55.0,neutro,3.5,0.1,5.6,0.769,0.806,0.988,0.667,0.35,0.5,0.496
102130,Piquerez,PAL,Lateral,5,11.05,0.0,6.67,11,0.0,False,False,BOT,0.614,valor_bom,6.071,3.76,1.0,70.8,favoravel_visitante,5.41,0.05,15.6,1.222,1.19,0.519,0.96,0.575,0.43,0.496
142004,Amuzu,GRE,Atacante,7,6.72,-0.05,3.76,21,1.0,True,False,VIT,0.422,neutro,4.087,2.66,1.0,33.3,desfavoravel,2.92,0.125,-58.3,1.067,1.05,0.417,1.351,0.5,0.264,0.455
124271,Gustavo Prado,INT,Meia,6,4.0,0.0,0.0,0,0.0,False,True,SAN,-2.861,armadilha_forte,0.0,0.0,0.0,49.8,neutro,1.25,0.7,5.6,0.769,0.806,0.988,0.667,0.35,0.5,0.496
99818,Paulinho,PAL,Atacante,5,10.37,0.0,3.42,6,0.0,False,False,BOT,-0.779,armadilha_leve,4.292,0.75,0.75,69.0,neutro,3.6,0.95,15.6,1.222,1.19,0.519,0.96,0.575,0.43,0.496
105647,Maurício,PAL,Meia,7,8.08,0.15,4.56,22,9.5,True,False,BOT,0.797,valor_bom,4.437,2.74,1.0,71.7,favoravel_visitante,2.72,0.95,15.6,1.222,1.19,0.519,0.96,0.575,0.43,0.496
105175,Khellven,PAL,Lateral,7,4.91,-0.17,2.69,17,0.8,True,False,BOT,-0.441,neutro,2.94,1.98,1.0,70.8,neutro,2.9,0.05,15.6,1.222,1.19,0.519,0.96,0.575,0.43,0.496
110506,Abel Ferreira,PAL,Técnico,7,11.62,-0.79,6.62,25,4.69,True,False,BOT,0.807,valor_bom,6.569,6.62,1.0,70.4,favoravel_visitante,4.34,0.95,15.6,1.222,1.19,0.519,0.96,0.575,0.43,0.496
143488,Raykkonen,INT,Atacante,6,2.63,0.0,0.5,1,0.0,False,True,SAN,-0.52,armadilha_leve,0.954,0.5,0.125,48.6,neutro,1.79,0.7,5.6,0.769,0.806,0.988,0.667,0.35,0.5,0.496
111832,Jefté,PAL,Lateral,5,4.16,0.0,2.47,7,0.0,False,False,BOT,-0.872,armadilha_leve,2.166,0.9,0.875,70.8,neutro,2.69,0.05,15.6,1.222,1.19,0.519,0.96,0.575,0.43,0.496
92811,Bruno Rodrigues,CRU,Atacante,5,4.72,0.0,2.4,15,0.0,False,True,CAP,-0.485,neutro,2.399,1.2,1.0,56.0,neutro,2.48,0.3,9.2,1.286,0.833,1.216,1.2,0.7,0.521,0.454
90285,Bruno Henrique,FLA,Atacante,6,5.03,0.0,2.58,16,0.0,False,False,REM,-0.538,armadilha_leve,2.519,1.14,1.0,73.7,neutro,4.39,0.8,22.6,1.2,0.914,1.167,1.19,0.7,0.586,
72279,Thomazella,MIR,Goleiro,6,0.83,0.0,-1.35,2,0.0,False,False,CFC,2.873,valor_oculto,2.943,0.0,0.25,22.7,desfavoravel,1.89,0.8,-31.8,1.067,1.427,1.212,0.909,0.375,0.291,
113103,Flaco López,PAL,Atacante,7,14.16,-1.71,7.17,22,9.0,True,False,BOT,0.89,valor_bom,6.577,3.58,1.0,69.0,neutro,3.07,0.95,15.6,1.222,1.19,0.519,0.96,0.575,0.43,0.496
124526,Giay,PAL,Lateral,7,7.36,-0.01,4.74,20,6.5,True,False,BOT,0.617,valor_bom,4.885,3.69,1.0,70.8,favoravel_visitante,4.29,0.05,15.6,1.222,1.19,0.519,0.96,0.575,0.43,0.496
84674,Lucas Evangelista,PAL,Meia,6,3.93,-0.01,1.09,20,1.0,True,False,BOT,-0.922,armadilha_leve,1.415,0.84,1.0,71.7,neutro,2.4,0.95,15.6,1.222,1.19,0.519,0.96,0.575,0.43,0.496
82775,Lucas Ramon,SAO,Lateral,7,9.07,-0.43,4.57,18,0.0,True,True,CAM,-0.304,neutro,4.778,3.79,1.0,52.2,neutro,4.59,0.6,27.7,0.828,1.029,1.35,0.686,0.45,0.436,0.43
73318,Daniel Borges,MIR,Lateral,6,5.75,0.0,4.04,5,0.0,False,False,CFC,-0.03,neutro,3.69,3.44,0.625,23.2,desfavoravel,4.3,0.8,-31.8,1.067,1.427,1.212,0.909,0.375,0.291,
82628,Tinga,CFC,Lateral,5,5.53,0.0,3.59,16,0.0,False,True,MIR,-0.072,neutro,3.55,2.59,1.0,68.2,neutro,3.9,0.75,31.8,1.212,0.909,1.067,1.427,0.8,0.427,
79066,Alex Muralha,MIR,Goleiro,6,2.64,0.0,-1.0,0,0.0,False,False,CFC,-1.299,armadilha_leve,0.0,0.0,0.0,22.7,desfavoravel,0.56,0.8,-31.8,1.067,1.427,1.212,0.909,0.375,0.291,
97321,Alesson,MIR,Atacante,7,8.38,0.42,4.59,20,5.2,True,False,CFC,0.421,neutro,4.692,3.84,1.0,44.7,neutro,3.98,0.625,-31.8,1.067,1.427,1.212,0.909,0.375,0.291,
101708,Felipe Jonatan,CFC,Lateral,6,4.34,-0.2,2.21,16,-0.3,True,True,MIR,-0.416,neutro,2.63,1.65,1.0,68.2,neutro,5.14,0.75,31.8,1.212,0.909,1.067,1.427,0.8,0.427,
108683,Emiliano Martínez,PAL,Meia,6,4.35,0.0,2.26,12,0.0,False,False,BOT,-0.122,neutro,2.247,2.26,1.0,71.7,neutro,2.68,0.95,15.6,1.222,1.19,0.519,0.96,0.575,0.43,0.496
97460,João Victor,MIR,Zagueiro,7,5.33,0.77,2.86,22,5.8,True,False,CFC,-0.127,neutro,2.814,1.95,1.0,22.3,desfavoravel,4.89,0.8,-31.8,1.067,1.427,1.212,0.909,0.375,0.291,
136156,Larson,PAL,Meia,6,2.1,0.0,0.48,4,0.0,False,False,BOT,0.108,neutro,0.871,0.48,0.5,71.7,favoravel_visitante,2.27,0.95,15.6,1.222,1.19,0.519,0.96,0.575,0.43,0.496
133679,Benedetti,PAL,Zagueiro,6,5.42,0.0,4.85,2,0.0,False,False,BOT,0.225,neutro,3.12,1.85,0.25,69.4,neutro,3.47,0.05,15.6,1.222,1.19,0.519,0.96,0.575,0.43,0.496
104027,Rafael Guanaes,MIR,Técnico,7,7.1,0.08,4.13,22,4.65,True,False,CFC,-0.052,neutro,4.354,4.13,1.0,46.0,neutro,4.22,0.625,-31.8,1.067,1.427,1.212,0.909,0.375,0.291,
90917,Carlos Eduardo,MIR,Atacante,6,4.72,-0.03,2.82,14,1.5,True,False,CFC,-0.164,neutro,2.666,1.89,1.0,44.7,neutro,3.14,0.625,-31.8,1.067,1.427,1.212,0.909,0.375,0.291,
112863,Ramón Sosa,PAL,Atacante,5,5.87,0.0,3.31,19,0.0,False,False,BOT,-0.401,neutro,3.039,1.1,1.0,69.0,neutro,2.33,0.95,15.6,1.222,1.19,0.519,0.96,0.575,0.43,0.496
97878,Jacy,CFC,Zagueiro,2,5.21,-0.77,4.08,22,0.2,True,True,MIR,1.117,valor_bom,3.709,3.26,1.0,66.8,favoravel,4.03,0.75,31.8,1.212,0.909,1.067,1.427,0.8,0.427,
97520,Shaylon,MIR,Meia,6,3.48,0.0,1.63,15,0.0,False,False,CFC,-0.534,armadilha_leve,1.434,1.3,1.0,46.5,neutro,2.53,0.625,-31.8,1.067,1.427,1.212,0.909,0.375,0.291,
84847,Luan Peres,SAN,Zagueiro,7,5.48,-0.15,3.28,17,6.2,True,False,INT,0.154,neutro,3.091,2.04,1.0,59.7,neutro,2.8,0.9,-5.6,0.988,0.667,0.769,0.806,0.675,0.231,0.496
87742,Neto Moura,MIR,Meia,7,3.88,0.37,1.76,14,4.7,True,False,CFC,-0.197,neutro,1.93,1.76,1.0,46.5,neutro,2.11,0.625,-31.8,1.067,1.427,1.212,0.909,0.375,0.291,
81005,André Luis,MIR,Atacante,6,2.91,-0.14,0.93,12,0.0,True,False,CFC,-0.789,armadilha_leve,0.962,0.26,1.0,44.7,neutro,1.65,0.625,-31.8,1.067,1.427,1.212,0.909,0.375,0.291,
83257,Gabriel,SAN,Atacante,7,8.1,-0.16,4.53,16,0.9,True,False,INT,0.506,valor_bom,4.669,0.91,1.0,44.5,neutro,2.7,0.425,-5.6,0.988,0.667,0.769,0.806,0.675,0.231,0.496
98384,Negueba,MIR,Atacante,5,8.57,0.0,5.23,8,0.0,False,False,CFC,0.821,valor_bom,5.088,4.23,1.0,44.7,neutro,3.47,0.625,-31.8,1.067,1.427,1.212,0.909,0.375,0.291,
117403,Renato Marques,CFC,Atacante,6,2.73,0.0,0.74,7,0.0,False,True,MIR,-0.706,armadilha_leve,0.884,0.74,0.875,70.3,neutro,2.2,0.65,31.8,1.212,0.909,1.067,1.427,0.8,0.427,
95466,Igor Vinícius,SAN,Lateral,7,10.43,-0.28,6.67,16,8.2,True,False,INT,0.998,valor_bom,6.196,5.23,1.0,61.0,neutro,4.74,0.9,-5.6,0.988,0.667,0.769,0.806,0.675,0.231,0.496
91866,Zé Ivaldo,REM,Zagueiro,6,5.67,0.0,2.51,8,0.0,False,True,FLA,-0.595,armadilha_leve,2.599,2.13,1.0,30.0,neutro,1.79,0.0,-22.6,1.167,1.19,1.2,0.914,0.175,0.183,
102975,Escobar,SAN,Lateral,7,10.8,-0.13,6.79,17,9.4,True,False,INT,0.993,valor_bom,6.296,5.44,1.0,61.0,neutro,4.76,0.9,-5.6,0.988,0.667,0.769,0.806,0.675,0.231,0.496
105903,Aldo Filho,MIR,Meia,5,3.8,0.0,2.09,15,0.0,False,False,CFC,0.143,neutro,2.138,1.76,1.0,46.5,neutro,2.57,0.625,-31.8,1.067,1.427,1.212,0.909,0.375,0.291,
104204,Edson Carioca,MIR,Atacante,5,4.14,0.0,2.11,14,0.0,False,False,CFC,-0.307,neutro,2.214,1.54,1.0,44.7,neutro,3.17,0.625,-31.8,1.067,1.427,1.212,0.909,0.375,0.291,
141754,Gabriel Bontempo,SAN,Meia,7,5.54,0.14,3.82,19,5.2,True,False,INT,1.326,valor_bom,3.903,3.29,1.0,46.3,neutro,3.7,0.425,-5.6,0.988,0.667,0.769,0.806,0.675,0.231,0.496
80570,Wendell,SAO,Lateral,6,7.96,0.0,4.04,16,0.0,False,True,CAM,-0.246,neutro,4.443,2.54,1.0,52.2,neutro,4.79,0.6,27.7,0.828,1.029,1.35,0.686,0.45,0.436,0.43
102256,Rollheiser,SAN,Meia,6,5.5,0.15,2.63,18,3.0,True,False,INT,-0.513,armadilha_leve,2.506,1.52,1.0,46.3,neutro,3.13,0.425,-5.6,0.988,0.667,0.769,0.806,0.675,0.231,0.496
77777,João Schmidt,SAN,Meia,7,4.18,0.0,1.9,12,0.0,False,False,INT,-0.288,neutro,2.031,1.9,1.0,46.3,neutro,1.82,0.425,-5.6,0.988,0.667,0.769,0.806,0.675,0.231,0.496
78478,Willian Arão,SAN,Meia,6,5.99,0.07,3.46,17,4.6,True,False,INT,0.757,valor_bom,3.665,3.17,1.0,46.3,neutro,3.95,0.425,-5.6,0.988,0.667,0.769,0.806,0.675,0.231,0.496
87470,Thaciano,SAN,Meia,6,5.71,0.0,2.36,14,0.0,False,False,INT,0.016,neutro,2.993,1.65,1.0,46.3,neutro,2.49,0.425,-5.6,0.988,0.667,0.769,0.806,0.675,0.231,0.496
85403,Danielzinho,SAO,Meia,7,6.03,-0.01,2.5,21,1.1,True,True,CAM,-0.228,neutro,2.942,2.02,1.0,38.0,neutro,2.61,0.15,27.7,0.828,1.029,1.35,0.686,0.45,0.436,0.43
141868,Vini Lira,SAN,Lateral,5,3.79,0.0,2.42,4,0.0,False,False,INT,-0.68,armadilha_leve,2.073,2.42,0.5,61.0,neutro,2.61,0.9,-5.6,0.988,0.667,0.769,0.806,0.675,0.231,0.496
91573,Arboleda,SAO,Zagueiro,7,8.37,0.0,3.7,11,3.0,True,True,CAM,-0.189,neutro,3.825,3.15,1.0,51.1,neutro,3.72,0.6,27.7,0.828,1.029,1.35,0.686,0.45,0.436,0.43
113690,Diógenes,SAN,Goleiro,6,5.0,0.0,5.55,2,0.0,False,False,INT,1.023,valor_bom,4.102,3.05,0.25,59.9,neutro,4.45,0.9,-5.6,0.988,0.667,0.769,0.806,0.675,0.231,0.496
63008,Rafael Tolói,SAO,Zagueiro,6,6.92,0.0,4.1,6,0.0,False,True,CAM,0.691,valor_bom,4.041,3.1,0.75,51.1,neutro,3.91,0.6,27.7,0.828,1.029,1.35,0.686,0.45,0.436,0.43
142867,Robinho Jr.,SAN,Atacante,6,2.76,0.0,0.62,4,0.0,False,False,INT,-0.741,armadilha_leve,0.88,0.62,0.5,44.5,neutro,1.63,0.425,-5.6,0.988,0.667,0.769,0.806,0.675,0.231,0.496
118775,Lautaro Díaz,SAN,Atacante,6,5.26,0.0,2.28,8,0.0,False,False,INT,-0.895,armadilha_leve,2.338,1.28,1.0,44.5,neutro,2.26,0.425,-5.6,0.988,0.667,0.769,0.806,0.675,0.231,0.496
105300,Ferraresi,BOT,Zagueiro,7,6.58,-0.55,3.31,19,6.1,True,True,PAL,0.154,neutro,3.514,2.68,1.0,32.4,neutro,4.78,0.05,-15.6,0.519,0.96,1.222,1.19,0.175,0.289,0.496
106294,Marcos Antônio,SAO,Meia,7,6.58,0.55,2.75,18,6.0,True,True,CAM,-0.215,neutro,3.166,2.19,1.0,38.0,neutro,2.69,0.15,27.7,0.828,1.029,1.35,0.686,0.45,0.436,0.43
77656,Cédric Soares,SAO,Lateral,6,3.73,0.0,0.94,8,0.0,False,True,CAM,-1.471,armadilha_leve,1.42,0.94,1.0,52.2,neutro,3.47,0.6,27.7,0.828,1.029,1.35,0.686,0.45,0.436,0.43
106028,Coronel,SAO,Goleiro,6,5.0,0.0,0.0,0,0.0,False,True,CAM,-2.497,armadilha_forte,0.0,0.0,0.0,51.2,neutro,1.29,0.6,27.7,0.828,1.029,1.35,0.686,0.45,0.436,0.43
104075,Sabino,SAO,Zagueiro,6,6.48,-0.09,3.62,18,1.5,True,True,CAM,0.493,neutro,3.736,2.79,1.0,51.1,neutro,4.46,0.6,27.7,0.828,1.029,1.35,0.686,0.45,0.436,0.43
70164,Lucas Moura,SAO,Meia,5,7.5,0.0,2.32,8,0.0,False,True,CAM,-0.589,armadilha_leve,3.21,1.07,1.0,38.0,neutro,2.55,0.15,27.7,0.828,1.029,1.35,0.686,0.45,0.436,0.43
118563,Rodriguinho,RBB,Meia,7,5.44,-0.85,3.52,13,0.5,True,True,BAH,0.218,neutro,3.028,2.75,1.0,37.4,neutro,2.46,0.4,2.8,0.497,0.96,1.081,0.833,0.4,0.467,
101290,Ferreira,SAO,Atacante,6,6.17,-0.14,3.52,19,0.0,True,True,CAM,0.525,valor_bom,3.943,1.84,1.0,37.2,neutro,3.34,0.15,27.7,0.828,1.029,1.35,0.686,0.45,0.436,0.43
81845,Alisson,FLU,Meia,5,3.52,0.0,0.96,8,0.0,False,True,VAS,-0.355,neutro,1.594,0.33,1.0,80.1,neutro,2.62,0.9,61.7,1.154,1.094,0.889,1.108,0.725,0.492,
89840,Calleri,SAO,Atacante,6,10.72,-0.05,5.14,21,-1.0,False,True,CAM,0.061,neutro,5.086,2.24,1.0,37.2,neutro,2.97,0.15,27.7,0.828,1.029,1.35,0.686,0.45,0.436,0.43
72391,Fernando Diniz,COR,Técnico,7,8.69,-0.29,5.48,18,2.84,True,True,CHA,0.666,valor_bom,5.387,5.48,1.0,64.1,favoravel,3.71,0.85,37.9,0.769,1.0,1.536,0.98,0.2,0.682,0.489
71123,Thiago Mendes,VAS,Meia,7,7.07,-0.25,4.07,20,1.9,True,False,FLU,0.765,valor_bom,4.079,2.82,1.0,39.2,desfavoravel,2.1,0.5,-61.7,0.889,1.108,1.154,1.094,0.425,0.228,
117818,Young,SAO,Goleiro,6,3.0,0.0,0.0,0,0.0,False,True,CAM,-1.525,armadilha_forte,0.0,0.0,0.0,51.2,neutro,1.29,0.6,27.7,0.828,1.029,1.35,0.686,0.45,0.436,0.43
107873,Bobadilla,SAO,Meia,5,8.06,0.0,3.94,16,0.0,False,True,CAM,0.214,neutro,3.994,3.31,1.0,38.0,neutro,2.84,0.15,27.7,0.828,1.029,1.35,0.686,0.45,0.436,0.43
141609,Lucca,SAO,Atacante,5,2.05,0.0,0.23,4,0.0,False,True,CAM,-0.115,neutro,0.75,0.23,0.5,37.2,neutro,1.53,0.15,27.7,0.828,1.029,1.35,0.686,0.45,0.436,0.43
93716,Paulo Henrique,VAS,Lateral,7,7.09,-0.69,3.13,16,0.8,True,False,FLU,-1.368,armadilha_leve,3.244,2.32,1.0,21.4,desfavoravel,2.25,0.125,-61.7,0.889,1.108,1.154,1.094,0.425,0.228,
140542,Ryan Francisco,SAO,Atacante,6,4.35,0.0,-0.3,1,0.0,False,True,CAM,-0.597,armadilha_leve,2.097,0.0,0.125,37.2,neutro,2.18,0.15,27.7,0.828,1.029,1.35,0.686,0.45,0.436,0.43
95936,Daniel Fuzato,VAS,Goleiro,6,2.0,0.0,0.0,0,0.0,False,False,FLU,-0.836,armadilha_leve,0.0,0.0,0.0,20.9,desfavoravel,0.52,0.125,-61.7,0.889,1.108,1.154,1.094,0.425,0.228,
113359,Pablo Maia,SAO,Meia,7,4.2,0.04,1.83,16,1.3,True,True,CAM,-0.394,neutro,1.962,1.52,1.0,38.0,neutro,2.12,0.15,27.7,0.828,1.029,1.35,0.686,0.45,0.436,0.43
97095,Carlos Cuesta,VAS,Zagueiro,7,4.66,0.0,1.71,13,0.0,True,False,FLU,-0.691,armadilha_leve,2.083,0.86,1.0,20.6,desfavoravel,2.1,0.125,-61.7,0.889,1.108,1.154,1.094,0.425,0.228,
131617,André Silva,SAO,Atacante,6,3.47,0.25,0.33,14,1.7,True,True,CAM,-1.751,armadilha_forte,0.577,0.33,1.0,37.2,neutro,2.21,0.15,27.7,0.828,1.029,1.35,0.686,0.45,0.436,0.43
141611,Maik,SAO,Lateral,6,5.52,0.0,3.48,5,0.0,False,True,CAM,-0.163,neutro,3.474,2.88,0.625,52.2,neutro,3.07,0.6,27.7,0.828,1.029,1.35,0.686,0.45,0.436,0.43
115141,Lucas Freitas,VAS,Zagueiro,6,6.03,1.26,4.67,3,9.0,True,False,FLU,1.297,valor_bom,4.181,1.67,0.375,20.6,desfavoravel,2.97,0.125,-61.7,0.889,1.108,1.154,1.094,0.425,0.228,
105584,Lucas Piton,VAS,Lateral,7,5.91,0.81,2.4,16,7.9,True,False,FLU,-1.335,armadilha_leve,2.757,1.9,1.0,21.4,desfavoravel,1.78,0.125,-61.7,0.889,1.108,1.154,1.094,0.425,0.228,
99213,Puma Rodríguez,VAS,Lateral,6,7.21,-0.71,4.71,15,0.0,True,False,FLU,0.708,valor_bom,4.897,2.38,1.0,21.4,desfavoravel,2.1,0.125,-61.7,0.889,1.108,1.154,1.094,0.425,0.228,
111682,Adson,VAS,Meia,6,6.29,-0.3,3.77,12,3.1,True,False,FLU,0.914,valor_bom,3.902,3.77,1.0,39.2,desfavoravel,2.89,0.5,-61.7,0.889,1.108,1.154,1.094,0.425,0.228,
116706,Andrés Gómez,VAS,Atacante,7,11.76,-0.3,7.15,20,4.1,True,False,FLU,1.466,valor_bom,6.52,5.05,1.0,37.8,desfavoravel,3.39,0.5,-61.7,0.889,1.108,1.154,1.094,0.425,0.228,
81091,Jair,VAS,Meia,5,6.37,0.0,3.13,3,0.0,False,False,FLU,0.785,valor_bom,3.836,3.13,0.375,39.2,desfavoravel,3.15,0.5,-61.7,0.889,1.108,1.154,1.094,0.425,0.228,
117330,Robert Renan,VAS,Zagueiro,7,5.79,0.0,2.8,22,0.0,False,False,FLU,-0.434,neutro,2.77,2.25,1.0,20.6,desfavoravel,1.96,0.125,-61.7,0.889,1.108,1.154,1.094,0.425,0.228,
86410,Victor Luis,MIR,Lateral,6,3.65,0.0,1.2,7,0.0,False,False,CFC,-1.202,armadilha_leve,1.573,0.77,0.875,23.2,desfavoravel,1.51,0.8,-31.8,1.067,1.427,1.212,0.909,0.375,0.291,
97645,Thiago Couto,VIT,Goleiro,6,3.0,0.0,0.0,0,0.0,False,True,GRE,-1.525,armadilha_forte,0.0,0.0,0.0,59.9,neutro,1.51,0.95,58.3,0.417,1.351,1.067,1.05,0.2,0.457,0.455
92696,Renato Kayzer,VIT,Atacante,7,6.42,0.0,3.11,14,0.0,False,True,GRE,0.199,neutro,3.778,1.04,1.0,46.9,neutro,2.14,0.55,58.3,0.417,1.351,1.067,1.05,0.2,0.457,0.455
92180,Jair Ventura,VIT,Técnico,7,8.25,-0.05,5.07,22,3.85,True,True,GRE,0.275,neutro,5.043,5.07,1.0,47.7,neutro,3.97,0.55,58.3,0.417,1.351,1.067,1.05,0.2,0.457,0.455
86686,Tchê Tchê,VAS,Meia,7,6.06,1.79,2.88,17,14.2,True,False,FLU,0.194,neutro,3.271,2.29,1.0,39.2,desfavoravel,2.76,0.5,-61.7,0.889,1.108,1.154,1.094,0.425,0.228,
110708,Pedro Rangel,CFC,Goleiro,6,7.48,0.0,4.67,17,0.0,False,True,MIR,0.519,valor_bom,4.48,2.91,1.0,66.9,favoravel,4.74,0.75,31.8,1.212,0.909,1.067,1.427,0.8,0.427,
90703,Matheuzinho,VIT,Meia,7,5.39,-0.27,3.36,21,-0.3,True,True,GRE,0.274,neutro,3.048,2.65,1.0,48.2,neutro,2.9,0.55,58.3,0.417,1.351,1.067,1.05,0.2,0.457,0.455
90309,David,VAS,Atacante,6,4.93,1.04,2.17,20,7.4,True,False,FLU,-0.816,armadilha_leve,2.235,0.72,1.0,37.8,desfavoravel,1.79,0.5,-61.7,0.889,1.108,1.154,1.094,0.425,0.228,
101597,Ramon,VIT,Lateral,7,8.07,0.0,4.81,17,0.0,False,True,GRE,0.358,neutro,4.95,3.05,1.0,61.1,favoravel,4.29,0.95,58.3,0.417,1.351,1.067,1.05,0.2,0.457,0.455
118752,Mateus Carvalho,VAS,Meia,5,4.0,0.0,0.0,0,0.0,False,False,FLU,-2.861,armadilha_forte,0.0,0.0,0.0,39.2,desfavoravel,0.98,0.5,-61.7,0.889,1.108,1.154,1.094,0.425,0.228,
122485,Barros,VAS,Meia,6,8.61,-0.14,4.64,18,3.7,True,False,FLU,0.631,valor_bom,4.474,3.81,1.0,39.2,desfavoravel,2.8,0.5,-61.7,0.889,1.108,1.154,1.094,0.425,0.228,
116461,Jamerson,VIT,Lateral,6,5.52,-0.72,3.49,11,1.0,True,True,GRE,-0.153,neutro,3.482,2.4,1.0,61.1,neutro,3.81,0.95,58.3,0.417,1.351,1.067,1.05,0.2,0.457,0.455
142279,Nuno Moreira,VAS,Meia,6,5.2,0.0,2.06,18,0.0,False,False,FLU,-0.859,armadilha_leve,2.112,1.5,1.0,39.2,desfavoravel,1.76,0.5,-61.7,0.889,1.108,1.154,1.094,0.425,0.228,
42222,Osvaldo,VIT,Atacante,6,4.07,0.0,0.4,2,0.0,False,True,GRE,-0.517,armadilha_leve,1.997,0.4,0.25,46.9,neutro,2.33,0.55,58.3,0.417,1.351,1.067,1.05,0.2,0.457,0.455
96793,Camutanga,VIT,Zagueiro,5,6.71,0.0,3.95,7,0.0,False,True,GRE,0.699,valor_bom,3.975,2.66,0.875,59.8,neutro,3.24,0.95,58.3,0.417,1.351,1.067,1.05,0.2,0.457,0.455
80129,Jadson,CAP,Meia,7,5.54,-0.78,3.84,18,3.5,True,False,CRU,1.349,valor_bom,3.92,3.56,1.0,53.2,neutro,2.98,0.55,-9.2,1.216,1.2,1.286,0.833,0.7,0.206,0.454
90031,Mendoza,CAP,Atacante,7,8.4,0.86,4.34,23,8.0,True,False,CRU,0.177,neutro,4.496,2.38,1.0,51.0,neutro,2.7,0.55,-9.2,1.216,1.2,1.286,0.833,0.7,0.206,0.454
90588,Caíque,VIT,Meia,7,4.88,0.24,2.58,18,3.9,True,True,GRE,-0.179,neutro,2.472,2.58,1.0,48.2,neutro,2.75,0.55,58.3,0.417,1.351,1.067,1.05,0.2,0.457,0.455
92273,Odair Hellmann,CAP,Técnico,7,9.17,-0.17,6.02,23,6.65,True,False,CRU,1.226,valor_bom,5.802,6.02,1.0,52.5,neutro,4.46,0.55,-9.2,1.216,1.2,1.286,0.833,0.7,0.206,0.454
130620,Edenílson,VIT,Meia,6,3.1,0.0,1.55,9,0.0,False,True,GRE,-0.347,neutro,1.323,1.55,1.0,48.2,neutro,1.88,0.55,58.3,0.417,1.351,1.067,1.05,0.2,0.457,0.455
145387,Rúben Ismael,VIT,Meia,5,4.0,0.0,0.0,0,0.0,False,True,GRE,-2.861,armadilha_forte,0.0,0.0,0.0,48.2,neutro,1.21,0.55,58.3,0.417,1.351,1.067,1.05,0.2,0.457,0.455
99440,Baralhas,VIT,Meia,5,9.25,0.0,5.24,15,0.0,False,True,GRE,0.881,valor_bom,4.844,3.91,1.0,48.2,neutro,3.9,0.55,58.3,0.417,1.351,1.067,1.05,0.2,0.457,0.455
104330,Dudu,VIT,Meia,5,5.01,0.0,3.95,2,0.0,False,True,GRE,-0.129,neutro,2.572,1.45,0.25,48.2,neutro,2.69,0.55,58.3,0.417,1.351,1.067,1.05,0.2,0.457,0.455
113113,Benavídez,CAP,Lateral,3,9.33,2.18,5.4,19,18.0,True,False,CRU,0.335,neutro,5.355,2.93,1.0,37.6,desfavoravel,4.19,0.4,-9.2,1.216,1.2,1.286,0.833,0.7,0.206,0.454
110698,Mycael,CAP,Goleiro,6,7.46,0.0,7.6,1,0.0,False,False,CRU,0.514,valor_bom,4.468,2.6,0.125,36.8,desfavoravel,3.58,0.4,-9.2,1.216,1.2,1.286,0.833,0.7,0.206,0.454
111879,Mateus Silva,VIT,Lateral,6,5.27,0.03,3.63,4,2.8,True,True,GRE,0.066,neutro,3.524,2.88,0.5,61.1,favoravel,3.33,0.95,58.3,0.417,1.351,1.067,1.05,0.2,0.457,0.455
85626,Léo,CAP,Zagueiro,6,6.77,0.0,4.9,2,0.0,False,False,CRU,0.939,valor_bom,4.178,3.4,0.25,36.5,desfavoravel,3.34,0.4,-9.2,1.216,1.2,1.286,0.833,0.7,0.206,0.454
123101,Leozinho,CAP,Atacante,7,6.67,0.99,5.45,12,8.9,True,False,CRU,1.841,valor_oculto,5.248,2.78,1.0,51.0,neutro,6.05,0.55,-9.2,1.216,1.2,1.286,0.833,0.7,0.206,0.454
107985,Terán,CAP,Zagueiro,6,6.98,0.0,4.09,13,0.0,False,False,CRU,0.682,valor_bom,4.055,2.94,1.0,36.5,desfavoravel,4.05,0.4,-9.2,1.216,1.2,1.286,0.833,0.7,0.206,0.454
123869,Aguirre,CAP,Zagueiro,7,5.61,-0.52,3.67,20,1.7,True,False,CRU,0.475,neutro,3.389,2.62,1.0,36.5,desfavoravel,3.99,0.4,-9.2,1.216,1.2,1.286,0.833,0.7,0.206,0.454
110668,Esquivel,CAP,Lateral,5,7.9,0.0,4.88,14,0.0,False,False,CRU,0.521,valor_bom,5.014,2.74,1.0,37.6,desfavoravel,4.77,0.4,-9.2,1.216,1.2,1.286,0.833,0.7,0.206,0.454
105518,Renan Peixoto,CAP,Atacante,6,2.51,0.0,0.75,8,0.0,False,False,CRU,-0.484,neutro,0.88,0.75,1.0,51.0,neutro,1.76,0.55,-9.2,1.216,1.2,1.286,0.833,0.7,0.206,0.454
122316,Batata,CAP,Lateral,6,1.0,0.0,0.0,0,0.0,False,False,CRU,0.31,neutro,0.0,0.0,0.0,37.6,desfavoravel,0.94,0.4,-9.2,1.216,1.2,1.286,0.833,0.7,0.206,0.454
115266,Renan Viana,CAP,Atacante,6,2.0,0.0,0.0,0,0.0,False,False,CRU,-0.954,armadilha_leve,0.0,0.0,0.0,51.0,neutro,1.28,0.55,-9.2,1.216,1.2,1.286,0.833,0.7,0.206,0.454
128431,João Cruz,CAP,Meia,7,5.71,-1.54,3.94,18,3.3,True,False,CRU,1.343,valor_bom,3.989,2.55,1.0,53.2,neutro,3.08,0.55,-9.2,1.216,1.2,1.286,0.833,0.7,0.206,0.454
112017,Felipinho,CAP,Meia,6,4.79,0.0,2.99,8,0.0,False,False,CRU,0.062,neutro,2.609,2.99,1.0,53.2,neutro,3.01,0.55,-9.2,1.216,1.2,1.286,0.833,0.7,0.206,0.454
143193,Viveros,CAP,Atacante,7,13.47,-0.81,9.15,22,10.3,True,False,CRU,2.808,valor_oculto,8.029,3.01,1.0,51.0,neutro,3.29,0.55,-9.2,1.216,1.2,1.286,0.833,0.7,0.206,0.454
122439,Isaac,CAP,Atacante,6,1.66,0.0,0.4,3,0.0,False,False,CRU,0.51,valor_bom,0.844,0.4,0.375,51.0,neutro,1.78,0.55,-9.2,1.216,1.2,1.286,0.833,0.7,0.206,0.454
128427,Alejandro García,CAP,Meia,6,4.0,0.0,0.0,0,0.0,False,False,CRU,-2.861,armadilha_forte,0.0,0.0,0.0,53.2,neutro,1.34,0.55,-9.2,1.216,1.2,1.286,0.833,0.7,0.206,0.454
125746,Dudu,CAP,Meia,6,2.21,0.18,1.55,16,1.5,True,False,CRU,0.667,valor_bom,1.389,1.24,1.0,53.2,neutro,2.01,0.55,-9.2,1.216,1.2,1.286,0.833,0.7,0.206,0.454
120433,Léo Derik,CAP,Lateral,6,5.81,0.0,3.65,9,0.0,False,False,CRU,-0.227,neutro,3.566,2.65,1.0,37.6,desfavoravel,2.72,0.4,-9.2,1.216,1.2,1.286,0.833,0.7,0.206,0.454
125926,Zapelli,CAP,Meia,6,4.18,-0.13,1.37,15,1.2,True,False,CRU,-0.771,armadilha_leve,1.668,1.04,1.0,53.2,neutro,2.15,0.55,-9.2,1.216,1.2,1.286,0.833,0.7,0.206,0.454
127970,Felipe Chiqueti,CAP,Meia,6,2.07,0.0,1.35,7,0.0,False,False,CRU,0.582,valor_bom,1.199,1.35,0.875,53.2,neutro,1.95,0.55,-9.2,1.216,1.2,1.286,0.833,0.7,0.206,0.454
84339,Bruno Melo,CFC,Lateral,7,5.12,-0.37,3.19,23,0.0,True,True,MIR,-0.172,neutro,3.262,1.93,1.0,68.2,neutro,3.31,0.75,31.8,1.212,0.909,1.067,1.427,0.8,0.427,
84626,Josué,CFC,Meia,7,5.98,0.0,4.17,22,0.0,False,True,MIR,1.41,valor_bom,4.151,1.9,1.0,73.1,favoravel,3.46,0.65,31.8,1.212,0.909,1.067,1.427,0.8,0.427,
90302,Pedro Rocha,CFC,Atacante,7,8.77,0.98,4.42,24,15.8,True,True,MIR,0.1,neutro,4.552,1.88,1.0,70.3,favoravel,2.47,0.65,31.8,1.212,0.909,1.067,1.427,0.8,0.427,
130842,Matheus Soares,CAP,Goleiro,6,1.0,0.0,0.0,0,0.0,False,False,CRU,0.135,neutro,0.0,0.0,0.0,36.8,desfavoravel,0.92,0.4,-9.2,1.216,1.2,1.286,0.833,0.7,0.206,0.454
104118,Lucas Arcanjo,VIT,Goleiro,7,9.28,0.15,5.57,19,5.8,True,True,GRE,0.613,valor_bom,5.128,3.99,1.0,59.9,neutro,4.98,0.95,58.3,0.417,1.351,1.067,1.05,0.2,0.457,0.455
145609,Élan Ricardo,CAP,Meia,6,3.0,0.0,0.0,0,0.0,False,False,CRU,-2.017,armadilha_forte,0.0,0.0,0.0,53.2,neutro,1.34,0.55,-9.2,1.216,1.2,1.286,0.833,0.7,0.206,0.454
131832,Portilla,CAP,Meia,6,2.78,0.0,1.19,16,0.0,False,False,CRU,-0.272,neutro,1.149,1.19,1.0,53.2,neutro,1.91,0.55,-9.2,1.216,1.2,1.286,0.833,0.7,0.206,0.454
104811,Sebastián Gómez,CFC,Meia,7,4.78,0.04,2.76,21,6.5,True,True,MIR,0.074,neutro,2.613,2.52,1.0,73.1,favoravel,3.47,0.65,31.8,1.212,0.909,1.067,1.427,0.8,0.427,
143532,Carlos Eduardo,CAP,Goleiro,6,1.0,0.0,0.0,0,0.0,False,False,CRU,0.135,neutro,0.0,0.0,0.0,36.8,desfavoravel,0.92,0.4,-9.2,1.216,1.2,1.286,0.833,0.7,0.206,0.454
145436,Belé,PAL,Atacante,6,3.0,0.0,0.0,0,0.0,False,False,BOT,-2.029,armadilha_forte,0.0,0.0,0.0,69.0,neutro,1.74,0.95,15.6,1.222,1.19,0.519,0.96,0.575,0.43,0.496
84428,Fernando Sobral,CFC,Meia,6,3.06,-0.28,0.62,6,-0.3,True,True,MIR,-0.907,armadilha_leve,0.875,0.62,0.75,73.1,neutro,2.28,0.65,31.8,1.212,0.909,1.067,1.427,0.8,0.427,
63354,Rodrigo Moledo,CFC,Zagueiro,2,5.94,-0.59,4.3,4,0.5,True,True,MIR,1.234,valor_bom,4.098,2.05,0.5,66.8,favoravel,3.72,0.75,31.8,1.212,0.909,1.067,1.427,0.8,0.427,
125803,Pedro Morisco,CFC,Goleiro,7,8.6,1.36,4.64,9,10.2,True,True,MIR,0.131,neutro,4.375,4.64,1.0,66.9,favoravel,3.36,0.75,31.8,1.212,0.909,1.067,1.427,0.8,0.427,
71227,Maicon,CFC,Zagueiro,6,3.86,0.0,1.93,14,0.0,False,True,MIR,0.01,neutro,2.206,1.07,1.0,66.8,favoravel,2.58,0.75,31.8,1.212,0.909,1.067,1.427,0.8,0.427,
84042,Tiquinho Soares,BOT,Atacante,6,5.28,0.0,1.74,7,0.0,False,True,PAL,-1.205,armadilha_leve,2.09,1.74,0.875,23.4,neutro,1.78,0.05,-15.6,0.519,0.96,1.222,1.19,0.175,0.289,0.496
126977,Fernando Seabra,CFC,Técnico,7,8.09,-0.1,5.23,25,6.45,True,True,MIR,0.809,valor_bom,5.167,5.23,1.0,71.7,favoravel,3.63,0.65,31.8,1.212,0.909,1.067,1.427,0.8,0.427,
82730,Marcelo Rangel,REM,Goleiro,7,5.4,-0.84,3.83,24,0.9,True,True,FLA,0.688,valor_bom,3.892,3.41,1.0,30.3,neutro,4.23,0.0,-22.6,1.167,1.19,1.2,0.914,0.175,0.183,
109127,Tiago Cóser,CFC,Zagueiro,7,3.35,-0.31,2.77,22,-0.6,True,True,MIR,0.757,valor_bom,2.475,1.13,1.0,66.8,favoravel,2.21,0.75,31.8,1.212,0.909,1.067,1.427,0.8,0.427,
123648,Lucas Ronier,CFC,Atacante,5,10.77,0.0,6.7,18,0.0,False,True,MIR,1.335,valor_bom,6.16,5.42,1.0,70.3,favoravel,2.38,0.65,31.8,1.212,0.909,1.067,1.427,0.8,0.427,
112576,Vini Paulista,CFC,Meia,6,4.03,0.32,2.35,23,4.0,True,True,MIR,0.206,neutro,2.318,2.35,1.0,73.1,favoravel,3.1,0.65,31.8,1.212,0.909,1.067,1.427,0.8,0.427,
101405,Wallisson,MIR,Meia,6,3.55,0.0,2.05,15,0.0,False,False,CFC,0.311,neutro,2.112,2.05,1.0,46.5,neutro,2.19,0.625,-31.8,1.067,1.427,1.212,0.909,0.375,0.291,
97795,Marcelinho,REM,Lateral,7,6.63,0.02,5.21,21,7.4,True,True,FLA,0.8,valor_bom,4.73,3.73,1.0,31.0,neutro,4.43,0.0,-22.6,1.167,1.19,1.2,0.914,0.175,0.183,
117930,Lavega,CFC,Atacante,7,4.92,-0.48,3.33,23,0.8,True,True,MIR,0.216,neutro,3.089,1.16,1.0,70.3,favoravel,3.57,0.65,31.8,1.212,0.909,1.067,1.427,0.8,0.427,
115840,Benassi,CFC,Goleiro,6,1.0,0.0,0.0,0,0.0,False,True,MIR,0.135,neutro,0.0,0.0,0.0,66.9,favoravel,1.69,0.75,31.8,1.212,0.909,1.067,1.427,0.8,0.427,
145404,Arthur,PAL,Lateral,3,4.04,-0.45,3.8,17,0.4,True,False,BOT,0.554,valor_bom,3.192,2.74,1.0,70.8,favoravel_visitante,2.99,0.05,15.6,1.222,1.19,0.519,0.96,0.575,0.43,0.496
102911,Zé Ricardo,REM,Meia,7,5.78,0.84,3.18,23,11.2,True,True,FLA,0.543,valor_bom,3.418,2.75,1.0,32.3,neutro,3.18,0.1,-22.6,1.167,1.19,1.2,0.914,0.175,0.183,
131279,Thiago Azaf,CFC,Atacante,6,1.0,0.0,0.0,0,0.0,False,True,MIR,0.562,valor_bom,0.0,0.0,0.0,70.3,favoravel,1.77,0.65,31.8,1.212,0.909,1.067,1.427,0.8,0.427,
130283,Matheus Dias,CFC,Meia,6,1.0,0.0,0.0,0,0.0,False,True,MIR,0.605,valor_bom,0.0,0.0,0.0,73.1,favoravel,1.84,0.65,31.8,1.212,0.909,1.067,1.427,0.8,0.427,
124358,João Almeida,CFC,Lateral,6,0.92,0.0,0.0,1,0.0,False,True,MIR,2.667,valor_oculto,1.689,0.0,0.125,68.2,favoravel,2.71,0.75,31.8,1.212,0.909,1.067,1.427,0.8,0.427,
141337,Lucas Taverna,CFC,Lateral,5,2.69,0.0,1.95,4,0.0,False,True,MIR,0.215,neutro,1.917,1.2,0.5,68.2,favoravel,2.69,0.75,31.8,1.212,0.909,1.067,1.427,0.8,0.427,
124834,Ruan Assis,CFC,Atacante,6,1.0,0.0,0.0,0,0.0,False,True,MIR,0.562,valor_bom,0.0,0.0,0.0,70.3,favoravel,1.77,0.65,31.8,1.212,0.909,1.067,1.427,0.8,0.427,
68938,Giovanni Augusto,CHA,Meia,7,5.72,0.49,3.9,16,8.6,True,False,COR,1.308,valor_bom,3.967,2.02,1.0,43.7,neutro,2.97,0.25,-37.9,1.536,0.98,0.769,1.0,0.4,0.106,0.489
83074,Ygor Vinhas,REM,Goleiro,6,3.0,0.0,0.0,0,0.0,False,True,FLA,-1.525,armadilha_forte,0.0,0.0,0.0,30.3,neutro,0.76,0.0,-22.6,1.167,1.19,1.2,0.914,0.175,0.183,
68822,Rafael Santos,CHA,Goleiro,6,4.94,0.0,3.75,4,0.0,False,False,COR,0.739,valor_bom,3.743,3.75,0.5,42.6,neutro,1.72,0.95,-37.9,1.536,0.98,0.769,1.0,0.4,0.106,0.489
83048,Rafael Thyere,CHA,Zagueiro,6,2.75,0.0,-0.1,3,0.0,False,False,COR,-0.415,neutro,1.183,0.0,0.375,42.4,neutro,1.75,0.95,-37.9,1.536,0.98,0.769,1.0,0.4,0.106,0.489
97432,Victor Caetano,CHA,Zagueiro,6,3.16,0.0,1.48,8,0.0,False,False,COR,-0.272,neutro,1.572,1.48,1.0,42.4,neutro,1.88,0.95,-37.9,1.536,0.98,0.769,1.0,0.4,0.106,0.489
101393,Eduardo Doma,CHA,Zagueiro,7,3.75,-0.95,2.43,21,-0.5,True,False,COR,0.109,neutro,2.219,1.86,1.0,42.4,neutro,2.7,0.95,-37.9,1.536,0.98,0.769,1.0,0.4,0.106,0.489
95332,Marcinho,CHA,Atacante,7,4.38,0.05,3.31,22,1.8,True,False,COR,0.546,valor_bom,3.066,1.99,1.0,42.0,neutro,2.35,0.25,-37.9,1.536,0.98,0.769,1.0,0.4,0.106,0.489
102906,Anderson,CHA,Goleiro,7,5.2,-1.43,3.19,10,-0.4,True,False,COR,0.5,neutro,3.584,2.69,1.0,42.6,neutro,2.78,0.95,-37.9,1.536,0.98,0.769,1.0,0.4,0.106,0.489
104257,João Lucas,REM,Lateral,6,4.59,0.0,2.82,6,0.0,False,True,FLA,0.119,neutro,3.192,2.82,0.75,31.0,neutro,2.52,0.0,-22.6,1.167,1.19,1.2,0.914,0.175,0.183,
145782,Tassano,REM,Zagueiro,6,3.0,0.0,0.0,0,0.0,False,True,FLA,-2.198,armadilha_forte,0.0,0.0,0.0,30.0,neutro,0.75,0.0,-22.6,1.167,1.19,1.2,0.914,0.175,0.183,
143455,PH Gama,REM,Meia,6,2.0,0.0,0.0,0,0.0,False,True,FLA,-0.929,armadilha_leve,0.0,0.0,0.0,32.3,neutro,0.81,0.1,-22.6,1.167,1.19,1.2,0.914,0.175,0.183,
141386,Marcos Alexandre,REM,Goleiro,6,1.0,0.0,0.0,0,0.0,False,True,FLA,0.135,neutro,0.0,0.0,0.0,30.3,neutro,0.76,0.0,-22.6,1.167,1.19,1.2,0.914,0.175,0.183,
104470,Everton,CHA,Lateral,6,4.09,0.0,1.95,18,0.0,False,False,COR,-1.114,armadilha_leve,1.935,1.34,1.0,43.5,neutro,1.84,0.95,-37.9,1.536,0.98,0.769,1.0,0.4,0.106,0.489
107700,Eduardo Melo,REM,Atacante,6,2.13,0.0,1.4,1,0.0,False,True,FLA,0.154,neutro,1.054,1.4,0.125,31.4,neutro,1.42,0.1,-22.6,1.167,1.19,1.2,0.914,0.175,0.183,
141385,João Victor,REM,Goleiro,6,1.0,0.0,0.0,0,0.0,False,True,FLA,0.135,neutro,0.0,0.0,0.0,30.3,neutro,0.76,0.0,-22.6,1.167,1.19,1.2,0.914,0.175,0.183,
71043,Léo Vieira,BAH,Goleiro,5,6.82,0.0,5.02,16,0.0,False,False,RBB,0.907,valor_bom,4.706,4.39,1.0,67.0,neutro,2.51,0.55,-2.8,1.081,0.833,0.497,0.96,0.775,0.266,
130806,Kauan,CHA,Zagueiro,7,1.49,-0.32,1.33,4,1.5,True,False,COR,1.523,valor_oculto,1.553,0.58,0.5,42.4,neutro,1.94,0.95,-37.9,1.536,0.98,0.769,1.0,0.4,0.106,0.489
88293,Neto Pessoa,CHA,Atacante,6,4.74,0.0,3.49,9,0.0,False,False,COR,0.194,neutro,2.975,1.16,1.0,42.0,neutro,2.5,0.25,-37.9,1.536,0.98,0.769,1.0,0.4,0.106,0.489
107453,João Paulo,CHA,Zagueiro,5,4.8,0.0,3.3,6,0.0,False,False,COR,0.361,neutro,2.95,1.47,0.75,42.4,neutro,2.59,0.95,-37.9,1.536,0.98,0.769,1.0,0.4,0.106,0.489
68708,Eduardo,MIR,Meia,7,6.84,-0.07,3.39,17,9.0,True,False,CFC,0.259,neutro,3.617,2.21,1.0,46.5,neutro,2.73,0.625,-31.8,1.067,1.427,1.212,0.909,0.375,0.291,
107516,Ênio,CHA,Atacante,6,4.84,-0.2,2.77,13,0.8,True,False,COR,-0.287,neutro,2.628,2.15,1.0,42.0,neutro,1.89,0.25,-37.9,1.536,0.98,0.769,1.0,0.4,0.106,0.489
104519,Camilo,CHA,Meia,7,4.94,0.0,3.03,19,0.0,False,False,COR,0.209,neutro,2.792,3.03,1.0,43.7,neutro,2.58,0.25,-37.9,1.536,0.98,0.769,1.0,0.4,0.106,0.489
130843,Arthur Dias,CAP,Zagueiro,7,5.67,-0.28,3.56,21,2.2,True,False,CRU,0.351,neutro,3.319,2.56,1.0,36.5,desfavoravel,3.47,0.4,-9.2,1.216,1.2,1.286,0.833,0.7,0.206,0.454
97900,Vitão,FLA,Zagueiro,5,6.62,0.0,2.37,9,0.0,False,False,REM,-0.362,neutro,3.136,1.04,1.0,61.2,neutro,3.1,0.55,22.6,1.2,0.914,1.167,1.19,0.7,0.586,
109336,Rafael Carvalheira,CHA,Meia,5,5.7,0.0,2.72,14,0.0,False,False,COR,0.327,neutro,3.222,2.01,1.0,43.7,neutro,2.64,0.25,-37.9,1.536,0.98,0.769,1.0,0.4,0.106,0.489
140438,David,CHA,Meia,6,1.14,0.0,0.83,7,0.0,False,False,COR,1.623,valor_oculto,0.956,0.83,0.875,43.7,neutro,2.55,0.25,-37.9,1.536,0.98,0.769,1.0,0.4,0.106,0.489
111279,Mancha,CHA,Lateral,6,3.0,0.0,0.0,0,0.0,False,False,COR,-2.604,armadilha_forte,0.0,0.0,0.0,43.5,neutro,1.09,0.95,-37.9,1.536,0.98,0.769,1.0,0.4,0.106,0.489
116066,Rubens,CHA,Atacante,6,2.48,0.0,1.38,9,0.0,False,False,COR,-0.06,neutro,1.206,0.49,1.0,42.0,neutro,1.7,0.25,-37.9,1.536,0.98,0.769,1.0,0.4,0.106,0.489
121870,Gustavo Talles,CHA,Lateral,6,2.0,0.0,0.0,0,0.0,False,False,COR,-1.394,armadilha_leve,0.0,0.0,0.0,43.5,neutro,1.09,0.95,-37.9,1.536,0.98,0.769,1.0,0.4,0.106,0.489
130414,Robert,CHA,Meia,5,3.51,0.0,3.0,1,0.0,False,False,COR,0.612,valor_bom,2.313,3.0,0.125,43.7,neutro,2.47,0.25,-37.9,1.536,0.98,0.769,1.0,0.4,0.106,0.489
110426,Bernabei,INT,Lateral,3,10.2,-0.33,6.35,22,7.3,True,True,SAN,0.902,valor_bom,6.056,4.21,1.0,56.3,neutro,4.29,0.1,5.6,0.769,0.806,0.988,0.667,0.35,0.5,0.496
89274,Andreas Pereira,PAL,Meia,7,11.7,-0.49,4.74,24,3.4,True,False,BOT,-0.282,neutro,4.58,2.45,1.0,71.7,neutro,2.87,0.95,15.6,1.222,1.19,0.519,0.96,0.575,0.43,0.496
99552,Rossi,FLA,Goleiro,7,9.32,0.97,5.08,23,10.2,True,False,REM,0.341,neutro,4.821,2.91,1.0,61.4,neutro,4.11,0.55,22.6,1.2,0.914,1.167,1.19,0.7,0.586,
126471,Barreal,SAN,Meia,3,10.11,-2.44,5.37,19,1.1,True,False,INT,0.776,valor_bom,4.994,4.05,1.0,46.3,neutro,4.28,0.425,-5.6,0.988,0.667,0.769,0.806,0.675,0.231,0.496
89368,Braithwaite,GRE,Atacante,6,5.33,-0.18,0.43,15,1.0,True,False,VIT,-2.407,armadilha_forte,1.114,0.43,1.0,33.3,desfavoravel,1.48,0.125,-58.3,1.067,1.05,0.417,1.351,0.5,0.264,0.455
89837,Lucho Acosta,FLU,Meia,6,10.0,0.34,4.65,19,3.0,True,True,VAS,0.138,neutro,4.487,2.81,1.0,80.1,favoravel,2.9,0.9,61.7,1.154,1.094,0.889,1.108,0.725,0.492,
78850,Reinaldo,MIR,Lateral,7,8.25,0.54,3.15,19,4.4,True,False,CFC,-1.25,armadilha_leve,3.771,1.62,1.0,23.2,desfavoravel,4.17,0.8,-31.8,1.067,1.427,1.212,0.909,0.375,0.291,
141776,Gustavo Henrique,SAN,Meia,7,3.13,-2.08,2.84,11,-0.3,True,False,INT,0.652,valor_bom,2.093,2.84,1.0,46.3,neutro,2.18,0.425,-5.6,0.988,0.667,0.769,0.806,0.675,0.231,0.496
80287,Luciano,SAO,Atacante,7,13.39,0.34,5.25,20,9.9,True,True,CAM,-0.613,armadilha_leve,5.163,2.2,1.0,37.2,neutro,4.07,0.15,27.7,0.828,1.029,1.35,0.686,0.45,0.436,0.43
39148,Hulk,FLU,Atacante,7,13.66,0.64,6.29,18,17.5,True,True,VAS,0.174,neutro,5.876,2.96,1.0,77.4,favoravel,4.53,0.9,61.7,1.154,1.094,0.889,1.108,0.725,0.492,
51772,Everton Ribeiro,BAH,Meia,5,8.86,0.0,4.48,16,0.0,False,False,RBB,0.374,neutro,4.354,3.23,1.0,49.0,neutro,2.39,0.35,-2.8,1.081,0.833,0.497,0.96,0.775,0.266,
114802,Vitor Roque,PAL,Atacante,7,14.51,-1.51,5.7,13,3.0,True,False,BOT,-0.593,armadilha_leve,5.413,3.24,1.0,69.0,neutro,2.28,0.95,15.6,1.222,1.19,0.519,0.96,0.575,0.43,0.496
94583,Pedro,FLA,Atacante,7,15.51,-1.51,8.57,23,1.7,True,False,REM,1.842,valor_oculto,7.635,2.48,1.0,73.7,favoravel_visitante,4.2,0.8,22.6,1.2,0.914,1.167,1.19,0.7,0.586,
106104,Enamorado,GRE,Atacante,7,7.12,0.44,3.4,19,5.0,True,False,VIT,-0.042,neutro,3.858,2.61,1.0,33.3,desfavoravel,2.81,0.125,-58.3,1.067,1.05,0.417,1.351,0.5,0.264,0.455
100652,Yuri Alberto,COR,Atacante,5,10.58,0.0,4.1,17,0.0,False,True,CHA,-0.752,armadilha_leve,4.371,2.1,1.0,64.3,neutro,3.34,0.85,37.9,0.769,1.0,1.536,0.98,0.2,0.682,0.489
103445,Kaio Jorge,CRU,Atacante,7,10.46,0.0,4.47,18,0.0,False,True,CAP,-0.419,neutro,4.616,1.8,1.0,56.0,neutro,2.32,0.3,9.2,1.286,0.833,1.216,1.2,0.7,0.521,0.454
108713,Galeano,REM,Atacante,7,5.31,1.15,1.71,13,8.1,True,True,FLA,-1.366,armadilha_leve,1.971,1.71,1.0,31.4,neutro,1.86,0.1,-22.6,1.167,1.19,1.2,0.914,0.175,0.183,
115025,Miguelito,SAN,Meia,6,7.41,0.0,4.88,8,0.0,False,False,INT,1.157,valor_bom,4.49,3.0,1.0,46.3,neutro,3.22,0.425,-5.6,0.988,0.667,0.769,0.806,0.675,0.231,0.496
122781,Caballero,SAN,Atacante,6,3.87,0.0,2.26,5,0.0,False,False,INT,0.051,neutro,2.344,2.26,0.625,44.5,neutro,2.37,0.425,-5.6,0.988,0.667,0.769,0.806,0.675,0.231,0.496
101908,Willian Machado,MIR,Zagueiro,7,5.35,-0.31,3.56,18,2.3,True,False,CFC,0.49,neutro,3.292,2.78,1.0,22.3,desfavoravel,3.3,0.8,-31.8,1.067,1.427,1.212,0.909,0.375,0.291,
144423,Nicolas Pontes,CRU,Lateral,6,1.0,0.0,0.0,0,0.0,False,True,CAP,0.31,neutro,0.0,0.0,0.0,56.3,neutro,1.42,0.375,9.2,1.286,0.833,1.216,1.2,0.7,0.521,0.454
133673,Mateus Xavier,SAN,Atacante,6,2.33,0.0,1.2,1,0.0,False,False,INT,-0.106,neutro,1.031,1.2,0.125,44.5,neutro,1.74,0.425,-5.6,0.988,0.667,0.769,0.806,0.675,0.231,0.496
115986,Denilson,MIR,Meia,7,5.0,0.5,3.3,15,2.8,True,False,CFC,0.351,neutro,2.927,2.97,1.0,46.5,neutro,5.27,0.625,-31.8,1.067,1.427,1.212,0.909,0.375,0.291,
86292,Bolasie,CHA,Atacante,5,4.49,0.0,2.21,16,0.0,False,False,COR,-0.484,neutro,2.272,1.4,1.0,42.0,neutro,2.61,0.25,-37.9,1.536,0.98,0.769,1.0,0.4,0.106,0.489
142130,Marcelo Eráclito,CRU,Goleiro,6,1.0,0.0,0.0,0,0.0,False,True,CAP,0.135,neutro,0.0,0.0,0.0,55.3,neutro,1.39,0.375,9.2,1.286,0.833,1.216,1.2,0.7,0.521,0.454
146991,Rhuan Gabriel,CRU,Meia,6,1.39,0.0,1.2,1,0.0,False,True,CAP,1.373,valor_bom,1.082,1.2,0.125,57.4,neutro,2.09,0.3,9.2,1.286,0.833,1.216,1.2,0.7,0.521,0.454
118655,Saldivia,VAS,Zagueiro,6,5.83,0.0,2.55,11,0.0,False,False,FLU,-0.668,armadilha_leve,2.608,2.28,1.0,20.6,desfavoravel,2.0,0.125,-61.7,0.889,1.108,1.154,1.094,0.425,0.228,
131516,JP Chermont,CFC,Lateral,7,5.41,-1.91,3.79,15,2.9,True,True,MIR,0.173,neutro,3.679,2.19,1.0,68.2,favoravel,2.99,0.75,31.8,1.212,0.909,1.067,1.427,0.8,0.427,
128433,Johan Rojas,VAS,Meia,5,3.78,0.0,1.58,16,0.0,False,False,FLU,-0.297,neutro,1.796,1.27,1.0,39.2,desfavoravel,1.74,0.5,-61.7,0.889,1.108,1.154,1.094,0.425,0.228,
94514,Lucas Oliveira,MIR,Zagueiro,6,5.1,0.0,3.08,9,0.0,False,False,CFC,0.112,neutro,2.896,2.08,1.0,22.3,desfavoravel,2.59,0.8,-31.8,1.067,1.427,1.212,0.909,0.375,0.291,
132412,Román Gómez,BAH,Lateral,7,8.54,-0.88,5.79,10,2.9,True,False,RBB,0.921,valor_bom,5.549,4.59,1.0,68.3,neutro,4.91,0.55,-2.8,1.081,0.833,0.497,0.96,0.775,0.266,
141131,Vitão,CAM,Zagueiro,6,2.95,-0.29,3.5,2,0.8,True,False,SAO,0.515,valor_bom,2.031,2.0,0.25,51.3,neutro,2.45,0.35,-27.7,1.35,0.686,0.828,1.029,0.8,0.263,0.43
90061,Bruno Pacheco,CHA,Lateral,3,6.7,-1.19,4.37,15,4.5,True,False,COR,-0.109,neutro,4.057,2.77,1.0,43.5,neutro,2.75,0.95,-37.9,1.536,0.98,0.769,1.0,0.4,0.106,0.489
133696,Wallace Davi,BOT,Meia,6,4.0,0.0,0.0,0,0.0,False,True,PAL,-2.861,armadilha_forte,0.0,0.0,0.0,23.8,neutro,0.59,0.05,-15.6,0.519,0.96,1.222,1.19,0.175,0.289,0.496
114040,Minda,CAM,Atacante,7,7.09,-0.18,3.74,14,1.9,True,False,SAO,0.358,neutro,4.179,1.88,1.0,46.1,neutro,5.09,0.3,-27.7,1.35,0.686,0.828,1.029,0.8,0.263,0.43
130280,Phillipe Gabriel,VAS,Goleiro,6,1.0,0.0,0.0,0,0.0,False,False,FLU,0.135,neutro,0.0,0.0,0.0,20.9,desfavoravel,0.52,0.125,-61.7,0.889,1.108,1.154,1.094,0.425,0.228,
93988,Breno Lopes,CFC,Atacante,7,9.03,0.47,5.14,22,4.8,True,True,MIR,0.646,valor_bom,5.088,2.0,1.0,70.3,favoravel,2.61,0.65,31.8,1.212,0.909,1.067,1.427,0.8,0.427,
147090,Kauã Pascini,CAM,Lateral,7,4.22,-0.46,3.76,7,2.9,True,False,SAO,0.942,valor_bom,3.606,2.47,0.875,52.4,neutro,2.99,0.35,-27.7,1.35,0.686,0.828,1.029,0.8,0.263,0.43
103183,Andrew,FLA,Goleiro,6,3.0,0.0,0.0,0,0.0,False,False,REM,-1.525,armadilha_forte,0.0,0.0,0.0,61.4,neutro,1.55,0.55,22.6,1.2,0.914,1.167,1.19,0.7,0.586,
126120,Marcelinho,RBB,Meia,6,3.16,0.0,2.18,5,0.0,False,True,BAH,-0.173,neutro,1.495,1.18,0.625,37.4,neutro,1.78,0.4,2.8,0.497,0.96,1.081,0.833,0.4,0.467,
94154,Maycon,CAM,Meia,6,5.31,0.0,2.52,14,0.0,False,False,SAO,-0.523,armadilha_leve,2.414,1.81,1.0,47.9,neutro,2.92,0.3,-27.7,1.35,0.686,0.828,1.029,0.8,0.263,0.43
102909,Luan,SAO,Meia,6,2.69,0.0,0.96,7,0.0,False,True,CAM,-0.356,neutro,1.017,0.96,0.875,38.0,neutro,1.54,0.15,27.7,0.828,1.029,1.35,0.686,0.45,0.436,0.43
106302,Preciado,CAM,Lateral,6,7.65,0.22,4.38,11,5.1,True,False,SAO,0.292,neutro,4.745,3.11,1.0,52.4,neutro,3.38,0.35,-27.7,1.35,0.686,0.828,1.029,0.8,0.263,0.43
70666,Marllon,REM,Zagueiro,7,4.72,-0.13,2.55,23,-0.5,True,True,FLA,-0.068,neutro,2.586,1.81,1.0,30.0,neutro,3.13,0.0,-22.6,1.167,1.19,1.2,0.914,0.175,0.183,
116034,Victor Hugo,CAM,Meia,7,6.44,0.0,3.63,19,0.0,False,False,SAO,0.66,valor_bom,3.769,2.31,1.0,47.9,neutro,2.3,0.3,-27.7,1.35,0.686,0.828,1.029,0.8,0.263,0.43
130608,Riquelme Fillipi,PAL,Atacante,6,1.46,0.0,1.37,3,0.0,False,False,BOT,1.119,valor_bom,1.108,1.37,0.375,69.0,neutro,2.35,0.95,15.6,1.222,1.19,0.519,0.96,0.575,0.43,0.496
145400,Cauê,RBB,Lateral,6,4.23,0.0,3.47,3,0.0,False,True,BAH,0.758,valor_bom,3.47,2.47,0.375,47.9,neutro,3.12,0.15,2.8,0.497,0.96,1.081,0.833,0.4,0.467,
100342,Léo Andrade,REM,Zagueiro,6,4.79,0.0,2.95,4,0.0,False,True,FLA,0.137,neutro,2.775,2.95,0.5,30.0,neutro,2.33,0.0,-22.6,1.167,1.19,1.2,0.914,0.175,0.183,
106708,Igor Formiga,MIR,Lateral,7,7.72,-0.56,4.79,19,4.4,True,False,CFC,0.493,neutro,4.926,3.58,1.0,23.2,desfavoravel,3.1,0.8,-31.8,1.067,1.427,1.212,0.909,0.375,0.291,
130048,Noriega,GRE,Zagueiro,7,7.13,0.0,4.1,17,0.0,False,False,VIT,0.632,valor_bom,4.067,2.92,1.0,43.7,neutro,4.28,0.7,-58.3,1.067,1.05,0.417,1.351,0.5,0.264,0.455
69208,Gabriel Paulista,COR,Zagueiro,3,8.25,-0.63,4.13,19,0.1,True,True,CHA,0.206,neutro,4.091,2.71,1.0,51.5,neutro,3.1,0.85,37.9,0.769,1.0,1.536,0.98,0.2,0.682,0.489
141614,Paulinho,SAO,Atacante,6,2.0,0.0,0.0,0,0.0,False,True,CAM,-0.954,armadilha_leve,0.0,0.0,0.0,37.2,neutro,0.93,0.15,27.7,0.828,1.029,1.35,0.686,0.45,0.436,0.43
83433,Patrick,REM,Meia,6,5.03,0.0,3.78,21,0.0,False,True,FLA,0.899,valor_bom,3.352,3.78,1.0,32.3,neutro,4.6,0.1,-22.6,1.167,1.19,1.2,0.914,0.175,0.183,
123689,Milans,COR,Lateral,6,7.76,0.0,4.85,6,0.0,False,True,CHA,0.669,valor_bom,5.077,3.35,0.75,52.7,neutro,3.74,0.85,37.9,0.769,1.0,1.536,0.98,0.2,0.682,0.489
71536,Luiz Gustavo,CAP,Meia,7,5.94,0.23,3.36,17,2.4,True,False,CRU,0.693,valor_bom,3.597,2.77,1.0,53.2,neutro,2.26,0.55,-9.2,1.216,1.2,1.286,0.833,0.7,0.206,0.454
86859,José Welison,REM,Meia,7,3.26,-0.46,2.51,21,-0.4,True,True,FLA,0.56,valor_bom,2.112,2.51,1.0,32.3,neutro,2.55,0.1,-22.6,1.167,1.19,1.2,0.914,0.175,0.183,
89256,Gerson,CRU,Meia,7,8.08,0.0,4.11,21,0.0,False,True,CAP,0.357,neutro,4.107,3.63,1.0,57.4,neutro,2.96,0.3,9.2,1.286,0.833,1.216,1.2,0.7,0.521,0.454
105089,Tetê,GRE,Atacante,6,8.43,-0.3,3.58,18,1.1,True,False,VIT,-0.43,neutro,4.0,2.69,1.0,33.3,desfavoravel,2.87,0.125,-58.3,1.067,1.05,0.417,1.351,0.5,0.264,0.455
141873,Jacaré,COR,Lateral,6,2.0,0.0,0.0,0,0.0,False,True,CHA,-1.394,armadilha_leve,0.0,0.0,0.0,52.7,neutro,1.33,0.85,37.9,0.769,1.0,1.536,0.98,0.2,0.682,0.489
113125,Picco,REM,Meia,6,6.58,0.67,3.44,22,5.3,True,True,FLA,0.385,neutro,3.616,2.99,1.0,32.3,neutro,6.74,0.1,-22.6,1.167,1.19,1.2,0.914,0.175,0.183,
68952,Marinho,VIT,Atacante,6,5.18,0.67,2.16,10,5.0,True,True,GRE,-0.935,armadilha_leve,2.265,2.16,1.0,46.9,neutro,2.26,0.55,58.3,0.417,1.351,1.067,1.05,0.2,0.457,0.455
105157,Villagra,INT,Meia,7,5.15,0.0,2.03,18,0.0,False,True,SAN,-0.857,armadilha_leve,2.091,2.03,1.0,49.8,neutro,3.32,0.7,5.6,0.769,0.806,0.988,0.667,0.35,0.5,0.496
103388,Emmanuel Martínez,VIT,Meia,7,5.95,-0.38,3.27,18,1.2,True,True,GRE,0.593,valor_bom,3.526,3.27,1.0,48.2,neutro,2.78,0.55,58.3,0.417,1.351,1.067,1.05,0.2,0.457,0.455
95362,Cassierra,CAM,Atacante,6,5.64,0.0,2.25,18,0.0,False,False,SAO,-1.167,armadilha_leve,2.295,1.08,1.0,46.1,neutro,2.95,0.3,-27.7,1.35,0.686,0.828,1.029,0.8,0.263,0.43
146374,Gilberto Junior,CAP,Lateral,7,6.14,0.0,4.62,6,0.0,False,False,CRU,0.087,neutro,3.963,3.62,0.75,37.6,desfavoravel,3.01,0.4,-9.2,1.216,1.2,1.286,0.833,0.7,0.206,0.454
90370,Matheus Pereira,COR,Meia,6,3.05,-0.14,0.97,16,0.0,True,True,CHA,-0.728,armadilha_leve,1.002,0.97,1.0,65.2,neutro,2.11,0.85,37.9,0.769,1.0,1.536,0.98,0.2,0.682,0.489
110633,Gustavo,CFC,Meia,6,3.3,0.0,0.9,4,0.0,False,True,MIR,-0.943,armadilha_leve,1.011,0.9,0.5,73.1,neutro,2.37,0.65,31.8,1.212,0.909,1.067,1.427,0.8,0.427,
142265,Dell,BAH,Atacante,6,1.82,0.0,0.65,4,0.0,False,False,RBB,0.346,neutro,0.89,0.65,0.5,47.0,neutro,1.7,0.35,-2.8,1.081,0.833,0.497,0.96,0.775,0.266,
87552,Vitor Bueno,REM,Meia,7,6.92,0.21,3.61,18,2.7,True,True,FLA,0.412,neutro,3.761,1.94,1.0,32.3,neutro,2.35,0.1,-22.6,1.167,1.19,1.2,0.914,0.175,0.183,
107859,Fintelman,VIT,Goleiro,6,2.0,0.0,0.0,0,0.0,False,True,GRE,-0.836,armadilha_leve,0.0,0.0,0.0,59.9,neutro,1.51,0.95,58.3,0.417,1.351,1.067,1.05,0.2,0.457,0.455
105842,Edu,VIT,Zagueiro,5,4.13,0.0,1.5,1,0.0,False,True,GRE,0.279,neutro,2.556,1.5,0.125,59.8,neutro,3.0,0.95,58.3,0.417,1.351,1.067,1.05,0.2,0.457,0.455
140496,Tiaguinho,GRE,Meia,6,0.93,0.0,0.0,1,0.0,False,False,VIT,2.003,valor_oculto,0.948,0.0,0.125,34.3,desfavoravel,1.43,0.125,-58.3,1.067,1.05,0.417,1.351,0.5,0.264,0.455
147088,Cissé,CAM,Meia,7,2.91,0.42,2.0,14,4.9,True,False,SAO,0.283,neutro,1.661,1.64,1.0,47.9,neutro,1.89,0.3,-27.7,1.35,0.686,0.828,1.029,0.8,0.263,0.43
110598,Marino Hinestroza,VAS,Atacante,6,4.92,-0.14,1.43,12,0.0,True,False,FLU,-1.313,armadilha_leve,1.816,1.43,1.0,37.8,desfavoravel,1.9,0.5,-61.7,0.889,1.108,1.154,1.094,0.425,0.228,
141628,Pablo Lúcio,FLA,Meia,6,2.0,0.0,0.0,0,0.0,False,False,REM,-0.929,armadilha_leve,0.0,0.0,0.0,75.5,neutro,1.91,0.8,22.6,1.2,0.914,1.167,1.19,0.7,0.586,
146623,Luis Pacheco,PAL,Meia,6,1.98,0.0,0.0,3,0.0,False,False,BOT,0.131,neutro,0.776,0.0,0.375,71.7,favoravel_visitante,2.24,0.95,15.6,1.222,1.19,0.519,0.96,0.575,0.43,0.496
146701,Benjamin Arhin,INT,Meia,5,1.73,0.0,-0.3,1,0.0,False,True,SAN,0.647,valor_bom,0.915,0.0,0.125,49.8,neutro,1.8,0.7,5.6,0.769,0.806,0.988,0.667,0.35,0.5,0.496
99789,Brenner,VAS,Atacante,5,6.94,0.0,2.9,14,0.0,False,False,FLU,-0.215,neutro,3.644,2.33,1.0,37.8,desfavoravel,2.17,0.5,-61.7,0.889,1.108,1.154,1.094,0.425,0.228,
98224,Jáderson,REM,Meia,6,2.44,0.0,0.85,11,0.0,False,True,FLA,-0.192,neutro,0.941,0.85,1.0,32.3,neutro,1.37,0.1,-22.6,1.167,1.19,1.2,0.914,0.175,0.183,
104134,Fabri,VIT,Atacante,6,4.67,0.0,2.33,8,0.0,False,True,GRE,-0.495,neutro,2.363,1.71,1.0,46.9,neutro,2.31,0.55,58.3,0.417,1.351,1.067,1.05,0.2,0.457,0.455
141551,Índio,CAM,Meia,5,1.0,0.0,0.0,0,0.0,False,False,SAO,0.605,valor_bom,0.0,0.0,0.0,47.9,neutro,1.2,0.3,-27.7,1.35,0.686,0.828,1.029,0.8,0.263,0.43
126182,Paulinho,INT,Meia,7,3.88,0.0,1.95,18,0.0,False,True,SAN,-0.057,neutro,2.035,1.95,1.0,49.8,neutro,2.4,0.7,5.6,0.769,0.806,0.988,0.667,0.35,0.5,0.496
107075,Yuri Sena,VIT,Goleiro,6,1.0,0.0,0.0,0,0.0,False,True,GRE,0.135,neutro,0.0,0.0,0.0,59.9,neutro,1.51,0.95,58.3,0.417,1.351,1.067,1.05,0.2,0.457,0.455
101729,Fabinho,CFC,Atacante,6,2.74,1.38,0.89,9,8.0,True,True,MIR,-0.64,armadilha_leve,0.947,0.0,1.0,70.3,neutro,2.21,0.65,31.8,1.212,0.909,1.067,1.427,0.8,0.427,
130906,Riquelme,CAP,Meia,6,1.53,0.0,1.06,5,0.0,False,False,CRU,1.134,valor_bom,1.064,1.06,0.625,53.2,neutro,1.92,0.55,-9.2,1.216,1.2,1.286,0.833,0.7,0.206,0.454
124270,Allex,INT,Meia,5,2.11,0.0,1.24,10,0.0,False,True,SAN,0.485,neutro,1.163,1.24,1.0,49.8,neutro,2.29,0.7,5.6,0.769,0.806,0.988,0.667,0.35,0.5,0.496
146632,Alisson,INT,Lateral,6,1.0,0.0,0.0,0,0.0,False,True,SAN,0.31,neutro,0.0,0.0,0.0,56.3,neutro,1.42,0.1,5.6,0.769,0.806,0.988,0.667,0.35,0.5,0.496
94930,Lucas Paquetá,FLA,Meia,7,12.86,-0.49,5.76,15,1.6,True,False,REM,0.191,neutro,5.183,4.76,1.0,75.5,favoravel_visitante,3.7,0.8,22.6,1.2,0.914,1.167,1.19,0.7,0.586,
118844,Kaio César,COR,Atacante,7,9.98,0.07,5.88,13,5.0,True,True,CHA,0.831,valor_bom,5.524,4.26,1.0,64.3,favoravel,3.76,0.85,37.9,0.769,1.0,1.536,0.98,0.2,0.682,0.489
142638,João Victor,INT,Atacante,6,1.0,0.0,0.0,0,0.0,False,True,SAN,0.562,valor_bom,0.0,0.0,0.0,48.6,neutro,1.22,0.7,5.6,0.769,0.806,0.988,0.667,0.35,0.5,0.496
147202,João Bezerra,INT,Atacante,6,1.19,0.0,0.6,2,0.0,False,True,SAN,1.337,valor_bom,0.928,0.6,0.25,48.6,neutro,1.77,0.7,5.6,0.769,0.806,0.988,0.667,0.35,0.5,0.496
141615,Pedro Ferreira,SAO,Meia,6,1.25,0.0,0.87,3,0.0,False,True,CAM,1.509,valor_oculto,1.013,0.87,0.375,38.0,neutro,1.55,0.15,27.7,0.828,1.029,1.35,0.686,0.45,0.436,0.43
145036,Fernando Pradella,SAN,Atacante,6,0.82,0.0,0.0,1,0.0,False,False,INT,1.993,valor_oculto,0.898,0.0,0.125,44.5,neutro,1.66,0.425,-5.6,0.988,0.667,0.769,0.806,0.675,0.231,0.496
141406,Andrey Fernandes,VAS,Atacante,6,1.41,0.0,1.7,1,0.0,False,False,FLU,1.17,valor_bom,1.087,1.7,0.125,37.8,desfavoravel,1.6,0.5,-61.7,0.889,1.108,1.154,1.094,0.425,0.228,
130698,Kadu,BOT,Lateral,6,1.0,0.0,0.0,0,0.0,False,True,PAL,0.31,neutro,0.0,0.0,0.0,33.3,neutro,0.83,0.05,-15.6,0.519,0.96,1.222,1.19,0.175,0.289,0.496
147883,João Vitor,VAS,Atacante,6,3.49,0.0,3.13,4,0.0,False,False,FLU,-0.399,neutro,1.717,3.13,0.5,37.8,desfavoravel,1.92,0.5,-61.7,0.889,1.108,1.154,1.094,0.425,0.228,
90608,Chico da Costa,CRU,Atacante,6,3.81,0.0,1.24,7,0.0,False,True,CAP,-0.488,neutro,1.857,0.53,0.875,56.0,neutro,2.29,0.3,9.2,1.286,0.833,1.216,1.2,0.7,0.521,0.454
123738,Herrera,RBB,Atacante,7,4.52,-0.08,2.38,18,1.5,True,True,BAH,-0.368,neutro,2.385,1.94,1.0,36.7,neutro,2.15,0.4,2.8,0.497,0.96,1.081,0.833,0.4,0.467,
142086,Kauan Toledo,BOT,Atacante,6,2.53,0.0,2.17,6,0.0,False,True,PAL,0.248,neutro,1.507,2.17,0.75,23.4,neutro,1.39,0.05,-15.6,0.519,0.96,1.222,1.19,0.175,0.289,0.496
147788,Arthur Izaque,BOT,Atacante,6,1.0,0.0,0.0,0,0.0,False,True,PAL,0.562,valor_bom,0.0,0.0,0.0,23.4,neutro,0.58,0.05,-15.6,0.519,0.96,1.222,1.19,0.175,0.289,0.496
147782,Arthur Novaes,BOT,Meia,6,1.0,0.0,0.0,0,0.0,False,True,PAL,0.605,valor_bom,0.0,0.0,0.0,23.8,neutro,0.59,0.05,-15.6,0.519,0.96,1.222,1.19,0.175,0.289,0.496
101715,Alerrandro,INT,Atacante,6,6.18,0.0,3.45,21,0.0,False,True,SAN,0.424,neutro,3.863,1.59,1.0,48.6,neutro,2.98,0.7,5.6,0.769,0.806,0.988,0.667,0.35,0.5,0.496
141126,Pedro Cobra,CAM,Goleiro,6,1.0,0.0,0.0,0,0.0,False,False,SAO,0.135,neutro,0.0,0.0,0.0,51.4,neutro,1.29,0.35,-27.7,1.35,0.686,0.828,1.029,0.8,0.263,0.43
108131,Garcez,CHA,Atacante,6,5.66,1.56,3.05,10,14.0,True,False,COR,-0.621,armadilha_leve,2.759,2.25,1.0,42.0,neutro,2.4,0.25,-37.9,1.536,0.98,0.769,1.0,0.4,0.106,0.489
112939,Catarozzi,REM,Meia,6,5.41,0.0,0.9,1,0.0,False,True,FLA,-1.028,armadilha_leve,2.08,0.9,0.125,32.3,neutro,2.05,0.1,-22.6,1.167,1.19,1.2,0.914,0.175,0.183,
141991,Tico,REM,Atacante,6,1.1,0.0,0.5,1,0.0,False,True,FLA,1.525,valor_oculto,0.954,0.5,0.125,31.4,neutro,1.36,0.1,-22.6,1.167,1.19,1.2,0.914,0.175,0.183,
116065,Cuiabano,VAS,Lateral,5,12.01,0.0,7.38,14,0.0,False,False,FLU,0.983,valor_bom,6.605,5.31,1.0,21.4,desfavoravel,2.94,0.125,-61.7,0.889,1.108,1.154,1.094,0.425,0.228,
148103,Rafael Soares,REM,Meia,6,1.0,0.0,0.0,0,0.0,False,True,FLA,0.605,valor_bom,0.0,0.0,0.0,32.3,neutro,0.81,0.1,-22.6,1.167,1.19,1.2,0.914,0.175,0.183,
127969,Matheus Reis,FLU,Atacante,5,1.0,0.0,0.0,0,0.0,False,True,VAS,0.562,valor_bom,0.0,0.0,0.0,77.4,favoravel,1.95,0.9,61.7,1.154,1.094,0.889,1.108,0.725,0.492,
148109,Filipe Lima,REM,Atacante,6,1.0,0.0,0.0,0,0.0,False,True,FLA,0.562,valor_bom,0.0,0.0,0.0,31.4,neutro,0.78,0.1,-22.6,1.167,1.19,1.2,0.914,0.175,0.183,
146410,Marquinhos,BOT,Meia,6,0.85,0.0,0.0,1,0.0,False,True,PAL,2.163,valor_oculto,0.948,0.0,0.125,23.8,neutro,1.17,0.05,-15.6,0.519,0.96,1.222,1.19,0.175,0.289,0.496
130438,Diego,INT,Goleiro,6,1.0,0.0,0.0,0,0.0,False,True,SAN,0.135,neutro,0.0,0.0,0.0,55.2,neutro,1.39,0.1,5.6,0.769,0.806,0.988,0.667,0.35,0.5,0.496
147546,Roger,GRE,Meia,6,1.5,0.0,1.2,2,0.0,False,False,VIT,1.219,valor_bom,1.094,1.2,0.25,34.3,desfavoravel,1.51,0.125,-58.3,1.067,1.05,0.417,1.351,0.5,0.264,0.455
143463,Wesley Natã,FLU,Atacante,6,0.8,0.0,-0.3,1,0.0,False,True,VAS,1.994,valor_oculto,0.865,0.0,0.125,77.4,favoravel,2.46,0.9,61.7,1.154,1.094,0.889,1.108,0.725,0.492,
82407,Chico Kim,MIR,Meia,6,2.91,0.0,0.43,4,0.0,False,False,CFC,-0.791,armadilha_leve,0.855,0.43,0.5,46.5,neutro,1.78,0.625,-31.8,1.067,1.427,1.212,0.909,0.375,0.291,
148124,Vinicius,CHA,Zagueiro,5,1.63,0.0,0.1,2,0.0,False,False,COR,1.063,valor_bom,1.351,0.1,0.25,42.4,neutro,1.86,0.95,-37.9,1.536,0.98,0.769,1.0,0.4,0.106,0.489
148152,Ararat,CFC,Meia,6,4.0,0.0,0.0,0,0.0,False,True,MIR,-2.861,armadilha_forte,0.0,0.0,0.0,73.1,neutro,1.84,0.65,31.8,1.212,0.909,1.067,1.427,0.8,0.427,
146430,Justino,BOT,Zagueiro,7,3.34,-0.59,2.75,10,0.7,True,True,PAL,0.492,neutro,2.267,1.85,1.0,32.4,neutro,3.23,0.05,-15.6,0.519,0.96,1.222,1.19,0.175,0.289,0.496
99815,Arias,PAL,Meia,5,14.45,0.0,7.52,19,0.0,False,False,BOT,1.545,valor_oculto,6.507,5.68,1.0,71.7,favoravel_visitante,3.13,0.95,15.6,1.222,1.19,0.519,0.96,0.575,0.43,0.496
108162,Nardoni,GRE,Meia,5,5.95,0.0,1.93,14,0.0,False,False,VIT,-0.482,neutro,2.719,1.57,1.0,34.3,desfavoravel,2.06,0.125,-58.3,1.067,1.05,0.417,1.351,0.5,0.264,0.455
93371,Rodrigo Rodrigues,CFC,Atacante,6,3.28,0.0,-0.9,1,0.0,False,True,MIR,-1.323,armadilha_leve,0.798,0.0,0.125,70.3,neutro,2.25,0.65,31.8,1.212,0.909,1.067,1.427,0.8,0.427,
148215,Djhordney,SAO,Meia,6,0.63,-0.16,-0.17,3,-0.1,True,True,CAM,2.351,valor_oculto,0.73,0.0,0.375,38.0,neutro,1.4,0.15,27.7,0.828,1.029,1.35,0.686,0.45,0.436,0.43
97911,Lucas Silva,VIT,Atacante,6,2.8,0.0,-0.17,3,0.0,False,True,GRE,-1.011,armadilha_leve,0.688,0.0,0.375,46.9,neutro,1.59,0.55,58.3,0.417,1.351,1.067,1.05,0.2,0.457,0.455
145563,João Ananias,SAN,Zagueiro,7,3.43,0.0,2.5,6,0.0,False,False,INT,0.097,neutro,2.022,2.0,0.75,59.7,neutro,4.46,0.9,-5.6,0.988,0.667,0.769,0.806,0.675,0.231,0.496
97899,Matheus Bahia,INT,Lateral,7,7.45,-0.61,4.77,16,5.5,True,True,SAN,0.629,valor_bom,4.929,3.39,1.0,56.3,neutro,4.29,0.1,5.6,0.769,0.806,0.988,0.667,0.35,0.5,0.496
148206,Nadson,SAN,Atacante,6,1.0,0.0,0.0,0,0.0,False,False,INT,0.562,valor_bom,0.0,0.0,0.0,44.5,neutro,1.12,0.425,-5.6,0.988,0.667,0.769,0.806,0.675,0.231,0.496
104666,Moisés,SAN,Atacante,6,4.78,0.0,2.35,13,0.0,False,False,INT,-0.561,armadilha_leve,2.368,0.73,1.0,44.5,neutro,2.27,0.425,-5.6,0.988,0.667,0.769,0.806,0.675,0.231,0.496
110144,Spinelli,VAS,Atacante,7,5.75,0.0,3.05,15,0.0,False,False,FLU,-0.594,armadilha_leve,2.823,2.52,1.0,37.8,desfavoravel,2.37,0.5,-61.7,0.889,1.108,1.154,1.094,0.425,0.228,
131964,Jhoan Hernández,BOT,Lateral,6,3.69,0.0,0.0,1,0.0,False,True,PAL,-1.088,armadilha_leve,1.689,0.0,0.125,33.3,neutro,1.85,0.05,-15.6,0.519,0.96,1.222,1.19,0.175,0.289,0.496
124386,Kainã,CHA,Goleiro,6,1.0,0.0,0.0,0,0.0,False,False,COR,0.135,neutro,0.0,0.0,0.0,42.6,neutro,1.07,0.95,-37.9,1.536,0.98,0.769,1.0,0.4,0.106,0.489
141595,Gabriel Mec,GRE,Atacante,6,3.17,0.0,2.89,15,0.0,False,False,VIT,0.501,valor_bom,2.236,1.82,1.0,33.3,desfavoravel,2.02,0.125,-58.3,1.067,1.05,0.417,1.351,0.5,0.264,0.455
130393,Luiz Gustavo,BAH,Zagueiro,6,1.0,0.0,0.0,0,0.0,False,False,RBB,0.259,neutro,0.0,0.0,0.0,66.9,neutro,1.69,0.55,-2.8,1.081,0.833,0.497,0.96,0.775,0.266,
92747,Eduardo Domínguez,CAM,Técnico,7,10.4,0.16,5.45,20,6.62,True,False,SAO,-0.294,neutro,5.725,5.45,1.0,47.4,neutro,4.11,0.3,-27.7,1.35,0.686,0.828,1.029,0.8,0.263,0.43
109987,Medina,BOT,Meia,7,6.31,-0.54,3.55,15,0.0,True,True,PAL,0.689,valor_bom,3.741,3.22,1.0,23.8,neutro,3.16,0.05,-15.6,0.519,0.96,1.222,1.19,0.175,0.289,0.496
143465,Keven Samuel,FLU,Atacante,6,1.0,0.0,0.0,0,0.0,False,True,VAS,0.562,valor_bom,0.0,0.0,0.0,77.4,favoravel,1.95,0.9,61.7,1.154,1.094,0.889,1.108,0.725,0.492,
104036,Labyad,COR,Meia,5,4.52,0.0,2.05,11,0.0,False,True,CHA,-0.403,neutro,2.125,0.69,1.0,65.2,neutro,2.52,0.85,37.9,0.769,1.0,1.536,0.98,0.2,0.682,0.489
133671,Gustavo Reis,RBB,Goleiro,6,1.0,0.0,0.0,0,0.0,False,True,BAH,0.135,neutro,0.0,0.0,0.0,47.0,neutro,1.18,0.15,2.8,0.497,0.96,1.081,0.833,0.4,0.467,
126189,Tomás Pérez,CAM,Meia,7,3.99,0.53,1.66,14,4.2,True,False,SAO,-0.366,neutro,1.866,1.66,1.0,47.9,neutro,1.82,0.3,-27.7,1.35,0.686,0.828,1.029,0.8,0.263,0.43
105048,Jajá,REM,Atacante,5,8.11,0.0,5.74,20,0.0,False,True,FLA,1.516,valor_oculto,5.513,2.69,1.0,31.4,neutro,3.87,0.1,-22.6,1.167,1.19,1.2,0.914,0.175,0.183,
93368,Lucas Veríssimo,SAN,Zagueiro,3,8.78,0.15,4.1,13,5.2,True,False,INT,-0.031,neutro,4.061,2.95,1.0,59.7,neutro,4.69,0.9,-5.6,0.988,0.667,0.769,0.806,0.675,0.231,0.496
139200,Pedro Kauã,INT,Zagueiro,6,1.0,0.0,0.0,0,0.0,False,True,SAN,0.259,neutro,0.0,0.0,0.0,55.0,neutro,1.38,0.1,5.6,0.769,0.806,0.988,0.667,0.35,0.5,0.496
147545,Jefinho,GRE,Meia,6,1.46,0.0,1.5,1,0.0,False,False,VIT,1.308,valor_bom,1.115,1.5,0.125,34.3,desfavoravel,1.53,0.125,-58.3,1.067,1.05,0.417,1.351,0.5,0.264,0.455
100804,Tchamba,REM,Zagueiro,7,5.71,1.48,2.69,17,11.3,True,True,FLA,-0.498,neutro,2.689,2.04,1.0,30.0,neutro,3.74,0.0,-22.6,1.167,1.19,1.2,0.914,0.175,0.183,
124219,Millán,FLU,Zagueiro,6,3.72,-0.39,0.76,5,0.8,True,True,VAS,-1.056,armadilha_leve,1.316,0.76,0.625,77.0,neutro,2.57,0.6,61.7,1.154,1.094,0.889,1.108,0.725,0.492,
88963,Leonardo Jardim,FLA,Técnico,7,13.56,0.73,7.35,21,10.43,True,False,REM,0.566,valor_bom,7.091,7.35,1.0,74.0,favoravel_visitante,4.16,0.8,22.6,1.2,0.914,1.167,1.19,0.7,0.586,
101807,Oliva,SAN,Meia,6,7.05,0.95,3.19,15,8.2,True,False,INT,0.012,neutro,3.507,2.19,1.0,46.3,neutro,2.62,0.425,-5.6,0.988,0.667,0.769,0.806,0.675,0.231,0.496
142261,Jeferson,GRE,Atacante,6,1.0,0.0,0.0,0,0.0,False,False,VIT,0.562,valor_bom,0.0,0.0,0.0,33.3,desfavoravel,0.83,0.125,-58.3,1.067,1.05,0.417,1.351,0.5,0.264,0.455
142275,Luiz Felipe,FLA,Meia,6,1.0,0.0,0.0,0,0.0,False,False,REM,0.605,valor_bom,0.0,0.0,0.0,75.5,favoravel_visitante,1.91,0.8,22.6,1.2,0.914,1.167,1.19,0.7,0.586,
147875,Daniel Silva,FLA,Zagueiro,6,1.0,0.0,0.0,0,0.0,False,False,REM,0.259,neutro,0.0,0.0,0.0,61.2,neutro,1.54,0.55,22.6,1.2,0.914,1.167,1.19,0.7,0.586,
37457,Léo Condé,REM,Técnico,7,8.09,0.19,4.74,21,6.06,True,True,FLA,-0.17,neutro,4.803,4.74,1.0,32.3,neutro,3.92,0.1,-22.6,1.167,1.19,1.2,0.914,0.175,0.183,
121823,Kauê,COR,Goleiro,7,4.61,0.0,5.57,3,0.0,False,True,CHA,1.302,valor_bom,4.239,3.9,0.375,51.7,neutro,3.61,0.85,37.9,0.769,1.0,1.536,0.98,0.2,0.682,0.489
115537,Marcos Victor,BAH,Zagueiro,6,3.74,-0.44,2.75,4,3.0,True,False,RBB,-0.138,neutro,2.026,2.0,0.5,66.9,neutro,3.93,0.55,-2.8,1.081,0.833,0.497,0.96,0.775,0.266,
124424,Rodrigo Castillo,FLU,Atacante,6,7.87,0.0,3.86,13,0.0,False,True,VAS,0.128,neutro,4.274,1.63,1.0,77.4,favoravel,3.43,0.9,61.7,1.154,1.094,0.889,1.108,0.725,0.492,
93834,Keiller,CFC,Goleiro,6,4.0,0.0,0.0,0,0.0,False,True,MIR,-2.06,armadilha_forte,0.0,0.0,0.0,66.9,neutro,1.69,0.75,31.8,1.212,0.909,1.067,1.427,0.8,0.427,
141400,Huguinho,BOT,Meia,6,4.75,0.37,3.09,7,3.0,True,True,PAL,0.116,neutro,2.63,2.38,0.875,23.8,neutro,1.65,0.05,-15.6,0.519,0.96,1.222,1.19,0.175,0.289,0.496
147268,Anderson Pato,VIT,Atacante,5,3.12,0.0,1.38,4,0.0,False,True,GRE,-0.777,armadilha_leve,1.134,1.38,0.5,46.9,neutro,1.82,0.55,58.3,0.417,1.351,1.067,1.05,0.2,0.457,0.455
81720,Lingard,COR,Atacante,6,3.89,0.0,1.71,14,0.0,False,True,CHA,-0.426,neutro,1.96,1.35,1.0,64.3,neutro,2.45,0.85,37.9,0.769,1.0,1.536,0.98,0.2,0.682,0.489
142260,Bernardo Zortea,GRE,Meia,6,1.72,0.95,1.17,4,4.3,True,False,VIT,0.909,valor_bom,1.101,1.17,0.5,34.3,desfavoravel,1.51,0.125,-58.3,1.067,1.05,0.417,1.351,0.5,0.264,0.455
133690,Bruno Lopes,VAS,Atacante,6,1.57,0.0,1.7,1,0.0,False,False,FLU,0.93,valor_bom,1.087,1.7,0.125,37.8,desfavoravel,1.6,0.5,-61.7,0.889,1.108,1.154,1.094,0.425,0.228,
129661,Wendel,BAH,Meia,6,1.0,0.0,0.0,0,0.0,False,False,RBB,0.605,valor_bom,0.0,0.0,0.0,49.0,neutro,1.23,0.35,-2.8,1.081,0.833,0.497,0.96,0.775,0.266,
145659,Nicolas,SAO,Lateral,6,2.79,0.0,5.0,1,0.0,False,True,CAM,0.526,valor_bom,2.244,2.0,0.125,52.2,neutro,2.64,0.6,27.7,0.828,1.029,1.35,0.686,0.45,0.436,0.43
141594,Pedro Gabriel,GRE,Lateral,6,4.42,-0.67,3.22,12,-0.3,True,False,VIT,0.414,neutro,3.32,1.8,1.0,44.8,neutro,2.69,0.7,-58.3,1.067,1.05,0.417,1.351,0.5,0.264,0.455
140726,David Martins,BAH,Meia,6,0.65,0.0,-0.1,3,0.0,False,False,RBB,2.33,valor_oculto,0.749,0.0,0.375,49.0,neutro,1.68,0.35,-2.8,1.081,0.833,0.497,0.96,0.775,0.266,
84268,Georgemy,MIR,Goleiro,6,3.0,0.0,0.0,0,0.0,False,False,CFC,-1.525,armadilha_forte,0.0,0.0,0.0,22.7,desfavoravel,0.56,0.8,-31.8,1.067,1.427,1.212,0.909,0.375,0.291,
148125,Ryan Augusto,RBB,Lateral,6,3.78,0.0,3.7,5,0.0,False,True,BAH,0.001,neutro,2.592,3.1,0.625,47.9,neutro,2.56,0.15,2.8,0.497,0.96,1.081,0.833,0.4,0.467,
95131,Gabriel Taliari,REM,Atacante,7,8.58,0.22,4.87,13,3.3,True,True,FLA,0.59,valor_bom,4.899,2.41,1.0,31.4,neutro,2.91,0.1,-22.6,1.167,1.19,1.2,0.914,0.175,0.183,
141752,Caio Valle,BOT,Meia,6,1.0,0.0,0.0,0,0.0,False,True,PAL,0.605,valor_bom,0.0,0.0,0.0,23.8,neutro,0.59,0.05,-15.6,0.519,0.96,1.222,1.19,0.175,0.289,0.496
107256,Zé Vitor,VIT,Meia,7,6.25,0.0,4.35,14,0.0,False,True,GRE,1.411,valor_bom,4.259,3.99,1.0,48.2,neutro,3.14,0.55,58.3,0.417,1.351,1.067,1.05,0.2,0.457,0.455
42411,Cuca,SAN,Técnico,7,10.43,-0.11,6.13,16,7.44,True,False,INT,1.018,valor_bom,6.224,6.13,1.0,45.8,neutro,4.7,0.425,-5.6,0.988,0.667,0.769,0.806,0.675,0.231,0.496
130232,Caio Roque,BOT,Lateral,6,5.72,0.0,4.0,3,0.0,False,True,PAL,-0.108,neutro,3.615,2.33,0.375,33.3,neutro,2.9,0.05,-15.6,0.519,0.96,1.222,1.19,0.175,0.289,0.496
141184,Walace Falcão,VAS,Zagueiro,6,1.0,0.0,0.0,0,0.0,False,False,FLU,0.259,neutro,0.0,0.0,0.0,20.6,desfavoravel,0.51,0.125,-61.7,0.889,1.108,1.154,1.094,0.425,0.228,
110605,Vinícius Balieiro,CHA,Meia,6,3.62,0.0,1.84,5,0.0,False,False,COR,0.208,neutro,2.078,1.84,0.625,43.7,neutro,2.22,0.25,-37.9,1.536,0.98,0.769,1.0,0.4,0.106,0.489
127273,Artur Jorge,CRU,Técnico,7,11.51,-0.21,6.35,17,5.26,True,True,CAP,0.372,neutro,6.37,6.35,1.0,56.6,neutro,3.45,0.3,9.2,1.286,0.833,1.216,1.2,0.7,0.521,0.454
103347,Matheus Alexandre,REM,Lateral,6,4.19,0.0,1.92,11,0.0,False,True,FLA,-1.225,armadilha_leve,1.912,1.1,1.0,31.0,neutro,1.76,0.0,-22.6,1.167,1.19,1.2,0.914,0.175,0.183,
142257,Luis Eduardo,GRE,Zagueiro,6,1.45,0.0,-0.3,2,0.0,False,False,VIT,1.209,valor_bom,1.271,0.0,0.25,43.7,neutro,1.84,0.7,-58.3,1.067,1.05,0.417,1.351,0.5,0.264,0.455
147192,Claudinho,CAP,Lateral,5,7.84,0.0,7.52,6,0.0,False,False,CRU,2.11,valor_oculto,6.221,5.19,0.75,37.6,desfavoravel,5.45,0.4,-9.2,1.216,1.2,1.286,0.833,0.7,0.206,0.454
102877,Gabriel Poveda,REM,Atacante,6,2.54,-0.14,0.61,12,0.0,True,True,FLA,-0.648,armadilha_leve,0.77,0.61,1.0,31.4,neutro,1.78,0.1,-22.6,1.167,1.19,1.2,0.914,0.175,0.183,
143153,Tarzia,VIT,Atacante,6,3.34,-0.34,2.91,18,-1.1,True,True,GRE,0.458,neutro,2.325,1.74,1.0,46.9,neutro,2.29,0.55,58.3,0.417,1.351,1.067,1.05,0.2,0.457,0.455
143252,Gean,VIT,Lateral,6,1.0,0.0,0.0,0,0.0,False,True,GRE,0.31,neutro,0.0,0.0,0.0,61.1,favoravel,1.54,0.95,58.3,0.417,1.351,1.067,1.05,0.2,0.457,0.455
97905,Matheus Aurélio,CHA,Goleiro,6,2.61,0.0,1.7,2,0.0,False,False,COR,1.58,valor_oculto,3.332,1.7,0.25,42.6,neutro,2.44,0.95,-37.9,1.536,0.98,0.769,1.0,0.4,0.106,0.489
147560,Caio Suassuna,BAH,Atacante,6,2.64,0.0,2.0,1,0.0,False,False,RBB,-0.331,neutro,1.12,2.0,0.125,47.0,neutro,1.85,0.35,-2.8,1.081,0.833,0.497,0.96,0.775,0.266,
123005,Sidney,BAH,Meia,6,1.0,0.0,0.0,0,0.0,False,False,RBB,0.605,valor_bom,0.0,0.0,0.0,49.0,neutro,1.23,0.35,-2.8,1.081,0.833,0.497,0.96,0.775,0.266,
147850,Rodrigo Bellão,BOT,Técnico,7,10.21,-1.01,5.5,4,2.57,True,True,PAL,-1.287,armadilha_leve,5.284,5.5,0.5,24.1,neutro,3.63,0.05,-15.6,0.519,0.96,1.222,1.19,0.175,0.289,0.496
149715,Rafael Gonzaga,SAN,Lateral,6,2.79,0.0,2.4,1,0.0,False,False,INT,0.153,neutro,1.956,2.4,0.125,61.0,neutro,2.68,0.9,-5.6,0.988,0.667,0.769,0.806,0.675,0.231,0.496
121811,Da Silva,CHA,Meia,6,3.0,0.0,0.0,0,0.0,False,False,COR,-2.017,armadilha_forte,0.0,0.0,0.0,43.7,neutro,1.1,0.25,-37.9,1.536,0.98,0.769,1.0,0.4,0.106,0.489
101820,Mayk,REM,Lateral,5,5.75,0.0,3.27,14,0.0,False,True,FLA,-0.479,neutro,3.343,2.27,1.0,31.0,neutro,3.06,0.0,-22.6,1.167,1.19,1.2,0.914,0.175,0.183,
130209,Renê,VIT,Atacante,6,8.1,-0.56,5.84,16,1.5,True,True,GRE,1.555,valor_oculto,5.542,3.03,1.0,46.9,neutro,2.72,0.55,58.3,0.417,1.351,1.067,1.05,0.2,0.457,0.455
123016,David Braga,REM,Meia,6,2.88,0.23,1.05,11,1.7,True,True,FLA,-0.493,neutro,1.057,1.05,1.0,32.3,neutro,1.63,0.1,-22.6,1.167,1.19,1.2,0.914,0.175,0.183,
130282,Anthony,BOT,Zagueiro,6,3.0,0.0,0.0,0,0.0,False,True,PAL,-2.198,armadilha_forte,0.0,0.0,0.0,32.4,neutro,0.81,0.05,-15.6,0.519,0.96,1.222,1.19,0.175,0.289,0.496
141405,Avellar,VAS,Lateral,6,2.8,0.0,3.45,2,0.0,False,False,FLU,0.471,neutro,2.21,3.45,0.25,21.4,desfavoravel,1.86,0.125,-61.7,0.889,1.108,1.154,1.094,0.425,0.228,
94034,Kevin Ramírez,CHA,Atacante,6,4.21,0.0,3.18,5,0.0,False,False,COR,0.224,neutro,2.698,2.18,0.625,42.0,neutro,2.2,0.25,-37.9,1.536,0.98,0.769,1.0,0.4,0.106,0.489
148717,Tetê,SAO,Atacante,6,0.65,0.0,-0.4,4,0.0,False,True,CAM,1.929,valor_oculto,0.54,0.0,0.5,37.2,neutro,1.28,0.15,27.7,0.828,1.029,1.35,0.686,0.45,0.436,0.43
149991,David,CFC,Atacante,6,0.92,0.0,0.0,1,0.0,False,True,MIR,1.793,valor_oculto,0.898,0.0,0.125,70.3,favoravel,2.3,0.65,31.8,1.212,0.909,1.067,1.427,0.8,0.427,
124264,Kauan Jesus,INT,Goleiro,6,1.0,0.0,0.0,0,0.0,False,True,SAN,0.135,neutro,0.0,0.0,0.0,55.2,neutro,1.39,0.1,5.6,0.769,0.806,0.988,0.667,0.35,0.5,0.496
147089,Cauã Soares,CAM,Atacante,6,1.39,0.15,0.73,6,1.2,True,False,SAO,0.965,valor_bom,0.89,0.73,0.75,46.1,neutro,1.66,0.3,-27.7,1.35,0.686,0.828,1.029,0.8,0.263,0.43
130309,Rodrigo Falcão,SAN,Goleiro,6,1.0,0.0,0.0,0,0.0,False,False,INT,0.135,neutro,0.0,0.0,0.0,59.9,neutro,1.51,0.9,-5.6,0.988,0.667,0.769,0.806,0.675,0.231,0.496
149994,Jhuan Nunes,RBB,Atacante,6,1.83,0.0,2.3,1,0.0,False,True,BAH,0.65,valor_bom,1.154,2.3,0.125,36.7,neutro,1.61,0.4,2.8,0.497,0.96,1.081,0.833,0.4,0.467,
141795,Kauan Coutinho,VIT,Zagueiro,6,1.0,0.0,0.0,0,0.0,False,True,GRE,0.259,neutro,0.0,0.0,0.0,59.8,neutro,1.51,0.95,58.3,0.417,1.351,1.067,1.05,0.2,0.457,0.455
149993,Iago Machado,COR,Zagueiro,6,1.0,0.0,0.0,0,0.0,False,True,CHA,0.259,neutro,0.0,0.0,0.0,51.5,neutro,1.3,0.85,37.9,0.769,1.0,1.536,0.98,0.2,0.682,0.489
130233,Iuri,BAH,Goleiro,6,1.0,0.0,0.0,0,0.0,False,False,RBB,0.135,neutro,0.0,0.0,0.0,67.0,neutro,1.69,0.55,-2.8,1.081,0.833,0.497,0.96,0.775,0.266,
151289,Kelvin,CRU,Zagueiro,6,1.0,0.0,0.0,0,0.0,False,True,CAP,0.259,neutro,0.0,0.0,0.0,55.1,neutro,1.39,0.375,9.2,1.286,0.833,1.216,1.2,0.7,0.521,0.454
85465,Alex Santana,COR,Meia,6,4.02,0.0,0.8,1,0.0,False,True,CHA,-0.118,neutro,2.069,0.8,0.125,65.2,neutro,2.85,0.85,37.9,0.769,1.0,1.536,0.98,0.2,0.682,0.489
150197,Osorio,SAO,Zagueiro,6,2.24,0.0,2.32,5,0.0,False,True,CAM,1.066,valor_bom,1.916,1.32,0.625,51.1,neutro,4.06,0.6,27.7,0.828,1.029,1.35,0.686,0.45,0.436,0.43
130399,Igor Felisberto,SAO,Lateral,6,1.0,0.0,0.0,0,0.0,False,True,CAM,0.31,neutro,0.0,0.0,0.0,52.2,neutro,1.31,0.6,27.7,0.828,1.029,1.35,0.686,0.45,0.436,0.43
