{
  "status": "ok",
  "n_rodadas": 6,
  "n_registros": 262,
  "coefs": {
    "intercept": 0.3252619181631446,
    "bayes": 0.11060654018559019,
    "score_ratio": 1.2134315360971621,
    "conf": -0.35218622357777063,
    "interacao": -0.21243089124212108,
    "forma_media_3r": 0.42536532599756255,
    "forma_jogou_3r": 0.9383497911121834,
    "forma_tendencia": -0.1930654012565626
  },
  "metricas": {
    "mae_heuristica": 2.823,
    "mae_modelo_cv": 2.447,
    "mae_modelo_in": 2.335,
    "r2_modelo_in": 0.105,
    "ganho_pct_cv": 13.3
  },
  "hiperparams": {
    "ridge_lambda": 1.0,
    "recency_decay": 0.9
  },
  "atualizado_em": "2026-05-18 13:21 BRT"
}