{
  "status": "ok",
  "n_rodadas": 8,
  "n_registros": 359,
  "coefs": {
    "intercept": -0.0042208742538438265,
    "bayes": 0.4892216161759614,
    "score_ratio": 1.466322560183301,
    "conf": -0.36099497129448793,
    "interacao": -0.4454095411787425,
    "forma_media_3r": 0.36019114511153666,
    "forma_jogou_3r": 0.4837617576789346,
    "forma_tendencia": -0.19295309299984548
  },
  "metricas": {
    "mae_heuristica": 2.897,
    "mae_modelo_cv": 2.452,
    "mae_modelo_in": 2.346,
    "r2_modelo_in": 0.097,
    "ganho_pct_cv": 15.4
  },
  "hiperparams": {
    "ridge_lambda": 1.0,
    "recency_decay": 0.9
  },
  "atualizado_em": "2026-06-20 03:35 BRT"
}