{
  "status": "ok",
  "n_rodadas": 9,
  "n_registros": 389,
  "coefs": {
    "intercept": -1.0173676348336167,
    "bayes": 0.4744634881420393,
    "score_ratio": 2.0073281218056764,
    "conf": 0.6490768589968534,
    "interacao": -0.5546754819183307,
    "forma_media_3r": 0.3655774876897395,
    "forma_jogou_3r": 0.5506929647143892,
    "forma_tendencia": -0.20345958013335005
  },
  "metricas": {
    "mae_heuristica": 2.93,
    "mae_modelo_cv": 2.495,
    "mae_modelo_in": 2.403,
    "r2_modelo_in": 0.087,
    "ganho_pct_cv": 14.8
  },
  "hiperparams": {
    "ridge_lambda": 1.0,
    "recency_decay": 0.9
  },
  "atualizado_em": "2026-07-23 01:54 BRT"
}