atleta_id,nome,clube,posicao,status_id,preco,variacao,media,jogos,pontos_rodada,entrou_em_campo,mandante,adversario,residuo_z,armadilha_label,media_bayesiana,pb_media,confiabilidade,score_confronto_100,condicao_mando,pontos_esperados,oportunidade_confronto,vantagem_mando,time_momentum_of,time_momentum_def,adv_momentum_of,adv_momentum_def,forma_score_time,prob_vitoria,prob_gols
123689,Milans,COR,Lateral,6,8.55,0.59,5.28,5,6.5,True,False,RBB,0.621,valor_bom,5.212,3.48,0.625,47.5,neutro,3.76,0.325,-20.0,1.527,0.42,1.385,0.4,0.725,0.0,
71536,Luiz Gustavo,CAP,Meia,6,6.43,0.0,3.55,13,0.0,False,False,SAN,0.745,valor_bom,3.75,2.78,1.0,65.1,neutro,2.63,0.825,-17.8,1.05,0.442,1.103,1.333,0.85,0.0,
146374,Gilberto Junior,CAP,Lateral,6,6.14,0.0,4.62,6,0.0,False,False,SAN,0.178,neutro,3.887,3.62,0.75,50.8,neutro,3.09,0.475,-17.8,1.05,0.442,1.103,1.333,0.85,0.0,
107859,Fintelman,VIT,Goleiro,6,2.0,0.0,0.0,0,0.0,False,False,FLA,-0.743,armadilha_leve,0.0,0.0,0.0,27.8,desfavoravel,-0.2,0.025,-54.6,0.382,1.219,0.973,1.111,0.25,0.0,
110598,Marino Hinestroza,VAS,Atacante,6,5.76,0.0,1.93,8,0.0,False,False,BAH,-1.434,armadilha_leve,2.032,1.93,1.0,22.5,desfavoravel,1.27,0.425,-36.7,0.348,1.29,0.869,0.504,0.15,0.0,
68952,Marinho,VIT,Atacante,6,4.73,0.0,1.75,6,0.0,False,False,FLA,-0.897,armadilha_leve,1.969,1.75,0.75,23.8,desfavoravel,1.21,0.275,-54.6,0.382,1.219,0.973,1.111,0.25,0.0,
90370,Matheus Pereira,COR,Meia,6,3.6,0.37,1.04,13,2.6,True,False,RBB,-0.509,armadilha_leve,1.41,1.04,1.0,49.2,neutro,1.92,0.35,-20.0,1.527,0.42,1.385,0.4,0.725,0.0,
95362,Cassierra,CAM,Atacante,7,5.78,0.0,2.33,16,0.0,False,False,REM,-1.168,armadilha_leve,2.265,1.02,1.0,54.8,neutro,3.51,0.55,-6.9,1.12,0.64,0.875,0.865,0.725,0.0,
86859,José Welison,REM,Meia,7,4.04,0.0,2.65,17,0.0,False,True,CAM,0.445,neutro,2.445,2.65,1.0,36.5,neutro,2.44,0.15,6.9,0.875,0.865,1.12,0.64,0.4,0.0,
140496,Tiaguinho,GRE,Meia,6,0.93,0.0,0.0,1,0.0,False,True,SAO,1.686,valor_oculto,0.851,0.0,0.125,57.4,neutro,1.81,0.35,32.7,1.273,1.385,0.64,1.217,0.35,0.0,
142265,Dell,BAH,Atacante,6,1.82,0.0,0.65,4,0.0,False,True,VAS,0.249,neutro,0.724,0.65,0.5,69.9,favoravel,2.39,0.85,36.7,0.869,0.504,0.348,1.29,0.625,0.0,
114308,Cufré,REM,Lateral,6,3.45,0.0,-0.3,1,0.0,False,True,CAM,-0.617,armadilha_leve,1.666,0.0,0.125,50.5,neutro,2.04,0.55,6.9,0.875,0.865,1.12,0.64,0.4,0.0,
113125,Picco,REM,Meia,7,8.25,1.97,3.76,18,15.7,True,True,CAM,0.15,neutro,3.857,3.2,1.0,36.5,neutro,6.23,0.15,6.9,0.875,0.865,1.12,0.64,0.4,0.0,
110633,Gustavo,CFC,Meia,6,3.3,0.0,0.9,4,0.0,False,True,CHA,-0.007,neutro,1.64,0.9,0.5,54.8,neutro,2.21,0.725,30.0,0.672,1.35,0.632,1.073,0.225,0.0,
141628,Pablo Lúcio,FLA,Meia,6,2.0,0.0,0.0,0,0.0,False,True,VIT,-0.806,armadilha_leve,0.0,0.0,0.0,76.1,neutro,2.05,1.0,54.6,0.973,1.111,0.382,1.219,0.625,0.0,
105842,Edu,VIT,Zagueiro,5,4.13,0.0,1.5,1,0.0,False,False,FLA,0.348,neutro,2.429,1.5,0.125,26.8,desfavoravel,1.49,0.025,-54.6,0.382,1.219,0.973,1.111,0.25,0.0,
145404,Arthur,PAL,Lateral,6,4.22,0.0,4.16,14,0.0,False,True,INT,1.275,valor_bom,3.861,2.87,1.0,71.8,favoravel,3.37,0.55,43.4,1.326,0.787,0.548,1.556,0.75,0.0,
145436,Belé,PAL,Atacante,6,3.0,0.0,0.0,0,0.0,False,True,INT,-1.903,armadilha_forte,0.0,0.0,0.0,75.8,neutro,2.03,0.6,43.4,1.326,0.787,0.548,1.556,0.75,0.0,
99789,Brenner,VAS,Atacante,7,7.07,0.0,2.98,13,0.0,False,False,BAH,-0.133,neutro,3.681,2.36,1.0,22.5,desfavoravel,1.74,0.425,-36.7,0.348,1.29,0.869,0.504,0.15,0.0,
146623,Luis Pacheco,PAL,Meia,6,1.98,0.0,0.0,3,0.0,False,True,INT,0.062,neutro,0.697,0.0,0.375,74.4,favoravel,2.55,0.6,43.4,1.326,0.787,0.548,1.556,0.75,0.0,
141551,Índio,CAM,Meia,5,1.0,0.0,0.0,0,0.0,False,False,REM,0.535,valor_bom,0.0,0.0,0.0,54.7,neutro,1.05,0.55,-6.9,1.12,0.64,0.875,0.865,0.725,0.0,
147088,Cissé,CAM,Meia,6,2.42,0.0,1.75,10,0.0,False,False,REM,0.457,neutro,1.398,1.25,1.0,54.7,neutro,2.15,0.55,-6.9,1.12,0.64,0.875,0.865,0.725,0.0,
107075,Yuri Sena,VIT,Goleiro,6,1.0,0.0,0.0,0,0.0,False,False,FLA,0.335,neutro,0.0,0.0,0.0,27.8,desfavoravel,-0.2,0.025,-54.6,0.382,1.219,0.973,1.111,0.25,0.0,
101729,Fabinho,CFC,Atacante,5,1.43,0.0,-0.03,7,0.0,False,True,CHA,0.406,neutro,0.392,0.0,0.875,55.0,neutro,1.73,0.725,30.0,0.672,1.35,0.632,1.073,0.225,0.0,
130608,Riquelme Fillipi,PAL,Atacante,6,1.46,0.0,1.37,3,0.0,False,True,INT,0.995,valor_bom,0.927,1.37,0.375,75.8,favoravel,2.73,0.6,43.4,1.326,0.787,0.548,1.556,0.75,0.0,
130906,Riquelme,CAP,Meia,6,0.91,0.0,0.58,4,0.0,False,False,SAN,1.698,valor_oculto,0.832,0.58,0.5,65.1,neutro,2.24,0.825,-17.8,1.05,0.442,1.103,1.333,0.85,0.0,
104134,Fabri,VIT,Atacante,6,5.27,0.0,2.66,7,0.0,False,False,FLA,-0.744,armadilha_leve,2.379,1.95,0.875,23.8,desfavoravel,1.48,0.275,-54.6,0.382,1.219,0.973,1.111,0.25,0.0,
87552,Vitor Bueno,REM,Meia,6,6.64,-0.33,3.31,14,0.0,True,True,CAM,0.457,neutro,3.588,1.88,1.0,36.5,neutro,1.9,0.15,6.9,0.875,0.865,1.12,0.64,0.4,0.0,
51413,Walter,MIR,Goleiro,7,5.17,0.0,2.76,17,0.0,False,False,CRU,0.329,neutro,3.18,2.47,1.0,45.6,neutro,4.04,0.6,-30.0,1.043,0.593,0.933,0.56,0.725,0.0,
146632,Alisson,INT,Lateral,6,1.0,0.0,0.0,0,0.0,False,False,PAL,0.386,neutro,0.0,0.0,0.0,20.8,desfavoravel,-0.52,0.15,-43.4,0.548,1.556,1.326,0.787,0.15,0.0,
118844,Kaio César,COR,Atacante,7,10.4,-1.02,6.77,9,2.8,True,False,RBB,1.166,valor_bom,5.853,4.44,1.0,48.9,neutro,3.65,0.35,-20.0,1.527,0.42,1.385,0.4,0.725,0.0,
124270,Allex,INT,Meia,6,2.38,0.0,1.55,8,0.0,False,False,PAL,0.321,neutro,1.254,1.55,1.0,23.2,desfavoravel,1.32,0.2,-43.4,0.548,1.556,1.326,0.787,0.15,0.0,
147202,João Bezerra,INT,Atacante,6,1.38,0.0,1.2,1,0.0,False,False,PAL,0.979,valor_bom,0.81,1.2,0.125,21.1,desfavoravel,0.12,0.2,-43.4,0.548,1.556,1.326,0.787,0.15,0.0,
142638,João Victor,INT,Atacante,5,1.0,0.0,0.0,0,0.0,False,False,PAL,0.661,valor_bom,0.0,0.0,0.0,21.1,desfavoravel,-0.51,0.2,-43.4,0.548,1.556,1.326,0.787,0.15,0.0,
145036,Fernando Pradella,SAN,Atacante,6,0.82,0.0,0.0,1,0.0,False,True,CAP,1.814,valor_oculto,0.677,0.0,0.125,42.9,neutro,1.03,0.3,17.8,1.103,1.333,1.05,0.442,0.35,0.0,
101715,Alerrandro,INT,Atacante,2,6.33,-0.65,3.61,20,0.0,True,False,PAL,0.55,valor_bom,3.956,1.66,1.0,21.1,desfavoravel,2.47,0.2,-43.4,0.548,1.556,1.326,0.787,0.15,0.0,
94930,Lucas Paquetá,FLA,Meia,2,14.86,0.0,6.46,11,0.0,False,True,VIT,0.308,neutro,5.456,5.1,1.0,76.1,favoravel,3.8,1.0,54.6,0.973,1.111,0.382,1.219,0.625,0.0,
129666,JP,VAS,Meia,6,1.41,0.0,0.95,2,0.0,False,False,BAH,1.079,valor_bom,0.956,0.95,0.25,24.5,desfavoravel,0.43,0.425,-36.7,0.348,1.29,0.869,0.504,0.15,0.0,
142086,Kauan Toledo,BOT,Atacante,6,1.79,0.0,1.38,4,0.0,False,True,FLU,0.577,valor_bom,0.967,1.38,0.5,45.3,neutro,1.59,0.45,22.3,0.588,0.5,0.42,0.672,0.675,0.0,
141406,Andrey Fernandes,VAS,Atacante,6,1.41,0.0,1.7,1,0.0,False,False,BAH,0.999,valor_bom,0.866,1.7,0.125,22.5,desfavoravel,0.22,0.425,-36.7,0.348,1.29,0.869,0.504,0.15,0.0,
147788,Arthur Izaque,BOT,Atacante,6,1.0,0.0,0.0,0,0.0,False,True,FLU,0.661,valor_bom,0.0,0.0,0.0,45.3,neutro,0.61,0.45,22.3,0.588,0.5,0.42,0.672,0.675,0.0,
90608,Chico da Costa,CRU,Atacante,6,3.81,0.0,1.24,7,0.0,False,True,MIR,-0.548,armadilha_leve,1.717,0.53,0.875,57.5,neutro,2.34,0.65,30.0,0.933,0.56,1.043,0.593,0.675,0.0,
147883,João Vitor,VAS,Atacante,6,3.49,0.0,3.13,4,0.0,False,False,BAH,0.595,valor_bom,2.466,3.13,0.5,22.5,desfavoravel,1.4,0.425,-36.7,0.348,1.29,0.869,0.504,0.15,0.0,
130698,Kadu,BOT,Lateral,6,1.0,0.0,0.0,0,0.0,False,True,FLU,0.386,neutro,0.0,0.0,0.0,68.8,favoravel,1.71,0.275,22.3,0.588,0.5,0.42,0.672,0.675,0.0,
147782,Arthur Novaes,BOT,Meia,6,1.0,0.0,0.0,0,0.0,False,True,FLU,0.535,valor_bom,0.0,0.0,0.0,45.8,neutro,0.64,0.45,22.3,0.588,0.5,0.42,0.672,0.675,0.0,
123738,Herrera,RBB,Atacante,7,5.69,0.0,2.59,15,0.0,False,True,COR,-0.922,armadilha_leve,2.431,2.06,1.0,50.7,neutro,2.37,0.25,20.0,1.385,0.4,1.527,0.42,0.725,0.0,
112939,Catarozzi,REM,Meia,6,5.41,0.0,0.9,1,0.0,False,True,CAM,-1.028,armadilha_leve,1.887,0.9,0.125,36.5,neutro,1.55,0.15,6.9,0.875,0.865,1.12,0.64,0.4,0.0,
116065,Cuiabano,VAS,Lateral,7,12.2,0.0,7.17,12,0.0,False,False,BAH,0.758,valor_bom,6.37,5.0,1.0,31.2,desfavoravel,2.83,0.475,-36.7,0.348,1.29,0.869,0.504,0.15,0.0,
141991,Tico,REM,Atacante,6,1.1,0.0,0.5,1,0.0,False,True,CAM,1.349,valor_bom,0.732,0.5,0.125,35.4,neutro,0.72,0.15,6.9,0.875,0.865,1.12,0.64,0.4,0.0,
108131,Garcez,CHA,Atacante,5,3.12,0.0,1.22,8,0.0,False,False,CFC,-0.837,armadilha_leve,0.991,1.22,1.0,45.8,neutro,1.62,0.725,-30.0,0.632,1.073,0.672,1.35,0.15,0.0,
127969,Matheus Reis,FLU,Atacante,5,1.0,0.0,0.0,0,0.0,False,False,BOT,0.661,valor_bom,0.0,0.0,0.0,44.1,neutro,0.56,0.925,-22.3,0.42,0.672,0.588,0.5,0.45,0.0,
148103,Rafael Soares,REM,Meia,6,1.0,0.0,0.0,0,0.0,False,True,CAM,0.535,valor_bom,0.0,0.0,0.0,36.5,neutro,0.21,0.15,6.9,0.875,0.865,1.12,0.64,0.4,0.0,
147546,Roger,GRE,Meia,6,1.5,0.0,1.2,2,0.0,False,True,SAO,1.018,valor_bom,1.006,1.2,0.25,57.4,neutro,1.94,0.35,32.7,1.273,1.385,0.64,1.217,0.35,0.0,
146410,Marquinhos,BOT,Meia,6,0.85,0.0,0.0,1,0.0,False,True,FLU,1.826,valor_oculto,0.851,0.0,0.125,45.8,neutro,1.28,0.45,22.3,0.588,0.5,0.42,0.672,0.675,0.0,
130438,Diego,INT,Goleiro,6,1.0,0.0,0.0,0,0.0,False,False,PAL,0.335,neutro,0.0,0.0,0.0,21.7,desfavoravel,-0.48,0.15,-43.4,0.548,1.556,1.326,0.787,0.15,0.0,
99815,Arias,PAL,Meia,7,16.5,-0.08,7.99,16,17.7,True,True,INT,1.474,valor_bom,6.685,6.12,1.0,74.4,favoravel,2.79,0.6,43.4,1.326,0.787,0.548,1.556,0.75,0.0,
148109,Filipe Lima,REM,Atacante,6,1.0,0.0,0.0,0,0.0,False,True,CAM,0.661,valor_bom,0.0,0.0,0.0,35.4,neutro,0.15,0.15,6.9,0.875,0.865,1.12,0.64,0.4,0.0,
141126,Pedro Cobra,CAM,Goleiro,6,1.0,0.0,0.0,0,0.0,False,False,REM,0.335,neutro,0.0,0.0,0.0,52.9,neutro,0.97,0.725,-6.9,1.12,0.64,0.875,0.865,0.725,0.0,
82407,Chico Kim,MIR,Meia,6,2.91,-0.48,0.43,4,0.0,True,False,CRU,-0.734,armadilha_leve,0.782,0.43,0.5,48.8,neutro,1.69,0.625,-30.0,1.043,0.593,0.933,0.56,0.725,0.0,
143463,Wesley Natã,FLU,Atacante,6,0.8,0.0,-0.3,1,0.0,False,False,BOT,1.814,valor_oculto,0.643,0.0,0.125,44.1,neutro,1.06,0.925,-22.3,0.42,0.672,0.588,0.5,0.45,0.0,
141165,Enzo Vagner,CFC,Atacante,6,1.04,0.0,0.5,1,0.0,False,True,CHA,1.457,valor_bom,0.732,0.5,0.125,55.0,neutro,1.62,0.725,30.0,0.672,1.35,0.632,1.073,0.225,0.0,
148124,Vinicius,CHA,Zagueiro,5,1.63,0.0,0.1,2,0.0,False,False,CFC,1.356,valor_bom,1.428,0.1,0.25,38.0,desfavoravel,1.34,0.9,-30.0,0.632,1.073,0.672,1.35,0.15,0.0,
148152,Ararat,CFC,Meia,6,4.0,0.0,0.0,0,0.0,False,True,CHA,-2.497,armadilha_forte,0.0,0.0,0.0,54.8,neutro,1.06,0.725,30.0,0.672,1.35,0.632,1.073,0.225,0.0,
108162,Nardoni,GRE,Meia,7,6.6,0.0,2.08,12,0.0,False,True,SAO,-0.388,neutro,2.878,1.66,1.0,57.4,neutro,2.72,0.35,32.7,1.273,1.385,0.64,1.217,0.35,0.0,
97911,Lucas Silva,VIT,Atacante,6,2.8,0.0,-0.17,3,0.0,False,False,FLA,-1.112,armadilha_leve,0.507,0.0,0.375,23.8,desfavoravel,0.16,0.275,-54.6,0.382,1.219,0.973,1.111,0.25,0.0,
143173,Leonel Pérez,GRE,Meia,6,4.43,0.0,2.52,10,0.0,False,True,SAO,0.014,neutro,2.293,2.52,1.0,57.4,neutro,2.53,0.35,32.7,1.273,1.385,0.64,1.217,0.35,0.0,
148215,Djhordney,SAO,Meia,6,0.79,0.0,-0.2,2,0.0,False,False,GRE,1.784,valor_oculto,0.726,0.0,0.25,47.1,neutro,1.3,0.725,-32.7,0.64,1.217,1.273,1.385,0.225,0.0,
93371,Rodrigo Rodrigues,CFC,Atacante,6,3.28,-0.72,-0.9,1,-0.9,True,True,CHA,-0.021,neutro,1.797,0.0,0.125,55.0,neutro,2.32,0.725,30.0,0.672,1.35,0.632,1.073,0.225,0.0,
148206,Nadson,SAN,Atacante,6,1.0,0.0,0.0,0,0.0,False,True,CAP,0.661,valor_bom,0.0,0.0,0.0,42.9,neutro,0.5,0.3,17.8,1.103,1.333,1.05,0.442,0.35,0.0,
110144,Spinelli,VAS,Atacante,6,6.53,0.0,3.36,13,0.0,False,False,BAH,0.404,neutro,3.917,2.74,1.0,22.5,desfavoravel,2.33,0.425,-36.7,0.348,1.29,0.869,0.504,0.15,0.0,
146430,Justino,BOT,Zagueiro,7,5.07,0.0,3.1,7,0.0,False,True,FLU,0.255,neutro,2.804,1.81,0.875,67.2,favoravel,4.06,0.275,22.3,0.588,0.5,0.42,0.672,0.675,0.0,
97899,Matheus Bahia,INT,Lateral,7,7.21,0.51,4.08,13,5.7,True,False,PAL,0.359,neutro,4.495,3.0,1.0,20.8,desfavoravel,3.77,0.15,-43.4,0.548,1.556,1.326,0.787,0.15,0.0,
131964,Jhoan Hernández,BOT,Lateral,6,3.69,0.0,0.0,1,0.0,False,True,FLU,-0.769,armadilha_leve,1.699,0.0,0.125,68.8,neutro,2.88,0.275,22.3,0.588,0.5,0.42,0.672,0.675,0.0,
124386,Kainã,CHA,Goleiro,6,1.0,0.0,0.0,0,0.0,False,False,CFC,0.335,neutro,0.0,0.0,0.0,38.8,desfavoravel,0.31,0.9,-30.0,0.632,1.073,0.672,1.35,0.15,0.0,
105048,Jajá,REM,Atacante,7,6.74,-0.92,5.32,17,4.6,True,True,CAM,1.777,valor_oculto,5.16,2.67,1.0,35.4,neutro,4.27,0.15,6.9,0.875,0.865,1.12,0.64,0.4,0.0,
104666,Moisés,SAN,Atacante,6,4.78,0.0,2.35,13,0.0,False,True,CAP,-0.574,armadilha_leve,2.268,0.73,1.0,42.9,neutro,2.05,0.3,17.8,1.103,1.333,1.05,0.442,0.35,0.0,
145563,João Ananias,SAN,Zagueiro,7,2.9,0.0,2.2,4,0.0,False,True,CAP,0.616,valor_bom,1.907,2.2,0.5,47.4,neutro,4.19,0.75,17.8,1.103,1.333,1.05,0.442,0.35,0.0,
104036,Labyad,COR,Meia,6,4.52,0.02,2.05,11,1.1,True,False,RBB,-0.356,neutro,2.033,0.69,1.0,49.2,neutro,2.16,0.35,-20.0,1.527,0.42,1.385,0.4,0.725,0.0,
141595,Gabriel Mec,GRE,Atacante,6,4.45,0.0,2.82,14,0.0,False,True,SAO,0.003,neutro,2.571,1.68,1.0,57.7,neutro,2.63,0.35,32.7,1.273,1.385,0.64,1.217,0.35,0.0,
143465,Keven Samuel,FLU,Atacante,6,1.0,0.0,0.0,0,0.0,False,False,BOT,0.661,valor_bom,0.0,0.0,0.0,44.1,neutro,0.56,0.925,-22.3,0.42,0.672,0.588,0.5,0.45,0.0,
126189,Tomás Pérez,CAM,Meia,7,4.13,0.0,1.54,12,0.0,False,False,REM,-0.484,neutro,1.728,1.54,1.0,54.7,neutro,2.1,0.55,-6.9,1.12,0.64,0.875,0.865,0.725,0.0,
133671,Gustavo Reis,RBB,Goleiro,6,1.0,0.0,0.0,0,0.0,False,True,COR,0.335,neutro,0.0,0.0,0.0,58.2,neutro,1.21,0.55,20.0,1.385,0.4,1.527,0.42,0.725,0.0,
109987,Medina,BOT,Meia,7,6.92,0.0,3.88,11,0.0,False,True,FLU,0.791,valor_bom,3.962,3.43,1.0,45.8,neutro,3.78,0.45,22.3,0.588,0.5,0.42,0.672,0.675,0.0,
139200,Pedro Kauã,INT,Zagueiro,6,1.0,0.0,0.0,0,0.0,False,False,PAL,0.438,neutro,0.0,0.0,0.0,20.6,desfavoravel,-0.53,0.15,-43.4,0.548,1.556,1.326,0.787,0.15,0.0,
93368,Lucas Veríssimo,SAN,Zagueiro,7,8.63,0.0,4.01,12,0.0,False,True,CAP,0.112,neutro,3.919,3.01,1.0,47.4,neutro,4.58,0.75,17.8,1.103,1.333,1.05,0.442,0.35,0.0,
130393,Luiz Gustavo,BAH,Zagueiro,6,1.0,0.0,0.0,0,0.0,False,True,VAS,0.438,neutro,0.0,0.0,0.0,72.6,favoravel,1.88,0.35,36.7,0.869,0.504,0.348,1.29,0.625,0.0,
147545,Jefinho,GRE,Meia,6,1.46,0.0,1.5,1,0.0,False,True,SAO,1.086,valor_bom,1.018,1.5,0.125,57.4,neutro,1.92,0.35,32.7,1.273,1.385,0.64,1.217,0.35,0.0,
92747,Eduardo Domínguez,CAM,Técnico,7,10.51,0.0,5.27,16,0.0,False,False,REM,-0.463,neutro,5.511,5.27,1.0,54.9,neutro,3.83,0.55,-6.9,1.12,0.64,0.875,0.865,0.725,0.0,
107093,Luciano Juba,BAH,Lateral,7,11.92,1.0,7.45,17,9.2,True,True,VAS,1.228,valor_bom,6.72,3.8,1.0,74.3,favoravel,5.02,0.35,36.7,0.869,0.504,0.348,1.29,0.625,0.0,
142261,Jeferson,GRE,Atacante,6,1.0,0.0,0.0,0,0.0,False,True,SAO,0.661,valor_bom,0.0,0.0,0.0,57.7,neutro,1.19,0.35,32.7,1.273,1.385,0.64,1.217,0.35,0.0,
88963,Leonardo Jardim,FLA,Técnico,7,12.81,-0.45,6.98,17,3.2,True,True,VIT,1.328,valor_bom,6.664,6.98,1.0,76.4,favoravel,3.81,1.0,54.6,0.973,1.111,0.382,1.219,0.625,0.0,
142275,Luiz Felipe,FLA,Meia,6,1.0,0.0,0.0,0,0.0,False,True,VIT,0.535,valor_bom,0.0,0.0,0.0,76.1,favoravel,2.05,1.0,54.6,0.973,1.111,0.382,1.219,0.625,0.0,
101807,Oliva,SAN,Meia,6,6.26,0.0,3.13,12,0.0,False,True,CAP,0.528,valor_bom,3.508,2.3,1.0,43.5,neutro,2.52,0.3,17.8,1.103,1.333,1.05,0.442,0.35,0.0,
37457,Léo Condé,REM,Técnico,7,8.0,-0.76,4.77,17,3.81,True,True,CAM,0.012,neutro,4.82,4.77,1.0,36.8,neutro,4.05,0.15,6.9,0.875,0.865,1.12,0.64,0.4,0.0,
147875,Daniel Silva,FLA,Zagueiro,6,1.0,0.0,0.0,0,0.0,False,True,VIT,0.438,neutro,0.0,0.0,0.0,68.5,favoravel,1.69,0.85,54.6,0.973,1.111,0.382,1.219,0.625,0.0,
141400,Huguinho,BOT,Meia,3,5.99,0.0,5.2,4,0.0,False,True,FLU,1.797,valor_oculto,4.45,3.95,0.5,45.8,neutro,2.61,0.45,22.3,0.588,0.5,0.42,0.672,0.675,0.0,
100804,Tchamba,REM,Zagueiro,5,5.11,0.0,2.08,14,0.0,False,True,CAM,-0.494,neutro,2.249,1.65,1.0,49.4,neutro,2.28,0.55,6.9,0.875,0.865,1.12,0.64,0.4,0.0,
121823,Kauê,COR,Goleiro,6,5.52,0.0,8.7,2,0.0,False,False,RBB,1.89,valor_oculto,4.997,6.2,0.25,47.1,neutro,3.99,0.325,-20.0,1.527,0.42,1.385,0.4,0.725,0.0,
115537,Marcos Victor,BAH,Zagueiro,6,4.18,1.77,2.67,3,8.0,True,True,VAS,0.51,valor_bom,2.579,1.67,0.375,72.6,favoravel,5.16,0.35,36.7,0.869,0.504,0.348,1.29,0.625,0.0,
124424,Rodrigo Castillo,FLU,Atacante,6,6.98,0.0,3.65,12,0.0,False,False,BOT,0.429,neutro,4.119,1.23,1.0,44.1,neutro,2.87,0.925,-22.3,0.42,0.672,0.588,0.5,0.45,0.0,
124219,Millán,FLU,Zagueiro,5,4.86,0.0,1.0,3,0.0,False,False,BOT,-0.513,armadilha_leve,2.124,1.0,0.375,47.8,neutro,2.2,0.025,-22.3,0.42,0.672,0.588,0.5,0.45,0.0,
71898,Gabriel Pires,MIR,Meia,6,5.77,0.0,3.63,6,0.0,False,False,CRU,1.217,valor_bom,3.885,2.8,0.75,48.8,neutro,3.04,0.625,-30.0,1.043,0.593,0.933,0.56,0.725,0.0,
84268,Georgemy,MIR,Goleiro,6,3.0,0.0,0.0,0,0.0,False,False,CRU,-1.507,armadilha_forte,0.0,0.0,0.0,45.6,neutro,0.63,0.6,-30.0,1.043,0.593,0.933,0.56,0.725,0.0,
147268,Anderson Pato,VIT,Atacante,5,3.12,0.0,1.38,4,0.0,False,False,FLA,-0.865,armadilha_leve,0.967,1.38,0.5,23.8,desfavoravel,0.51,0.275,-54.6,0.382,1.219,0.973,1.111,0.25,0.0,
81720,Lingard,COR,Atacante,2,4.48,0.43,1.92,11,3.3,True,False,RBB,-0.683,armadilha_leve,2.01,1.47,1.0,48.9,neutro,2.14,0.35,-20.0,1.527,0.42,1.385,0.4,0.725,0.0,
142260,Bernardo Zortea,GRE,Meia,6,0.77,0.0,0.13,3,0.0,False,True,SAO,1.828,valor_oculto,0.732,0.13,0.375,57.4,neutro,1.81,0.35,32.7,1.273,1.385,0.64,1.217,0.35,0.0,
133690,Bruno Lopes,VAS,Atacante,6,1.57,0.0,1.7,1,0.0,False,False,BAH,0.761,valor_bom,0.866,1.7,0.125,22.5,desfavoravel,0.22,0.425,-36.7,0.348,1.29,0.869,0.504,0.15,0.0,
95131,Gabriel Taliari,REM,Atacante,6,8.89,0.16,5.2,9,2.8,True,True,CAM,0.706,valor_bom,5.022,2.53,1.0,35.4,neutro,2.94,0.15,6.9,0.875,0.865,1.12,0.64,0.4,0.0,
129661,Wendel,BAH,Meia,6,1.0,0.0,0.0,0,0.0,False,True,VAS,0.535,valor_bom,0.0,0.0,0.0,68.9,favoravel,1.71,0.85,36.7,0.869,0.504,0.348,1.29,0.625,0.0,
140726,David Martins,BAH,Meia,6,0.65,-0.07,-0.1,3,0.0,True,True,VAS,1.984,valor_oculto,0.669,0.0,0.375,68.9,favoravel,2.29,0.85,36.7,0.869,0.504,0.348,1.29,0.625,0.0,
110605,Vinícius Balieiro,CHA,Meia,6,3.62,0.0,1.84,5,0.0,False,False,CFC,0.126,neutro,1.945,1.84,0.625,46.3,neutro,2.03,0.725,-30.0,0.632,1.073,0.672,1.35,0.15,0.0,
145659,Nicolas,SAO,Lateral,6,2.79,0.0,5.0,1,0.0,False,False,GRE,0.622,valor_bom,2.255,2.0,0.125,30.0,desfavoravel,1.51,0.325,-32.7,0.64,1.217,1.273,1.385,0.225,0.0,
107256,Zé Vitor,VIT,Meia,7,5.38,-1.18,4.16,11,0.5,True,False,FLA,0.649,valor_bom,3.255,3.71,1.0,25.7,desfavoravel,2.04,0.275,-54.6,0.382,1.219,0.973,1.111,0.25,0.0,
148125,Ryan Augusto,RBB,Lateral,6,3.78,0.0,3.7,5,0.0,False,True,COR,0.175,neutro,2.6,3.1,0.625,59.1,neutro,2.83,0.55,20.0,1.385,0.4,1.527,0.42,0.725,0.0,
141752,Caio Valle,BOT,Meia,6,1.0,0.0,0.0,0,0.0,False,True,FLU,0.535,valor_bom,0.0,0.0,0.0,45.8,neutro,0.64,0.45,22.3,0.588,0.5,0.42,0.672,0.675,0.0,
141594,Pedro Gabriel,GRE,Lateral,6,4.7,0.0,3.52,10,0.0,False,True,SAO,0.484,neutro,3.439,1.82,1.0,57.2,neutro,2.91,0.7,32.7,1.273,1.385,0.64,1.217,0.35,0.0,
147192,Claudinho,CAP,Lateral,7,7.84,0.56,7.52,6,7.7,True,False,SAN,1.983,valor_oculto,6.177,5.19,0.75,50.8,neutro,4.7,0.475,-17.8,1.05,0.442,1.103,1.333,0.85,0.0,
130232,Caio Roque,BOT,Lateral,6,5.72,0.0,4.0,3,0.0,False,True,FLU,-0.019,neutro,3.518,2.33,0.375,68.8,neutro,3.82,0.275,22.3,0.588,0.5,0.42,0.672,0.675,0.0,
42411,Cuca,SAN,Técnico,7,10.32,0.0,5.67,12,0.0,False,True,CAP,-0.328,neutro,5.495,5.67,1.0,43.8,neutro,4.73,0.3,17.8,1.103,1.333,1.05,0.442,0.35,0.0,
141184,Walace Falcão,VAS,Zagueiro,6,1.0,0.0,0.0,0,0.0,False,False,BAH,0.438,neutro,0.0,0.0,0.0,30.6,desfavoravel,-0.07,0.475,-36.7,0.348,1.29,0.869,0.504,0.15,0.0,
142257,Luis Eduardo,GRE,Zagueiro,6,1.45,0.0,-0.3,2,0.0,False,True,SAO,1.498,valor_bom,1.348,0.0,0.25,55.9,neutro,2.08,0.7,32.7,1.273,1.385,0.64,1.217,0.35,0.0,
127273,Artur Jorge,CRU,Técnico,7,12.12,0.46,6.33,13,7.65,True,True,MIR,0.364,neutro,6.202,6.33,1.0,57.5,neutro,3.42,0.65,30.0,0.933,0.56,1.043,0.593,0.675,0.0,
101820,Mayk,REM,Lateral,7,6.03,-1.6,3.55,13,0.5,True,True,CAM,-0.236,neutro,3.469,2.47,1.0,50.5,neutro,3.18,0.55,6.9,0.875,0.865,1.12,0.64,0.4,0.0,
130209,Renê,VIT,Atacante,7,8.67,-0.55,7.01,12,0.8,True,False,FLA,2.11,valor_oculto,6.135,3.26,1.0,23.8,desfavoravel,2.74,0.275,-54.6,0.382,1.219,0.973,1.111,0.25,0.0,
143153,Tarzia,VIT,Atacante,2,4.07,0.25,3.06,14,4.5,True,False,FLA,0.451,neutro,2.723,1.56,1.0,23.8,desfavoravel,1.7,0.275,-54.6,0.382,1.219,0.973,1.111,0.25,0.0,
143252,Gean,VIT,Lateral,6,1.0,0.0,0.0,0,0.0,False,False,FLA,0.386,neutro,0.0,0.0,0.0,27.2,desfavoravel,-0.23,0.025,-54.6,0.382,1.219,0.973,1.111,0.25,0.0,
102877,Gabriel Poveda,REM,Atacante,6,2.68,-0.33,0.66,11,0.0,True,True,CAM,-0.761,armadilha_leve,0.703,0.66,1.0,35.4,neutro,1.7,0.15,6.9,0.875,0.865,1.12,0.64,0.4,0.0,
123005,Sidney,BAH,Meia,6,1.0,0.0,0.0,0,0.0,False,True,VAS,0.535,valor_bom,0.0,0.0,0.0,68.9,favoravel,1.71,0.85,36.7,0.869,0.504,0.348,1.29,0.625,0.0,
147560,Caio Suassuna,BAH,Atacante,6,2.64,0.0,2.0,1,0.0,False,True,VAS,-0.488,neutro,0.899,2.0,0.125,69.9,neutro,2.41,0.85,36.7,0.869,0.504,0.348,1.29,0.625,0.0,
121811,Da Silva,CHA,Meia,6,3.0,0.0,0.0,0,0.0,False,False,CFC,-1.758,armadilha_forte,0.0,0.0,0.0,46.3,neutro,0.66,0.725,-30.0,0.632,1.073,0.672,1.35,0.15,0.0,
97905,Matheus Aurélio,CHA,Goleiro,7,2.61,0.0,1.7,2,0.0,False,False,CFC,0.969,valor_bom,2.345,1.7,0.25,38.8,desfavoravel,1.82,0.9,-30.0,0.632,1.073,0.672,1.35,0.15,0.0,
149715,Rafael Gonzaga,SAN,Lateral,6,2.79,0.0,2.4,1,0.0,False,True,CAP,0.297,neutro,1.966,2.4,0.125,48.5,neutro,2.14,0.75,17.8,1.103,1.333,1.05,0.442,0.35,0.0,
148717,Tetê,SAO,Atacante,6,0.65,0.0,-0.4,4,0.0,False,False,GRE,1.817,valor_oculto,0.374,0.0,0.5,46.7,neutro,1.18,0.725,-32.7,0.64,1.217,1.273,1.385,0.225,0.0,
94034,Kevin Ramírez,CHA,Atacante,7,2.75,0.0,0.73,3,0.0,False,False,CFC,-0.771,armadilha_leve,0.753,0.73,0.375,45.8,neutro,1.64,0.725,-30.0,0.632,1.073,0.672,1.35,0.15,0.0,
130282,Anthony,BOT,Zagueiro,6,3.0,0.0,0.0,0,0.0,False,True,FLU,-1.967,armadilha_forte,0.0,0.0,0.0,67.2,neutro,1.63,0.275,22.3,0.588,0.5,0.42,0.672,0.675,0.0,
141405,Avellar,VAS,Lateral,6,1.49,0.0,1.5,1,0.0,False,False,BAH,1.695,valor_oculto,1.866,1.5,0.125,31.2,desfavoravel,1.3,0.475,-36.7,0.348,1.29,0.869,0.504,0.15,0.0,
123016,David Braga,REM,Meia,6,3.14,0.03,1.37,7,0.5,True,True,CAM,-0.476,neutro,1.15,1.37,0.875,36.5,neutro,1.52,0.15,6.9,0.875,0.865,1.12,0.64,0.4,0.0,
149991,David,CFC,Atacante,6,0.92,0.0,0.0,1,0.0,False,True,CHA,1.616,valor_oculto,0.677,0.0,0.125,55.0,neutro,1.58,0.725,30.0,0.672,1.35,0.632,1.073,0.225,0.0,
149994,Jhuan Nunes,RBB,Atacante,6,1.83,0.0,2.3,1,0.0,False,True,COR,0.483,neutro,0.932,2.3,0.125,50.7,neutro,1.56,0.25,20.0,1.385,0.4,1.527,0.42,0.725,0.0,
147089,Cauã Soares,CAM,Atacante,6,1.24,0.0,0.64,5,0.0,False,False,REM,1.09,valor_bom,0.715,0.64,0.625,54.8,neutro,1.76,0.55,-6.9,1.12,0.64,0.875,0.865,0.725,0.0,
149993,Iago Machado,COR,Zagueiro,6,1.0,0.0,0.0,0,0.0,False,False,RBB,0.438,neutro,0.0,0.0,0.0,46.5,neutro,0.67,0.325,-20.0,1.527,0.42,1.385,0.4,0.725,0.0,
124264,Kauan Jesus,INT,Goleiro,6,1.0,0.0,0.0,0,0.0,False,False,PAL,0.335,neutro,0.0,0.0,0.0,21.7,desfavoravel,-0.48,0.15,-43.4,0.548,1.556,1.326,0.787,0.15,0.0,
130309,Rodrigo Falcão,SAN,Goleiro,6,1.0,0.0,0.0,0,0.0,False,True,CAP,0.335,neutro,0.0,0.0,0.0,48.0,neutro,0.74,0.75,17.8,1.103,1.333,1.05,0.442,0.35,0.0,
149990,Franclim Carvalho,BOT,Técnico,7,11.82,0.0,5.32,9,0.0,False,True,FLU,-1.261,armadilha_leve,5.637,5.32,1.0,46.1,neutro,3.85,0.45,22.3,0.588,0.5,0.42,0.672,0.675,0.0,
141795,Kauan Coutinho,VIT,Zagueiro,6,1.0,0.0,0.0,0,0.0,False,False,FLA,0.438,neutro,0.0,0.0,0.0,26.8,desfavoravel,-0.25,0.025,-54.6,0.382,1.219,0.973,1.111,0.25,0.0,
132553,Jemmes,FLU,Zagueiro,5,7.38,0.0,3.63,14,0.0,False,False,BOT,0.288,neutro,3.685,2.63,1.0,47.8,neutro,2.77,0.025,-22.3,0.42,0.672,0.588,0.5,0.45,0.0,
130233,Iuri,BAH,Goleiro,6,1.0,0.0,0.0,0,0.0,False,True,VAS,0.335,neutro,0.0,0.0,0.0,72.7,favoravel,1.89,0.35,36.7,0.869,0.504,0.348,1.29,0.625,0.0,
146701,Benjamin Arhin,INT,Meia,5,1.73,0.0,-0.3,1,0.0,False,False,PAL,0.499,neutro,0.818,0.0,0.125,23.2,desfavoravel,0.22,0.2,-43.4,0.548,1.556,1.326,0.787,0.15,0.0,
150197,Osorio,SAO,Zagueiro,7,3.21,0.0,3.05,4,0.0,False,False,GRE,0.721,valor_bom,2.19,1.8,0.5,29.5,desfavoravel,1.51,0.325,-32.7,0.64,1.217,1.273,1.385,0.225,0.0,
85465,Alex Santana,COR,Meia,6,4.02,0.0,0.8,1,0.0,False,False,RBB,-0.232,neutro,1.876,0.8,0.125,49.2,neutro,2.12,0.35,-20.0,1.527,0.42,1.385,0.4,0.725,0.0,
142868,Johnny,FLA,Lateral,6,1.0,0.0,0.0,0,0.0,False,True,VIT,0.386,neutro,0.0,0.0,0.0,70.2,favoravel,1.77,0.85,54.6,0.973,1.111,0.382,1.219,0.625,0.0,
130399,Igor Felisberto,SAO,Lateral,6,1.0,0.0,0.0,0,0.0,False,False,GRE,0.386,neutro,0.0,0.0,0.0,30.0,desfavoravel,-0.1,0.325,-32.7,0.64,1.217,1.273,1.385,0.225,0.0,
132750,João Pedro,SAN,Goleiro,6,1.0,0.0,0.0,0,0.0,False,True,CAP,0.335,neutro,0.0,0.0,0.0,48.0,neutro,0.74,0.75,17.8,1.103,1.333,1.05,0.442,0.35,0.0,
143253,Wendell,VIT,Meia,6,2.0,0.0,0.0,0,0.0,False,False,FLA,-0.806,armadilha_leve,0.0,0.0,0.0,25.7,desfavoravel,-0.3,0.275,-54.6,0.382,1.219,0.973,1.111,0.25,0.0,
150825,Breno,RBB,Zagueiro,6,2.8,0.0,3.35,2,0.0,False,True,COR,0.93,valor_bom,2.078,1.85,0.25,57.8,neutro,2.61,0.55,20.0,1.385,0.4,1.527,0.42,0.725,0.0,
150757,Samuel Pierri,SAN,Meia,6,1.88,0.0,0.45,2,0.0,False,True,CAP,0.368,neutro,0.856,0.45,0.25,43.5,neutro,1.22,0.3,17.8,1.103,1.333,1.05,0.442,0.35,0.0,
150180,Ramon Rique,VAS,Meia,2,3.19,0.0,3.37,3,0.0,False,False,BAH,0.05,neutro,1.616,1.7,0.375,24.5,desfavoravel,0.91,0.425,-36.7,0.348,1.29,0.869,0.504,0.15,0.0,
150826,Nícollas,COR,Atacante,6,1.0,0.0,0.0,0,0.0,False,False,RBB,0.661,valor_bom,0.0,0.0,0.0,48.9,neutro,0.78,0.35,-20.0,1.527,0.42,1.385,0.4,0.725,0.0,
145660,Luiz Felipe,INT,Lateral,6,1.65,0.0,1.45,2,0.0,False,False,PAL,1.418,valor_bom,1.819,1.45,0.25,20.8,desfavoravel,0.84,0.15,-43.4,0.548,1.556,1.326,0.787,0.15,0.0,
129665,Pablo,VAS,Goleiro,6,1.0,0.0,0.0,0,0.0,False,False,BAH,0.335,neutro,0.0,0.0,0.0,31.5,desfavoravel,-0.03,0.475,-36.7,0.348,1.29,0.869,0.504,0.15,0.0,
141606,Hugo Leonardo,SAO,Meia,6,0.91,0.0,0.0,1,0.0,False,False,GRE,1.721,valor_oculto,0.851,0.0,0.125,47.1,neutro,1.34,0.725,-32.7,0.64,1.217,1.273,1.385,0.225,0.0,
144898,Vitinho,CAP,Lateral,6,1.0,0.0,0.0,0,0.0,False,False,SAN,0.386,neutro,0.0,0.0,0.0,50.8,neutro,0.87,0.475,-17.8,1.05,0.442,1.103,1.333,0.85,0.0,
147792,Koné,PAL,Zagueiro,6,2.0,0.0,0.0,0,0.0,False,True,INT,-0.969,armadilha_leve,0.0,0.0,0.0,70.1,neutro,1.77,0.55,43.4,1.326,0.787,0.548,1.556,0.75,0.0,
148092,Vitor Ramon,GRE,Lateral,6,1.0,0.0,0.2,1,0.0,False,True,SAO,2.321,valor_oculto,1.722,0.2,0.125,57.2,neutro,2.37,0.7,32.7,1.273,1.385,0.64,1.217,0.35,0.0,
150952,Arthur Monteiro,CAP,Lateral,6,1.0,0.0,0.0,0,0.0,False,False,SAN,0.386,neutro,0.0,0.0,0.0,50.8,neutro,0.87,0.475,-17.8,1.05,0.442,1.103,1.333,0.85,0.0,
150959,Davizinho,SAN,Lateral,6,0.81,0.0,0.0,2,0.0,False,True,CAP,2.463,valor_oculto,1.529,0.0,0.25,48.5,neutro,1.87,0.75,17.8,1.103,1.333,1.05,0.442,0.35,0.0,
147877,Cauan Farias,VIT,Zagueiro,6,1.0,0.0,0.0,0,0.0,False,False,FLA,0.438,neutro,0.0,0.0,0.0,26.8,desfavoravel,-0.25,0.025,-54.6,0.382,1.219,0.973,1.111,0.25,0.0,
141382,Gustavo Santana,SAO,Atacante,6,2.0,0.0,0.0,0,0.0,False,False,GRE,-0.839,armadilha_leve,0.0,0.0,0.0,46.7,neutro,0.68,0.725,-32.7,0.64,1.217,1.273,1.385,0.225,0.0,
130279,Lukas Zuccarello,VAS,Meia,6,2.32,0.0,1.3,1,0.0,False,False,BAH,0.067,neutro,0.996,1.3,0.125,24.5,desfavoravel,0.4,0.425,-36.7,0.348,1.29,0.869,0.504,0.15,0.0,
144255,João Alencar,SAN,Zagueiro,6,1.0,0.0,0.0,0,0.0,False,True,CAP,0.438,neutro,0.0,0.0,0.0,47.4,neutro,0.71,0.75,17.8,1.103,1.333,1.05,0.442,0.35,0.0,
148126,Weimar Palacios,RBB,Zagueiro,6,1.0,0.0,0.0,0,0.0,False,True,COR,0.438,neutro,0.0,0.0,0.0,57.8,neutro,1.2,0.55,20.0,1.385,0.4,1.527,0.42,0.725,0.0,
131766,Filipinho,RBB,Atacante,6,1.0,0.0,0.0,0,0.0,False,True,COR,0.661,valor_bom,0.0,0.0,0.0,50.7,neutro,0.87,0.25,20.0,1.385,0.4,1.527,0.42,0.725,0.0,
145703,Kaio Nóbrega,FLA,Meia,6,1.0,0.0,0.0,0,0.0,False,True,VIT,0.535,valor_bom,0.0,0.0,0.0,76.1,favoravel,2.05,1.0,54.6,0.973,1.111,0.382,1.219,0.625,0.0,
150995,Sayago,FLA,Meia,6,2.0,0.0,0.0,0,0.0,False,True,VIT,-0.806,armadilha_leve,0.0,0.0,0.0,76.1,neutro,2.05,1.0,54.6,0.973,1.111,0.382,1.219,0.625,0.0,
147556,Alan Santos,FLA,Atacante,6,1.0,0.0,0.0,0,0.0,False,True,VIT,0.661,valor_bom,0.0,0.0,0.0,77.6,favoravel,2.12,1.0,54.6,0.973,1.111,0.382,1.219,0.625,0.0,
147544,Gabriel Menegon,GRE,Goleiro,6,1.81,0.0,0.0,1,0.0,False,True,SAO,2.598,valor_oculto,3.37,0.0,0.125,56.3,neutro,3.42,0.7,32.7,1.273,1.385,0.64,1.217,0.35,0.0,
151003,Eduardo,PAL,Atacante,6,1.0,0.0,0.0,0,0.0,False,True,INT,0.661,valor_bom,0.0,0.0,0.0,75.8,favoravel,2.03,0.6,43.4,1.326,0.787,0.548,1.556,0.75,0.0,
97101,Gabriel Rojas,CRU,Lateral,7,8.21,1.27,4.97,3,8.3,True,True,MIR,0.642,valor_bom,5.115,3.97,0.375,64.4,favoravel,4.53,0.8,30.0,0.933,0.56,1.043,0.593,0.675,0.0,
147736,Pepê Fermino,SAN,Meia,5,1.0,0.0,0.0,0,0.0,False,True,CAP,0.535,valor_bom,0.0,0.0,0.0,43.5,neutro,0.53,0.3,17.8,1.103,1.333,1.05,0.442,0.35,0.0,
37715,Thiago Silva,FLU,Zagueiro,5,7.07,0.99,2.5,2,5.8,True,False,BOT,0.211,neutro,3.526,1.0,0.25,47.8,neutro,3.09,0.025,-22.3,0.42,0.672,0.588,0.5,0.45,0.0,
141536,Yuri Alves,RBB,Meia,6,1.0,0.0,0.0,0,0.0,False,True,COR,0.535,valor_bom,0.0,0.0,0.0,50.9,neutro,0.87,0.25,20.0,1.385,0.4,1.527,0.42,0.725,0.0,
145413,Rafael Coutinho,PAL,Meia,6,1.0,0.0,0.0,0,0.0,False,True,INT,0.535,valor_bom,0.0,0.0,0.0,74.4,favoravel,1.97,0.6,43.4,1.326,0.787,0.548,1.556,0.75,0.0,
141125,Robert,CAM,Goleiro,6,1.0,0.0,0.0,0,0.0,False,False,REM,0.335,neutro,0.0,0.0,0.0,52.9,neutro,0.97,0.725,-6.9,1.12,0.64,0.875,0.865,0.725,0.0,
106907,Rafael Lacerda,CHA,Técnico,7,8.04,0.0,3.44,2,0.0,False,False,CFC,-0.676,armadilha_leve,4.629,3.44,0.25,46.6,neutro,3.34,0.725,-30.0,0.632,1.073,0.672,1.35,0.15,0.0,
151120,Jorge Rivaldo,CAP,Atacante,6,4.42,-0.58,-0.3,1,-0.3,True,False,SAN,-0.816,armadilha_leve,1.864,0.0,0.125,65.9,neutro,2.86,0.825,-17.8,1.05,0.442,1.103,1.333,0.85,0.0,
144889,Victor Gabriel,PAL,Meia,6,1.0,0.0,0.0,0,0.0,False,True,INT,0.535,valor_bom,0.0,0.0,0.0,74.4,favoravel,1.97,0.6,43.4,1.326,0.787,0.548,1.556,0.75,0.0,
98617,Maripán,INT,Zagueiro,7,4.34,0.1,1.0,3,2.4,True,False,PAL,-0.191,neutro,2.124,1.0,0.375,20.6,desfavoravel,2.05,0.15,-43.4,0.548,1.556,1.326,0.787,0.15,0.0,
146663,Kauan Lima,PAL,Goleiro,6,1.0,0.0,0.0,0,0.0,False,True,INT,0.335,neutro,0.0,0.0,0.0,70.3,favoravel,1.78,0.55,43.4,1.326,0.787,0.548,1.556,0.75,0.0,
141763,Fabiano Souza,VIT,Lateral,2,3.89,-1.14,-0.3,2,-1.8,True,False,FLA,-1.177,armadilha_leve,1.469,0.0,0.25,27.2,desfavoravel,2.67,0.025,-54.6,0.382,1.219,0.973,1.111,0.25,0.0,
130307,Wallace,GRE,Zagueiro,6,3.0,0.0,0.0,0,0.0,False,True,SAO,-1.967,armadilha_forte,0.0,0.0,0.0,55.9,neutro,1.11,0.7,32.7,1.273,1.385,0.64,1.217,0.35,0.0,
124369,Léo Aragão,CRU,Goleiro,6,2.0,0.0,0.0,0,0.0,False,True,MIR,-0.743,armadilha_leve,0.0,0.0,0.0,63.2,neutro,1.45,0.8,30.0,0.933,0.56,1.043,0.593,0.675,0.0,
114208,Alejo Véliz,BAH,Atacante,7,4.73,-0.22,1.15,2,1.3,True,True,VAS,-0.935,armadilha_leve,1.937,1.15,0.25,69.9,neutro,3.15,0.85,36.7,0.869,0.504,0.348,1.29,0.625,0.0,
94214,Léo Duarte,CAM,Zagueiro,5,5.0,0.0,0.0,0,0.0,False,False,REM,-3.374,armadilha_forte,0.0,0.0,0.0,52.4,neutro,0.94,0.725,-6.9,1.12,0.64,0.875,0.865,0.725,0.0,
108946,Victor Sá,SAO,Atacante,6,5.09,0.0,0.45,2,0.0,False,False,GRE,-1.326,armadilha_leve,1.797,0.45,0.25,46.7,neutro,1.96,0.725,-32.7,0.64,1.217,1.273,1.385,0.225,0.0,
107203,Max,CHA,Meia,7,4.9,0.0,3.2,1,0.0,False,False,CFC,-0.443,neutro,2.143,3.2,0.125,46.3,neutro,2.62,0.725,-30.0,0.632,1.073,0.672,1.35,0.15,0.0,
151294,Juan Ferreira,CHA,Meia,6,1.0,0.0,0.0,0,0.0,False,False,CFC,0.535,valor_bom,0.0,0.0,0.0,46.3,neutro,0.66,0.725,-30.0,0.632,1.073,0.672,1.35,0.15,0.0,
120681,Marco Moreno,BAH,Zagueiro,6,4.0,0.0,0.0,0,0.0,False,True,VAS,-2.742,armadilha_forte,0.0,0.0,0.0,72.6,neutro,1.88,0.35,36.7,0.869,0.504,0.348,1.29,0.625,0.0,
103626,Ocampo,CFC,Atacante,6,5.08,-0.65,1.65,2,0.2,True,True,CHA,-1.035,armadilha_leve,2.037,1.65,0.25,55.0,neutro,2.47,0.725,30.0,0.672,1.35,0.632,1.073,0.225,0.0,
102310,Matheus Felipe,REM,Zagueiro,6,4.65,0.0,4.9,1,0.0,False,True,CAM,0.507,valor_bom,2.807,1.9,0.125,49.4,neutro,2.74,0.55,6.9,0.875,0.865,1.12,0.64,0.4,0.0,
105901,Edson Fernando,REM,Meia,6,2.62,0.0,-0.3,1,0.0,False,True,CAM,-0.435,neutro,0.818,0.0,0.125,36.5,neutro,0.83,0.15,6.9,0.875,0.865,1.12,0.64,0.4,0.0,
130443,Luciano,CHA,Zagueiro,6,1.0,0.0,0.0,0,0.0,False,False,CFC,0.438,neutro,0.0,0.0,0.0,38.0,desfavoravel,0.28,0.9,-30.0,0.632,1.073,0.672,1.35,0.15,0.0,
117061,Gabriel Knesowitsch,MIR,Zagueiro,7,2.44,-0.88,-0.05,2,-1.6,True,False,CRU,0.385,neutro,1.398,0.0,0.25,45.0,neutro,1.22,0.6,-30.0,1.043,0.593,0.933,0.56,0.725,0.0,
99267,Pochettino,VIT,Meia,6,5.83,-0.43,1.6,2,1.2,True,False,FLA,0.818,valor_bom,3.58,1.6,0.25,25.7,desfavoravel,2.22,0.275,-54.6,0.382,1.219,0.973,1.111,0.25,0.0,
109573,Martinelli,FLU,Meia,7,5.27,0.05,1.76,14,1.3,True,False,BOT,-0.998,armadilha_leve,1.851,1.4,1.0,44.7,neutro,2.47,0.925,-22.3,0.42,0.672,0.588,0.5,0.45,0.0,
113558,Bruninho,RBB,Meia,6,4.0,0.0,0.0,0,0.0,False,True,COR,-2.497,armadilha_forte,0.0,0.0,0.0,50.9,neutro,0.87,0.25,20.0,1.385,0.4,1.527,0.42,0.725,0.0,
106199,Gabriel Pec,CRU,Atacante,5,7.94,0.0,4.1,1,0.0,False,True,MIR,0.746,valor_bom,4.741,4.1,0.125,57.5,neutro,4.38,0.65,30.0,0.933,0.56,1.043,0.593,0.675,0.0,
112985,Peralta,CRU,Meia,5,4.0,0.0,0.0,0,0.0,False,True,MIR,-2.497,armadilha_forte,0.0,0.0,0.0,57.3,neutro,1.17,0.65,30.0,0.933,0.56,1.043,0.593,0.675,0.0,
123445,Dantas,CAP,Meia,3,5.0,0.0,0.0,0,0.0,False,False,SAN,-3.1,armadilha_forte,0.0,0.0,0.0,65.1,neutro,1.53,0.825,-17.8,1.05,0.442,1.103,1.333,0.85,0.0,
103967,Bruno Santos,MIR,Atacante,7,3.36,-0.56,0.2,2,-0.3,True,False,CRU,-0.149,neutro,1.747,0.2,0.25,48.5,neutro,1.86,0.625,-30.0,1.043,0.593,0.933,0.56,0.725,0.0,
101995,Brítez,VIT,Zagueiro,7,5.0,0.0,1.2,1,1.2,True,False,FLA,-0.239,neutro,2.396,1.2,0.125,26.8,desfavoravel,2.72,0.025,-54.6,0.382,1.219,0.973,1.111,0.25,0.0,
109114,Matheus Nascimento,GRE,Atacante,6,4.0,0.0,0.0,0,0.0,False,True,SAO,-2.729,armadilha_forte,0.0,0.0,0.0,57.7,neutro,1.19,0.35,32.7,1.273,1.385,0.64,1.217,0.35,0.0,
128177,Pedro Emanuel,VAS,Técnico,7,10.62,0.0,4.31,1,0.0,False,False,BAH,0.415,neutro,5.806,4.31,0.125,24.7,desfavoravel,3.71,0.425,-36.7,0.348,1.29,0.869,0.504,0.15,0.0,
103562,Guido Herrera,BAH,Goleiro,6,6.0,0.0,0.0,0,0.0,False,True,VAS,-2.995,armadilha_forte,0.0,0.0,0.0,72.7,neutro,1.89,0.35,36.7,0.869,0.504,0.348,1.29,0.625,0.0,
99034,Elias,MIR,Lateral,6,3.0,0.0,0.0,0,0.0,False,False,CRU,-2.105,armadilha_forte,0.0,0.0,0.0,46.0,neutro,0.65,0.6,-30.0,1.043,0.593,0.933,0.56,0.725,0.0,
122321,Lorran,FLA,Meia,6,9.16,0.0,9.25,2,0.0,False,True,VIT,1.361,valor_bom,5.11,6.75,0.25,76.1,favoravel,5.17,1.0,54.6,0.973,1.111,0.382,1.219,0.625,0.0,
126996,Paulinho,VAS,Lateral,6,4.0,0.0,0.0,0,0.0,False,False,BAH,-2.908,armadilha_forte,0.0,0.0,0.0,31.2,desfavoravel,-0.04,0.475,-36.7,0.348,1.29,0.869,0.504,0.15,0.0,
151404,Lucas Emanuel,BOT,Atacante,6,1.0,0.0,0.0,0,0.0,False,True,FLU,0.661,valor_bom,0.0,0.0,0.0,45.3,neutro,0.61,0.45,22.3,0.588,0.5,0.42,0.672,0.675,0.0,
146833,Cléber Lucas,BOT,Goleiro,6,1.0,0.0,0.0,0,0.0,False,True,FLU,0.335,neutro,0.0,0.0,0.0,67.4,favoravel,1.64,0.275,22.3,0.588,0.5,0.42,0.672,0.675,0.0,
97450,Gustavo Mosquito,MIR,Atacante,7,4.99,0.35,1.65,2,3.1,True,False,CRU,-0.98,armadilha_leve,2.037,1.65,0.25,48.5,neutro,2.88,0.625,-30.0,1.043,0.593,0.933,0.56,0.725,0.0,
151406,Herick,BOT,Zagueiro,6,1.0,0.0,0.0,0,0.0,False,True,FLU,0.438,neutro,0.0,0.0,0.0,67.2,favoravel,1.63,0.275,22.3,0.588,0.5,0.42,0.672,0.675,0.0,
151405,Victor Hugo,BOT,Meia,6,1.0,0.0,0.0,0,0.0,False,True,FLU,0.535,valor_bom,0.0,0.0,0.0,45.8,neutro,0.64,0.45,22.3,0.588,0.5,0.42,0.672,0.675,0.0,
122121,Túlio Eduardo,CHA,Atacante,6,3.0,0.0,0.0,0,0.0,False,False,CFC,-1.903,armadilha_forte,0.0,0.0,0.0,45.8,neutro,0.64,0.725,-30.0,0.632,1.073,0.672,1.35,0.15,0.0,
101352,Bruno Matias,CHA,Meia,6,2.22,0.0,-0.4,2,0.0,False,False,CFC,-0.208,neutro,0.686,0.0,0.25,46.3,neutro,1.24,0.725,-30.0,0.632,1.073,0.672,1.35,0.15,0.0,
98333,Gabriel Batista,BOT,Goleiro,6,3.0,0.0,0.0,0,0.0,False,True,FLU,-1.507,armadilha_forte,0.0,0.0,0.0,67.4,neutro,1.64,0.275,22.3,0.588,0.5,0.42,0.672,0.675,0.0,
124483,Lucas Monzón,BOT,Zagueiro,6,4.0,0.0,0.0,0,0.0,False,True,FLU,-2.742,armadilha_forte,0.0,0.0,0.0,67.2,neutro,1.63,0.275,22.3,0.588,0.5,0.42,0.672,0.675,0.0,
91626,Paulinho,BOT,Lateral,6,5.0,0.0,0.0,0,0.0,False,True,FLU,-3.563,armadilha_forte,0.0,0.0,0.0,68.8,neutro,1.71,0.275,22.3,0.588,0.5,0.42,0.672,0.675,0.0,
91204,Warleson,BOT,Goleiro,7,6.13,0.0,11.0,1,0.0,False,True,FLU,1.506,valor_oculto,4.841,6.0,0.125,67.4,favoravel,4.86,0.275,22.3,0.588,0.5,0.42,0.672,0.675,0.0,
118806,Buta,SAO,Lateral,6,5.0,0.0,0.0,0,0.0,False,False,GRE,-3.563,armadilha_forte,0.0,0.0,0.0,30.0,desfavoravel,-0.1,0.325,-32.7,0.64,1.217,1.273,1.385,0.225,0.0,
151436,Miguel Bilong,PAL,Atacante,6,2.0,0.0,0.0,0,0.0,False,True,INT,-0.839,armadilha_leve,0.0,0.0,0.0,75.8,neutro,2.03,0.6,43.4,1.326,0.787,0.548,1.556,0.75,0.0,
146624,Heittor,PAL,Atacante,6,1.17,0.0,0.55,2,0.0,False,True,INT,1.213,valor_bom,0.719,0.55,0.25,75.8,favoravel,2.6,0.6,43.4,1.326,0.787,0.548,1.556,0.75,0.0,
141339,Paulo Roberto,CFC,Atacante,6,3.54,0.0,4.1,2,0.0,False,True,CHA,0.627,valor_bom,2.527,0.1,0.25,55.0,neutro,2.77,0.725,30.0,0.672,1.35,0.632,1.073,0.225,0.0,
115247,Kaique,PAL,Goleiro,6,1.0,0.0,0.0,0,0.0,False,True,INT,0.335,neutro,0.0,0.0,0.0,70.3,favoravel,1.78,0.55,43.4,1.326,0.787,0.548,1.556,0.75,0.0,
131762,Isac,SAO,Zagueiro,6,1.0,0.0,0.0,0,0.0,False,False,GRE,0.438,neutro,0.0,0.0,0.0,29.5,desfavoravel,-0.12,0.325,-32.7,0.64,1.217,1.273,1.385,0.225,0.0,
150842,Gabriel Vinicius,INT,Meia,6,1.0,0.0,0.0,0,0.0,False,False,PAL,0.535,valor_bom,0.0,0.0,0.0,23.2,desfavoravel,-0.41,0.2,-43.4,0.548,1.556,1.326,0.787,0.15,0.0,
146964,Filipe Sirio,INT,Goleiro,6,1.0,0.0,0.0,0,0.0,False,False,PAL,0.335,neutro,0.0,0.0,0.0,21.7,desfavoravel,-0.48,0.15,-43.4,0.548,1.556,1.326,0.787,0.15,0.0,
150841,Fabricio Prado,INT,Atacante,6,1.0,0.0,0.0,0,0.0,False,False,PAL,0.661,valor_bom,0.0,0.0,0.0,21.1,desfavoravel,-0.51,0.2,-43.4,0.548,1.556,1.326,0.787,0.15,0.0,
147468,Wellington,CHA,Goleiro,6,1.0,0.0,0.0,0,0.0,False,False,CFC,0.335,neutro,0.0,0.0,0.0,38.8,desfavoravel,0.31,0.9,-30.0,0.632,1.073,0.672,1.35,0.15,0.0,
151412,Kássio,CHA,Atacante,6,1.49,0.0,1.5,1,0.0,False,False,CFC,0.851,valor_bom,0.843,1.5,0.125,45.8,neutro,1.27,0.725,-30.0,0.632,1.073,0.672,1.35,0.15,0.0,
144424,Vitor Lamounier,CRU,Goleiro,6,2.0,0.0,0.0,0,0.0,False,True,MIR,-0.743,armadilha_leve,0.0,0.0,0.0,63.2,neutro,1.45,0.8,30.0,0.933,0.56,1.043,0.593,0.675,0.0,
151440,Gutte,CAM,Meia,6,1.0,0.0,0.0,0,0.0,False,False,REM,0.535,valor_bom,0.0,0.0,0.0,54.7,neutro,1.05,0.55,-6.9,1.12,0.64,0.875,0.865,0.725,0.0,
109097,Jovane Cabral,GRE,Atacante,6,8.66,0.0,5.8,1,0.0,False,True,SAO,0.684,valor_bom,4.93,0.8,0.125,57.7,neutro,4.51,0.35,32.7,1.273,1.385,0.64,1.217,0.35,0.0,
95541,Gustavo Cazonatti,MIR,Meia,6,2.72,-0.28,0.0,1,0.0,True,False,CRU,-0.485,neutro,0.851,0.0,0.125,48.8,neutro,1.59,0.625,-30.0,1.043,0.593,0.933,0.56,0.725,0.0,
122670,Diego Caito,GRE,Lateral,6,6.18,0.0,8.8,1,0.0,False,True,SAO,0.222,neutro,3.944,2.8,0.125,57.2,neutro,3.84,0.7,32.7,1.273,1.385,0.64,1.217,0.35,0.0,
106950,Fernando,CHA,Lateral,7,4.69,0.0,5.0,1,0.0,False,False,CFC,0.584,valor_bom,3.522,5.0,0.125,38.8,desfavoravel,3.43,0.9,-30.0,0.632,1.073,0.672,1.35,0.15,0.0,
117314,Thiago Borbas,CAM,Atacante,6,4.0,0.0,0.0,0,0.0,False,False,REM,-2.729,armadilha_forte,0.0,0.0,0.0,54.8,neutro,1.06,0.55,-6.9,1.12,0.64,0.875,0.865,0.725,0.0,
93637,Bruno Tubarão,CHA,Lateral,7,3.17,0.0,1.1,1,0.0,False,False,CFC,-0.208,neutro,1.822,1.1,0.125,38.8,desfavoravel,2.26,0.9,-30.0,0.632,1.073,0.672,1.35,0.15,0.0,
144976,Domingos Andrade,BOT,Meia,6,5.0,0.0,0.0,0,0.0,False,True,FLU,-3.1,armadilha_forte,0.0,0.0,0.0,45.8,neutro,0.64,0.45,22.3,0.588,0.5,0.42,0.672,0.675,0.0,
109461,Calebe,INT,Meia,6,5.63,-0.37,0.5,1,0.5,True,False,PAL,1.035,valor_bom,3.678,0.5,0.125,23.2,desfavoravel,1.73,0.2,-43.4,0.548,1.556,1.326,0.787,0.15,0.0,
101254,Alef Manga,REM,Atacante,7,8.31,-0.98,4.83,21,3.5,True,True,CAM,0.699,valor_bom,4.828,2.21,1.0,35.4,neutro,4.22,0.15,6.9,0.875,0.865,1.12,0.64,0.4,0.0,
141344,Vitor Tissi,CFC,Meia,6,1.01,0.1,0.35,2,0.7,True,True,CHA,1.534,valor_oculto,0.836,0.35,0.25,54.8,neutro,1.72,0.725,30.0,0.672,1.35,0.632,1.073,0.225,0.0,
141160,Zé Lucas,CRU,Meia,6,6.0,0.0,0.0,0,0.0,False,True,MIR,-3.61,armadilha_forte,0.0,0.0,0.0,57.3,neutro,1.17,0.65,30.0,0.933,0.56,1.043,0.593,0.675,0.0,
106593,Villalba,CRU,Zagueiro,6,7.02,0.37,2.49,10,5.0,True,True,MIR,-0.372,neutro,3.064,1.59,1.0,62.9,neutro,2.93,0.8,30.0,0.933,0.56,1.043,0.593,0.675,0.0,
114801,Danilo Pereira,BOT,Atacante,6,5.0,0.0,0.0,0,0.0,False,True,FLU,-3.403,armadilha_forte,0.0,0.0,0.0,45.3,neutro,0.61,0.45,22.3,0.588,0.5,0.42,0.672,0.675,0.0,
151292,Felipe Morais,CRU,Meia,6,1.96,0.96,2.7,1,2.7,True,True,MIR,0.635,valor_bom,1.151,2.7,0.125,57.3,neutro,2.0,0.65,30.0,0.933,0.56,1.043,0.593,0.675,0.0,
68685,Alan Patrick,INT,Meia,2,7.98,0.84,3.98,16,6.8,True,False,PAL,0.437,neutro,4.012,3.04,1.0,23.2,desfavoravel,3.57,0.2,-43.4,0.548,1.556,1.326,0.787,0.15,0.0,
97810,Erick,VIT,Atacante,7,8.21,0.0,4.48,16,0.0,False,False,FLA,0.462,neutro,4.594,2.23,1.0,23.8,desfavoravel,2.3,0.275,-54.6,0.382,1.219,0.973,1.111,0.25,0.0,
100596,Krovinovic,GRE,Meia,6,5.0,0.0,0.0,0,0.0,False,True,SAO,-3.1,armadilha_forte,0.0,0.0,0.0,57.4,neutro,1.18,0.35,32.7,1.273,1.385,0.64,1.217,0.35,0.0,
141615,Pedro Ferreira,SAO,Meia,6,1.51,0.0,1.2,2,0.0,False,False,GRE,1.005,valor_bom,1.006,1.2,0.25,47.1,neutro,1.48,0.725,-32.7,0.64,1.217,1.273,1.385,0.225,0.0,
92171,Arthur Cabral,BOT,Atacante,7,10.19,0.0,6.45,15,0.0,False,True,FLU,1.271,valor_bom,5.883,2.38,1.0,45.3,neutro,3.26,0.45,22.3,0.588,0.5,0.42,0.672,0.675,0.0,
68928,Rafael,SAO,Goleiro,7,7.89,0.0,3.46,20,0.0,False,False,GRE,-0.214,neutro,3.635,2.46,1.0,30.4,desfavoravel,3.96,0.325,-32.7,0.64,1.217,1.273,1.385,0.225,0.0,
103056,Gabriel Brazão,SAN,Goleiro,7,5.25,0.0,2.49,16,0.0,False,True,CAP,0.142,neutro,3.017,1.55,1.0,48.0,neutro,3.82,0.75,17.8,1.103,1.333,1.05,0.442,0.35,0.0,
105949,Rochet,INT,Goleiro,5,6.28,0.0,3.33,11,0.0,False,False,PAL,0.323,neutro,3.642,1.97,1.0,21.7,desfavoravel,1.79,0.15,-43.4,0.548,1.556,1.326,0.787,0.15,0.0,
69012,Santos,CAP,Goleiro,3,9.22,0.04,4.25,19,9.7,True,False,SAN,-0.057,neutro,4.197,2.41,1.0,50.3,neutro,4.72,0.475,-17.8,1.05,0.442,1.103,1.333,0.85,0.0,
63007,Neymar,SAN,Meia,3,21.85,0.0,10.02,9,0.0,False,True,CAP,1.245,valor_bom,7.223,6.13,1.0,43.5,neutro,5.46,0.3,17.8,1.103,1.333,1.05,0.442,0.35,0.0,
72294,Everson,CAM,Goleiro,7,9.54,0.0,4.45,20,0.0,False,False,REM,-0.002,neutro,4.342,3.2,1.0,52.9,neutro,3.06,0.725,-6.9,1.12,0.64,0.875,0.865,0.725,0.0,
93834,Keiller,CFC,Goleiro,6,4.0,0.0,0.0,0,0.0,False,True,CHA,-2.101,armadilha_forte,0.0,0.0,0.0,54.6,neutro,1.05,0.925,30.0,0.672,1.35,0.632,1.073,0.225,0.0,
104758,Enzo Díaz,SAO,Lateral,6,9.04,0.0,3.9,13,0.0,False,False,GRE,-0.489,neutro,4.384,3.28,1.0,30.0,desfavoravel,4.13,0.325,-32.7,0.64,1.217,1.273,1.385,0.225,0.0,
91130,Fernandinho,MIR,Atacante,6,4.11,0.0,3.5,1,0.0,False,False,CRU,-0.097,neutro,2.286,3.5,0.125,48.5,neutro,2.36,0.625,-30.0,1.043,0.593,0.933,0.56,0.725,0.0,
143255,Kauan Vitor,VIT,Lateral,6,1.0,0.0,0.0,0,0.0,False,False,FLA,0.386,neutro,0.0,0.0,0.0,27.2,desfavoravel,-0.23,0.025,-54.6,0.382,1.219,0.973,1.111,0.25,0.0,
100898,Vitinho,BOT,Lateral,7,10.46,0.0,5.21,15,0.0,False,True,FLU,-0.052,neutro,5.196,4.14,1.0,68.8,neutro,4.83,0.275,22.3,0.588,0.5,0.42,0.672,0.675,0.0,
101727,Matheuzinho,COR,Lateral,7,11.37,1.32,5.69,16,11.7,True,False,RBB,0.033,neutro,5.517,3.88,1.0,47.5,neutro,3.5,0.325,-20.0,1.527,0.42,1.385,0.4,0.725,0.0,
90768,Fabrício Bruno,CRU,Zagueiro,7,6.89,0.72,2.29,20,6.5,True,True,MIR,-0.77,armadilha_leve,2.716,1.69,1.0,62.9,neutro,2.83,0.8,30.0,0.933,0.56,1.043,0.593,0.675,0.0,
42234,Cássio,CRU,Goleiro,5,6.89,0.0,1.32,5,0.0,False,True,MIR,-0.482,neutro,3.013,1.32,0.625,63.2,neutro,3.17,0.8,30.0,0.933,0.56,1.043,0.593,0.675,0.0,
96591,Renan Lodi,CAM,Lateral,3,9.52,0.0,4.84,19,0.0,False,False,REM,-0.035,neutro,4.938,3.68,1.0,53.6,neutro,3.44,0.725,-6.9,1.12,0.64,0.875,0.865,0.725,0.0,
61987,Alex Sandro,FLA,Lateral,7,8.2,-0.6,3.53,15,-0.3,True,True,VIT,-0.494,neutro,4.1,2.33,1.0,70.2,neutro,2.6,0.85,54.6,0.973,1.111,0.382,1.219,0.625,0.0,
99274,Alexander Barboza,PAL,Zagueiro,7,10.15,0.35,4.75,13,4.4,True,True,INT,0.208,neutro,4.381,3.06,1.0,70.1,favoravel,4.78,0.55,43.4,1.326,0.787,0.548,1.556,0.75,0.0,
37656,Fábio,FLU,Goleiro,7,9.5,0.03,4.41,20,5.0,True,False,BOT,-0.02,neutro,4.313,3.41,1.0,48.3,neutro,3.99,0.025,-22.3,0.42,0.672,0.588,0.5,0.45,0.0,
105436,Carrascal,FLA,Meia,6,9.76,0.66,4.19,13,3.7,True,True,VIT,0.001,neutro,4.146,3.04,1.0,76.1,favoravel,3.81,1.0,54.6,0.973,1.111,0.382,1.219,0.625,0.0,
80196,Yago Pikachu,REM,Meia,7,4.79,-0.25,2.23,20,0.0,True,True,CAM,-0.351,neutro,2.167,1.48,1.0,36.5,neutro,2.44,0.15,6.9,0.875,0.865,1.12,0.64,0.4,0.0,
91101,Ronaldo,BAH,Goleiro,7,9.57,2.65,5.39,11,16.7,True,True,VAS,0.453,neutro,4.835,3.57,1.0,72.7,favoravel,4.98,0.35,36.7,0.869,0.504,0.348,1.29,0.625,0.0,
80313,Gilberto,CAP,Lateral,7,7.63,-0.02,4.32,10,7.3,True,False,SAN,0.408,neutro,4.698,3.22,1.0,50.8,neutro,3.72,0.475,-17.8,1.05,0.442,1.103,1.333,0.85,0.0,
109401,Erick Pulga,BAH,Atacante,3,7.23,-0.01,3.65,20,1.7,True,True,VAS,0.155,neutro,3.985,3.0,1.0,69.9,favoravel,4.18,0.85,36.7,0.869,0.504,0.348,1.29,0.625,0.0,
91772,David Duarte,BAH,Zagueiro,7,7.02,0.0,4.1,13,0.0,False,True,VAS,0.825,valor_bom,3.979,2.48,1.0,72.6,favoravel,3.88,0.35,36.7,0.869,0.504,0.348,1.29,0.625,0.0,
101314,Ademir,BAH,Atacante,7,5.87,0.14,2.37,20,3.8,True,True,VAS,-0.262,neutro,3.07,1.72,1.0,69.9,neutro,3.01,0.85,36.7,0.869,0.504,0.348,1.29,0.625,0.0,
98517,Jean Lucas,BAH,Meia,7,9.34,-0.15,5.21,17,2.5,True,True,VAS,0.984,valor_bom,4.847,4.03,1.0,68.9,favoravel,3.04,0.85,36.7,0.869,0.504,0.348,1.29,0.625,0.0,
98484,Kanu,BAH,Zagueiro,6,3.68,0.0,0.83,3,0.0,False,True,VAS,-0.541,armadilha_leve,1.506,0.0,0.375,72.6,neutro,2.9,0.35,36.7,0.869,0.504,0.348,1.29,0.625,0.0,
98720,Angileri,COR,Lateral,7,6.1,0.0,3.99,8,0.0,False,False,RBB,-0.052,neutro,3.664,2.12,1.0,47.5,neutro,2.76,0.325,-20.0,1.527,0.42,1.385,0.4,0.725,0.0,
85425,João Paulo,SAN,Goleiro,6,5.2,0.0,0.15,2,0.0,False,True,CAP,0.417,neutro,3.287,0.15,0.25,48.0,neutro,2.95,0.75,17.8,1.103,1.333,1.05,0.442,0.35,0.0,
104783,Acevedo,BAH,Meia,7,7.07,0.08,4.44,18,3.5,True,True,VAS,1.174,valor_bom,4.328,4.44,1.0,68.9,favoravel,3.89,0.85,36.7,0.869,0.504,0.348,1.29,0.625,0.0,
105990,Santiago Mingo,BAH,Zagueiro,7,4.8,0.42,2.07,18,5.0,True,True,VAS,-0.357,neutro,2.216,1.24,1.0,72.6,neutro,4.97,0.35,36.7,0.869,0.504,0.348,1.29,0.625,0.0,
106822,Rodrigo Nestor,BAH,Meia,7,5.64,-0.69,3.14,13,4.6,True,True,VAS,0.809,valor_bom,3.496,2.37,1.0,68.9,favoravel,3.41,0.85,36.7,0.869,0.504,0.348,1.29,0.625,0.0,
123717,Zé Guilherme,BAH,Lateral,6,3.68,0.0,1.7,3,0.0,False,True,VAS,-0.587,armadilha_leve,1.854,1.7,0.375,74.3,neutro,3.03,0.35,36.7,0.869,0.504,0.348,1.29,0.625,0.0,
68996,Willian José,BAH,Atacante,6,7.36,-0.19,2.55,19,0.0,True,True,VAS,-0.807,armadilha_leve,3.223,0.76,1.0,69.9,neutro,4.03,0.85,36.7,0.869,0.504,0.348,1.29,0.625,0.0,
113397,Cristian Olivera,BAH,Atacante,5,7.16,0.0,4.1,16,0.0,False,True,VAS,0.608,valor_bom,4.34,3.29,1.0,69.9,favoravel,2.68,0.85,36.7,0.869,0.504,0.348,1.29,0.625,0.0,
97868,Iago,BAH,Lateral,6,4.5,0.0,2.2,4,0.0,False,True,VAS,0.073,neutro,2.958,1.45,0.5,74.3,favoravel,3.15,0.35,36.7,0.869,0.504,0.348,1.29,0.625,0.0,
107173,Michel Araújo,BAH,Meia,6,2.63,-0.3,0.88,13,0.5,True,True,VAS,-0.332,neutro,0.91,0.88,1.0,68.9,neutro,2.61,0.85,36.7,0.869,0.504,0.348,1.29,0.625,0.0,
98022,Erick,BAH,Meia,6,6.04,0.0,3.71,15,0.0,False,True,VAS,1.029,valor_bom,3.837,3.04,1.0,68.9,favoravel,3.07,0.85,36.7,0.869,0.504,0.348,1.29,0.625,0.0,
129663,Ruan Pablo,BAH,Atacante,6,1.81,0.0,0.0,1,0.0,False,True,VAS,0.207,neutro,0.677,0.0,0.125,69.9,favoravel,2.5,0.85,36.7,0.869,0.504,0.348,1.29,0.625,0.0,
72493,Alex Telles,BOT,Lateral,7,10.07,0.0,4.11,15,0.0,False,True,FLU,-0.733,armadilha_leve,4.479,1.91,1.0,68.8,neutro,6.41,0.275,22.3,0.588,0.5,0.42,0.672,0.675,0.0,
97341,Rogério Ceni,BAH,Técnico,7,10.69,0.3,5.43,20,6.39,True,True,VAS,-0.371,neutro,5.591,5.43,1.0,69.2,neutro,4.41,0.85,36.7,0.869,0.504,0.348,1.29,0.625,0.0,
111829,Kayky,INT,Atacante,5,3.63,0.0,1.27,6,0.0,False,False,PAL,-0.351,neutro,1.764,1.27,0.75,21.1,desfavoravel,0.99,0.2,-43.4,0.548,1.556,1.326,0.787,0.15,0.0,
106323,Caio Alexandre,BAH,Meia,5,3.97,0.0,1.19,11,0.0,False,True,VAS,-0.613,armadilha_leve,1.535,1.19,1.0,68.9,neutro,2.82,0.85,36.7,0.869,0.504,0.348,1.29,0.625,0.0,
123360,Cauly,SAO,Meia,6,6.58,0.0,2.91,12,0.0,False,False,GRE,0.225,neutro,3.376,2.49,1.0,47.1,neutro,2.54,0.725,-32.7,0.64,1.217,1.273,1.385,0.225,0.0,
136955,Sanabria,BAH,Atacante,2,6.16,0.0,2.99,12,0.0,False,True,VAS,0.36,neutro,3.723,1.24,1.0,69.9,favoravel,3.29,0.85,36.7,0.869,0.504,0.348,1.29,0.625,0.0,
122994,Victor Nascimento,BAH,Goleiro,6,1.0,0.0,0.0,0,0.0,False,True,VAS,0.335,neutro,0.0,0.0,0.0,72.7,favoravel,1.89,0.35,36.7,0.869,0.504,0.348,1.29,0.625,0.0,
141419,Fredi Lippert,BAH,Zagueiro,6,2.0,0.0,0.0,0,0.0,False,True,VAS,-0.969,armadilha_leve,0.0,0.0,0.0,72.6,neutro,1.88,0.35,36.7,0.869,0.504,0.348,1.29,0.625,0.0,
107231,Danilo,BOT,Meia,7,14.48,0.0,8.47,13,0.0,False,True,FLU,2.015,valor_oculto,6.796,5.01,1.0,45.8,neutro,4.56,0.45,22.3,0.588,0.5,0.42,0.672,0.675,0.0,
69140,Allan,BOT,Meia,5,4.48,0.0,2.03,10,0.0,False,True,FLU,-0.346,neutro,2.021,2.03,1.0,45.8,neutro,2.05,0.45,22.3,0.588,0.5,0.42,0.672,0.675,0.0,
145379,Kauê Furquim,BAH,Atacante,2,1.84,-0.21,0.67,3,0.5,True,True,VAS,0.237,neutro,0.736,0.67,0.375,69.9,favoravel,2.58,0.85,36.7,0.869,0.504,0.348,1.29,0.625,0.0,
97468,Marçal,BOT,Lateral,6,6.73,0.0,3.22,5,0.0,False,True,FLU,-0.776,armadilha_leve,3.292,2.02,0.625,68.8,neutro,4.36,0.275,22.3,0.588,0.5,0.42,0.672,0.675,0.0,
96353,Joaquín Correa,BOT,Atacante,6,5.11,0.0,1.17,6,0.0,False,True,FLU,-1.429,armadilha_leve,1.721,0.34,0.75,45.3,neutro,1.89,0.45,22.3,0.588,0.5,0.42,0.672,0.675,0.0,
98672,Savarino,FLU,Meia,6,8.91,-0.09,4.77,16,1.3,True,False,BOT,0.749,valor_bom,4.538,3.21,1.0,44.7,neutro,2.23,0.925,-22.3,0.42,0.672,0.588,0.5,0.45,0.0,
111831,Matheus Martins,BOT,Atacante,7,7.08,0.0,4.63,15,0.0,False,True,FLU,1.068,valor_bom,4.697,2.5,1.0,45.3,neutro,4.29,0.45,22.3,0.588,0.5,0.42,0.672,0.675,0.0,
124481,Mateo Ponte,BOT,Lateral,6,5.53,0.0,2.8,8,0.0,False,True,FLU,-0.42,neutro,3.069,1.8,1.0,68.8,neutro,3.09,0.275,22.3,0.588,0.5,0.42,0.672,0.675,0.0,
91158,Kaio,BOT,Zagueiro,5,7.0,0.0,0.0,0,0.0,False,True,FLU,-4.372,armadilha_forte,0.0,0.0,0.0,67.2,neutro,1.63,0.275,22.3,0.588,0.5,0.42,0.672,0.675,0.0,
126013,Ythallo,BOT,Zagueiro,6,3.5,0.0,0.2,1,0.0,False,True,FLU,-0.299,neutro,1.587,0.2,0.125,67.2,neutro,2.74,0.275,22.3,0.588,0.5,0.42,0.672,0.675,0.0,
129930,Cristhian Loor,BOT,Goleiro,6,2.0,0.0,0.0,0,0.0,False,True,FLU,-0.743,armadilha_leve,0.0,0.0,0.0,67.4,neutro,1.64,0.275,22.3,0.588,0.5,0.42,0.672,0.675,0.0,
104191,Raul,BOT,Goleiro,6,5.49,0.0,3.71,7,0.0,False,True,FLU,0.874,valor_bom,3.903,3.71,0.875,67.4,favoravel,3.42,0.275,22.3,0.588,0.5,0.42,0.672,0.675,0.0,
39850,Vagner Mancini,RBB,Técnico,7,8.75,0.0,5.57,19,0.0,False,True,COR,0.974,valor_bom,5.379,5.57,1.0,51.1,neutro,3.49,0.25,20.0,1.385,0.4,1.527,0.42,0.725,0.0,
70360,Eduardo Sasha,RBB,Atacante,6,4.21,0.0,1.04,15,0.0,False,True,COR,-1.195,armadilha_leve,1.421,1.04,1.0,50.7,neutro,1.98,0.25,20.0,1.385,0.4,1.527,0.42,0.725,0.0,
105214,Santi Rodríguez,BOT,Meia,6,5.68,0.0,2.13,10,0.0,False,True,FLU,0.181,neutro,2.995,2.13,1.0,45.8,neutro,1.96,0.45,22.3,0.588,0.5,0.42,0.672,0.675,0.0,
95799,Artur,SAO,Atacante,7,8.98,0.0,5.52,16,0.0,False,False,GRE,0.987,valor_bom,5.287,3.39,1.0,46.7,neutro,3.19,0.725,-32.7,0.64,1.217,1.273,1.385,0.225,0.0,
101574,Hugo Souza,COR,Goleiro,7,9.65,0.97,4.07,18,7.8,True,False,RBB,-0.286,neutro,4.07,2.13,1.0,47.1,neutro,2.91,0.325,-20.0,1.527,0.42,1.385,0.4,0.725,0.0,
104693,Newton,SAO,Meia,6,4.18,0.0,1.94,7,0.0,False,False,GRE,-0.212,neutro,1.978,1.94,0.875,47.1,neutro,2.07,0.725,-32.7,0.64,1.217,1.273,1.385,0.225,0.0,
143072,Gabriel Abdias,BOT,Lateral,6,3.0,0.0,0.0,0,0.0,False,True,FLU,-2.105,armadilha_forte,0.0,0.0,0.0,68.8,neutro,1.71,0.275,22.3,0.588,0.5,0.42,0.672,0.675,0.0,
94968,Juninho Capixaba,RBB,Lateral,7,13.39,0.0,7.41,17,0.0,False,True,COR,0.811,valor_bom,6.693,4.53,1.0,59.1,neutro,4.01,0.55,20.0,1.385,0.4,1.527,0.42,0.725,0.0,
100848,Luan Cândido,VIT,Lateral,3,5.15,-0.82,3.41,11,-3.0,True,False,FLA,0.144,neutro,3.379,1.68,1.0,27.2,desfavoravel,3.82,0.025,-54.6,0.382,1.219,0.973,1.111,0.25,0.0,
142890,Montoro,BOT,Meia,7,7.56,0.0,2.86,15,0.0,False,True,FLU,-0.29,neutro,3.283,1.86,1.0,45.8,neutro,2.37,0.45,22.3,0.588,0.5,0.42,0.672,0.675,0.0,
146375,Kadir,BOT,Atacante,6,4.15,0.0,2.12,9,0.0,False,True,FLU,-0.314,neutro,2.127,1.56,1.0,45.3,neutro,2.56,0.45,22.3,0.588,0.5,0.42,0.672,0.675,0.0,
142484,Barrera,BOT,Meia,6,6.45,0.0,2.62,10,0.0,False,True,FLU,0.15,neutro,3.267,2.12,1.0,45.8,neutro,2.56,0.45,22.3,0.588,0.5,0.42,0.672,0.675,0.0,
78605,Gabriel,RBB,Meia,7,5.17,0.0,3.17,16,0.0,False,True,COR,0.186,neutro,2.783,2.54,1.0,50.9,neutro,2.5,0.25,20.0,1.385,0.4,1.527,0.42,0.725,0.0,
142877,Villalba,BOT,Atacante,6,4.08,0.0,1.55,9,0.0,False,True,FLU,-0.622,armadilha_leve,1.825,0.66,1.0,45.3,neutro,1.86,0.45,22.3,0.588,0.5,0.42,0.672,0.675,0.0,
103295,Eric Ramires,RBB,Meia,7,2.19,0.0,0.41,12,0.0,False,True,COR,-0.246,neutro,0.629,0.41,1.0,50.9,neutro,1.69,0.25,20.0,1.385,0.4,1.527,0.42,0.725,0.0,
110715,Andrés Hurtado,RBB,Lateral,7,6.14,0.0,3.66,13,0.0,False,True,COR,-0.215,neutro,3.537,2.28,1.0,59.1,neutro,2.98,0.55,20.0,1.385,0.4,1.527,0.42,0.725,0.0,
110750,Gustavo Marques,RBB,Zagueiro,3,7.36,0.0,4.31,17,0.0,False,True,COR,0.893,valor_bom,4.141,3.07,1.0,57.8,neutro,3.16,0.55,20.0,1.385,0.4,1.527,0.42,0.725,0.0,
94067,Matheus Fernandes,RBB,Meia,6,4.32,0.0,2.54,11,0.0,False,True,COR,0.111,neutro,2.317,2.09,1.0,50.9,neutro,2.33,0.25,20.0,1.385,0.4,1.527,0.42,0.725,0.0,
100695,Fernando,RBB,Atacante,6,5.37,0.0,4.89,9,0.0,False,True,COR,0.638,valor_bom,3.593,2.56,1.0,50.7,neutro,2.81,0.25,20.0,1.385,0.4,1.527,0.42,0.725,0.0,
93882,Cleiton,RBB,Goleiro,6,6.19,0.0,2.56,7,0.0,False,True,COR,0.097,neutro,3.366,1.13,0.875,58.2,neutro,2.99,0.55,20.0,1.385,0.4,1.527,0.42,0.725,0.0,
111246,Alix Vinicius,RBB,Zagueiro,7,6.02,0.0,3.14,16,0.0,False,True,COR,0.47,neutro,3.354,1.83,1.0,57.8,neutro,2.89,0.55,20.0,1.385,0.4,1.527,0.42,0.725,0.0,
112886,Lucas Barbosa,RBB,Atacante,7,9.81,0.0,6.48,17,0.0,False,True,COR,1.477,valor_bom,5.949,4.01,1.0,50.7,neutro,3.7,0.25,20.0,1.385,0.4,1.527,0.42,0.725,0.0,
124239,Henry Mosquera,RBB,Atacante,7,5.51,0.0,3.68,15,0.0,False,True,COR,0.023,neutro,3.142,2.68,1.0,50.7,neutro,2.63,0.25,20.0,1.385,0.4,1.527,0.42,0.725,0.0,
104588,Fabrício,RBB,Goleiro,6,2.0,0.0,0.0,0,0.0,False,True,COR,-0.743,armadilha_leve,0.0,0.0,0.0,58.2,neutro,1.21,0.55,20.0,1.385,0.4,1.527,0.42,0.725,0.0,
108133,Isidro Pitta,RBB,Atacante,7,5.54,0.0,4.01,18,0.0,False,True,COR,0.351,neutro,3.433,1.23,1.0,50.7,neutro,2.75,0.25,20.0,1.385,0.4,1.527,0.42,0.725,0.0,
107744,Praxedes,RBB,Meia,6,4.0,0.0,0.0,0,0.0,False,True,COR,-2.497,armadilha_forte,0.0,0.0,0.0,50.9,neutro,0.87,0.25,20.0,1.385,0.4,1.527,0.42,0.725,0.0,
105213,Sant'Anna,RBB,Lateral,6,8.88,0.0,6.23,7,0.0,False,True,COR,1.008,valor_bom,5.665,3.37,0.875,59.1,neutro,3.87,0.55,20.0,1.385,0.4,1.527,0.42,0.725,0.0,
107236,Vanderlan,RBB,Lateral,5,4.41,0.0,-0.3,1,0.0,False,True,COR,0.104,neutro,2.933,0.0,0.125,59.1,neutro,3.26,0.55,20.0,1.385,0.4,1.527,0.42,0.725,0.0,
106434,Eduardo Santos,RBB,Zagueiro,6,4.6,0.0,1.4,3,0.0,False,True,COR,-0.213,neutro,2.233,1.4,0.375,57.8,neutro,2.68,0.55,20.0,1.385,0.4,1.527,0.42,0.725,0.0,
122755,Lucas Cunha,RBB,Zagueiro,6,3.0,0.0,0.0,0,0.0,False,True,COR,-1.967,armadilha_forte,0.0,0.0,0.0,57.8,neutro,1.2,0.55,20.0,1.385,0.4,1.527,0.42,0.725,0.0,
111760,Fabinho,RBB,Meia,6,2.04,0.0,-0.08,5,0.0,False,True,COR,-0.172,neutro,0.559,0.0,0.625,50.9,neutro,1.52,0.25,20.0,1.385,0.4,1.527,0.42,0.725,0.0,
113157,Nathan Mendes,VIT,Lateral,5,7.52,0.0,5.02,12,0.0,False,False,FLA,0.883,valor_bom,5.08,3.35,1.0,27.2,desfavoravel,4.32,0.025,-54.6,0.382,1.219,0.973,1.111,0.25,0.0,
122394,Gustavinho,RBB,Meia,6,5.7,0.0,2.78,14,0.0,False,True,COR,0.482,neutro,3.251,2.07,1.0,50.9,neutro,2.68,0.25,20.0,1.385,0.4,1.527,0.42,0.725,0.0,
39656,Alan Franco,CAM,Meia,6,4.99,0.0,2.42,15,0.0,False,False,REM,-0.329,neutro,2.278,2.09,1.0,54.7,neutro,2.63,0.55,-6.9,1.12,0.64,0.875,0.865,0.725,0.0,
132274,Ignacio Sosa,RBB,Meia,6,3.41,0.0,1.5,15,0.0,False,True,COR,-0.044,neutro,1.678,1.5,1.0,50.9,neutro,2.09,0.25,20.0,1.385,0.4,1.527,0.42,0.725,0.0,
122897,Guzmán Rodríguez,RBB,Zagueiro,6,5.54,0.0,-1.0,0,0.0,False,True,COR,-3.673,armadilha_forte,0.0,0.0,0.0,57.8,neutro,1.2,0.55,20.0,1.385,0.4,1.527,0.42,0.725,0.0,
98909,Cuello,CAM,Atacante,5,9.41,0.0,5.95,18,0.0,False,False,REM,1.206,valor_bom,5.603,4.78,1.0,54.8,neutro,4.53,0.55,-6.9,1.12,0.64,0.875,0.865,0.725,0.0,
72605,Vitor Hugo,CAM,Zagueiro,6,6.67,0.0,3.86,7,0.0,False,False,REM,0.771,valor_bom,3.819,2.15,0.875,52.4,neutro,3.02,0.725,-6.9,1.12,0.64,0.875,0.865,0.725,0.0,
140906,Davi Gomes,RBB,Atacante,5,5.19,0.0,4.25,2,0.0,False,True,COR,-0.485,neutro,2.557,4.25,0.25,50.7,neutro,2.6,0.25,20.0,1.385,0.4,1.527,0.42,0.725,0.0,
68920,Dudu,CAM,Atacante,6,6.16,0.0,2.57,13,0.0,False,False,REM,0.01,neutro,3.428,1.34,1.0,54.8,neutro,2.32,0.55,-6.9,1.12,0.64,0.875,0.865,0.725,0.0,
132580,Vinicinho,RBB,Atacante,6,3.96,0.0,2.2,9,0.0,False,True,COR,-0.126,neutro,2.169,2.2,1.0,50.7,neutro,2.27,0.25,20.0,1.385,0.4,1.527,0.42,0.725,0.0,
87999,Gustavo Scarpa,CAM,Meia,6,7.06,0.0,3.09,10,0.0,False,False,REM,0.207,neutro,3.528,2.09,1.0,54.7,neutro,2.88,0.55,-6.9,1.12,0.64,0.875,0.865,0.725,0.0,
138021,Palacios,RBB,Zagueiro,6,3.0,0.0,0.0,0,0.0,False,True,COR,-1.967,armadilha_forte,0.0,0.0,0.0,57.8,neutro,1.2,0.55,20.0,1.385,0.4,1.527,0.42,0.725,0.0,
107554,Natanael,CAM,Lateral,7,8.48,0.0,4.85,13,0.0,False,False,REM,0.378,neutro,4.972,3.62,1.0,53.6,neutro,3.88,0.725,-6.9,1.12,0.64,0.875,0.865,0.725,0.0,
92087,Lyanco,CAM,Zagueiro,7,7.8,0.0,3.04,9,0.0,False,False,REM,-0.269,neutro,3.389,2.04,1.0,52.4,neutro,2.26,0.725,-6.9,1.12,0.64,0.875,0.865,0.725,0.0,
91607,Rony,SAN,Atacante,6,5.43,0.0,2.21,14,0.0,False,True,CAP,-1.071,armadilha_leve,2.182,2.21,1.0,42.9,neutro,1.81,0.3,17.8,1.103,1.333,1.05,0.442,0.35,0.0,
100842,Ruan,CAM,Zagueiro,7,5.71,0.0,3.19,17,0.0,False,False,REM,0.142,neutro,2.984,2.13,1.0,52.4,neutro,6.34,0.725,-6.9,1.12,0.64,0.875,0.865,0.725,0.0,
100084,Igor Gomes,CAM,Meia,6,5.62,0.0,1.47,6,0.0,False,False,REM,0.167,neutro,2.959,0.64,0.75,54.7,neutro,2.79,0.55,-6.9,1.12,0.64,0.875,0.865,0.725,0.0,
40990,Dorival Júnior,SAO,Técnico,7,9.61,0.0,4.17,13,0.0,False,False,GRE,-2.668,armadilha_forte,4.575,4.17,1.0,47.4,neutro,2.92,0.725,-32.7,0.64,1.217,1.273,1.385,0.225,0.0,
72460,Bernard,CAM,Meia,7,4.82,0.0,3.04,17,0.0,False,False,REM,0.292,neutro,2.711,1.86,1.0,54.7,neutro,5.51,0.55,-6.9,1.12,0.64,0.875,0.865,0.725,0.0,
105068,Reinier,CAM,Meia,6,3.99,0.0,2.54,15,0.0,False,False,REM,0.37,neutro,2.356,1.87,1.0,54.7,neutro,2.29,0.55,-6.9,1.12,0.64,0.875,0.865,0.725,0.0,
124661,Iván Román,CAM,Zagueiro,6,8.96,0.0,5.92,6,0.0,False,False,REM,1.016,valor_bom,4.699,3.42,0.75,52.4,neutro,3.5,0.725,-6.9,1.12,0.64,0.875,0.865,0.725,0.0,
78248,Gustavo Henrique,COR,Zagueiro,7,8.41,0.0,3.69,16,0.0,False,False,RBB,-0.067,neutro,3.721,2.56,1.0,46.5,neutro,2.76,0.325,-20.0,1.527,0.42,1.385,0.4,0.725,0.0,
118774,Alexsander,CAM,Meia,6,4.85,0.0,0.84,5,0.0,False,False,REM,-1.122,armadilha_leve,1.56,0.84,0.625,54.7,neutro,2.17,0.55,-6.9,1.12,0.64,0.875,0.865,0.725,0.0,
101002,Júnior Santos,BOT,Atacante,5,4.55,0.0,2.24,8,0.0,False,True,FLU,-0.52,armadilha_leve,2.187,1.24,1.0,45.3,neutro,2.35,0.45,22.3,0.588,0.5,0.42,0.672,0.675,0.0,
115674,Gabriel Delfim,CAM,Goleiro,6,2.0,0.0,0.0,0,0.0,False,False,REM,-0.743,armadilha_leve,0.0,0.0,0.0,52.9,neutro,0.97,0.725,-6.9,1.12,0.64,0.875,0.865,0.725,0.0,
103767,Gabriel Menino,SAN,Meia,6,9.23,0.0,5.07,8,0.0,False,True,CAP,0.686,valor_bom,4.573,4.45,1.0,43.5,neutro,3.05,0.3,17.8,1.103,1.333,1.05,0.442,0.35,0.0,
122990,Patrick,CAM,Meia,5,4.0,0.0,0.0,0,0.0,False,False,REM,-2.497,armadilha_forte,0.0,0.0,0.0,54.7,neutro,1.05,0.55,-6.9,1.12,0.64,0.875,0.865,0.725,0.0,
77485,Carrillo,COR,Meia,6,4.61,-0.08,1.5,16,3.2,True,False,RBB,-0.85,armadilha_leve,1.67,1.19,1.0,49.2,neutro,2.02,0.35,-20.0,1.527,0.42,1.385,0.4,0.725,0.0,
92440,André Ramalho,COR,Zagueiro,6,5.73,0.43,2.55,6,4.5,True,False,RBB,-0.44,neutro,2.547,1.55,0.75,46.5,neutro,2.33,0.325,-20.0,1.527,0.42,1.385,0.4,0.725,0.0,
87008,Léo Jardim,VAS,Goleiro,7,6.16,0.0,2.7,19,0.0,False,False,BAH,-0.136,neutro,3.106,2.44,1.0,31.5,desfavoravel,1.44,0.475,-36.7,0.348,1.29,0.869,0.504,0.15,0.0,
105531,Matheus Bidu,COR,Lateral,6,13.3,0.0,7.86,15,0.0,False,False,RBB,1.093,valor_bom,6.924,5.53,1.0,47.5,neutro,4.06,0.325,-20.0,1.527,0.42,1.385,0.4,0.725,0.0,
95556,Raniele,COR,Meia,7,8.29,0.51,4.27,17,6.9,True,False,RBB,0.562,valor_bom,4.208,3.98,1.0,49.2,neutro,3.01,0.35,-20.0,1.527,0.42,1.385,0.4,0.725,0.0,
117632,Garro,COR,Meia,7,9.95,-0.41,4.82,19,0.4,True,False,RBB,0.493,neutro,4.599,2.98,1.0,49.2,neutro,3.16,0.35,-20.0,1.527,0.42,1.385,0.4,0.725,0.0,
117910,Breno Bidon,COR,Meia,7,8.31,-0.07,3.68,19,0.0,True,False,RBB,0.056,neutro,3.797,2.89,1.0,49.2,neutro,2.85,0.35,-20.0,1.527,0.42,1.385,0.4,0.725,0.0,
143488,Raykkonen,INT,Atacante,6,2.63,0.0,0.5,1,0.0,False,False,PAL,-0.676,armadilha_leve,0.732,0.5,0.125,21.1,desfavoravel,0.07,0.2,-43.4,0.548,1.556,1.326,0.787,0.15,0.0,
96342,Charles,COR,Meia,6,3.53,0.0,1.03,3,0.0,False,False,RBB,-0.054,neutro,1.743,1.03,0.375,49.2,neutro,2.03,0.35,-20.0,1.527,0.42,1.385,0.4,0.725,0.0,
97642,Félix Torres,INT,Zagueiro,6,4.44,-0.49,3.37,15,1.2,True,False,PAL,1.0,valor_bom,3.083,2.37,1.0,20.6,desfavoravel,2.53,0.15,-43.4,0.548,1.556,1.326,0.787,0.15,0.0,
78435,Vitinho,COR,Atacante,5,5.06,0.0,2.13,7,0.0,False,False,RBB,-0.911,armadilha_leve,2.132,2.13,0.875,48.9,neutro,2.2,0.35,-20.0,1.527,0.42,1.385,0.4,0.725,0.0,
85048,Memphis Depay,COR,Atacante,6,9.56,0.0,1.99,7,0.0,False,False,RBB,-1.342,armadilha_leve,3.5,0.85,0.875,48.9,neutro,2.79,0.35,-20.0,1.527,0.42,1.385,0.4,0.725,0.0,
98225,Pedro Raul,COR,Atacante,6,2.63,0.0,0.01,8,0.0,False,False,RBB,-1.086,armadilha_leve,0.386,0.01,1.0,48.9,neutro,1.51,0.35,-20.0,1.527,0.42,1.385,0.4,0.725,0.0,
84674,Lucas Evangelista,PAL,Meia,6,3.94,-0.1,1.09,19,0.0,True,True,INT,-0.802,armadilha_leve,1.363,0.83,1.0,74.4,neutro,2.85,0.6,43.4,1.326,0.787,0.548,1.556,0.75,0.0,
107908,Hugo,COR,Lateral,5,4.0,0.0,0.0,0,0.0,False,False,RBB,-2.908,armadilha_forte,0.0,0.0,0.0,47.5,neutro,0.72,0.325,-20.0,1.527,0.42,1.385,0.4,0.725,0.0,
145744,André,COR,Meia,7,6.15,-0.76,4.07,16,0.0,True,False,RBB,1.263,valor_bom,4.072,2.51,1.0,49.2,neutro,2.96,0.35,-20.0,1.527,0.42,1.385,0.4,0.725,0.0,
121824,Kayke,COR,Atacante,5,3.64,0.0,1.65,6,0.0,False,False,RBB,-0.166,neutro,1.927,1.65,0.75,48.9,neutro,2.12,0.35,-20.0,1.527,0.42,1.385,0.4,0.725,0.0,
122396,Ryan,COR,Meia,6,3.0,0.0,0.0,0,0.0,False,False,RBB,-1.758,armadilha_forte,0.0,0.0,0.0,49.2,neutro,0.8,0.35,-20.0,1.527,0.42,1.385,0.4,0.725,0.0,
42500,Fagner,CRU,Lateral,7,5.19,0.0,3.01,14,0.0,False,True,MIR,-0.16,neutro,3.129,1.51,1.0,64.4,neutro,2.99,0.8,30.0,0.933,0.56,1.043,0.593,0.675,0.0,
141995,Dieguinho,COR,Meia,6,3.24,-0.26,1.42,10,0.5,True,False,RBB,-0.476,neutro,1.215,0.92,1.0,49.2,neutro,1.85,0.35,-20.0,1.527,0.42,1.385,0.4,0.725,0.0,
87225,Pedro Henrique,RBB,Zagueiro,7,6.81,0.0,3.33,12,0.0,False,True,COR,0.305,neutro,3.511,2.08,1.0,57.8,neutro,2.94,0.55,20.0,1.385,0.4,1.527,0.42,0.725,0.0,
84558,Lucas Romero,CRU,Meia,7,8.57,-1.3,4.61,14,3.0,True,True,MIR,0.716,valor_bom,4.416,3.18,1.0,57.3,neutro,3.18,0.65,30.0,0.933,0.56,1.043,0.593,0.675,0.0,
89275,William,CRU,Lateral,6,9.17,1.52,3.66,11,10.2,True,True,MIR,-0.634,armadilha_leve,4.296,2.84,1.0,64.4,neutro,3.33,0.8,30.0,0.933,0.56,1.043,0.593,0.675,0.0,
96610,Matheus Pereira,CRU,Meia,7,15.66,0.41,7.01,18,15.2,True,True,MIR,0.935,valor_bom,6.107,5.07,1.0,57.3,neutro,3.81,0.65,30.0,0.933,0.56,1.043,0.593,0.675,0.0,
100742,Matheus Henrique,CRU,Meia,3,4.54,-0.6,1.88,20,-1.3,True,True,MIR,-0.509,armadilha_leve,1.917,1.88,1.0,57.3,neutro,2.4,0.65,30.0,0.933,0.56,1.043,0.593,0.675,0.0,
125488,João Pedro,COR,Zagueiro,6,8.84,0.0,7.7,2,0.0,False,False,RBB,0.884,valor_bom,4.566,3.2,0.25,46.5,neutro,3.69,0.325,-20.0,1.527,0.42,1.385,0.4,0.725,0.0,
133543,Gui Negão,COR,Atacante,2,3.97,0.0,1.35,4,0.0,False,False,RBB,-0.484,neutro,1.873,1.35,0.5,48.9,neutro,2.1,0.35,-20.0,1.527,0.42,1.385,0.4,0.725,0.0,
111690,Matheus Cunha,INT,Goleiro,7,4.27,-0.37,3.2,10,2.9,True,False,PAL,0.478,neutro,2.892,0.7,1.0,21.7,desfavoravel,2.46,0.15,-43.4,0.548,1.556,1.326,0.787,0.15,0.0,
127242,Bahia,COR,Meia,6,2.0,0.0,0.0,0,0.0,False,False,RBB,-0.806,armadilha_leve,0.0,0.0,0.0,49.2,neutro,0.8,0.35,-20.0,1.527,0.42,1.385,0.4,0.725,0.0,
132264,Arroyo,CRU,Atacante,6,5.43,0.06,3.15,17,2.4,True,True,MIR,-0.308,neutro,2.825,1.91,1.0,57.5,neutro,2.35,0.65,30.0,0.933,0.56,1.043,0.593,0.675,0.0,
131753,Felipe Longo,COR,Goleiro,6,2.0,0.0,0.0,0,0.0,False,False,RBB,-0.743,armadilha_leve,0.0,0.0,0.0,47.1,neutro,0.7,0.325,-20.0,1.527,0.42,1.385,0.4,0.725,0.0,
143600,Kauã Moraes,CRU,Lateral,6,6.81,0.0,4.83,10,0.0,False,True,MIR,0.169,neutro,4.166,2.53,1.0,64.4,favoravel,4.48,0.8,30.0,0.933,0.56,1.043,0.593,0.675,0.0,
124912,Jonathan Jesus,CRU,Zagueiro,7,6.91,0.76,4.29,13,7.4,True,True,MIR,1.028,valor_bom,4.097,3.6,1.0,62.9,favoravel,3.9,0.8,30.0,0.933,0.56,1.043,0.593,0.675,0.0,
79701,Lucas Silva,CRU,Meia,2,3.22,0.0,0.19,14,0.0,False,True,MIR,-1.366,armadilha_leve,0.469,0.19,1.0,57.3,neutro,1.91,0.65,30.0,0.933,0.56,1.043,0.593,0.675,0.0,
122660,Japa,MIR,Meia,7,6.53,-0.4,5.32,5,3.6,True,False,CRU,1.677,valor_oculto,4.554,4.32,0.625,48.8,neutro,3.61,0.625,-30.0,1.043,0.593,0.933,0.56,0.725,0.0,
93478,Wanderson,CRU,Atacante,6,4.91,0.0,1.61,16,0.0,False,True,MIR,-1.23,armadilha_leve,1.785,1.11,1.0,57.5,neutro,2.36,0.65,30.0,0.933,0.56,1.043,0.593,0.675,0.0,
88479,Walace,VIT,Meia,7,3.48,-0.48,0.4,2,0.0,True,False,FLA,-0.084,neutro,1.688,0.4,0.25,25.7,desfavoravel,0.97,0.275,-54.6,0.382,1.219,0.973,1.111,0.25,0.0,
131967,Villarreal,CRU,Atacante,6,8.62,0.0,5.65,12,0.0,False,True,MIR,1.161,valor_bom,5.319,3.23,1.0,57.5,neutro,3.55,0.65,30.0,0.933,0.56,1.043,0.593,0.675,0.0,
105047,João Marcelo,CRU,Zagueiro,6,3.48,0.0,1.55,6,0.0,False,True,MIR,-0.175,neutro,1.67,1.05,0.75,62.9,neutro,3.77,0.8,30.0,0.933,0.56,1.043,0.593,0.675,0.0,
117404,Otávio,CRU,Goleiro,7,3.2,1.3,2.13,8,8.1,True,True,MIR,0.541,valor_bom,2.318,1.5,1.0,63.2,favoravel,2.72,0.8,30.0,0.933,0.56,1.043,0.593,0.675,0.0,
69783,Danilo,FLA,Zagueiro,6,5.3,-0.56,1.4,6,1.5,True,True,VIT,-0.856,armadilha_leve,2.054,0.9,0.75,68.5,neutro,3.16,0.85,54.6,0.973,1.111,0.382,1.219,0.625,0.0,
143350,Murilo Rhikman,CRU,Meia,6,2.95,0.0,0.5,1,0.0,False,True,MIR,-0.616,armadilha_leve,0.907,0.5,0.125,57.3,neutro,1.84,0.65,30.0,0.933,0.56,1.043,0.593,0.675,0.0,
113158,Marquinhos,CRU,Atacante,7,3.54,-0.7,0.45,2,-0.6,True,True,MIR,-0.24,neutro,1.797,0.45,0.25,57.5,neutro,2.43,0.65,30.0,0.933,0.56,1.043,0.593,0.675,0.0,
87863,Arrascaeta,FLA,Meia,7,14.16,-0.35,5.1,12,1.8,True,True,VIT,-0.473,neutro,4.69,3.43,1.0,76.1,neutro,3.26,1.0,54.6,0.973,1.111,0.382,1.219,0.625,0.0,
114405,Sinisterra,CRU,Atacante,5,5.85,0.0,3.27,8,0.0,False,True,MIR,0.907,valor_bom,4.046,2.27,1.0,57.5,neutro,3.12,0.65,30.0,0.933,0.56,1.043,0.593,0.675,0.0,
82627,Luiz Araújo,FLA,Atacante,5,7.88,0.0,2.99,11,0.0,False,True,VIT,-0.392,neutro,3.761,1.81,1.0,77.6,neutro,3.32,1.0,54.6,0.973,1.111,0.382,1.219,0.625,0.0,
137542,Kaique Kenji,CRU,Atacante,6,2.36,-0.07,1.26,8,0.0,True,True,MIR,-0.059,neutro,1.011,0.26,1.0,57.5,neutro,2.1,0.65,30.0,0.933,0.56,1.043,0.593,0.675,0.0,
83528,Léo Pereira,FLA,Zagueiro,2,8.91,-1.05,4.24,16,1.0,True,True,VIT,0.233,neutro,4.087,2.18,1.0,68.5,favoravel,2.92,0.85,54.6,0.973,1.111,0.382,1.219,0.625,0.0,
84735,Jorginho,FLA,Meia,7,9.45,-0.31,4.26,14,4.1,True,True,VIT,0.155,neutro,4.193,3.19,1.0,76.1,favoravel,3.92,1.0,54.6,0.973,1.111,0.382,1.219,0.625,0.0,
84816,Varela,FLA,Lateral,2,7.77,-0.52,4.59,15,-0.3,True,True,VIT,0.455,neutro,4.792,2.72,1.0,70.2,favoravel,2.59,0.85,54.6,0.973,1.111,0.382,1.219,0.625,0.0,
88393,Ayrton Lucas,FLA,Lateral,6,9.09,0.0,4.8,10,0.0,False,True,VIT,0.145,neutro,4.964,2.5,1.0,70.2,favoravel,4.66,0.85,54.6,0.973,1.111,0.382,1.219,0.625,0.0,
96870,Emerson Royal,FLA,Lateral,2,7.39,-0.93,5.48,10,1.5,True,True,VIT,1.232,valor_bom,5.342,3.48,1.0,70.2,favoravel,3.29,0.85,54.6,0.973,1.111,0.382,1.219,0.625,0.0,
146807,Rayan Lelis,CRU,Atacante,6,2.0,0.0,0.0,0,0.0,False,True,MIR,-0.839,armadilha_leve,0.0,0.0,0.0,57.5,neutro,1.18,0.65,30.0,0.933,0.56,1.043,0.593,0.675,0.0,
137543,Tevis,CRU,Atacante,6,2.0,0.0,0.0,0,0.0,False,True,MIR,-0.839,armadilha_leve,0.0,0.0,0.0,57.5,neutro,1.18,0.65,30.0,0.933,0.56,1.043,0.593,0.675,0.0,
97867,Léo Ortiz,FLA,Zagueiro,2,9.12,0.0,4.11,16,0.0,False,True,VIT,0.047,neutro,4.001,2.42,1.0,68.5,favoravel,4.01,0.85,54.6,0.973,1.111,0.382,1.219,0.625,0.0,
90285,Bruno Henrique,FLA,Atacante,2,6.09,0.53,2.47,14,6.5,True,True,VIT,-0.076,neutro,3.325,1.4,1.0,77.6,neutro,5.25,1.0,54.6,0.973,1.111,0.382,1.219,0.625,0.0,
91473,Erick Pulgar,FLA,Meia,7,6.02,-1.62,2.28,10,-0.1,True,True,VIT,0.117,neutro,3.078,2.28,1.0,76.1,favoravel,3.3,1.0,54.6,0.973,1.111,0.382,1.219,0.625,0.0,
98873,Samuel Lino,FLA,Atacante,7,12.06,0.22,7.59,19,10.2,True,True,VIT,1.751,valor_oculto,6.77,3.64,1.0,77.6,favoravel,5.76,1.0,54.6,0.973,1.111,0.382,1.219,0.625,0.0,
140492,João Victor,FLA,Zagueiro,6,4.34,0.0,6.5,1,0.0,False,True,VIT,0.936,valor_bom,2.985,3.5,0.125,68.5,favoravel,4.66,0.85,54.6,0.973,1.111,0.382,1.219,0.625,0.0,
80061,Saúl,FLA,Meia,6,6.28,0.0,2.43,6,0.0,False,True,VIT,0.352,neutro,3.37,1.6,0.75,76.1,favoravel,3.62,1.0,54.6,0.973,1.111,0.382,1.219,0.625,0.0,
86757,Everton,FLA,Atacante,6,5.67,0.0,1.42,9,0.0,False,True,VIT,-1.712,armadilha_forte,1.756,1.42,1.0,77.6,neutro,3.06,1.0,54.6,0.973,1.111,0.382,1.219,0.625,0.0,
99228,De la Cruz,FLA,Meia,3,4.41,-0.36,0.82,10,-1.3,True,True,VIT,-1.12,armadilha_leve,1.349,0.82,1.0,76.1,neutro,2.6,1.0,54.6,0.973,1.111,0.382,1.219,0.625,0.0,
96652,Allan,COR,Meia,6,2.85,0.13,0.85,15,1.2,True,False,RBB,-0.555,armadilha_leve,0.887,0.85,1.0,49.2,neutro,1.72,0.35,-20.0,1.527,0.42,1.385,0.4,0.725,0.0,
92811,Bruno Rodrigues,CRU,Atacante,7,2.81,-0.31,1.49,13,0.0,True,True,MIR,-0.285,neutro,1.212,1.11,1.0,57.5,neutro,2.57,0.65,30.0,0.933,0.56,1.043,0.593,0.675,0.0,
122573,Wallace Yan,FLA,Atacante,6,2.44,0.0,0.1,7,0.0,False,True,VIT,-0.808,armadilha_leve,0.453,0.1,0.875,77.6,neutro,2.74,1.0,54.6,0.973,1.111,0.382,1.219,0.625,0.0,
109096,Plata,FLA,Atacante,6,10.96,0.0,7.01,10,0.0,False,True,VIT,1.207,valor_bom,6.037,4.91,1.0,77.6,favoravel,3.94,1.0,54.6,0.973,1.111,0.382,1.219,0.625,0.0,
73384,Samuel Xavier,FLU,Lateral,6,9.21,2.0,4.03,13,12.4,True,False,BOT,-0.46,neutro,4.464,3.34,1.0,48.8,neutro,4.72,0.025,-22.3,0.42,0.672,0.588,0.5,0.45,0.0,
115914,Evertton Araújo,FLA,Meia,6,2.84,0.06,1.25,15,0.9,True,True,VIT,-0.229,neutro,1.148,0.92,1.0,76.1,neutro,3.66,1.0,54.6,0.973,1.111,0.382,1.219,0.625,0.0,
145705,Douglas Telles,FLA,Atacante,6,2.0,0.0,0.0,0,0.0,False,True,VIT,-0.839,armadilha_leve,0.0,0.0,0.0,77.6,neutro,2.12,1.0,54.6,0.973,1.111,0.382,1.219,0.625,0.0,
122320,Daniel Sales,FLA,Lateral,5,2.0,0.0,0.0,0,0.0,False,True,VIT,-1.071,armadilha_leve,0.0,0.0,0.0,70.2,neutro,1.77,0.85,54.6,0.973,1.111,0.382,1.219,0.625,0.0,
130189,Léo Nannetti,FLA,Goleiro,6,2.0,0.0,0.0,0,0.0,False,True,VIT,-0.743,armadilha_leve,0.0,0.0,0.0,68.7,neutro,1.7,0.85,54.6,0.973,1.111,0.382,1.219,0.625,0.0,
78445,Renê,FLU,Lateral,6,10.35,0.82,5.97,13,9.2,True,False,BOT,0.509,valor_bom,5.665,4.51,1.0,48.8,neutro,3.8,0.025,-22.3,0.42,0.672,0.588,0.5,0.45,0.0,
122318,Dyogo Alves,FLA,Goleiro,6,3.0,0.0,0.0,0,0.0,False,True,VIT,-1.507,armadilha_forte,0.0,0.0,0.0,68.7,neutro,1.7,0.85,54.6,0.973,1.111,0.382,1.219,0.625,0.0,
78855,Thiago Santos,CFC,Zagueiro,2,4.11,-1.01,3.22,14,0.1,True,True,CHA,1.076,valor_bom,2.975,2.15,1.0,54.2,neutro,2.4,0.925,30.0,0.672,1.35,0.632,1.073,0.225,0.0,
143295,Joshua,FLA,Meia,6,2.6,0.0,-0.3,1,0.0,False,True,VIT,-0.417,neutro,0.818,0.0,0.125,76.1,neutro,2.64,1.0,54.6,0.973,1.111,0.382,1.219,0.625,0.0,
87228,Guilherme Arana,FLU,Lateral,7,7.42,0.0,3.25,14,0.0,False,False,BOT,-0.346,neutro,3.948,2.39,1.0,48.8,neutro,3.6,0.025,-22.3,0.42,0.672,0.588,0.5,0.45,0.0,
99366,Luis Zubeldía,FLU,Técnico,7,10.41,0.66,5.54,20,7.95,True,False,BOT,-0.561,armadilha_leve,5.452,5.54,1.0,45.0,neutro,3.66,0.925,-22.3,0.42,0.672,0.588,0.5,0.45,0.0,
101319,Guga,FLU,Lateral,7,5.55,0.0,3.01,12,0.0,False,False,BOT,-0.35,neutro,3.141,1.68,1.0,48.8,neutro,3.64,0.025,-22.3,0.42,0.672,0.588,0.5,0.45,0.0,
78117,Everaldo,BAH,Atacante,6,6.29,0.0,4.04,15,0.0,False,True,VAS,0.992,valor_bom,4.312,1.91,1.0,69.9,favoravel,3.44,0.85,36.7,0.869,0.504,0.348,1.29,0.625,0.0,
79631,Cano,FLU,Atacante,6,4.07,-0.05,1.13,6,2.0,True,False,BOT,-0.758,armadilha_leve,1.704,1.13,0.75,44.1,neutro,1.83,0.925,-22.3,0.42,0.672,0.588,0.5,0.45,0.0,
101478,Marcelo Pitaluga,FLU,Goleiro,6,3.0,0.0,0.0,0,0.0,False,False,BOT,-1.507,armadilha_forte,0.0,0.0,0.0,48.3,neutro,0.75,0.025,-22.3,0.42,0.672,0.588,0.5,0.45,0.0,
62977,Ganso,FLU,Meia,6,3.27,0.0,0.85,12,0.0,False,False,BOT,-0.89,armadilha_leve,0.893,0.85,1.0,44.7,neutro,1.54,0.925,-22.3,0.42,0.672,0.588,0.5,0.45,0.0,
102928,Canobbio,FLU,Atacante,7,11.02,0.02,7.38,13,4.9,True,False,BOT,1.625,valor_oculto,6.405,4.15,1.0,44.1,neutro,2.91,0.925,-22.3,0.42,0.672,0.588,0.5,0.45,0.0,
132071,Serna,FLU,Atacante,7,6.02,0.0,2.96,19,0.0,False,False,BOT,0.181,neutro,3.511,2.28,1.0,44.1,neutro,2.62,0.925,-22.3,0.42,0.672,0.588,0.5,0.45,0.0,
113034,Freytes,FLU,Zagueiro,6,5.23,0.46,2.63,17,5.2,True,False,BOT,-0.099,neutro,2.603,1.92,1.0,47.8,neutro,3.98,0.025,-22.3,0.42,0.672,0.588,0.5,0.45,0.0,
103523,Ignácio,FLU,Zagueiro,7,5.97,0.93,2.42,9,6.2,True,False,BOT,-0.65,armadilha_leve,2.479,2.09,1.0,47.8,neutro,3.39,0.025,-22.3,0.42,0.672,0.588,0.5,0.45,0.0,
116447,Hércules,FLU,Meia,7,7.82,0.99,3.97,18,7.4,True,False,BOT,0.484,neutro,4.002,3.14,1.0,44.7,neutro,2.16,0.925,-22.3,0.42,0.672,0.588,0.5,0.45,0.0,
82463,Otávio,FLU,Meia,6,2.51,0.0,0.32,5,0.0,False,False,BOT,-0.461,neutro,0.712,0.32,0.625,44.7,neutro,1.32,0.925,-22.3,0.42,0.672,0.588,0.5,0.45,0.0,
110759,John Kennedy,FLU,Atacante,6,10.92,0.0,7.3,17,0.0,False,False,BOT,1.777,valor_oculto,6.507,2.77,1.0,44.1,neutro,2.52,0.925,-22.3,0.42,0.672,0.588,0.5,0.45,0.0,
87258,Soteldo,FLU,Atacante,6,4.63,0.92,1.52,14,7.3,True,False,BOT,-1.1,armadilha_leve,1.743,1.52,1.0,44.1,neutro,2.62,0.925,-22.3,0.42,0.672,0.588,0.5,0.45,0.0,
89493,Igor Rabello,FLU,Zagueiro,7,7.95,2.95,8.8,1,8.8,True,False,BOT,0.917,valor_bom,4.34,5.8,0.125,47.8,neutro,3.7,0.025,-22.3,0.42,0.672,0.588,0.5,0.45,0.0,
100987,Nonato,FLU,Meia,6,5.98,0.09,2.57,8,2.7,True,False,BOT,0.434,neutro,3.323,1.32,1.0,44.7,neutro,2.47,0.925,-22.3,0.42,0.672,0.588,0.5,0.45,0.0,
86485,Keno,CFC,Atacante,6,3.28,-0.17,0.65,6,0.5,True,True,CHA,-0.376,neutro,1.498,0.65,0.75,55.0,neutro,2.16,0.725,30.0,0.672,1.35,0.632,1.073,0.225,0.0,
102137,Vitor Eudes,FLU,Goleiro,6,2.0,0.0,0.0,0,0.0,False,False,BOT,-0.743,armadilha_leve,0.0,0.0,0.0,48.3,neutro,0.75,0.025,-22.3,0.42,0.672,0.588,0.5,0.45,0.0,
72018,Tiago Volpi,RBB,Goleiro,7,10.55,0.0,6.09,12,0.0,False,True,COR,0.639,valor_bom,5.283,3.01,1.0,58.2,neutro,3.54,0.55,20.0,1.385,0.4,1.527,0.42,0.725,0.0,
87342,Kannemann,GRE,Zagueiro,7,4.64,0.0,0.2,1,0.0,False,True,SAO,-0.17,neutro,2.285,0.2,0.125,55.9,neutro,2.69,0.7,32.7,1.273,1.385,0.64,1.217,0.35,0.0,
87887,Balbuena,GRE,Zagueiro,6,6.98,0.0,3.94,7,0.0,False,True,SAO,0.682,valor_bom,3.856,3.08,0.875,55.9,neutro,3.12,0.7,32.7,1.273,1.385,0.64,1.217,0.35,0.0,
91706,Marlon,GRE,Lateral,7,8.85,0.0,5.77,7,0.0,False,True,SAO,0.777,valor_bom,5.45,3.77,0.875,57.2,neutro,3.76,0.7,32.7,1.273,1.385,0.64,1.217,0.35,0.0,
91908,Pavón,GRE,Atacante,7,6.11,0.0,3.8,17,0.0,False,True,SAO,0.865,valor_bom,4.127,3.21,1.0,57.7,neutro,3.15,0.35,32.7,1.273,1.385,0.64,1.217,0.35,0.0,
127932,Júlio Fidelis,FLU,Lateral,6,2.0,0.0,0.0,0,0.0,False,False,BOT,-1.071,armadilha_leve,0.0,0.0,0.0,48.8,neutro,0.78,0.025,-22.3,0.42,0.672,0.588,0.5,0.45,0.0,
63289,Edenílson,BOT,Meia,7,6.15,0.0,3.2,14,0.0,False,True,FLU,0.591,valor_bom,3.518,1.41,1.0,45.8,neutro,2.13,0.45,22.3,0.588,0.5,0.42,0.672,0.675,0.0,
140484,Riquelme Felipe,FLU,Atacante,6,3.53,0.0,0.7,3,0.0,False,False,BOT,-0.295,neutro,1.743,0.7,0.375,44.1,neutro,1.82,0.925,-22.3,0.42,0.672,0.588,0.5,0.45,0.0,
42135,Willian,GRE,Meia,6,3.74,0.0,1.06,8,0.0,False,True,SAO,-0.456,neutro,1.535,1.06,1.0,57.4,neutro,2.27,0.35,32.7,1.273,1.385,0.64,1.217,0.35,0.0,
88037,Luís Castro,GRE,Técnico,7,9.22,0.0,4.68,19,0.0,False,True,SAO,-1.346,armadilha_leve,4.844,4.68,1.0,57.7,neutro,3.39,0.35,32.7,1.273,1.385,0.64,1.217,0.35,0.0,
63013,Marcos Rocha,GRE,Lateral,6,5.95,0.0,0.8,4,0.0,False,True,SAO,-1.293,armadilha_leve,2.491,0.8,0.5,57.2,neutro,2.75,0.7,32.7,1.273,1.385,0.64,1.217,0.35,0.0,
105563,Carlos Vinícius,GRE,Atacante,7,14.07,0.0,5.49,18,0.0,False,True,SAO,-0.541,armadilha_leve,5.284,1.49,1.0,57.7,neutro,3.54,0.35,32.7,1.273,1.385,0.64,1.217,0.35,0.0,
89273,João Pedro,GRE,Lateral,6,3.11,0.0,0.72,5,0.0,False,True,SAO,-0.571,armadilha_leve,1.453,0.72,0.625,57.2,neutro,2.22,0.7,32.7,1.273,1.385,0.64,1.217,0.35,0.0,
97145,Villasanti,GRE,Meia,7,6.86,0.0,1.2,1,0.0,False,True,SAO,0.567,valor_bom,3.756,1.2,0.125,57.4,neutro,3.72,0.35,32.7,1.273,1.385,0.64,1.217,0.35,0.0,
89883,Dodi,GRE,Meia,6,3.04,0.0,0.13,6,0.0,False,True,SAO,-1.059,armadilha_leve,0.603,0.13,0.75,57.4,neutro,1.87,0.35,32.7,1.273,1.385,0.64,1.217,0.35,0.0,
112616,Gabriel Grando,GRE,Goleiro,7,3.77,0.0,0.3,1,0.0,False,True,SAO,0.15,neutro,2.261,0.3,0.125,56.3,neutro,2.69,0.7,32.7,1.273,1.385,0.64,1.217,0.35,0.0,
142004,Amuzu,GRE,Atacante,7,7.4,0.0,4.09,17,0.0,False,True,SAO,0.482,neutro,4.324,2.74,1.0,57.7,neutro,3.21,0.35,32.7,1.273,1.385,0.64,1.217,0.35,0.0,
116067,Thiago Beltrame,GRE,Goleiro,6,2.08,0.0,0.7,1,0.0,False,True,SAO,1.354,valor_bom,2.305,0.7,0.125,56.3,neutro,2.72,0.7,32.7,1.273,1.385,0.64,1.217,0.35,0.0,
70944,Bruno Henrique,INT,Meia,7,3.8,-0.26,1.81,18,0.2,True,False,PAL,-0.089,neutro,1.872,1.53,1.0,23.2,desfavoravel,1.98,0.2,-43.4,0.548,1.556,1.326,0.787,0.15,0.0,
72951,Mercado,INT,Zagueiro,7,6.38,0.16,3.84,13,4.0,True,False,PAL,0.903,valor_bom,3.818,2.69,1.0,20.6,desfavoravel,3.51,0.15,-43.4,0.548,1.556,1.326,0.787,0.15,0.0,
102318,Caio Paulista,GRE,Lateral,6,5.62,0.0,3.43,7,0.0,False,True,SAO,-0.12,neutro,3.38,2.57,0.875,57.2,neutro,2.97,0.7,32.7,1.273,1.385,0.64,1.217,0.35,0.0,
101960,Vitinho,INT,Atacante,7,9.03,1.61,4.83,20,14.2,True,False,PAL,0.424,neutro,4.828,3.68,1.0,21.1,desfavoravel,6.57,0.2,-43.4,0.548,1.556,1.326,0.787,0.15,0.0,
104994,Wagner Leonardo,GRE,Zagueiro,6,5.36,0.0,2.78,9,0.0,False,True,SAO,-0.083,neutro,2.67,2.11,1.0,55.9,neutro,2.61,0.7,32.7,1.273,1.385,0.64,1.217,0.35,0.0,
106202,Bruno Gomes,INT,Meia,7,6.99,0.59,3.49,21,6.0,True,False,PAL,0.386,neutro,3.652,3.49,1.0,23.2,desfavoravel,4.05,0.2,-43.4,0.548,1.556,1.326,0.787,0.15,0.0,
109966,Monsalve,GRE,Meia,6,3.12,0.0,0.64,7,0.0,False,True,SAO,-0.874,armadilha_leve,0.809,0.64,0.875,57.4,neutro,1.99,0.35,32.7,1.273,1.385,0.64,1.217,0.35,0.0,
130889,Riquelme,GRE,Meia,6,2.42,0.0,-1.45,2,0.0,False,True,SAO,-0.662,armadilha_leve,0.476,0.0,0.25,57.4,neutro,1.61,0.35,32.7,1.273,1.385,0.64,1.217,0.35,0.0,
111309,Gustavo Martins,GRE,Zagueiro,7,6.13,0.0,3.1,12,0.0,False,True,SAO,0.441,neutro,3.373,1.52,1.0,55.9,neutro,2.85,0.7,32.7,1.273,1.385,0.64,1.217,0.35,0.0,
88136,Ivan,REM,Goleiro,6,7.58,0.0,10.2,1,0.0,False,True,CAM,0.93,valor_bom,4.752,5.2,0.125,49.9,neutro,4.06,0.55,6.9,0.875,0.865,1.12,0.64,0.4,0.0,
86711,Richard,INT,Meia,6,4.0,0.0,0.0,0,0.0,False,False,PAL,-2.497,armadilha_forte,0.0,0.0,0.0,23.2,desfavoravel,-0.41,0.2,-43.4,0.548,1.556,1.326,0.787,0.15,0.0,
111683,Anthoni,INT,Goleiro,6,3.91,0.0,2.55,9,0.0,False,False,PAL,0.325,neutro,2.529,1.99,1.0,21.7,desfavoravel,2.16,0.15,-43.4,0.548,1.556,1.326,0.787,0.15,0.0,
118238,Ronald,GRE,Meia,6,3.0,0.0,0.0,0,0.0,False,True,SAO,-1.758,armadilha_forte,0.0,0.0,0.0,57.4,neutro,1.18,0.35,32.7,1.273,1.385,0.64,1.217,0.35,0.0,
107989,Carbonero,INT,Atacante,7,9.14,0.48,5.27,20,5.8,True,False,PAL,0.756,valor_bom,5.142,2.52,1.0,21.1,desfavoravel,4.41,0.2,-43.4,0.548,1.556,1.326,0.787,0.15,0.0,
70592,Felipe Anderson,PAL,Meia,6,7.57,0.0,3.26,14,0.0,False,True,INT,0.039,neutro,3.557,2.19,1.0,74.4,favoravel,3.35,0.6,43.4,1.326,0.787,0.548,1.556,0.75,0.0,
93790,Marlon Freitas,PAL,Meia,7,5.48,-0.56,2.65,20,-1.3,True,True,INT,-0.36,neutro,2.467,1.9,1.0,74.4,neutro,2.49,0.6,43.4,1.326,0.787,0.548,1.556,0.75,0.0,
68872,Marcelo Lomba,PAL,Goleiro,6,7.08,0.0,8.9,1,0.0,False,True,INT,0.954,valor_bom,4.608,3.9,0.125,70.3,favoravel,4.84,0.55,43.4,1.326,0.787,0.548,1.556,0.75,0.0,
89637,Thiago Maia,INT,Meia,5,3.6,0.0,0.92,10,0.0,False,False,PAL,-0.515,armadilha_leve,1.405,0.92,1.0,23.2,desfavoravel,0.95,0.2,-43.4,0.548,1.556,1.326,0.787,0.15,0.0,
92182,Juninho,INT,Zagueiro,6,4.57,-0.6,1.6,5,0.0,True,False,PAL,-0.261,neutro,2.182,1.0,0.625,20.6,desfavoravel,1.83,0.15,-43.4,0.548,1.556,1.326,0.787,0.15,0.0,
92981,Ronaldo,INT,Meia,6,3.83,0.0,2.49,8,0.0,False,False,PAL,0.349,neutro,2.25,1.87,1.0,23.2,desfavoravel,1.42,0.2,-43.4,0.548,1.556,1.326,0.787,0.15,0.0,
71684,Gustavo Gómez,PAL,Zagueiro,7,10.56,0.38,4.71,19,6.5,True,True,INT,0.154,neutro,4.435,2.39,1.0,70.1,favoravel,4.04,0.55,43.4,1.326,0.787,0.548,1.556,0.75,0.0,
102340,Cacá,VIT,Zagueiro,3,4.84,-0.82,2.55,14,-2.8,True,False,FLA,0.054,neutro,2.548,1.05,1.0,26.8,desfavoravel,3.59,0.025,-54.6,0.382,1.219,0.973,1.111,0.25,0.0,
99818,Paulinho,PAL,Atacante,6,10.37,0.0,3.42,6,0.0,False,True,INT,-0.76,armadilha_leve,4.221,0.75,0.75,75.8,neutro,3.9,0.6,43.4,1.326,0.787,0.548,1.556,0.75,0.0,
115479,Paulo Pezzolano,INT,Técnico,7,7.74,0.32,4.74,21,5.16,True,False,PAL,0.247,neutro,4.791,4.74,1.0,23.4,desfavoravel,4.12,0.2,-43.4,0.548,1.556,1.326,0.787,0.15,0.0,
97653,Murilo,PAL,Zagueiro,7,7.18,0.55,3.43,18,5.9,True,True,INT,0.18,neutro,3.538,1.82,1.0,70.1,favoravel,3.95,0.55,43.4,1.326,0.787,0.548,1.556,0.75,0.0,
104084,Carlos Miguel,PAL,Goleiro,7,8.93,1.12,5.07,20,8.9,True,True,INT,0.572,valor_bom,4.785,3.32,1.0,70.3,favoravel,4.04,0.55,43.4,1.326,0.787,0.548,1.556,0.75,0.0,
111466,Victor Gabriel,INT,Zagueiro,3,3.51,0.0,2.16,16,0.0,False,False,PAL,0.269,neutro,2.027,1.6,1.0,20.6,desfavoravel,2.22,0.15,-43.4,0.548,1.556,1.326,0.787,0.15,0.0,
102130,Piquerez,PAL,Lateral,7,12.48,1.85,6.86,9,13.7,True,True,INT,0.34,neutro,6.065,4.19,1.0,71.8,favoravel,4.65,0.55,43.4,1.326,0.787,0.548,1.556,0.75,0.0,
110510,Aguirre,INT,Lateral,6,5.56,0.0,3.53,14,0.0,False,False,PAL,0.003,neutro,3.46,2.32,1.0,20.8,desfavoravel,2.03,0.15,-43.4,0.548,1.556,1.326,0.787,0.15,0.0,
137618,Clayton Sampaio,INT,Zagueiro,6,2.63,0.0,-1.0,0,0.0,False,False,PAL,-1.63,armadilha_forte,0.0,0.0,0.0,20.6,desfavoravel,-0.53,0.15,-43.4,0.548,1.556,1.326,0.787,0.15,0.0,
104085,Bruno Fuchs,PAL,Zagueiro,6,8.5,0.0,4.21,7,0.0,False,True,INT,0.242,neutro,3.982,2.5,0.875,70.1,favoravel,3.51,0.55,43.4,1.326,0.787,0.548,1.556,0.75,0.0,
125926,Zapelli,CAP,Meia,5,4.23,0.0,1.37,13,0.0,False,False,SAN,-0.686,armadilha_leve,1.614,0.99,1.0,65.1,neutro,2.68,0.825,-17.8,1.05,0.442,1.103,1.333,0.85,0.0,
105175,Khellven,PAL,Lateral,7,5.69,0.31,2.9,15,5.0,True,True,INT,-0.526,armadilha_leve,3.052,2.1,1.0,71.8,neutro,3.17,0.55,43.4,1.326,0.787,0.548,1.556,0.75,0.0,
71631,Weverton,GRE,Goleiro,6,7.67,0.0,4.89,17,0.0,False,True,SAO,0.786,valor_bom,4.628,3.13,1.0,56.3,neutro,3.29,0.7,32.7,1.273,1.385,0.64,1.217,0.35,0.0,
123744,Alan Rodríguez,INT,Meia,6,3.27,0.0,0.58,7,0.0,False,False,PAL,-1.026,armadilha_leve,0.781,0.58,0.875,23.2,desfavoravel,0.54,0.2,-43.4,0.548,1.556,1.326,0.787,0.15,0.0,
124526,Giay,PAL,Lateral,6,7.01,0.0,4.62,16,0.0,False,True,INT,0.794,valor_bom,4.803,3.5,1.0,71.8,favoravel,3.6,0.55,43.4,1.326,0.787,0.548,1.556,0.75,0.0,
105647,Maurício,PAL,Meia,7,7.76,0.91,3.93,18,8.4,True,True,INT,0.474,neutro,3.975,2.54,1.0,74.4,favoravel,3.02,0.6,43.4,1.326,0.787,0.548,1.556,0.75,0.0,
110506,Abel Ferreira,PAL,Técnico,7,12.52,0.55,6.63,21,9.38,True,True,INT,0.866,valor_bom,6.454,6.63,1.0,74.6,favoravel,3.42,0.6,43.4,1.326,0.787,0.548,1.556,0.75,0.0,
113103,Flaco López,PAL,Atacante,7,13.4,-1.51,6.49,18,2.2,True,True,INT,0.449,neutro,5.977,3.27,1.0,75.8,favoravel,3.91,0.6,43.4,1.326,0.787,0.548,1.556,0.75,0.0,
73318,Daniel Borges,MIR,Lateral,6,5.75,0.0,4.04,5,0.0,False,False,CRU,0.065,neutro,3.607,3.44,0.625,46.0,neutro,5.63,0.6,-30.0,1.043,0.593,0.933,0.56,0.725,0.0,
112863,Ramón Sosa,PAL,Atacante,6,7.06,-0.34,3.6,17,9.4,True,True,INT,0.24,neutro,3.991,1.13,1.0,75.8,favoravel,2.78,0.6,43.4,1.326,0.787,0.548,1.556,0.75,0.0,
130382,Guilherme Gomes,FLA,Meia,6,3.0,0.0,0.0,0,0.0,False,True,VIT,-1.758,armadilha_forte,0.0,0.0,0.0,76.1,neutro,2.05,1.0,54.6,0.973,1.111,0.382,1.219,0.625,0.0,
141451,Allan,PAL,Meia,6,12.61,0.61,6.06,18,3.7,True,True,INT,0.805,valor_bom,5.449,4.39,1.0,74.4,favoravel,3.66,0.6,43.4,1.326,0.787,0.548,1.556,0.75,0.0,
72279,Thomazella,MIR,Goleiro,6,1.93,-0.07,0.3,1,0.3,True,False,CRU,2.519,valor_oculto,3.404,0.3,0.125,45.6,neutro,2.54,0.6,-30.0,1.043,0.593,0.933,0.56,0.725,0.0,
79066,Alex Muralha,MIR,Goleiro,5,2.64,0.0,-1.0,0,0.0,False,False,CRU,-1.257,armadilha_leve,0.0,0.0,0.0,45.6,neutro,0.63,0.6,-30.0,1.043,0.593,0.933,0.56,0.725,0.0,
97321,Alesson,MIR,Atacante,6,9.29,0.0,5.13,16,0.0,False,False,CRU,0.565,valor_bom,5.027,4.19,1.0,48.5,neutro,4.13,0.625,-30.0,1.043,0.593,0.933,0.56,0.725,0.0,
97460,João Victor,MIR,Zagueiro,7,6.15,1.62,2.58,18,12.5,True,False,CRU,-0.123,neutro,2.95,1.8,1.0,45.0,neutro,6.22,0.6,-30.0,1.043,0.593,0.933,0.56,0.725,0.0,
97520,Shaylon,MIR,Meia,6,3.95,-0.28,1.83,14,1.5,True,False,CRU,-0.162,neutro,1.896,1.47,1.0,48.8,neutro,2.87,0.625,-30.0,1.043,0.593,0.933,0.56,0.725,0.0,
104204,Edson Carioca,MIR,Atacante,7,4.58,-0.07,2.34,12,3.3,True,False,CRU,-0.456,neutro,2.258,1.67,1.0,48.5,neutro,3.74,0.625,-30.0,1.043,0.593,0.933,0.56,0.725,0.0,
101708,Felipe Jonatan,CFC,Lateral,6,4.78,-0.75,2.57,14,0.5,True,True,CHA,-0.228,neutro,2.849,1.93,1.0,55.4,neutro,4.8,0.925,30.0,0.672,1.35,0.632,1.073,0.225,0.0,
108683,Emiliano Martínez,PAL,Meia,6,4.09,-0.44,2.02,9,0.9,True,True,INT,-0.109,neutro,2.015,2.02,1.0,74.4,neutro,3.0,0.6,43.4,1.326,0.787,0.548,1.556,0.75,0.0,
136156,Larson,PAL,Meia,6,2.1,0.0,0.48,4,0.0,False,True,INT,0.054,neutro,0.798,0.48,0.5,74.4,favoravel,2.63,0.6,43.4,1.326,0.787,0.548,1.556,0.75,0.0,
82775,Lucas Ramon,SAO,Lateral,7,10.42,0.0,5.6,14,0.0,False,False,GRE,0.239,neutro,5.444,4.6,1.0,30.0,desfavoravel,4.38,0.325,-32.7,0.64,1.217,1.273,1.385,0.225,0.0,
111832,Jefté,PAL,Lateral,5,4.16,0.0,2.47,7,0.0,False,True,INT,0.273,neutro,2.932,0.9,0.875,71.8,favoravel,3.24,0.55,43.4,1.326,0.787,0.548,1.556,0.75,0.0,
104027,Rafael Guanaes,MIR,Técnico,7,7.44,0.2,4.24,18,5.56,True,False,CRU,-0.493,neutro,4.451,4.24,1.0,49.1,neutro,4.63,0.625,-30.0,1.043,0.593,0.933,0.56,0.725,0.0,
133679,Benedetti,PAL,Zagueiro,6,5.42,0.0,4.85,2,0.0,False,True,INT,0.324,neutro,3.006,1.85,0.25,70.1,favoravel,3.69,0.55,43.4,1.326,0.787,0.548,1.556,0.75,0.0,
90917,Carlos Eduardo,MIR,Atacante,6,4.97,-0.07,3.06,12,1.5,True,False,CRU,-0.193,neutro,2.69,1.98,1.0,48.5,neutro,3.31,0.625,-30.0,1.043,0.593,0.933,0.56,0.725,0.0,
87742,Neto Moura,MIR,Meia,6,3.31,0.0,1.56,11,0.0,False,False,CRU,0.119,neutro,1.75,1.56,1.0,48.8,neutro,2.04,0.625,-30.0,1.043,0.593,0.933,0.56,0.725,0.0,
84847,Luan Peres,SAN,Zagueiro,6,4.07,0.0,1.99,14,0.0,False,True,CAP,-0.296,neutro,1.906,1.35,1.0,47.4,neutro,2.05,0.75,17.8,1.103,1.333,1.05,0.442,0.35,0.0,
81005,André Luis,MIR,Atacante,6,3.24,0.0,1.13,10,0.0,False,False,CRU,-0.973,armadilha_leve,0.966,0.33,1.0,48.5,neutro,1.72,0.625,-30.0,1.043,0.593,0.933,0.56,0.725,0.0,
91866,Zé Ivaldo,REM,Zagueiro,3,5.48,-1.13,2.47,7,0.2,True,True,CAM,-0.357,neutro,2.51,2.04,0.875,49.4,neutro,2.16,0.55,6.9,0.875,0.865,1.12,0.64,0.4,0.0,
83257,Gabriel,SAN,Atacante,7,8.68,0.0,4.79,12,0.0,False,True,CAP,0.526,valor_bom,4.803,0.62,1.0,42.9,neutro,2.65,0.3,17.8,1.103,1.333,1.05,0.442,0.35,0.0,
98384,Negueba,MIR,Atacante,5,8.57,0.0,5.23,8,0.0,False,False,CRU,0.832,valor_bom,5.026,4.23,1.0,48.5,neutro,3.32,0.625,-30.0,1.043,0.593,0.933,0.56,0.725,0.0,
95466,Igor Vinícius,SAN,Lateral,7,9.33,0.0,5.82,13,0.0,False,True,CAP,0.743,valor_bom,5.572,4.51,1.0,48.5,neutro,4.44,0.75,17.8,1.103,1.333,1.05,0.442,0.35,0.0,
102975,Escobar,SAN,Lateral,7,10.17,0.0,6.31,13,0.0,False,True,CAP,0.804,valor_bom,5.876,5.0,1.0,48.5,neutro,4.77,0.75,17.8,1.103,1.333,1.05,0.442,0.35,0.0,
105903,Aldo Filho,MIR,Meia,7,3.8,0.0,2.09,15,0.0,False,False,CRU,0.142,neutro,2.062,1.76,1.0,48.8,neutro,2.58,0.625,-30.0,1.043,0.593,0.933,0.56,0.725,0.0,
117403,Renato Marques,CFC,Atacante,6,2.73,0.0,0.74,7,0.0,False,True,CHA,-0.754,armadilha_leve,0.751,0.74,0.875,55.0,neutro,1.87,0.725,30.0,0.672,1.35,0.632,1.073,0.225,0.0,
77777,João Schmidt,SAN,Meia,6,4.61,0.0,1.52,9,0.0,False,True,CAP,-0.752,armadilha_leve,1.751,1.52,1.0,43.5,neutro,1.7,0.3,17.8,1.103,1.333,1.05,0.442,0.35,0.0,
78478,Willian Arão,SAN,Meia,7,6.31,0.0,3.07,13,0.0,False,True,CAP,0.439,neutro,3.453,3.07,1.0,43.5,neutro,3.68,0.3,17.8,1.103,1.333,1.05,0.442,0.35,0.0,
81150,Mayke,SAN,Lateral,6,5.16,0.0,2.33,3,0.0,False,True,CAP,-0.218,neutro,3.062,2.33,0.375,48.5,neutro,3.96,0.75,17.8,1.103,1.333,1.05,0.442,0.35,0.0,
82455,Zé Rafael,SAN,Meia,6,8.07,0.0,4.28,5,0.0,False,True,CAP,0.576,valor_bom,4.154,2.28,0.625,43.5,neutro,3.09,0.3,17.8,1.103,1.333,1.05,0.442,0.35,0.0,
87470,Thaciano,SAN,Meia,6,6.41,0.0,2.82,11,0.0,False,True,CAP,0.268,neutro,3.349,1.91,1.0,43.5,neutro,2.44,0.3,17.8,1.103,1.333,1.05,0.442,0.35,0.0,
102256,Rollheiser,SAN,Meia,7,5.48,0.0,2.59,14,0.0,False,True,CAP,-0.466,neutro,2.379,1.52,1.0,43.5,neutro,2.12,0.3,17.8,1.103,1.333,1.05,0.442,0.35,0.0,
80570,Wendell,SAO,Lateral,7,8.29,0.0,4.17,14,0.0,False,False,GRE,-0.041,neutro,4.534,2.46,1.0,30.0,desfavoravel,3.76,0.325,-32.7,0.64,1.217,1.273,1.385,0.225,0.0,
108469,Adonis Frías,SAN,Zagueiro,6,5.66,0.0,3.59,7,0.0,False,True,CAP,0.232,neutro,3.033,2.3,0.875,47.4,neutro,2.55,0.75,17.8,1.103,1.333,1.05,0.442,0.35,0.0,
143532,Carlos Eduardo,CAP,Goleiro,6,1.0,0.0,0.0,0,0.0,False,False,SAN,0.335,neutro,0.0,0.0,0.0,50.3,neutro,0.85,0.475,-17.8,1.05,0.442,1.103,1.333,0.85,0.0,
113690,Diógenes,SAN,Goleiro,6,5.0,0.0,5.55,2,0.0,False,True,CAP,0.342,neutro,3.115,3.05,0.25,48.0,neutro,3.76,0.75,17.8,1.103,1.333,1.05,0.442,0.35,0.0,
85403,Danielzinho,SAO,Meia,7,6.73,0.0,2.76,18,0.0,False,False,GRE,-0.096,neutro,3.165,2.2,1.0,47.1,neutro,2.92,0.725,-32.7,0.64,1.217,1.273,1.385,0.225,0.0,
118775,Lautaro Díaz,SAN,Atacante,6,5.26,0.0,2.28,8,0.0,False,True,CAP,-0.942,armadilha_leve,2.207,1.28,1.0,42.9,neutro,2.03,0.3,17.8,1.103,1.333,1.05,0.442,0.35,0.0,
141868,Vini Lira,SAN,Lateral,5,3.79,0.0,2.42,4,0.0,False,True,CAP,-0.416,neutro,2.081,2.42,0.5,48.5,neutro,2.19,0.75,17.8,1.103,1.333,1.05,0.442,0.35,0.0,
63008,Rafael Tolói,SAO,Zagueiro,5,6.92,0.0,4.1,6,0.0,False,False,GRE,0.791,valor_bom,3.919,3.1,0.75,29.5,desfavoravel,3.22,0.325,-32.7,0.64,1.217,1.273,1.385,0.225,0.0,
91573,Arboleda,SAO,Zagueiro,7,9.8,0.0,4.47,8,0.0,False,False,GRE,-0.015,neutro,4.126,3.72,1.0,29.5,desfavoravel,2.58,0.325,-32.7,0.64,1.217,1.273,1.385,0.225,0.0,
104075,Sabino,SAO,Zagueiro,6,6.86,0.0,3.89,16,0.0,False,False,GRE,0.732,valor_bom,3.854,2.95,1.0,29.5,desfavoravel,3.99,0.325,-32.7,0.64,1.217,1.273,1.385,0.225,0.0,
142867,Robinho Jr.,SAN,Atacante,6,2.76,0.0,0.62,4,0.0,False,True,CAP,-0.827,armadilha_leve,0.714,0.62,0.5,42.9,neutro,1.2,0.3,17.8,1.103,1.333,1.05,0.442,0.35,0.0,
89840,Calleri,SAO,Atacante,7,12.79,0.0,5.91,18,0.0,False,False,GRE,0.132,neutro,5.575,2.52,1.0,46.7,neutro,2.92,0.725,-32.7,0.64,1.217,1.273,1.385,0.225,0.0,
70164,Lucas Moura,SAO,Meia,5,7.5,0.0,2.32,8,0.0,False,False,GRE,-0.37,neutro,3.198,1.07,1.0,47.1,neutro,2.56,0.725,-32.7,0.64,1.217,1.273,1.385,0.225,0.0,
77656,Cédric Soares,SAO,Lateral,6,3.73,0.0,0.94,8,0.0,False,False,GRE,-1.106,armadilha_leve,1.426,0.94,1.0,30.0,desfavoravel,2.6,0.325,-32.7,0.64,1.217,1.273,1.385,0.225,0.0,
101290,Ferreira,SAO,Atacante,6,6.69,0.0,3.88,15,0.0,False,False,GRE,0.67,valor_bom,4.207,1.75,1.0,46.7,neutro,2.64,0.725,-32.7,0.64,1.217,1.273,1.385,0.225,0.0,
81845,Alisson,FLU,Meia,6,3.52,0.0,0.96,8,0.0,False,False,BOT,-0.36,neutro,1.485,0.33,1.0,44.7,neutro,1.78,0.925,-22.3,0.42,0.672,0.588,0.5,0.45,0.0,
105300,Ferraresi,BOT,Zagueiro,7,6.17,0.0,2.59,15,0.0,False,True,FLU,-0.06,neutro,3.005,1.79,1.0,67.2,neutro,4.82,0.275,22.3,0.588,0.5,0.42,0.672,0.675,0.0,
107873,Bobadilla,SAO,Meia,6,8.22,0.0,4.12,15,0.0,False,False,GRE,0.462,neutro,4.105,3.45,1.0,47.1,neutro,2.94,0.725,-32.7,0.64,1.217,1.273,1.385,0.225,0.0,
117818,Young,SAO,Goleiro,6,3.0,0.0,0.0,0,0.0,False,False,GRE,-1.507,armadilha_forte,0.0,0.0,0.0,30.4,desfavoravel,-0.08,0.325,-32.7,0.64,1.217,1.273,1.385,0.225,0.0,
106028,Coronel,SAO,Goleiro,6,5.0,0.0,0.0,0,0.0,False,False,GRE,-2.585,armadilha_forte,0.0,0.0,0.0,30.4,desfavoravel,-0.08,0.325,-32.7,0.64,1.217,1.273,1.385,0.225,0.0,
106294,Marcos Antônio,SAO,Meia,7,6.38,0.0,2.64,14,0.0,False,False,GRE,0.054,neutro,3.162,1.93,1.0,47.1,neutro,2.1,0.725,-32.7,0.64,1.217,1.273,1.385,0.225,0.0,
141609,Lucca,SAO,Atacante,6,2.05,0.0,0.23,4,0.0,False,False,GRE,-0.207,neutro,0.584,0.23,0.5,46.7,neutro,1.54,0.725,-32.7,0.64,1.217,1.273,1.385,0.225,0.0,
108588,Tapia,SAO,Atacante,6,4.06,0.0,1.46,11,0.0,False,False,GRE,-0.704,armadilha_leve,1.744,1.46,1.0,46.7,neutro,1.96,0.725,-32.7,0.64,1.217,1.273,1.385,0.225,0.0,
113359,Pablo Maia,SAO,Meia,7,4.19,0.0,1.38,12,0.0,False,False,GRE,-0.639,armadilha_leve,1.632,1.38,1.0,47.1,neutro,1.9,0.725,-32.7,0.64,1.217,1.273,1.385,0.225,0.0,
118563,Rodriguinho,RBB,Meia,6,6.12,0.0,3.41,10,0.0,False,True,COR,0.833,valor_bom,3.706,2.41,1.0,50.9,neutro,2.85,0.25,20.0,1.385,0.4,1.527,0.42,0.725,0.0,
72391,Fernando Diniz,COR,Técnico,7,9.16,0.17,5.58,14,5.09,True,False,RBB,0.758,valor_bom,5.454,5.58,1.0,49.4,neutro,3.5,0.35,-20.0,1.527,0.42,1.385,0.4,0.725,0.0,
95936,Daniel Fuzato,VAS,Goleiro,6,2.0,0.0,0.0,0,0.0,False,False,BAH,-0.743,armadilha_leve,0.0,0.0,0.0,31.5,desfavoravel,-0.03,0.475,-36.7,0.348,1.29,0.869,0.504,0.15,0.0,
86410,Victor Luis,MIR,Lateral,6,3.65,0.0,1.2,7,0.0,False,False,CRU,-0.872,armadilha_leve,1.58,0.77,0.875,46.0,neutro,1.86,0.6,-30.0,1.043,0.593,0.933,0.56,0.725,0.0,
131617,André Silva,SAO,Atacante,6,3.48,0.0,0.32,12,0.0,False,False,GRE,-1.081,armadilha_leve,1.046,0.32,1.0,46.7,neutro,2.69,0.725,-32.7,0.64,1.217,1.273,1.385,0.225,0.0,
140542,Ryan Francisco,SAO,Atacante,6,5.0,0.0,0.0,0,0.0,False,False,GRE,-3.403,armadilha_forte,0.0,0.0,0.0,46.7,neutro,0.68,0.725,-32.7,0.64,1.217,1.273,1.385,0.225,0.0,
141611,Maik,SAO,Lateral,6,5.52,0.0,3.48,5,0.0,False,False,GRE,-0.051,neutro,3.392,2.88,0.625,30.0,desfavoravel,2.25,0.325,-32.7,0.64,1.217,1.273,1.385,0.225,0.0,
71123,Thiago Mendes,VAS,Meia,7,7.83,0.0,4.39,16,0.0,False,False,BAH,0.824,valor_bom,4.285,2.83,1.0,24.5,desfavoravel,1.81,0.425,-36.7,0.348,1.29,0.869,0.504,0.15,0.0,
116706,Andrés Gómez,VAS,Atacante,7,13.56,0.0,7.66,17,0.0,False,False,BAH,1.328,valor_bom,6.752,5.19,1.0,22.5,desfavoravel,3.19,0.425,-36.7,0.348,1.29,0.869,0.504,0.15,0.0,
81091,Jair,VAS,Meia,6,6.65,0.0,3.0,1,0.0,False,False,BAH,0.899,valor_bom,3.956,3.0,0.125,24.5,desfavoravel,2.43,0.425,-36.7,0.348,1.29,0.869,0.504,0.15,0.0,
86686,Tchê Tchê,VAS,Meia,2,3.87,0.0,1.68,13,0.0,False,False,BAH,-0.217,neutro,1.806,1.3,1.0,24.5,desfavoravel,2.19,0.425,-36.7,0.348,1.29,0.869,0.504,0.15,0.0,
99213,Puma Rodríguez,VAS,Lateral,2,7.99,0.0,5.15,13,0.0,False,False,BAH,0.778,valor_bom,5.158,2.46,1.0,31.2,desfavoravel,2.14,0.475,-36.7,0.348,1.29,0.869,0.504,0.15,0.0,
122485,Barros,VAS,Meia,7,8.86,0.0,4.81,16,0.0,False,False,BAH,0.799,valor_bom,4.565,3.87,1.0,24.5,desfavoravel,2.51,0.425,-36.7,0.348,1.29,0.869,0.504,0.15,0.0,
97095,Carlos Cuesta,VAS,Zagueiro,7,4.96,0.0,1.64,9,0.0,False,False,BAH,-0.648,armadilha_leve,2.066,0.75,1.0,30.6,desfavoravel,2.2,0.475,-36.7,0.348,1.29,0.869,0.504,0.15,0.0,
93716,Paulo Henrique,VAS,Lateral,2,7.25,0.0,2.94,12,0.0,False,False,BAH,-0.403,neutro,3.832,2.11,1.0,31.2,desfavoravel,2.3,0.475,-36.7,0.348,1.29,0.869,0.504,0.15,0.0,
90309,David,VAS,Atacante,6,4.17,0.0,2.19,16,0.0,False,False,BAH,-0.277,neutro,2.171,0.88,1.0,22.5,desfavoravel,1.17,0.425,-36.7,0.348,1.29,0.869,0.504,0.15,0.0,
117330,Robert Renan,VAS,Zagueiro,7,5.82,0.0,2.35,19,0.0,False,False,BAH,-0.668,armadilha_leve,2.408,1.88,1.0,30.6,desfavoravel,1.91,0.475,-36.7,0.348,1.29,0.869,0.504,0.15,0.0,
92180,Jair Ventura,VIT,Técnico,7,8.15,-0.53,5.16,18,1.28,True,False,FLA,0.721,valor_bom,5.088,5.16,1.0,25.9,desfavoravel,3.82,0.275,-54.6,0.382,1.219,0.973,1.111,0.25,0.0,
90703,Matheuzinho,VIT,Meia,2,5.9,0.09,3.33,17,2.9,True,False,FLA,0.771,valor_bom,3.569,2.74,1.0,25.7,desfavoravel,2.6,0.275,-54.6,0.382,1.219,0.973,1.111,0.25,0.0,
105584,Lucas Piton,VAS,Lateral,6,4.96,0.0,2.0,14,0.0,False,False,BAH,-0.746,armadilha_leve,2.486,1.79,1.0,31.2,desfavoravel,1.66,0.475,-36.7,0.348,1.29,0.869,0.504,0.15,0.0,
96793,Camutanga,VIT,Zagueiro,5,6.71,0.0,3.95,7,0.0,False,False,FLA,0.808,valor_bom,3.861,2.66,0.875,26.8,desfavoravel,2.4,0.025,-54.6,0.382,1.219,0.973,1.111,0.25,0.0,
111682,Adson,VAS,Meia,2,6.36,0.0,3.51,9,0.0,False,False,BAH,0.808,valor_bom,3.776,3.51,1.0,24.5,desfavoravel,2.29,0.425,-36.7,0.348,1.29,0.869,0.504,0.15,0.0,
115141,Lucas Freitas,VAS,Zagueiro,6,4.77,0.0,2.5,2,0.0,False,False,BAH,0.08,neutro,2.536,1.0,0.25,30.6,desfavoravel,1.74,0.475,-36.7,0.348,1.29,0.869,0.504,0.15,0.0,
142279,Nuno Moreira,VAS,Meia,3,4.77,0.0,2.07,16,0.0,False,False,BAH,-0.482,neutro,2.05,1.44,1.0,24.5,desfavoravel,1.17,0.425,-36.7,0.348,1.29,0.869,0.504,0.15,0.0,
99440,Baralhas,VIT,Meia,7,9.25,-0.25,5.24,15,3.9,True,False,FLA,0.998,valor_bom,4.835,3.91,1.0,25.7,desfavoravel,4.21,0.275,-54.6,0.382,1.219,0.973,1.111,0.25,0.0,
118752,Mateus Carvalho,VAS,Meia,5,4.0,0.0,0.0,0,0.0,False,False,BAH,-2.497,armadilha_forte,0.0,0.0,0.0,24.5,desfavoravel,-0.35,0.425,-36.7,0.348,1.29,0.869,0.504,0.15,0.0,
101597,Ramon,VIT,Lateral,7,7.72,-0.45,4.84,15,0.2,True,False,FLA,0.659,valor_bom,4.955,3.04,1.0,27.2,desfavoravel,3.81,0.025,-54.6,0.382,1.219,0.973,1.111,0.25,0.0,
42222,Osvaldo,VIT,Atacante,6,4.07,0.0,0.4,2,0.0,False,False,FLA,-0.66,armadilha_leve,1.787,0.4,0.25,23.8,desfavoravel,0.95,0.275,-54.6,0.382,1.219,0.973,1.111,0.25,0.0,
104118,Lucas Arcanjo,VIT,Goleiro,7,8.78,-1.17,5.66,15,-0.1,True,False,FLA,0.916,valor_bom,5.107,3.99,1.0,27.8,desfavoravel,4.62,0.025,-54.6,0.382,1.219,0.973,1.111,0.25,0.0,
116461,Jamerson,VIT,Lateral,2,5.78,-0.35,3.69,8,1.5,True,False,FLA,-0.055,neutro,3.514,2.56,1.0,27.2,desfavoravel,3.03,0.025,-54.6,0.382,1.219,0.973,1.111,0.25,0.0,
92696,Renato Kayzer,VIT,Atacante,6,6.63,0.0,3.27,12,0.0,False,False,FLA,0.324,neutro,3.891,0.85,1.0,23.8,desfavoravel,1.69,0.275,-54.6,0.382,1.219,0.973,1.111,0.25,0.0,
90031,Mendoza,CAP,Atacante,7,7.66,-0.23,4.45,19,-0.3,True,False,SAN,0.649,valor_bom,4.56,2.34,1.0,65.9,neutro,2.94,0.825,-17.8,1.05,0.442,1.103,1.333,0.85,0.0,
90588,Caíque,VIT,Meia,6,5.38,0.44,2.56,16,7.0,True,False,FLA,-0.417,neutro,2.377,2.56,1.0,25.7,desfavoravel,2.15,0.275,-54.6,0.382,1.219,0.973,1.111,0.25,0.0,
97645,Thiago Couto,VIT,Goleiro,6,3.0,0.0,0.0,0,0.0,False,False,FLA,-1.507,armadilha_forte,0.0,0.0,0.0,27.8,desfavoravel,-0.2,0.025,-54.6,0.382,1.219,0.973,1.111,0.25,0.0,
107985,Terán,CAP,Zagueiro,7,6.98,0.83,4.09,13,10.5,True,False,SAN,0.835,valor_bom,3.973,2.94,1.0,49.7,neutro,4.03,0.475,-17.8,1.05,0.442,1.103,1.333,0.85,0.0,
92273,Odair Hellmann,CAP,Técnico,7,9.12,-0.38,5.76,19,6.45,True,False,SAN,1.304,valor_bom,5.604,5.76,1.0,65.3,neutro,4.63,0.825,-17.8,1.05,0.442,1.103,1.333,0.85,0.0,
80129,Jadson,CAP,Meia,7,5.36,-0.02,3.06,14,5.2,True,False,SAN,-0.042,neutro,2.678,2.7,1.0,65.1,neutro,3.42,0.825,-17.8,1.05,0.442,1.103,1.333,0.85,0.0,
110668,Esquivel,CAP,Lateral,6,7.9,0.0,4.88,14,0.0,False,False,SAN,0.619,valor_bom,4.985,2.74,1.0,50.8,neutro,5.08,0.475,-17.8,1.05,0.442,1.103,1.333,0.85,0.0,
104330,Dudu,VIT,Meia,5,5.01,0.0,3.95,2,0.0,False,False,FLA,-0.194,neutro,2.398,1.45,0.25,25.7,desfavoravel,1.44,0.275,-54.6,0.382,1.219,0.973,1.111,0.25,0.0,
130620,Edenílson,VIT,Meia,6,3.28,0.0,1.74,8,0.0,False,False,FLA,-0.344,neutro,1.349,1.74,1.0,25.7,desfavoravel,1.01,0.275,-54.6,0.382,1.219,0.973,1.111,0.25,0.0,
111879,Mateus Silva,VIT,Lateral,6,4.95,0.0,4.85,2,0.0,False,False,FLA,0.556,valor_bom,3.64,3.35,0.25,27.2,desfavoravel,2.32,0.025,-54.6,0.382,1.219,0.973,1.111,0.25,0.0,
145387,Rúben Ismael,VIT,Meia,5,4.0,0.0,0.0,0,0.0,False,False,FLA,-2.497,armadilha_forte,0.0,0.0,0.0,25.7,desfavoravel,-0.3,0.275,-54.6,0.382,1.219,0.973,1.111,0.25,0.0,
123101,Leozinho,CAP,Atacante,7,5.84,-1.65,6.05,8,2.2,True,False,SAN,2.562,valor_oculto,5.436,3.05,1.0,65.9,neutro,5.91,0.825,-17.8,1.05,0.442,1.103,1.333,0.85,0.0,
105518,Renan Peixoto,CAP,Atacante,6,2.73,0.0,0.9,7,0.0,False,False,SAN,-0.665,armadilha_leve,0.826,0.9,0.875,65.9,neutro,2.35,0.825,-17.8,1.05,0.442,1.103,1.333,0.85,0.0,
112017,Felipinho,CAP,Meia,6,5.57,0.0,3.17,7,0.0,False,False,SAN,-0.302,neutro,2.552,3.17,0.875,65.1,neutro,3.44,0.825,-17.8,1.05,0.442,1.103,1.333,0.85,0.0,
145609,Élan Ricardo,CAP,Meia,6,3.0,0.0,0.0,0,0.0,False,False,SAN,-1.758,armadilha_forte,0.0,0.0,0.0,65.1,neutro,1.53,0.825,-17.8,1.05,0.442,1.103,1.333,0.85,0.0,
123869,Aguirre,CAP,Zagueiro,2,6.07,0.14,3.6,16,5.0,True,False,SAN,0.847,valor_bom,3.661,2.48,1.0,49.7,neutro,3.93,0.475,-17.8,1.05,0.442,1.103,1.333,0.85,0.0,
103388,Emmanuel Martínez,VIT,Meia,7,5.66,-0.5,3.1,14,-1.9,True,False,FLA,0.749,valor_bom,3.455,3.1,1.0,25.7,desfavoravel,2.27,0.275,-54.6,0.382,1.219,0.973,1.111,0.25,0.0,
130842,Matheus Soares,CAP,Goleiro,7,1.0,0.0,0.0,0,0.0,False,False,SAN,0.335,neutro,0.0,0.0,0.0,50.3,neutro,0.85,0.475,-17.8,1.05,0.442,1.103,1.333,0.85,0.0,
110698,Mycael,CAP,Goleiro,5,4.6,0.0,-1.0,0,0.0,False,False,SAN,-2.402,armadilha_forte,0.0,0.0,0.0,50.3,neutro,0.85,0.475,-17.8,1.05,0.442,1.103,1.333,0.85,0.0,
122439,Isaac,CAP,Atacante,6,1.66,0.0,0.4,3,0.0,False,False,SAN,0.393,neutro,0.663,0.4,0.375,65.9,neutro,2.15,0.825,-17.8,1.05,0.442,1.103,1.333,0.85,0.0,
122316,Batata,CAP,Lateral,6,1.0,0.0,0.0,0,0.0,False,False,SAN,0.386,neutro,0.0,0.0,0.0,50.8,neutro,0.87,0.475,-17.8,1.05,0.442,1.103,1.333,0.85,0.0,
131832,Portilla,CAP,Meia,7,2.87,0.2,1.17,15,1.7,True,False,SAN,-0.318,neutro,1.096,1.17,1.0,65.1,neutro,2.43,0.825,-17.8,1.05,0.442,1.103,1.333,0.85,0.0,
113113,Benavídez,CAP,Lateral,2,7.39,-0.14,4.59,15,5.2,True,False,SAN,0.615,valor_bom,4.792,2.06,1.0,50.8,neutro,4.06,0.475,-17.8,1.05,0.442,1.103,1.333,0.85,0.0,
143193,Viveros,CAP,Atacante,7,12.08,-2.38,8.26,18,2.2,True,False,SAN,2.258,valor_oculto,7.202,3.26,1.0,65.9,neutro,3.13,0.825,-17.8,1.05,0.442,1.103,1.333,0.85,0.0,
120433,Léo Derik,CAP,Lateral,6,5.81,1.24,3.65,9,8.0,True,False,SAN,-0.083,neutro,3.503,2.65,1.0,50.8,neutro,2.77,0.475,-17.8,1.05,0.442,1.103,1.333,0.85,0.0,
115266,Renan Viana,CAP,Atacante,6,2.0,0.0,0.0,0,0.0,False,False,SAN,-0.839,armadilha_leve,0.0,0.0,0.0,65.9,neutro,1.57,0.825,-17.8,1.05,0.442,1.103,1.333,0.85,0.0,
127970,Felipe Chiqueti,CAP,Meia,6,2.07,0.0,1.35,7,0.0,False,False,SAN,0.503,valor_bom,1.141,1.35,0.875,65.1,neutro,2.43,0.825,-17.8,1.05,0.442,1.103,1.333,0.85,0.0,
141754,Gabriel Bontempo,SAN,Meia,7,5.62,0.0,3.68,16,0.0,False,True,CAP,1.203,valor_bom,3.812,3.06,1.0,43.5,neutro,4.05,0.3,17.8,1.103,1.333,1.05,0.442,0.35,0.0,
128427,Alejandro García,CAP,Meia,6,4.0,0.0,0.0,0,0.0,False,False,SAN,-2.497,armadilha_forte,0.0,0.0,0.0,65.1,neutro,1.53,0.825,-17.8,1.05,0.442,1.103,1.333,0.85,0.0,
82628,Tinga,CFC,Lateral,7,6.25,-0.26,3.72,14,4.7,True,True,CHA,-0.221,neutro,3.581,2.58,1.0,55.4,neutro,3.71,0.925,30.0,0.672,1.35,0.632,1.073,0.225,0.0,
125746,Dudu,CAP,Meia,6,2.36,0.24,1.81,12,1.5,True,False,SAN,0.602,valor_bom,1.469,1.39,1.0,65.1,neutro,2.53,0.825,-17.8,1.05,0.442,1.103,1.333,0.85,0.0,
128431,João Cruz,CAP,Meia,6,4.87,0.05,2.8,14,1.2,True,False,SAN,0.023,neutro,2.513,1.73,1.0,65.1,neutro,2.83,0.825,-17.8,1.05,0.442,1.103,1.333,0.85,0.0,
97878,Jacy,CFC,Zagueiro,7,5.24,-0.94,4.03,18,0.5,True,True,CHA,1.165,valor_bom,3.573,3.03,1.0,54.2,neutro,3.4,0.925,30.0,0.672,1.35,0.632,1.073,0.225,0.0,
84626,Josué,CFC,Meia,7,6.23,-0.21,4.14,20,4.2,True,True,CHA,1.287,valor_bom,4.122,1.89,1.0,54.8,neutro,2.9,0.725,30.0,0.672,1.35,0.632,1.073,0.225,0.0,
84339,Bruno Melo,CFC,Lateral,7,5.54,-0.64,3.56,19,0.8,True,True,CHA,0.052,neutro,3.494,2.03,1.0,55.4,neutro,2.47,0.925,30.0,0.672,1.35,0.632,1.073,0.225,0.0,
123648,Lucas Ronier,CFC,Atacante,7,10.77,0.62,6.7,18,7.5,True,True,CHA,1.367,valor_bom,6.122,5.42,1.0,55.0,neutro,2.43,0.725,30.0,0.672,1.35,0.632,1.073,0.225,0.0,
90302,Pedro Rocha,CFC,Atacante,7,6.59,-0.71,3.56,20,0.7,True,True,CHA,0.378,neutro,3.92,1.71,1.0,55.0,neutro,2.19,0.725,30.0,0.672,1.35,0.632,1.073,0.225,0.0,
110708,Pedro Rangel,CFC,Goleiro,7,7.48,0.0,4.67,17,0.0,False,True,CHA,0.704,valor_bom,4.478,2.91,1.0,54.6,neutro,4.81,0.925,30.0,0.672,1.35,0.632,1.073,0.225,0.0,
104811,Sebastián Gómez,CFC,Meia,7,4.26,-0.08,2.57,17,2.5,True,True,CHA,0.238,neutro,2.391,2.57,1.0,54.8,neutro,3.62,0.725,30.0,0.672,1.35,0.632,1.073,0.225,0.0,
85626,Léo,CAP,Zagueiro,6,6.77,0.0,4.9,2,0.0,False,False,SAN,0.971,valor_bom,4.006,3.4,0.25,49.7,neutro,3.47,0.475,-17.8,1.05,0.442,1.103,1.333,0.85,0.0,
125803,Pedro Morisco,CFC,Goleiro,6,8.22,0.18,4.84,5,4.2,True,True,CHA,0.377,neutro,4.367,4.84,0.625,54.6,neutro,3.53,0.925,30.0,0.672,1.35,0.632,1.073,0.225,0.0,
126977,Fernando Seabra,CFC,Técnico,7,7.66,-0.45,5.08,21,2.7,True,True,CHA,1.176,valor_bom,5.038,5.08,1.0,55.1,neutro,3.06,0.725,30.0,0.672,1.35,0.632,1.073,0.225,0.0,
63354,Rodrigo Moledo,CFC,Zagueiro,6,7.4,0.0,7.75,2,0.0,False,True,CHA,1.446,valor_bom,4.576,3.25,0.25,54.2,neutro,4.0,0.925,30.0,0.672,1.35,0.632,1.073,0.225,0.0,
81952,Willian Oliveira,CFC,Meia,6,4.62,0.0,1.84,10,0.0,False,True,CHA,-0.557,armadilha_leve,1.916,1.84,1.0,54.8,neutro,2.31,0.725,30.0,0.672,1.35,0.632,1.073,0.225,0.0,
71227,Maicon,CFC,Zagueiro,6,4.14,0.0,2.08,13,0.0,False,True,CHA,0.116,neutro,2.257,1.16,1.0,54.2,neutro,2.41,0.925,30.0,0.672,1.35,0.632,1.073,0.225,0.0,
109127,Tiago Cóser,CFC,Zagueiro,7,3.33,-0.59,2.35,18,1.2,True,True,CHA,0.595,valor_bom,2.168,1.02,1.0,54.2,neutro,2.12,0.925,30.0,0.672,1.35,0.632,1.073,0.225,0.0,
101405,Wallisson,CFC,Meia,6,4.36,0.0,2.33,12,0.0,False,True,CHA,-0.053,neutro,2.202,2.33,1.0,54.8,neutro,2.41,0.725,30.0,0.672,1.35,0.632,1.073,0.225,0.0,
84428,Fernando Sobral,CFC,Meia,6,4.34,0.0,1.0,3,0.0,False,True,CHA,-0.608,armadilha_leve,1.735,1.0,0.375,54.8,neutro,2.27,0.725,30.0,0.672,1.35,0.632,1.073,0.225,0.0,
82730,Marcelo Rangel,REM,Goleiro,7,5.77,-1.29,4.15,20,1.9,True,True,CAM,0.973,valor_bom,4.128,3.65,1.0,49.9,neutro,3.63,0.55,6.9,0.875,0.865,1.12,0.64,0.4,0.0,
83074,Ygor Vinhas,REM,Goleiro,6,3.0,0.0,0.0,0,0.0,False,True,CAM,-1.507,armadilha_forte,0.0,0.0,0.0,49.9,neutro,0.83,0.55,6.9,0.875,0.865,1.12,0.64,0.4,0.0,
115840,Benassi,CFC,Goleiro,6,1.0,0.0,0.0,0,0.0,False,True,CHA,0.335,neutro,0.0,0.0,0.0,54.6,neutro,1.05,0.925,30.0,0.672,1.35,0.632,1.073,0.225,0.0,
117930,Lavega,CFC,Atacante,6,5.03,0.0,3.3,19,0.0,False,True,CHA,0.084,neutro,2.955,0.93,1.0,55.0,neutro,2.3,0.725,30.0,0.672,1.35,0.632,1.073,0.225,0.0,
112576,Vini Paulista,CFC,Meia,2,3.68,0.0,2.32,20,0.0,False,True,CHA,0.432,neutro,2.232,2.32,1.0,54.8,neutro,2.85,0.725,30.0,0.672,1.35,0.632,1.073,0.225,0.0,
97795,Marcelinho,REM,Lateral,7,5.98,-0.64,5.1,18,2.6,True,True,CAM,1.013,valor_bom,4.558,3.66,1.0,50.5,neutro,3.87,0.55,6.9,0.875,0.865,1.12,0.64,0.4,0.0,
124358,João Almeida,CFC,Lateral,6,0.92,0.0,0.0,1,0.0,False,True,CHA,2.442,valor_oculto,1.699,0.0,0.125,55.4,neutro,2.28,0.925,30.0,0.672,1.35,0.632,1.073,0.225,0.0,
102911,Zé Ricardo,REM,Meia,7,4.59,-0.33,2.63,19,3.4,True,True,CAM,0.104,neutro,2.446,2.37,1.0,36.5,neutro,3.42,0.15,6.9,0.875,0.865,1.12,0.64,0.4,0.0,
124834,Ruan Assis,CFC,Atacante,6,1.0,0.0,0.0,0,0.0,False,True,CHA,0.661,valor_bom,0.0,0.0,0.0,55.0,neutro,1.07,0.725,30.0,0.672,1.35,0.632,1.073,0.225,0.0,
131279,Thiago Azaf,CFC,Atacante,6,1.0,0.0,0.0,0,0.0,False,True,CHA,0.661,valor_bom,0.0,0.0,0.0,55.0,neutro,1.07,0.725,30.0,0.672,1.35,0.632,1.073,0.225,0.0,
130283,Matheus Dias,CFC,Meia,6,1.0,0.0,0.0,0,0.0,False,True,CHA,0.535,valor_bom,0.0,0.0,0.0,54.8,neutro,1.06,0.725,30.0,0.672,1.35,0.632,1.073,0.225,0.0,
141337,Lucas Taverna,CFC,Lateral,6,2.58,0.0,2.1,3,0.0,False,True,CHA,0.498,neutro,1.963,1.1,0.375,55.4,neutro,2.42,0.925,30.0,0.672,1.35,0.632,1.073,0.225,0.0,
68822,Rafael Santos,CHA,Goleiro,6,4.94,0.0,3.75,4,0.0,False,False,CFC,0.187,neutro,2.921,3.75,0.5,38.8,desfavoravel,1.37,0.9,-30.0,0.632,1.073,0.672,1.35,0.15,0.0,
71043,Léo Vieira,BAH,Goleiro,5,6.82,0.0,5.02,16,0.0,False,True,VAS,1.131,valor_bom,4.704,4.39,1.0,72.7,favoravel,2.8,0.35,36.7,0.869,0.504,0.348,1.29,0.625,0.0,
98224,Jáderson,REM,Meia,6,2.64,0.0,0.97,10,0.0,False,True,CAM,-0.275,neutro,0.965,0.97,1.0,36.5,neutro,1.24,0.15,6.9,0.875,0.865,1.12,0.64,0.4,0.0,
107700,Eduardo Melo,REM,Atacante,6,2.13,0.0,1.4,1,0.0,False,True,CAM,-0.009,neutro,0.832,1.4,0.125,35.4,neutro,0.79,0.15,6.9,0.875,0.865,1.12,0.64,0.4,0.0,
68938,Giovanni Augusto,CHA,Meia,6,4.26,0.0,1.85,12,0.0,False,False,CFC,-0.341,neutro,1.914,1.43,1.0,46.3,neutro,2.02,0.725,-30.0,0.632,1.073,0.672,1.35,0.15,0.0,
145782,Tassano,REM,Zagueiro,6,3.0,0.0,0.0,0,0.0,False,True,CAM,-1.967,armadilha_forte,0.0,0.0,0.0,49.4,neutro,0.8,0.55,6.9,0.875,0.865,1.12,0.64,0.4,0.0,
143455,PH Gama,REM,Meia,6,2.0,0.0,0.0,0,0.0,False,True,CAM,-0.806,armadilha_leve,0.0,0.0,0.0,36.5,neutro,0.21,0.15,6.9,0.875,0.865,1.12,0.64,0.4,0.0,
141386,Marcos Alexandre,REM,Goleiro,6,1.0,0.0,0.0,0,0.0,False,True,CAM,0.335,neutro,0.0,0.0,0.0,49.9,neutro,0.83,0.55,6.9,0.875,0.865,1.12,0.64,0.4,0.0,
104257,João Lucas,REM,Lateral,6,4.59,0.0,2.82,6,0.0,False,True,CAM,0.191,neutro,3.115,2.82,0.75,50.5,neutro,2.73,0.55,6.9,0.875,0.865,1.12,0.64,0.4,0.0,
141385,João Victor,REM,Goleiro,6,1.0,0.0,0.0,0,0.0,False,True,CAM,0.335,neutro,0.0,0.0,0.0,49.9,neutro,0.83,0.55,6.9,0.875,0.865,1.12,0.64,0.4,0.0,
83048,Rafael Thyere,CHA,Zagueiro,6,2.75,0.0,-0.1,3,0.0,False,False,CFC,-0.104,neutro,1.253,0.0,0.375,38.0,desfavoravel,1.26,0.9,-30.0,0.632,1.073,0.672,1.35,0.15,0.0,
88293,Neto Pessoa,CHA,Atacante,6,4.74,0.0,3.49,9,0.0,False,False,CFC,0.144,neutro,2.852,1.16,1.0,45.8,neutro,2.39,0.725,-30.0,0.632,1.073,0.672,1.35,0.15,0.0,
97432,Victor Caetano,CHA,Zagueiro,5,3.19,0.0,1.6,8,0.0,False,False,CFC,0.07,neutro,1.68,1.6,1.0,38.0,desfavoravel,1.63,0.9,-30.0,0.632,1.073,0.672,1.35,0.15,0.0,
95332,Marcinho,CHA,Atacante,6,5.15,0.0,3.28,18,0.0,False,False,CFC,-0.022,neutro,2.927,2.11,1.0,45.8,neutro,2.36,0.725,-30.0,0.632,1.073,0.672,1.35,0.15,0.0,
95620,Bruno Leonardo,CHA,Zagueiro,7,2.91,0.0,1.34,15,0.0,False,False,CFC,0.056,neutro,1.486,1.14,1.0,38.0,desfavoravel,2.43,0.9,-30.0,0.632,1.073,0.672,1.35,0.15,0.0,
97969,Marcos Vinícius,CHA,Lateral,6,2.78,0.0,1.48,9,0.0,False,False,CFC,-0.012,neutro,1.683,0.92,1.0,38.8,desfavoravel,1.66,0.9,-30.0,0.632,1.073,0.672,1.35,0.15,0.0,
101393,Eduardo Doma,CHA,Zagueiro,7,4.09,0.0,2.39,17,0.0,False,False,CFC,0.06,neutro,2.188,1.86,1.0,38.0,desfavoravel,2.49,0.9,-30.0,0.632,1.073,0.672,1.35,0.15,0.0,
102906,Anderson,CHA,Goleiro,5,5.87,0.0,3.45,6,0.0,False,False,CFC,0.631,valor_bom,3.805,3.45,0.75,38.8,desfavoravel,2.72,0.9,-30.0,0.632,1.073,0.672,1.35,0.15,0.0,
104470,Everton,CHA,Lateral,6,4.1,0.0,2.01,15,0.0,False,False,CFC,-0.759,armadilha_leve,1.976,1.48,1.0,38.8,desfavoravel,1.66,0.9,-30.0,0.632,1.073,0.672,1.35,0.15,0.0,
107453,João Paulo,CHA,Zagueiro,5,4.8,0.0,3.3,6,0.0,False,False,CFC,0.498,neutro,2.869,1.47,0.75,38.0,desfavoravel,2.21,0.9,-30.0,0.632,1.073,0.672,1.35,0.15,0.0,
104519,Camilo,CHA,Meia,7,5.44,0.0,3.28,16,0.0,False,False,CFC,0.134,neutro,2.857,3.28,1.0,46.3,neutro,2.58,0.725,-30.0,0.632,1.073,0.672,1.35,0.15,0.0,
97900,Vitão,FLA,Zagueiro,7,6.62,-0.36,2.37,9,-0.1,True,True,VIT,-0.232,neutro,3.035,1.04,1.0,68.5,neutro,2.8,0.85,54.6,0.973,1.111,0.382,1.219,0.625,0.0,
68708,Eduardo,MIR,Meia,6,5.5,-0.2,2.45,13,0.5,True,False,CRU,-0.593,armadilha_leve,2.283,1.68,1.0,48.8,neutro,2.54,0.625,-30.0,1.043,0.593,0.933,0.56,0.725,0.0,
130843,Arthur Dias,CAP,Zagueiro,7,5.99,0.6,3.53,17,4.1,True,False,SAN,0.303,neutro,3.215,2.47,1.0,49.7,neutro,3.53,0.475,-17.8,1.05,0.442,1.103,1.333,0.85,0.0,
107516,Ênio,CHA,Atacante,7,5.08,0.0,3.12,11,0.0,False,False,CFC,-0.243,neutro,2.705,2.39,1.0,45.8,neutro,1.97,0.725,-30.0,0.632,1.073,0.672,1.35,0.15,0.0,
89837,Lucho Acosta,FLU,Meia,7,10.97,0.51,5.32,16,4.7,True,False,BOT,0.57,valor_bom,4.905,3.13,1.0,44.7,neutro,2.7,0.925,-22.3,0.42,0.672,0.588,0.5,0.45,0.0,
109336,Rafael Carvalheira,CHA,Meia,5,5.7,0.0,2.72,14,0.0,False,False,CFC,0.436,neutro,3.213,2.01,1.0,46.3,neutro,2.55,0.725,-30.0,0.632,1.073,0.672,1.35,0.15,0.0,
116066,Rubens,CHA,Atacante,6,2.77,0.0,1.58,8,0.0,False,False,CFC,-0.295,neutro,1.171,0.58,1.0,45.8,neutro,1.7,0.725,-30.0,0.632,1.073,0.672,1.35,0.15,0.0,
123625,Ítalo,CHA,Atacante,6,2.71,0.0,1.71,15,0.0,False,False,CFC,0.013,neutro,1.38,1.71,1.0,45.8,neutro,1.82,0.725,-30.0,0.632,1.073,0.672,1.35,0.15,0.0,
130806,Kauan,CHA,Zagueiro,6,1.0,0.0,0.0,0,0.0,False,False,CFC,0.438,neutro,0.0,0.0,0.0,38.0,desfavoravel,0.28,0.9,-30.0,0.632,1.073,0.672,1.35,0.15,0.0,
110426,Bernabei,INT,Lateral,7,9.77,0.22,6.0,18,4.0,True,False,PAL,0.787,valor_bom,5.745,3.72,1.0,20.8,desfavoravel,4.09,0.15,-43.4,0.548,1.556,1.326,0.787,0.15,0.0,
111279,Mancha,CHA,Lateral,6,3.0,0.0,0.0,0,0.0,False,False,CFC,-2.105,armadilha_forte,0.0,0.0,0.0,38.8,desfavoravel,0.31,0.9,-30.0,0.632,1.073,0.672,1.35,0.15,0.0,
99552,Rossi,FLA,Goleiro,7,8.68,0.58,4.9,19,4.2,True,True,VIT,0.517,valor_bom,4.654,2.79,1.0,68.7,favoravel,4.17,0.85,54.6,0.973,1.111,0.382,1.219,0.625,0.0,
89274,Andreas Pereira,PAL,Meia,7,12.81,0.52,5.05,20,6.6,True,True,INT,-0.065,neutro,4.772,2.55,1.0,74.4,neutro,2.88,0.6,43.4,1.326,0.787,0.548,1.556,0.75,0.0,
121870,Gustavo Talles,CHA,Lateral,6,2.0,0.0,0.0,0,0.0,False,False,CFC,-1.071,armadilha_leve,0.0,0.0,0.0,38.8,desfavoravel,0.31,0.9,-30.0,0.632,1.073,0.672,1.35,0.15,0.0,
126471,Barreal,SAN,Meia,7,11.12,0.0,4.79,15,0.0,False,True,CAP,0.087,neutro,4.541,3.46,1.0,43.5,neutro,3.99,0.3,17.8,1.103,1.333,1.05,0.442,0.35,0.0,
140438,David,CHA,Meia,7,1.4,0.0,0.97,6,0.0,False,False,CFC,1.101,valor_bom,0.963,0.97,0.75,46.3,neutro,2.52,0.725,-30.0,0.632,1.073,0.672,1.35,0.15,0.0,
130414,Robert,CHA,Meia,5,3.51,0.0,3.0,1,0.0,False,False,CFC,0.418,neutro,2.12,3.0,0.125,46.3,neutro,2.15,0.725,-30.0,0.632,1.073,0.672,1.35,0.15,0.0,
100652,Yuri Alberto,COR,Atacante,5,10.58,0.35,4.1,17,3.5,True,False,RBB,-0.697,armadilha_leve,4.331,2.1,1.0,48.9,neutro,3.05,0.35,-20.0,1.527,0.42,1.385,0.4,0.725,0.0,
39148,Hulk,FLU,Atacante,7,11.6,-1.1,4.86,14,3.2,True,False,BOT,-0.399,neutro,4.846,2.65,1.0,44.1,neutro,2.49,0.925,-22.3,0.42,0.672,0.588,0.5,0.45,0.0,
78850,Reinaldo,MIR,Lateral,7,8.75,0.29,2.71,15,7.0,True,False,CRU,-1.303,armadilha_leve,3.566,1.51,1.0,46.0,neutro,4.84,0.6,-30.0,1.043,0.593,0.933,0.56,0.725,0.0,
142130,Marcelo Eráclito,CRU,Goleiro,6,1.0,0.0,0.0,0,0.0,False,True,MIR,0.335,neutro,0.0,0.0,0.0,63.2,favoravel,1.45,0.8,30.0,0.933,0.56,1.043,0.593,0.675,0.0,
51772,Everton Ribeiro,BAH,Meia,6,8.86,0.36,4.48,16,3.5,True,True,VAS,0.531,valor_bom,4.345,3.23,1.0,68.9,favoravel,2.79,0.85,36.7,0.869,0.504,0.348,1.29,0.625,0.0,
103445,Kaio Jorge,CRU,Atacante,7,10.7,-0.71,4.61,15,0.0,True,True,MIR,-0.318,neutro,4.683,1.94,1.0,57.5,neutro,2.47,0.65,30.0,0.933,0.56,1.043,0.593,0.675,0.0,
80287,Luciano,SAO,Atacante,7,12.72,0.0,4.98,16,0.0,False,False,GRE,-0.618,armadilha_leve,4.927,1.67,1.0,46.7,neutro,2.41,0.725,-32.7,0.64,1.217,1.273,1.385,0.225,0.0,
114802,Vitor Roque,PAL,Atacante,6,15.42,-0.85,6.08,9,0.2,True,True,INT,-0.617,armadilha_leve,5.488,3.41,1.0,75.8,neutro,3.81,0.6,43.4,1.326,0.787,0.548,1.556,0.75,0.0,
94583,Pedro,FLA,Atacante,7,16.04,-0.32,8.61,19,1.9,True,True,VIT,1.618,valor_oculto,7.487,2.5,1.0,77.6,favoravel,3.2,1.0,54.6,0.973,1.111,0.382,1.219,0.625,0.0,
89368,Braithwaite,GRE,Atacante,6,5.69,0.0,0.32,12,0.0,False,True,SAO,-2.565,armadilha_forte,1.046,0.32,1.0,57.7,neutro,2.12,0.35,32.7,1.273,1.385,0.64,1.217,0.35,0.0,
141776,Gustavo Henrique,SAN,Meia,5,2.48,0.0,1.5,8,0.0,False,True,CAP,0.195,neutro,1.229,1.5,1.0,43.5,neutro,1.63,0.3,17.8,1.103,1.333,1.05,0.442,0.35,0.0,
146991,Rhuan Gabriel,CRU,Meia,6,1.39,0.0,1.2,1,0.0,False,True,MIR,1.142,valor_bom,0.985,1.2,0.125,57.3,neutro,1.89,0.65,30.0,0.933,0.56,1.043,0.593,0.675,0.0,
122781,Caballero,SAN,Atacante,6,4.46,0.0,2.3,2,0.0,False,True,CAP,-0.483,neutro,2.167,2.3,0.25,42.9,neutro,2.03,0.3,17.8,1.103,1.333,1.05,0.442,0.35,0.0,
115025,Miguelito,SAN,Meia,7,7.41,0.0,4.88,8,0.0,False,True,CAP,1.219,valor_bom,4.478,3.0,1.0,43.5,neutro,3.01,0.3,17.8,1.103,1.333,1.05,0.442,0.35,0.0,
133673,Mateus Xavier,SAN,Atacante,6,2.33,0.0,1.2,1,0.0,False,True,CAP,-0.264,neutro,0.81,1.2,0.125,42.9,neutro,1.12,0.3,17.8,1.103,1.333,1.05,0.442,0.35,0.0,
86292,Bolasie,CHA,Atacante,7,4.49,0.0,2.21,16,0.0,False,False,CFC,-0.482,neutro,2.185,1.4,1.0,45.8,neutro,2.87,0.725,-30.0,0.632,1.073,0.672,1.35,0.15,0.0,
115986,Denilson,MIR,Meia,7,6.81,1.87,3.97,12,14.1,True,False,CRU,0.898,valor_bom,4.012,3.55,1.0,48.8,neutro,6.87,0.625,-30.0,1.043,0.593,0.933,0.56,0.725,0.0,
106104,Enamorado,GRE,Atacante,6,6.68,0.0,3.31,18,0.0,False,True,SAO,0.162,neutro,3.775,2.75,1.0,57.7,neutro,3.03,0.35,32.7,1.273,1.385,0.64,1.217,0.35,0.0,
101908,Willian Machado,MIR,Zagueiro,6,5.34,-0.02,3.58,15,1.5,True,False,CRU,0.648,valor_bom,3.22,2.65,1.0,45.0,neutro,3.29,0.6,-30.0,1.043,0.593,0.933,0.56,0.725,0.0,
144423,Nicolas Pontes,CRU,Lateral,6,1.0,0.0,0.0,0,0.0,False,True,MIR,0.386,neutro,0.0,0.0,0.0,64.4,favoravel,1.5,0.8,30.0,0.933,0.56,1.043,0.593,0.675,0.0,
94514,Lucas Oliveira,MIR,Zagueiro,6,5.07,0.0,3.13,8,0.0,False,False,CRU,0.299,neutro,2.838,2.0,1.0,45.0,neutro,2.81,0.6,-30.0,1.043,0.593,0.933,0.56,0.725,0.0,
132412,Román Gómez,BAH,Lateral,7,9.09,1.38,5.47,6,9.5,True,True,VAS,0.521,valor_bom,5.299,4.47,0.75,74.3,favoravel,5.34,0.35,36.7,0.869,0.504,0.348,1.29,0.625,0.0,
128433,Johan Rojas,VAS,Meia,2,3.78,0.0,1.58,16,0.0,False,False,BAH,-0.256,neutro,1.723,1.27,1.0,24.5,desfavoravel,1.11,0.425,-36.7,0.348,1.29,0.869,0.504,0.15,0.0,
118655,Saldivia,VAS,Zagueiro,6,4.79,0.0,2.01,10,0.0,False,False,BAH,-0.309,neutro,2.248,2.01,1.0,30.6,desfavoravel,1.65,0.475,-36.7,0.348,1.29,0.869,0.504,0.15,0.0,
108713,Galeano,MIR,Atacante,6,4.42,0.0,1.19,10,0.0,False,False,CRU,-1.117,armadilha_leve,1.61,1.19,1.0,48.5,neutro,1.97,0.625,-30.0,1.043,0.593,0.933,0.56,0.725,0.0,
126182,Paulinho,INT,Meia,6,4.14,0.17,2.09,15,1.4,True,False,PAL,-0.085,neutro,2.062,2.09,1.0,23.2,desfavoravel,1.54,0.2,-43.4,0.548,1.556,1.326,0.787,0.15,0.0,
133696,Wallace Davi,BOT,Meia,6,4.0,0.0,0.0,0,0.0,False,True,FLU,-2.497,armadilha_forte,0.0,0.0,0.0,45.8,neutro,0.64,0.45,22.3,0.588,0.5,0.42,0.672,0.675,0.0,
94154,Maycon,CAM,Meia,7,5.41,0.0,2.8,12,0.0,False,False,REM,-0.303,neutro,2.484,1.97,1.0,54.7,neutro,3.01,0.55,-6.9,1.12,0.64,0.875,0.865,0.725,0.0,
126120,Marcelinho,RBB,Meia,6,2.95,0.0,2.22,4,0.0,False,True,COR,-0.044,neutro,1.378,0.97,0.5,50.9,neutro,1.91,0.25,20.0,1.385,0.4,1.527,0.42,0.725,0.0,
130280,Phillipe Gabriel,VAS,Goleiro,6,1.0,0.0,0.0,0,0.0,False,False,BAH,0.335,neutro,0.0,0.0,0.0,31.5,desfavoravel,-0.03,0.475,-36.7,0.348,1.29,0.869,0.504,0.15,0.0,
114040,Minda,CAM,Atacante,6,8.13,0.0,4.22,10,0.0,False,False,REM,0.367,neutro,4.487,2.12,1.0,54.8,neutro,4.99,0.55,-6.9,1.12,0.64,0.875,0.865,0.725,0.0,
131516,JP Chermont,CFC,Lateral,6,4.51,0.0,2.7,12,0.0,False,True,CHA,0.063,neutro,2.955,1.53,1.0,55.4,neutro,2.84,0.925,30.0,0.672,1.35,0.632,1.073,0.225,0.0,
145400,Cauê,RBB,Lateral,6,4.23,0.0,3.47,3,0.0,False,True,COR,0.72,valor_bom,3.373,2.47,0.375,59.1,neutro,3.37,0.55,20.0,1.385,0.4,1.527,0.42,0.725,0.0,
93988,Breno Lopes,CFC,Atacante,7,9.09,0.02,5.42,18,2.3,True,True,CHA,0.886,valor_bom,5.236,1.86,1.0,55.0,neutro,2.61,0.725,30.0,0.672,1.35,0.632,1.073,0.225,0.0,
103183,Andrew,FLA,Goleiro,6,3.0,0.0,0.0,0,0.0,False,True,VIT,-1.507,armadilha_forte,0.0,0.0,0.0,68.7,neutro,1.7,0.85,54.6,0.973,1.111,0.382,1.219,0.625,0.0,
116034,Victor Hugo,CAM,Meia,7,7.66,0.0,3.91,17,0.0,False,False,REM,0.497,neutro,3.963,2.44,1.0,54.7,neutro,2.5,0.55,-6.9,1.12,0.64,0.875,0.865,0.725,0.0,
70666,Marllon,REM,Zagueiro,7,4.62,-0.68,2.67,20,-3.0,True,True,CAM,0.299,neutro,2.634,2.07,1.0,49.4,neutro,2.12,0.55,6.9,0.875,0.865,1.12,0.64,0.4,0.0,
83433,Patrick,REM,Meia,6,6.32,0.49,4.07,18,8.7,True,True,CAM,1.186,valor_bom,4.072,4.07,1.0,36.5,neutro,5.18,0.15,6.9,0.875,0.865,1.12,0.64,0.4,0.0,
102909,Luan,SAO,Meia,6,2.69,0.0,0.96,7,0.0,False,False,GRE,-0.327,neutro,0.959,0.96,0.875,47.1,neutro,1.63,0.725,-32.7,0.64,1.217,1.273,1.385,0.225,0.0,
90061,Bruno Pacheco,CHA,Lateral,6,6.02,0.0,3.92,11,0.0,False,False,CFC,0.001,neutro,3.675,2.56,1.0,38.8,desfavoravel,2.52,0.9,-30.0,0.632,1.073,0.672,1.35,0.15,0.0,
141131,Vitão,CAM,Zagueiro,6,1.0,0.0,0.0,0,0.0,False,False,REM,0.438,neutro,0.0,0.0,0.0,52.4,neutro,0.94,0.725,-6.9,1.12,0.64,0.875,0.865,0.725,0.0,
70449,Gabriel,VIT,Goleiro,6,5.02,0.0,0.9,3,0.0,False,False,FLA,-0.651,armadilha_leve,2.068,0.0,0.375,27.8,desfavoravel,1.34,0.025,-54.6,0.382,1.219,0.973,1.111,0.25,0.0,
106708,Igor Formiga,MIR,Lateral,7,7.84,-1.36,5.02,15,3.2,True,False,CRU,0.741,valor_bom,5.072,3.82,1.0,46.0,neutro,3.2,0.6,-30.0,1.043,0.593,0.933,0.56,0.725,0.0,
130048,Noriega,GRE,Zagueiro,7,7.45,0.0,4.21,14,0.0,False,True,SAO,0.744,valor_bom,4.055,2.78,1.0,55.9,neutro,3.09,0.7,32.7,1.273,1.385,0.64,1.217,0.35,0.0,
147090,Kauã Pascini,CAM,Lateral,7,3.55,0.0,2.8,4,0.0,False,False,REM,-0.088,neutro,2.208,1.3,0.5,53.6,neutro,2.47,0.725,-6.9,1.12,0.64,0.875,0.865,0.725,0.0,
89256,Gerson,CRU,Meia,2,9.04,0.2,4.37,19,6.3,True,True,MIR,0.396,neutro,4.283,3.84,1.0,57.3,neutro,3.04,0.65,30.0,0.933,0.56,1.043,0.593,0.675,0.0,
69208,Gabriel Paulista,COR,Zagueiro,7,8.97,0.0,4.54,15,0.0,False,False,RBB,0.459,neutro,4.276,2.94,1.0,46.5,neutro,2.99,0.325,-20.0,1.527,0.42,1.385,0.4,0.725,0.0,
103347,Matheus Alexandre,REM,Lateral,6,4.13,-0.69,1.96,10,0.5,True,True,CAM,-0.822,armadilha_leve,1.939,1.06,1.0,50.5,neutro,2.19,0.55,6.9,0.875,0.865,1.12,0.64,0.4,0.0,
105157,Villagra,INT,Meia,7,5.2,-0.36,2.05,16,1.7,True,False,PAL,-0.735,armadilha_leve,2.037,2.05,1.0,23.2,desfavoravel,2.44,0.2,-43.4,0.548,1.556,1.326,0.787,0.15,0.0,
141614,Paulinho,SAO,Atacante,6,2.0,0.0,0.0,0,0.0,False,False,GRE,-0.839,armadilha_leve,0.0,0.0,0.0,46.7,neutro,0.68,0.725,-32.7,0.64,1.217,1.273,1.385,0.225,0.0,
106302,Preciado,CAM,Lateral,7,6.46,0.0,3.3,8,0.0,False,False,REM,-0.618,armadilha_leve,3.319,2.55,1.0,53.6,neutro,2.78,0.725,-6.9,1.12,0.64,0.875,0.865,0.725,0.0,
141873,Jacaré,COR,Lateral,6,2.0,0.0,0.0,0,0.0,False,False,RBB,-1.071,armadilha_leve,0.0,0.0,0.0,47.5,neutro,0.72,0.325,-20.0,1.527,0.42,1.385,0.4,0.725,0.0,
105089,Tetê,GRE,Atacante,7,9.09,0.0,3.73,15,0.0,False,True,SAO,-0.45,neutro,4.11,2.66,1.0,57.7,neutro,3.14,0.35,32.7,1.273,1.385,0.64,1.217,0.35,0.0,
100342,Léo Andrade,REM,Zagueiro,7,4.79,0.0,2.95,4,0.0,False,True,CAM,0.256,neutro,2.68,2.95,0.5,49.4,neutro,2.56,0.55,6.9,0.875,0.865,1.12,0.64,0.4,0.0,
147864,Rafael Monti,REM,Atacante,6,3.56,0.0,0.0,1,0.0,False,True,CAM,-0.137,neutro,1.897,0.0,0.125,35.4,neutro,1.51,0.15,6.9,0.875,0.865,1.12,0.64,0.4,0.0,
